ISO-10303-21;
HEADER;
FILE_DESCRIPTION (( 'STEP AP214' ),
    '1' );
FILE_NAME ('APFA3010.STEP',
    '2025-09-24T18:35:10',
    ( '' ),
    ( '' ),
    'SwSTEP 2.0',
    'SolidWorks 2014',
    '' );
FILE_SCHEMA (( 'AUTOMOTIVE_DESIGN' ));
ENDSEC;

DATA;
#1 = COLOUR_RGB ( '',0.7921568627450980000, 0.8196078431372548800, 0.9333333333333333500 ) ;
#2 = FILL_AREA_STYLE ('',( #9757 ) ) ;
#3 = CARTESIAN_POINT ( 'NONE',  ( -6220.832872483720200, 306.9840895374409800, 0.5000000000000000000 ) ) ;
#4 = VERTEX_POINT ( 'NONE', #11387 ) ;
#5 =( GEOMETRIC_REPRESENTATION_CONTEXT ( 3 ) GLOBAL_UNCERTAINTY_ASSIGNED_CONTEXT ( ( #7287 ) ) GLOBAL_UNIT_ASSIGNED_CONTEXT ( ( #1194, #7391, #1270 ) ) REPRESENTATION_CONTEXT ( 'NONE', 'WORKASPACE' ) );
#6 = UNCERTAINTY_MEASURE_WITH_UNIT (LENGTH_MEASURE( 1.000000000000000100E-005 ), #10433, 'distance_accuracy_value', 'NONE');
#7 = SURFACE_STYLE_FILL_AREA ( #11119 ) ;
#8 = VERTEX_POINT ( 'NONE', #3447 ) ;
#10 = CARTESIAN_POINT ( 'NONE',  ( -6220.532872483720000, 306.8290385117210800, 0.5000000000000000000 ) ) ;
#9 = PRESENTATION_LAYER_ASSIGNMENT (  '', '', ( #5833 ) ) ;
#11 = EDGE_CURVE ( 'NONE', #10901, #3912, #573, .T. ) ;
#12 = SURFACE_SIDE_STYLE ('',( #5320 ) ) ;
#13 = AXIS2_PLACEMENT_3D ( 'NONE', #10724, #5440, #6289 ) ;
#14 = SURFACE_STYLE_USAGE ( .BOTH. , #3557 ) ;
#15 = LINE ( 'NONE', #7161, #4465 ) ;
#16 = CARTESIAN_POINT ( 'NONE',  ( -6218.732872483719800, 306.8321758150600000, 0.02000000000000000000 ) ) ;
#17 = UNCERTAINTY_MEASURE_WITH_UNIT (LENGTH_MEASURE( 1.000000000000000100E-005 ), #556, 'distance_accuracy_value', 'NONE');
#18 =( NAMED_UNIT ( * ) PLANE_ANGLE_UNIT ( ) SI_UNIT ( $, .RADIAN. ) );
#19 = ORIENTED_EDGE ( 'NONE', *, *, #8123, .T. ) ;
#20 = ADVANCED_FACE ( 'NONE', ( #11262 ), #7794, .T. ) ;
#21 =( NAMED_UNIT ( * ) SI_UNIT ( $, .STERADIAN. ) SOLID_ANGLE_UNIT ( ) );
#22 = COLOUR_RGB ( '',0.7921568627450980000, 0.8196078431372548800, 0.9333333333333333500 ) ;
#23 = COLOUR_RGB ( '',0.7921568627450980000, 0.8196078431372548800, 0.9333333333333333500 ) ;
#24 = ORIENTED_EDGE ( 'NONE', *, *, #4332, .F. ) ;
#25 = CARTESIAN_POINT ( 'NONE',  ( -6217.832872483720200, 306.7818249162190800, 0.4999999999999997800 ) ) ;
#26 = COLOUR_RGB ( '',0.7921568627450980000, 0.8196078431372548800, 0.9333333333333333500 ) ;
#27 = ADVANCED_FACE ( 'NONE', ( #3526 ), #10424, .T. ) ;
#28 = PLANE ( 'NONE',  #10611 ) ;
#29 = PRESENTATION_STYLE_ASSIGNMENT (( #5245 ) ) ;
#30 = SURFACE_STYLE_USAGE ( .BOTH. , #6398 ) ;
#31 = CARTESIAN_POINT ( 'NONE',  ( -6220.882872483715800, 307.2290385117063900, 0.0000000000000000000 ) ) ;
#32 = ORIENTED_EDGE ( 'NONE', *, *, #2697, .T. ) ;
#33 = COLOUR_RGB ( '',0.7921568627450980000, 0.8196078431372548800, 0.9333333333333333500 ) ;
#34 = SURFACE_STYLE_USAGE ( .BOTH. , #11423 ) ;
#35 = SURFACE_STYLE_USAGE ( .BOTH. , #10770 ) ;
#36 = LINE ( 'NONE', #2337, #10702 ) ;
#37 = SURFACE_STYLE_FILL_AREA ( #6966 ) ;
#38 =( NAMED_UNIT ( * ) SI_UNIT ( $, .STERADIAN. ) SOLID_ANGLE_UNIT ( ) );
#39 = ORIENTED_EDGE ( 'NONE', *, *, #3946, .F. ) ;
#40 = EDGE_CURVE ( 'NONE', #6688, #6808, #10570, .T. ) ;
#41 = COLOUR_RGB ( '',0.7921568627450980000, 0.8196078431372548800, 0.9333333333333333500 ) ;
#42 = SURFACE_STYLE_USAGE ( .BOTH. , #886 ) ;
#43 = COLOUR_RGB ( '',0.7921568627450980000, 0.8196078431372548800, 0.9333333333333333500 ) ;
#45 = SURFACE_STYLE_FILL_AREA ( #746 ) ;
#44 = FILL_AREA_STYLE_COLOUR ( '', #5280 ) ;
#46 = DIRECTION ( 'NONE',  ( 0.0000000000000000000, -0.0000000000000000000, -1.000000000000000000 ) ) ;
#47 = ORIENTED_EDGE ( 'NONE', *, *, #8391, .T. ) ;
#48 = LINE ( 'NONE', #1849, #8650 ) ;
#49 = VERTEX_POINT ( 'NONE', #9899 ) ;
#50 = MECHANICAL_DESIGN_GEOMETRIC_PRESENTATION_REPRESENTATION (  '', ( #5789 ), #10737 ) ;
#51 = ORIENTED_EDGE ( 'NONE', *, *, #7684, .T. ) ;
#52 = LINE ( 'NONE', #6422, #6975 ) ;
#53 = SURFACE_STYLE_USAGE ( .BOTH. , #6271 ) ;
#54 = COLOUR_RGB ( '',0.7921568627450980000, 0.8196078431372548800, 0.9333333333333333500 ) ;
#55 = CARTESIAN_POINT ( 'NONE',  ( -6218.632872483720300, 306.7290385117200300, 0.0000000000000000000 ) ) ;
#56 = CARTESIAN_POINT ( 'NONE',  ( -6220.449167514880200, 307.1090385117199700, 0.4800000000000000400 ) ) ;
#57 = EDGE_LOOP ( 'NONE', ( #9964, #3011, #4490, #10666, #10872, #2966, #9142, #10147 ) ) ;
#58 =( LENGTH_UNIT ( ) NAMED_UNIT ( * ) SI_UNIT ( .MILLI., .METRE. ) );
#59 = DIRECTION ( 'NONE',  ( -1.000000000000000000, 0.0000000000000000000, -0.0000000000000000000 ) ) ;
#60 = SURFACE_SIDE_STYLE ('',( #5021 ) ) ;
#61 = ORIENTED_EDGE ( 'NONE', *, *, #5132, .F. ) ;
#62 = FILL_AREA_STYLE_COLOUR ( '', #11425 ) ;
#63 = LINE ( 'NONE', #8833, #3385 ) ;
#64 = PRESENTATION_LAYER_ASSIGNMENT (  '', '', ( #3249 ) ) ;
#65 = EDGE_CURVE ( 'NONE', #3289, #9552, #5047, .T. ) ;
#66 = FACE_OUTER_BOUND ( 'NONE', #1747, .T. ) ;
#67 = ORIENTED_EDGE ( 'NONE', *, *, #9018, .T. ) ;
#68 =( NAMED_UNIT ( * ) PLANE_ANGLE_UNIT ( ) SI_UNIT ( $, .RADIAN. ) );
#69 =( NAMED_UNIT ( * ) PLANE_ANGLE_UNIT ( ) SI_UNIT ( $, .RADIAN. ) );
#70 = PLANE ( 'NONE',  #4114 ) ;
#71 = DIRECTION ( 'NONE',  ( 1.000000000000000000, 0.0000000000000000000, -0.0000000000000000000 ) ) ;
#72 = VECTOR ( 'NONE', #519, 1000.000000000000000 ) ;
#73 =( NAMED_UNIT ( * ) SI_UNIT ( $, .STERADIAN. ) SOLID_ANGLE_UNIT ( ) );
#74 = EDGE_CURVE ( 'NONE', #806, #329, #4918, .T. ) ;
#75 = LINE ( 'NONE', #1527, #9259 ) ;
#76 = EDGE_CURVE ( 'NONE', #6712, #11182, #3104, .T. ) ;
#77 = ORIENTED_EDGE ( 'NONE', *, *, #65, .F. ) ;
#78 = ADVANCED_FACE ( 'NONE', ( #2687 ), #3538, .T. ) ;
#79 = SURFACE_STYLE_USAGE ( .BOTH. , #8088 ) ;
#80 = PRESENTATION_LAYER_ASSIGNMENT (  '', '', ( #2912 ) ) ;
#81 = ORIENTED_EDGE ( 'NONE', *, *, #3575, .F. ) ;
#82 = CARTESIAN_POINT ( 'NONE',  ( -6220.332872483720200, 306.4690385117199900, 0.5000000000000000000 ) ) ;
#83 = AXIS2_PLACEMENT_3D ( 'NONE', #2111, #8346, #261 ) ;
#84 = UNCERTAINTY_MEASURE_WITH_UNIT (LENGTH_MEASURE( 1.000000000000000100E-005 ), #9524, 'distance_accuracy_value', 'NONE');
#85 = EDGE_CURVE ( 'NONE', #6712, #3139, #11400, .T. ) ;
#86 = SURFACE_STYLE_USAGE ( .BOTH. , #852 ) ;
#87 = EDGE_CURVE ( 'NONE', #9036, #4333, #6149, .T. ) ;
#88 = SURFACE_STYLE_FILL_AREA ( #7305 ) ;
#89 = ADVANCED_FACE ( 'NONE', ( #10304 ), #2751, .T. ) ;
#90 = PRESENTATION_STYLE_ASSIGNMENT (( #323 ) ) ;
#91 = CARTESIAN_POINT ( 'NONE',  ( -6220.532872483720000, 306.8290385117210800, 0.5000000000000000000 ) ) ;
#92 = ORIENTED_EDGE ( 'NONE', *, *, #11367, .F. ) ;
#93 = UNCERTAINTY_MEASURE_WITH_UNIT (LENGTH_MEASURE( 1.000000000000000100E-005 ), #6575, 'distance_accuracy_value', 'NONE');
#94 = LINE ( 'NONE', #8205, #9405 ) ;
#95 = CARTESIAN_POINT ( 'NONE',  ( -6217.782872483719100, 306.1290385117116000, 0.4800000000000000400 ) ) ;
#96 = ORIENTED_EDGE ( 'NONE', *, *, #8622, .F. ) ;
#97 =( NAMED_UNIT ( * ) PLANE_ANGLE_UNIT ( ) SI_UNIT ( $, .RADIAN. ) );
#98 = FILL_AREA_STYLE ('',( #138 ) ) ;
#99 = CYLINDRICAL_SURFACE ( 'NONE', #2334, 0.2500000000003055300 ) ;
#100 = DIRECTION ( 'NONE',  ( 1.000000000000000000, 0.0000000000000000000, 0.0000000000000000000 ) ) ;
#101 = LINE ( 'NONE', #8651, #374 ) ;
#102 = UNCERTAINTY_MEASURE_WITH_UNIT (LENGTH_MEASURE( 1.000000000000000100E-005 ), #2684, 'distance_accuracy_value', 'NONE');
#103 = LINE ( 'NONE', #2188, #1476 ) ;
#104 = SURFACE_STYLE_USAGE ( .BOTH. , #7205 ) ;
#105 =( GEOMETRIC_REPRESENTATION_CONTEXT ( 3 ) GLOBAL_UNCERTAINTY_ASSIGNED_CONTEXT ( ( #9923 ) ) GLOBAL_UNIT_ASSIGNED_CONTEXT ( ( #8022, #5468, #4481 ) ) REPRESENTATION_CONTEXT ( 'NONE', 'WORKASPACE' ) );
#106 = ORIENTED_EDGE ( 'NONE', *, *, #7808, .T. ) ;
#107 = VECTOR ( 'NONE', #10450, 1000.000000000000000 ) ;
#108 = AXIS2_PLACEMENT_3D ( 'NONE', #4897, #4817, #8404 ) ;
#110 = FACE_OUTER_BOUND ( 'NONE', #4145, .T. ) ;
#109 = UNCERTAINTY_MEASURE_WITH_UNIT (LENGTH_MEASURE( 1.000000000000000100E-005 ), #1882, 'distance_accuracy_value', 'NONE');
#111 = CARTESIAN_POINT ( 'NONE',  ( -6220.832872483720200, 306.8321758150600000, 0.0000000000000000000 ) ) ;
#112 = FACE_OUTER_BOUND ( 'NONE', #1505, .T. ) ;
#113 =( NAMED_UNIT ( * ) PLANE_ANGLE_UNIT ( ) SI_UNIT ( $, .RADIAN. ) );
#114 = PLANE ( 'NONE',  #11253 ) ;
#115 = FILL_AREA_STYLE_COLOUR ( '', #5189 ) ;
#116 = COLOUR_RGB ( '',0.7921568627450980000, 0.8196078431372548800, 0.9333333333333333500 ) ;
#117 = CARTESIAN_POINT ( 'NONE',  ( -6217.782872483713600, 307.2290385117690900, 0.02000000000000000000 ) ) ;
#118 = ORIENTED_EDGE ( 'NONE', *, *, #533, .T. ) ;
#119 = SURFACE_SIDE_STYLE ('',( #88 ) ) ;
#120 = ORIENTED_EDGE ( 'NONE', *, *, #9686, .T. ) ;
#121 = AXIS2_PLACEMENT_3D ( 'NONE', #1371, #333, #10993 ) ;
#122 =( NAMED_UNIT ( * ) SI_UNIT ( $, .STERADIAN. ) SOLID_ANGLE_UNIT ( ) );
#123 = VECTOR ( 'NONE', #10960, 1000.000000000000000 ) ;
#124 = CARTESIAN_POINT ( 'NONE',  ( -6220.832872483720200, 306.4690385117199900, 0.4800000000000000400 ) ) ;
#125 = SURFACE_STYLE_USAGE ( .BOTH. , #8012 ) ;
#126 = ORIENTED_EDGE ( 'NONE', *, *, #429, .F. ) ;
#127 = PRESENTATION_STYLE_ASSIGNMENT (( #5682 ) ) ;
#128 = DIRECTION ( 'NONE',  ( 1.000000000000000000, 0.0000000000000000000, 0.0000000000000000000 ) ) ;
#129 = FILL_AREA_STYLE ('',( #5338 ) ) ;
#130 = ORIENTED_EDGE ( 'NONE', *, *, #9829, .T. ) ;
#131 = SURFACE_STYLE_USAGE ( .BOTH. , #4600 ) ;
#132 = STYLED_ITEM ( 'NONE', ( #7221 ), #9810 ) ;
#133 = SURFACE_STYLE_FILL_AREA ( #5444 ) ;
#134 = MECHANICAL_DESIGN_GEOMETRIC_PRESENTATION_REPRESENTATION (  '', ( #9882 ), #7039 ) ;
#135 = DIRECTION ( 'NONE',  ( 0.0000000000000000000, -1.000000000000000000, -0.0000000000000000000 ) ) ;
#136 = PRESENTATION_LAYER_ASSIGNMENT (  '', '', ( #10446 ) ) ;
#137 = EDGE_CURVE ( 'NONE', #8453, #3624, #7956, .T. ) ;
#138 = FILL_AREA_STYLE_COLOUR ( '', #6850 ) ;
#139 =( LENGTH_UNIT ( ) NAMED_UNIT ( * ) SI_UNIT ( .MILLI., .METRE. ) );
#140 = VECTOR ( 'NONE', #4255, 1000.000000000000000 ) ;
#141 = DIRECTION ( 'NONE',  ( -0.0000000000000000000, -1.000000000000000000, 0.0000000000000000000 ) ) ;
#142 = VERTEX_POINT ( 'NONE', #9008 ) ;
#143 = PRESENTATION_STYLE_ASSIGNMENT (( #2513 ) ) ;
#144 =( LENGTH_UNIT ( ) NAMED_UNIT ( * ) SI_UNIT ( .MILLI., .METRE. ) );
#145 = EDGE_CURVE ( 'NONE', #5621, #4131, #6706, .T. ) ;
#146 = ORIENTED_EDGE ( 'NONE', *, *, #6635, .T. ) ;
#147 = ADVANCED_FACE ( 'NONE', ( #3363 ), #3727, .T. ) ;
#148 = CARTESIAN_POINT ( 'NONE',  ( -6220.832872483720200, 306.7818249162186200, 0.02000000000000000000 ) ) ;
#149 = DIRECTION ( 'NONE',  ( -0.0000000000000000000, -1.000000000000000000, 0.0000000000000000000 ) ) ;
#150 = DIRECTION ( 'NONE',  ( -9.094947017728610300E-012, 0.0000000000000000000, -1.000000000000000000 ) ) ;
#151 = ORIENTED_EDGE ( 'NONE', *, *, #10193, .F. ) ;
#152 = STYLED_ITEM ( 'NONE', ( #1303 ), #4875 ) ;
#153 = PLANE ( 'NONE',  #6880 ) ;
#154 = EDGE_CURVE ( 'NONE', #3586, #9949, #3664, .T. ) ;
#155 = SURFACE_SIDE_STYLE ('',( #5939 ) ) ;
#156 = ADVANCED_FACE ( 'NONE', ( #10712 ), #4843, .F. ) ;
#157 = LINE ( 'NONE', #8328, #8621 ) ;
#158 = CARTESIAN_POINT ( 'NONE',  ( -6220.332872483720200, 306.7818249162199900, 0.4800000000000000400 ) ) ;
#159 = FACE_OUTER_BOUND ( 'NONE', #9473, .T. ) ;
#160 = DIRECTION ( 'NONE',  ( -0.0000000000000000000, 0.0000000000000000000, -1.000000000000000000 ) ) ;
#161 =( NAMED_UNIT ( * ) SI_UNIT ( $, .STERADIAN. ) SOLID_ANGLE_UNIT ( ) );
#162 = ORIENTED_EDGE ( 'NONE', *, *, #2545, .T. ) ;
#163 = UNCERTAINTY_MEASURE_WITH_UNIT (LENGTH_MEASURE( 1.000000000000000100E-005 ), #10305, 'distance_accuracy_value', 'NONE');
#164 = FILL_AREA_STYLE_COLOUR ( '', #1646 ) ;
#165 = STYLED_ITEM ( 'NONE', ( #5574 ), #6139 ) ;
#166 = ORIENTED_EDGE ( 'NONE', *, *, #9522, .F. ) ;
#168 = PLANE ( 'NONE',  #1569 ) ;
#167 = AXIS2_PLACEMENT_3D ( 'NONE', #11354, #11433, #6077 ) ;
#169 = VECTOR ( 'NONE', #4386, 1000.000000000000000 ) ;
#170 = EDGE_CURVE ( 'NONE', #414, #2758, #10651, .T. ) ;
#171 = EDGE_LOOP ( 'NONE', ( #3371, #8712, #9431, #11321, #6237, #1010, #1739 ) ) ;
#172 = CARTESIAN_POINT ( 'NONE',  ( -6220.382872483720300, 306.6790385117209900, 0.5000000000000000000 ) ) ;
#173 = SURFACE_STYLE_USAGE ( .BOTH. , #6314 ) ;
#174 = MECHANICAL_DESIGN_GEOMETRIC_PRESENTATION_REPRESENTATION (  '', ( #8724 ), #1353 ) ;
#175 = FILL_AREA_STYLE ('',( #982 ) ) ;
#176 = CARTESIAN_POINT ( 'NONE',  ( -6220.532872483720000, 307.1790385117200200, 0.5000000000000000000 ) ) ;
#177 = CARTESIAN_POINT ( 'NONE',  ( -6217.832872483720200, 306.3943684949480800, 0.0000000000000000000 ) ) ;
#178 = FACE_OUTER_BOUND ( 'NONE', #4804, .T. ) ;
#179 = VECTOR ( 'NONE', #4460, 1000.000000000000000 ) ;
#180 = VERTEX_POINT ( 'NONE', #7704 ) ;
#181 = PRESENTATION_STYLE_ASSIGNMENT (( #4617 ) ) ;
#182 = COLOUR_RGB ( '',0.7921568627450980000, 0.8196078431372548800, 0.9333333333333333500 ) ;
#183 = ORIENTED_EDGE ( 'NONE', *, *, #9833, .T. ) ;
#184 = CARTESIAN_POINT ( 'NONE',  ( -6220.832872483720200, 306.9921758150600800, 0.0000000000000000000 ) ) ;
#185 = PRESENTATION_LAYER_ASSIGNMENT (  '', '', ( #8524 ) ) ;
#186 = CARTESIAN_POINT ( 'NONE',  ( -6220.882872483722200, 307.2290385117201500, 0.4800000000000000400 ) ) ;
#187 = FILL_AREA_STYLE_COLOUR ( '', #2584 ) ;
#188 = CARTESIAN_POINT ( 'NONE',  ( -6219.932872483719600, 306.1790385117200200, 0.5000000000000000000 ) ) ;
#189 =( NAMED_UNIT ( * ) SI_UNIT ( $, .STERADIAN. ) SOLID_ANGLE_UNIT ( ) );
#190 = STYLED_ITEM ( 'NONE', ( #7852 ), #1237 ) ;
#191 = CARTESIAN_POINT ( 'NONE',  ( -6218.332872483720200, 306.7818249162190200, 0.4800000000000000400 ) ) ;
#192 = LINE ( 'NONE', #10161, #3106 ) ;
#193 = FILL_AREA_STYLE ('',( #271 ) ) ;
#194 = ORIENTED_EDGE ( 'NONE', *, *, #1919, .F. ) ;
#195 = EDGE_LOOP ( 'NONE', ( #10342, #1641, #5351, #678 ) ) ;
#196 = EDGE_LOOP ( 'NONE', ( #5467, #5575, #4834, #183 ) ) ;
#197 = ADVANCED_FACE ( 'NONE', ( #11211 ), #2292, .T. ) ;
#198 = DIRECTION ( 'NONE',  ( 0.0000000000000000000, 1.000000000000000000, 0.0000000000000000000 ) ) ;
#199 = DIRECTION ( 'NONE',  ( 1.000000000000000000, 0.0000000000000000000, 0.0000000000000000000 ) ) ;
#200 = AXIS2_PLACEMENT_3D ( 'NONE', #4782, #7357, #3827 ) ;
#201 = SURFACE_STYLE_FILL_AREA ( #8307 ) ;
#202 = STYLED_ITEM ( 'NONE', ( #6083 ), #10322 ) ;
#203 = CARTESIAN_POINT ( 'NONE',  ( -6220.832872483720200, 306.8321758150610200, 0.0000000000000000000 ) ) ;
#204 = VECTOR ( 'NONE', #4266, 1000.000000000000000 ) ;
#205 = DIRECTION ( 'NONE',  ( 0.0000000000000000000, -1.000000000000000000, 0.0000000000000000000 ) ) ;
#206 = ORIENTED_EDGE ( 'NONE', *, *, #1711, .T. ) ;
#207 = MECHANICAL_DESIGN_GEOMETRIC_PRESENTATION_REPRESENTATION (  '', ( #8915 ), #10312 ) ;
#208 = SURFACE_SIDE_STYLE ('',( #11241 ) ) ;
#209 = ADVANCED_FACE ( 'NONE', ( #8511 ), #6822, .T. ) ;
#210 = EDGE_CURVE ( 'NONE', #2391, #5803, #5141, .T. ) ;
#211 = FILL_AREA_STYLE ('',( #1951 ) ) ;
#212 = SURFACE_STYLE_USAGE ( .BOTH. , #251 ) ;
#213 = DIRECTION ( 'NONE',  ( -1.000000000000000000, -0.0000000000000000000, -0.0000000000000000000 ) ) ;
#214 = PRESENTATION_STYLE_ASSIGNMENT (( #9659 ) ) ;
#215 = LINE ( 'NONE', #10535, #4519 ) ;
#216 = FILL_AREA_STYLE_COLOUR ( '', #5792 ) ;
#217 = CARTESIAN_POINT ( 'NONE',  ( -6220.832872483720200, 306.6190385117200200, 0.5000000000000000000 ) ) ;
#218 = CYLINDRICAL_SURFACE ( 'NONE', #400, 0.2700000000057656300 ) ;
#219 = ORIENTED_EDGE ( 'NONE', *, *, #4799, .F. ) ;
#220 = PRESENTATION_LAYER_ASSIGNMENT (  '', '', ( #7206 ) ) ;
#221 = AXIS2_PLACEMENT_3D ( 'NONE', #10221, #5818, #473 ) ;
#222 = STYLED_ITEM ( 'NONE', ( #10765 ), #4448 ) ;
#223 = FILL_AREA_STYLE ('',( #5396 ) ) ;
#224 = PRESENTATION_STYLE_ASSIGNMENT (( #576 ) ) ;
#225 = VECTOR ( 'NONE', #940, 1000.000000000000000 ) ;
#226 = CARTESIAN_POINT ( 'NONE',  ( -6220.382872483720300, 306.6790385117209900, 0.5000000000000000000 ) ) ;
#227 = EDGE_LOOP ( 'NONE', ( #7633, #7470 ) ) ;
#228 =( NAMED_UNIT ( * ) PLANE_ANGLE_UNIT ( ) SI_UNIT ( $, .RADIAN. ) );
#229 = DIRECTION ( 'NONE',  ( 1.000000000000000000, 0.0000000000000000000, 0.0000000000000000000 ) ) ;
#230 = EDGE_LOOP ( 'NONE', ( #3451, #4213, #6027, #6295 ) ) ;
#231 = SURFACE_SIDE_STYLE ('',( #11452 ) ) ;
#232 = CARTESIAN_POINT ( 'NONE',  ( -6220.532872483720000, 306.6790385117190000, 0.5000000000000000000 ) ) ;
#233 = EDGE_LOOP ( 'NONE', ( #5795, #6595, #4555, #4157 ) ) ;
#234 = UNCERTAINTY_MEASURE_WITH_UNIT (LENGTH_MEASURE( 1.000000000000000100E-005 ), #11467, 'distance_accuracy_value', 'NONE');
#235 = LINE ( 'NONE', #8207, #6479 ) ;
#236 = VECTOR ( 'NONE', #671, 1000.000000000000000 ) ;
#237 = CARTESIAN_POINT ( 'NONE',  ( -6220.832872483720200, 306.3943684949479700, 0.02000000000000000400 ) ) ;
#238 = MECHANICAL_DESIGN_GEOMETRIC_PRESENTATION_REPRESENTATION (  '', ( #3202 ), #2980 ) ;
#239 = ORIENTED_EDGE ( 'NONE', *, *, #4938, .T. ) ;
#240 = STYLED_ITEM ( 'NONE', ( #10031 ), #7954 ) ;
#242 = EDGE_CURVE ( 'NONE', #8350, #6256, #825, .T. ) ;
#241 = DIRECTION ( 'NONE',  ( 0.0000000000000000000, -0.0000000000000000000, -1.000000000000000000 ) ) ;
#243 = EDGE_LOOP ( 'NONE', ( #2900, #7568, #10553, #3595, #7829, #4359, #6970, #1832 ) ) ;
#244 = DIRECTION ( 'NONE',  ( -2.240568841575740000E-012, -1.000000000000000000, -1.609823385057730100E-014 ) ) ;
#245 = EDGE_CURVE ( 'NONE', #4501, #6466, #3046, .T. ) ;
#246 = CARTESIAN_POINT ( 'NONE',  ( -6220.435658888220100, 307.1790385117190000, 0.01000000000000000000 ) ) ;
#247 = LINE ( 'NONE', #6972, #5252 ) ;
#248 = LINE ( 'NONE', #8339, #4268 ) ;
#249 = ORIENTED_EDGE ( 'NONE', *, *, #263, .T. ) ;
#250 = DIRECTION ( 'NONE',  ( 0.0000000000000000000, -0.0000000000000000000, -1.000000000000000000 ) ) ;
#251 = SURFACE_SIDE_STYLE ('',( #9214 ) ) ;
#252 = SURFACE_STYLE_FILL_AREA ( #9254 ) ;
#253 = CARTESIAN_POINT ( 'NONE',  ( -6220.832872483720200, 307.1790385117200200, 0.5000000000000000000 ) ) ;
#254 = DIRECTION ( 'NONE',  ( 1.000000000000000000, 0.0000000000000000000, -0.0000000000000000000 ) ) ;
#255 = ORIENTED_EDGE ( 'NONE', *, *, #6703, .T. ) ;
#256 = SURFACE_SIDE_STYLE ('',( #8309 ) ) ;
#257 = CARTESIAN_POINT ( 'NONE',  ( -6219.532872483720000, 307.1790385117203600, 0.0000000000000000000 ) ) ;
#258 = AXIS2_PLACEMENT_3D ( 'NONE', #4816, #3930, #9213 ) ;
#259 = PRESENTATION_LAYER_ASSIGNMENT (  '', '', ( #6852 ) ) ;
#260 = VERTEX_POINT ( 'NONE', #5883 ) ;
#261 = DIRECTION ( 'NONE',  ( -7.398526236101629600E-012, 0.0000000000000000000, 1.000000000000000000 ) ) ;
#262 = VECTOR ( 'NONE', #8011, 1000.000000000000000 ) ;
#263 = EDGE_CURVE ( 'NONE', #2326, #4991, #3623, .T. ) ;
#264 = ORIENTED_EDGE ( 'NONE', *, *, #4235, .T. ) ;
#265 = CARTESIAN_POINT ( 'NONE',  ( -6218.142872483720600, 306.9590385117200000, 0.5000000000000000000 ) ) ;
#266 = CARTESIAN_POINT ( 'NONE',  ( -6220.882872483716700, 306.1290385117284800, 0.02000000000000000700 ) ) ;
#267 =( NAMED_UNIT ( * ) SI_UNIT ( $, .STERADIAN. ) SOLID_ANGLE_UNIT ( ) );
#268 = DIRECTION ( 'NONE',  ( -0.0000000000000000000, 1.000000000000000000, 0.0000000000000000000 ) ) ;
#269 =( LENGTH_UNIT ( ) NAMED_UNIT ( * ) SI_UNIT ( .MILLI., .METRE. ) );
#270 = ADVANCED_FACE ( 'NONE', ( #9733 ), #3221, .T. ) ;
#271 = FILL_AREA_STYLE_COLOUR ( '', #1597 ) ;
#272 = VERTEX_POINT ( 'NONE', #1442 ) ;
#273 = COLOUR_RGB ( '',0.7921568627450980000, 0.8196078431372548800, 0.9333333333333333500 ) ;
#274 = AXIS2_PLACEMENT_3D ( 'NONE', #5891, #7777, #8665 ) ;
#275 = ORIENTED_EDGE ( 'NONE', *, *, #3264, .T. ) ;
#276 = SURFACE_SIDE_STYLE ('',( #5646 ) ) ;
#277 = MECHANICAL_DESIGN_GEOMETRIC_PRESENTATION_REPRESENTATION (  '', ( #2418 ), #9801 ) ;
#278 = CARTESIAN_POINT ( 'NONE',  ( -6220.882872483716700, 306.1290385117284800, 0.4800000000000000400 ) ) ;
#279 =( NAMED_UNIT ( * ) SI_UNIT ( $, .STERADIAN. ) SOLID_ANGLE_UNIT ( ) );
#280 = LINE ( 'NONE', #6101, #818 ) ;
#281 = ORIENTED_EDGE ( 'NONE', *, *, #3431, .F. ) ;
#282 = CARTESIAN_POINT ( 'NONE',  ( -6220.617542500490300, 307.1790385117200200, 0.0000000000000000000 ) ) ;
#283 = ORIENTED_EDGE ( 'NONE', *, *, #6684, .T. ) ;
#284 = DIRECTION ( 'NONE',  ( -1.000000000000000000, 0.0000000000000000000, -0.0000000000000000000 ) ) ;
#285 = PRESENTATION_LAYER_ASSIGNMENT (  '', '', ( #10040 ) ) ;
#286 = STYLED_ITEM ( 'NONE', ( #2837 ), #10962 ) ;
#287 = DIRECTION ( 'NONE',  ( -1.000000000000000000, 0.0000000000000000000, -0.0000000000000000000 ) ) ;
#288 =( GEOMETRIC_REPRESENTATION_CONTEXT ( 3 ) GLOBAL_UNCERTAINTY_ASSIGNED_CONTEXT ( ( #9852 ) ) GLOBAL_UNIT_ASSIGNED_CONTEXT ( ( #5343, #10586, #11492 ) ) REPRESENTATION_CONTEXT ( 'NONE', 'WORKASPACE' ) );
#289 = SURFACE_STYLE_USAGE ( .BOTH. , #10907 ) ;
#290 = FILL_AREA_STYLE ('',( #6387 ) ) ;
#291 = DIRECTION ( 'NONE',  ( 0.0000000000000000000, -0.0000000000000000000, 1.000000000000000000 ) ) ;
#292 = DIRECTION ( 'NONE',  ( 1.000000000000000000, 0.0000000000000000000, 0.0000000000000000000 ) ) ;
#293 = CARTESIAN_POINT ( 'NONE',  ( -6220.832872483720200, 306.5762521072194300, 0.02000000000000000000 ) ) ;
#294 = ORIENTED_EDGE ( 'NONE', *, *, #1068, .T. ) ;
#295 = SURFACE_SIDE_STYLE ('',( #9904 ) ) ;
#296 = EDGE_CURVE ( 'NONE', #1141, #1653, #2639, .T. ) ;
#297 = DIRECTION ( 'NONE',  ( -0.0000000000000000000, 1.000000000000000000, 0.0000000000000000000 ) ) ;
#298 = ORIENTED_EDGE ( 'NONE', *, *, #2528, .T. ) ;
#299 = UNCERTAINTY_MEASURE_WITH_UNIT (LENGTH_MEASURE( 1.000000000000000100E-005 ), #6717, 'distance_accuracy_value', 'NONE');
#300 = CARTESIAN_POINT ( 'NONE',  ( -6220.532872483720000, 306.1790385117200800, 0.5050000000000000000 ) ) ;
#301 =( GEOMETRIC_REPRESENTATION_CONTEXT ( 3 ) GLOBAL_UNCERTAINTY_ASSIGNED_CONTEXT ( ( #10887 ) ) GLOBAL_UNIT_ASSIGNED_CONTEXT ( ( #5746, #1251, #4924 ) ) REPRESENTATION_CONTEXT ( 'NONE', 'WORKASPACE' ) );
#302 = EDGE_CURVE ( 'NONE', #2864, #5038, #2486, .T. ) ;
#303 = DIRECTION ( 'NONE',  ( -1.880717803722830600E-012, 1.000000000000000000, 0.0000000000000000000 ) ) ;
#304 = VERTEX_POINT ( 'NONE', #5139 ) ;
#305 = STYLED_ITEM ( 'NONE', ( #7412 ), #7670 ) ;
#306 = EDGE_CURVE ( 'NONE', #3965, #8070, #7922, .T. ) ;
#307 = VECTOR ( 'NONE', #7974, 1000.000000000000000 ) ;
#308 = UNCERTAINTY_MEASURE_WITH_UNIT (LENGTH_MEASURE( 1.000000000000000100E-005 ), #4561, 'distance_accuracy_value', 'NONE');
#309 = ORIENTED_EDGE ( 'NONE', *, *, #210, .F. ) ;
#310 = EDGE_LOOP ( 'NONE', ( #8448, #996, #1430, #4724, #9749, #7850, #3261 ) ) ;
#311 = LINE ( 'NONE', #11404, #8252 ) ;
#312 = FILL_AREA_STYLE ('',( #2983 ) ) ;
#313 = LINE ( 'NONE', #10016, #3933 ) ;
#314 = COLOUR_RGB ( '',0.7921568627450980000, 0.8196078431372548800, 0.9333333333333333500 ) ;
#315 = ORIENTED_EDGE ( 'NONE', *, *, #9791, .T. ) ;
#316 = DIRECTION ( 'NONE',  ( -0.0000000000000000000, 0.0000000000000000000, -1.000000000000000000 ) ) ;
#317 = DIRECTION ( 'NONE',  ( 1.000000000000000000, 0.0000000000000000000, -0.0000000000000000000 ) ) ;
#319 = CARTESIAN_POINT ( 'NONE',  ( -6218.282872483720000, 307.1790385117200200, 0.5000000000000000000 ) ) ;
#318 = PRESENTATION_LAYER_ASSIGNMENT (  '', '', ( #2320 ) ) ;
#320 = LINE ( 'NONE', #10077, #5329 ) ;
#321 = ADVANCED_FACE ( 'NONE', ( #8065 ), #9682, .T. ) ;
#322 = CYLINDRICAL_SURFACE ( 'NONE', #5066, 0.2499999999994173500 ) ;
#323 = SURFACE_STYLE_USAGE ( .BOTH. , #8488 ) ;
#324 = ORIENTED_EDGE ( 'NONE', *, *, #440, .F. ) ;
#325 =( NAMED_UNIT ( * ) PLANE_ANGLE_UNIT ( ) SI_UNIT ( $, .RADIAN. ) );
#326 = DIRECTION ( 'NONE',  ( 0.0000000000000000000, 0.0000000000000000000, 1.000000000000000000 ) ) ;
#327 = ORIENTED_EDGE ( 'NONE', *, *, #6415, .T. ) ;
#328 = PLANE ( 'NONE',  #3031 ) ;
#329 = VERTEX_POINT ( 'NONE', #4367 ) ;
#330 = CARTESIAN_POINT ( 'NONE',  ( -6220.382872483720300, 306.6790385117209900, 0.4800000000000000400 ) ) ;
#331 = VECTOR ( 'NONE', #4604, 1000.000000000000000 ) ;
#332 = COLOUR_RGB ( '',0.7921568627450980000, 0.8196078431372548800, 0.9333333333333333500 ) ;
#333 = DIRECTION ( 'NONE',  ( -1.000000000000000000, 0.0000000000000000000, 0.0000000000000000000 ) ) ;
#334 = DIRECTION ( 'NONE',  ( -1.000000000000000000, -0.0000000000000000000, -0.0000000000000000000 ) ) ;
#335 = VERTEX_POINT ( 'NONE', #9602 ) ;
#336 = DIRECTION ( 'NONE',  ( -0.0000000000000000000, 1.000000000000000000, 0.0000000000000000000 ) ) ;
#337 = VERTEX_POINT ( 'NONE', #11395 ) ;
#338 = PLANE ( 'NONE',  #10655 ) ;
#339 = CARTESIAN_POINT ( 'NONE',  ( -6218.077660543180200, 306.4690385117199900, 0.5000000000000000000 ) ) ;
#340 =( NAMED_UNIT ( * ) PLANE_ANGLE_UNIT ( ) SI_UNIT ( $, .RADIAN. ) );
#341 = AXIS2_PLACEMENT_3D ( 'NONE', #837, #3570, #9784 ) ;
#342 = SURFACE_STYLE_USAGE ( .BOTH. , #9204 ) ;
#343 = CARTESIAN_POINT ( 'NONE',  ( -6218.332872483719300, 306.4690385117199900, 0.4800000000000000400 ) ) ;
#344 = SURFACE_SIDE_STYLE ('',( #4871 ) ) ;
#345 = COLOUR_RGB ( '',0.7921568627450980000, 0.8196078431372548800, 0.9333333333333333500 ) ;
#346 = COLOUR_RGB ( '',0.7921568627450980000, 0.8196078431372548800, 0.9333333333333333500 ) ;
#347 = VERTEX_POINT ( 'NONE', #4396 ) ;
#348 = SURFACE_SIDE_STYLE ('',( #6503 ) ) ;
#349 = FILL_AREA_STYLE ('',( #10890 ) ) ;
#350 = CIRCLE ( 'NONE', #4440, 0.2700000000048774500 ) ;
#351 = PRESENTATION_LAYER_ASSIGNMENT (  '', '', ( #2894 ) ) ;
#352 = CARTESIAN_POINT ( 'NONE',  ( -6220.832872483720200, 306.1790385117209900, 0.02000000000000000000 ) ) ;
#353 = AXIS2_PLACEMENT_3D ( 'NONE', #2835, #5517, #9054 ) ;
#354 = CIRCLE ( 'NONE', #6241, 0.2700000000057656300 ) ;
#355 = PRESENTATION_STYLE_ASSIGNMENT (( #8380 ) ) ;
#356 = PLANE ( 'NONE',  #10891 ) ;
#357 = PRESENTATION_LAYER_ASSIGNMENT (  '', '', ( #10514 ) ) ;
#358 = EDGE_LOOP ( 'NONE', ( #2722, #524, #839, #315 ) ) ;
#359 = LINE ( 'NONE', #7575, #4526 ) ;
#360 = DIRECTION ( 'NONE',  ( 1.000000000000000000, 0.0000000000000000000, 0.0000000000000000000 ) ) ;
#361 = ORIENTED_EDGE ( 'NONE', *, *, #10478, .F. ) ;
#362 =( LENGTH_UNIT ( ) NAMED_UNIT ( * ) SI_UNIT ( .MILLI., .METRE. ) );
#363 = CARTESIAN_POINT ( 'NONE',  ( -6220.532872483720000, 306.6790385117209900, 0.5000000000000000000 ) ) ;
#364 = CARTESIAN_POINT ( 'NONE',  ( -6220.832872483720200, 306.9840895374409800, 0.2500000000000000000 ) ) ;
#365 = SURFACE_STYLE_USAGE ( .BOTH. , #3913 ) ;
#366 = MANIFOLD_SOLID_BREP ( '7-1-solid1', #8989 ) ;
#367 = ORIENTED_EDGE ( 'NONE', *, *, #4007, .T. ) ;
#368 = DIRECTION ( 'NONE',  ( -0.0000000000000000000, 1.000000000000000000, 0.0000000000000000000 ) ) ;
#369 = STYLED_ITEM ( 'NONE', ( #5373 ), #4352 ) ;
#370 = EDGE_CURVE ( 'NONE', #5744, #4491, #7076, .T. ) ;
#371 = VERTEX_POINT ( 'NONE', #6978 ) ;
#372 = UNCERTAINTY_MEASURE_WITH_UNIT (LENGTH_MEASURE( 1.000000000000000100E-005 ), #8991, 'distance_accuracy_value', 'NONE');
#373 = CARTESIAN_POINT ( 'NONE',  ( -6220.332872483720200, 306.6190385117200200, 0.4800000000000000400 ) ) ;
#374 = VECTOR ( 'NONE', #4276, 1000.000000000000000 ) ;
#375 = SURFACE_SIDE_STYLE ('',( #5020 ) ) ;
#376 = EDGE_LOOP ( 'NONE', ( #1647, #5256, #8737, #6035 ) ) ;
#377 = DIRECTION ( 'NONE',  ( -0.0000000000000000000, -0.0000000000000000000, -1.000000000000000000 ) ) ;
#378 = ADVANCED_FACE ( 'NONE', ( #674 ), #848, .T. ) ;
#379 = LINE ( 'NONE', #4005, #3583 ) ;
#380 = CARTESIAN_POINT ( 'NONE',  ( -6217.782872483719100, 307.2290385117264600, 0.4800000000000000400 ) ) ;
#381 = ORIENTED_EDGE ( 'NONE', *, *, #6892, .T. ) ;
#382 = CARTESIAN_POINT ( 'NONE',  ( -6219.932872483718700, 306.9921758150600800, 0.02000000000000000000 ) ) ;
#383 =( GEOMETRIC_REPRESENTATION_CONTEXT ( 3 ) GLOBAL_UNCERTAINTY_ASSIGNED_CONTEXT ( ( #1079 ) ) GLOBAL_UNIT_ASSIGNED_CONTEXT ( ( #5183, #11370, #9581 ) ) REPRESENTATION_CONTEXT ( 'NONE', 'WORKASPACE' ) );
#384 = DIRECTION ( 'NONE',  ( 0.0000000000000000000, 0.0000000000000000000, 1.000000000000000000 ) ) ;
#385 = DIRECTION ( 'NONE',  ( 1.000000000000000000, -0.0000000000000000000, 0.0000000000000000000 ) ) ;
#386 = ORIENTED_EDGE ( 'NONE', *, *, #3421, .T. ) ;
#388 = EDGE_CURVE ( 'NONE', #4541, #1320, #8596, .T. ) ;
#387 = SURFACE_SIDE_STYLE ('',( #4635 ) ) ;
#389 = DIRECTION ( 'NONE',  ( 0.0000000000000000000, -0.0000000000000000000, -1.000000000000000000 ) ) ;
#390 = STYLED_ITEM ( 'NONE', ( #804 ), #540 ) ;
#391 = DIRECTION ( 'NONE',  ( 0.0000000000000000000, 0.0000000000000000000, 1.000000000000000000 ) ) ;
#392 = ORIENTED_EDGE ( 'NONE', *, *, #5508, .F. ) ;
#393 = DIRECTION ( 'NONE',  ( -1.529443238714110200E-011, 0.0000000000000000000, -1.000000000000000000 ) ) ;
#394 = ORIENTED_EDGE ( 'NONE', *, *, #10543, .T. ) ;
#395 = CARTESIAN_POINT ( 'NONE',  ( -6220.382872483720300, 306.8290385117210800, 0.4800000000000000400 ) ) ;
#396 = DIRECTION ( 'NONE',  ( 3.486326665909891900E-016, 6.098636300382200700E-016, 1.000000000000000000 ) ) ;
#397 = VERTEX_POINT ( 'NONE', #7271 ) ;
#398 = AXIS2_PLACEMENT_3D ( 'NONE', #7806, #9531, #8559 ) ;
#399 = DIRECTION ( 'NONE',  ( 0.0000000000000000000, -0.0000000000000000000, -1.000000000000000000 ) ) ;
#400 = AXIS2_PLACEMENT_3D ( 'NONE', #6588, #10165, #11082 ) ;
#401 = LINE ( 'NONE', #5481, #1370 ) ;
#402 = CIRCLE ( 'NONE', #5399, 0.2500000000003055300 ) ;
#403 =( LENGTH_UNIT ( ) NAMED_UNIT ( * ) SI_UNIT ( .MILLI., .METRE. ) );
#404 = VERTEX_POINT ( 'NONE', #7929 ) ;
#405 = SURFACE_STYLE_FILL_AREA ( #4176 ) ;
#406 = CARTESIAN_POINT ( 'NONE',  ( -6220.832872483720200, 306.3739874859970200, 0.0000000000000000000 ) ) ;
#407 = ORIENTED_EDGE ( 'NONE', *, *, #4778, .F. ) ;
#408 = DIRECTION ( 'NONE',  ( 1.552091788425800000E-012, -1.000000000000000000, 7.058096291193350100E-024 ) ) ;
#409 =( LENGTH_UNIT ( ) NAMED_UNIT ( * ) SI_UNIT ( .MILLI., .METRE. ) );
#410 = LINE ( 'NONE', #6069, #7071 ) ;
#411 = LINE ( 'NONE', #8663, #2924 ) ;
#412 =( GEOMETRIC_REPRESENTATION_CONTEXT ( 3 ) GLOBAL_UNCERTAINTY_ASSIGNED_CONTEXT ( ( #1285 ) ) GLOBAL_UNIT_ASSIGNED_CONTEXT ( ( #1540, #5093, #2392 ) ) REPRESENTATION_CONTEXT ( 'NONE', 'WORKASPACE' ) );
#413 = PRESENTATION_LAYER_ASSIGNMENT (  '', '', ( #8175 ) ) ;
#414 = VERTEX_POINT ( 'NONE', #8781 ) ;
#415 = LINE ( 'NONE', #594, #973 ) ;
#416 = MECHANICAL_DESIGN_GEOMETRIC_PRESENTATION_REPRESENTATION (  '', ( #9429 ), #630 ) ;
#417 = PRESENTATION_STYLE_ASSIGNMENT (( #7715 ) ) ;
#418 = DIRECTION ( 'NONE',  ( 1.150191053511340100E-012, -1.000000000000000000, -7.181671351994675900E-024 ) ) ;
#419 = DIRECTION ( 'NONE',  ( 0.0000000000000000000, 1.000000000000000000, 0.0000000000000000000 ) ) ;
#420 = EDGE_LOOP ( 'NONE', ( #7375, #7750, #5283, #3917 ) ) ;
#421 = CARTESIAN_POINT ( 'NONE',  ( -6217.782872483721800, 306.1290385117200700, 0.4800000000000000400 ) ) ;
#422 = CARTESIAN_POINT ( 'NONE',  ( -6217.832872483720200, 306.3739874859970200, 0.0000000000000000000 ) ) ;
#423 = FILL_AREA_STYLE_COLOUR ( '', #827 ) ;
#424 =( GEOMETRIC_REPRESENTATION_CONTEXT ( 3 ) GLOBAL_UNCERTAINTY_ASSIGNED_CONTEXT ( ( #4228 ) ) GLOBAL_UNIT_ASSIGNED_CONTEXT ( ( #6168, #9706, #8919 ) ) REPRESENTATION_CONTEXT ( 'NONE', 'WORKASPACE' ) );
#425 = VECTOR ( 'NONE', #6624, 1000.000000000000000 ) ;
#426 = ADVANCED_FACE ( 'NONE', ( #7645 ), #7187, .T. ) ;
#427 = STYLED_ITEM ( 'NONE', ( #2389 ), #11028 ) ;
#428 = FILL_AREA_STYLE ('',( #6611 ) ) ;
#429 = EDGE_CURVE ( 'NONE', #3165, #4712, #1648, .T. ) ;
#430 =( NAMED_UNIT ( * ) SI_UNIT ( $, .STERADIAN. ) SOLID_ANGLE_UNIT ( ) );
#431 = UNCERTAINTY_MEASURE_WITH_UNIT (LENGTH_MEASURE( 1.000000000000000100E-005 ), #5601, 'distance_accuracy_value', 'NONE');
#432 = CARTESIAN_POINT ( 'NONE',  ( -6220.532872483720000, 306.6790385117209900, 0.4800000000000000400 ) ) ;
#433 = VERTEX_POINT ( 'NONE', #8976 ) ;
#434 = UNCERTAINTY_MEASURE_WITH_UNIT (LENGTH_MEASURE( 1.000000000000000100E-005 ), #7786, 'distance_accuracy_value', 'NONE');
#435 = PRESENTATION_STYLE_ASSIGNMENT (( #1123 ) ) ;
#436 = CARTESIAN_POINT ( 'NONE',  ( -6220.882872483722200, 307.2290385117256100, 0.02000000000000000000 ) ) ;
#437 = PRESENTATION_STYLE_ASSIGNMENT (( #623 ) ) ;
#438 = ORIENTED_EDGE ( 'NONE', *, *, #3732, .T. ) ;
#439 = CARTESIAN_POINT ( 'NONE',  ( -6218.732872483719800, 306.9921758150600800, 0.02000000000000000000 ) ) ;
#440 = EDGE_CURVE ( 'NONE', #9003, #5084, #9038, .T. ) ;
#441 = FILL_AREA_STYLE_COLOUR ( '', #10864 ) ;
#442 =( NAMED_UNIT ( * ) PLANE_ANGLE_UNIT ( ) SI_UNIT ( $, .RADIAN. ) );
#443 = UNCERTAINTY_MEASURE_WITH_UNIT (LENGTH_MEASURE( 1.000000000000000100E-005 ), #2723, 'distance_accuracy_value', 'NONE');
#444 = SURFACE_STYLE_USAGE ( .BOTH. , #10054 ) ;
#445 = AXIS2_PLACEMENT_3D ( 'NONE', #11051, #10283, #5762 ) ;
#446 = DIRECTION ( 'NONE',  ( 1.000000000000000000, -2.273733787118790100E-024, -6.243894290491949900E-012 ) ) ;
#447 = EDGE_CURVE ( 'NONE', #3491, #5948, #11099, .T. ) ;
#448 = LINE ( 'NONE', #2365, #2531 ) ;
#449 =( LENGTH_UNIT ( ) NAMED_UNIT ( * ) SI_UNIT ( .MILLI., .METRE. ) );
#450 = PRESENTATION_LAYER_ASSIGNMENT (  '', '', ( #10204 ) ) ;
#451 = ORIENTED_EDGE ( 'NONE', *, *, #9606, .T. ) ;
#452 = UNCERTAINTY_MEASURE_WITH_UNIT (LENGTH_MEASURE( 1.000000000000000100E-005 ), #5105, 'distance_accuracy_value', 'NONE');
#453 = LINE ( 'NONE', #3767, #3097 ) ;
#454 = EDGE_CURVE ( 'NONE', #7368, #3131, #8338, .T. ) ;
#455 = ORIENTED_EDGE ( 'NONE', *, *, #5204, .T. ) ;
#456 = VERTEX_POINT ( 'NONE', #6260 ) ;
#457 = STYLED_ITEM ( 'NONE', ( #459 ), #78 ) ;
#458 = CARTESIAN_POINT ( 'NONE',  ( -6218.732872483719800, 307.1790385117200200, 0.02000000000000000000 ) ) ;
#459 = PRESENTATION_STYLE_ASSIGNMENT (( #6250 ) ) ;
#460 = VECTOR ( 'NONE', #2968, 1000.000000000000000 ) ;
#461 =( LENGTH_UNIT ( ) NAMED_UNIT ( * ) SI_UNIT ( .MILLI., .METRE. ) );
#462 = EDGE_LOOP ( 'NONE', ( #2355, #1373, #6572, #10944 ) ) ;
#463 = LINE ( 'NONE', #11381, #736 ) ;
#464 = DIRECTION ( 'NONE',  ( -0.0000000000000000000, -0.0000000000000000000, 1.000000000000000000 ) ) ;
#465 = ORIENTED_EDGE ( 'NONE', *, *, #6828, .F. ) ;
#466 = ORIENTED_EDGE ( 'NONE', *, *, #5063, .T. ) ;
#467 = PRESENTATION_LAYER_ASSIGNMENT (  '', '', ( #2034 ) ) ;
#468 =( GEOMETRIC_REPRESENTATION_CONTEXT ( 3 ) GLOBAL_UNCERTAINTY_ASSIGNED_CONTEXT ( ( #4023 ) ) GLOBAL_UNIT_ASSIGNED_CONTEXT ( ( #9667, #5282, #2588 ) ) REPRESENTATION_CONTEXT ( 'NONE', 'WORKASPACE' ) );
#469 = COLOUR_RGB ( '',0.7921568627450980000, 0.8196078431372548800, 0.9333333333333333500 ) ;
#470 = CARTESIAN_POINT ( 'NONE',  ( -6220.382872483720300, 306.8290385117200000, 0.4800000000000000400 ) ) ;
#471 = ORIENTED_EDGE ( 'NONE', *, *, #9679, .T. ) ;
#472 = EDGE_CURVE ( 'NONE', #9972, #5315, #3609, .T. ) ;
#473 = DIRECTION ( 'NONE',  ( 1.000000000000000000, 0.0000000000000000000, -0.0000000000000000000 ) ) ;
#474 = ORIENTED_EDGE ( 'NONE', *, *, #10935, .T. ) ;
#475 = FILL_AREA_STYLE_COLOUR ( '', #1956 ) ;
#476 = VECTOR ( 'NONE', #10409, 1000.000000000000000 ) ;
#477 = PLANE ( 'NONE',  #1705 ) ;
#478 =( NAMED_UNIT ( * ) SI_UNIT ( $, .STERADIAN. ) SOLID_ANGLE_UNIT ( ) );
#479 = CARTESIAN_POINT ( 'NONE',  ( -6219.932872483719600, 306.1790385117200200, -1.383301543573196700E-024 ) ) ;
#480 =( GEOMETRIC_REPRESENTATION_CONTEXT ( 3 ) GLOBAL_UNCERTAINTY_ASSIGNED_CONTEXT ( ( #945 ) ) GLOBAL_UNIT_ASSIGNED_CONTEXT ( ( #4717, #2896, #7400 ) ) REPRESENTATION_CONTEXT ( 'NONE', 'WORKASPACE' ) );
#481 = DIRECTION ( 'NONE',  ( 0.0000000000000000000, -0.0000000000000000000, -1.000000000000000000 ) ) ;
#482 = CARTESIAN_POINT ( 'NONE',  ( -6220.832872483720200, 306.1790385117200200, 0.5000000000000000000 ) ) ;
#483 = ORIENTED_EDGE ( 'NONE', *, *, #11095, .T. ) ;
#484 = PRESENTATION_LAYER_ASSIGNMENT (  '', '', ( #1674 ) ) ;
#485 =( LENGTH_UNIT ( ) NAMED_UNIT ( * ) SI_UNIT ( .MILLI., .METRE. ) );
#486 = ADVANCED_FACE ( 'NONE', ( #10661 ), #6665, .F. ) ;
#487 = SURFACE_SIDE_STYLE ('',( #10459 ) ) ;
#488 = LINE ( 'NONE', #2911, #2165 ) ;
#489 = VECTOR ( 'NONE', #6631, 1000.000000000000000 ) ;
#490 = COLOUR_RGB ( '',0.7921568627450980000, 0.8196078431372548800, 0.9333333333333333500 ) ;
#491 = DIRECTION ( 'NONE',  ( 0.0000000000000000000, 0.0000000000000000000, -1.000000000000000000 ) ) ;
#492 = ORIENTED_EDGE ( 'NONE', *, *, #5665, .F. ) ;
#493 = DIRECTION ( 'NONE',  ( -0.0000000000000000000, 1.000000000000000000, 0.0000000000000000000 ) ) ;
#494 = PRESENTATION_STYLE_ASSIGNMENT (( #10026 ) ) ;
#495 = ORIENTED_EDGE ( 'NONE', *, *, #3686, .T. ) ;
#496 = AXIS2_PLACEMENT_3D ( 'NONE', #6163, #4346, #6876 ) ;
#497 =( GEOMETRIC_REPRESENTATION_CONTEXT ( 3 ) GLOBAL_UNCERTAINTY_ASSIGNED_CONTEXT ( ( #2224 ) ) GLOBAL_UNIT_ASSIGNED_CONTEXT ( ( #6473, #8203, #2873 ) ) REPRESENTATION_CONTEXT ( 'NONE', 'WORKASPACE' ) );
#498 = FILL_AREA_STYLE_COLOUR ( '', #6261 ) ;
#499 = SURFACE_STYLE_FILL_AREA ( #4659 ) ;
#500 = COLOUR_RGB ( '',0.7921568627450980000, 0.8196078431372548800, 0.9333333333333333500 ) ;
#501 = SURFACE_STYLE_FILL_AREA ( #11299 ) ;
#502 = ORIENTED_EDGE ( 'NONE', *, *, #3411, .F. ) ;
#503 = LINE ( 'NONE', #6170, #10781 ) ;
#504 = DIRECTION ( 'NONE',  ( 1.000000000000000000, 0.0000000000000000000, 0.0000000000000000000 ) ) ;
#505 = DIRECTION ( 'NONE',  ( 1.000000000000000000, -0.0000000000000000000, 0.0000000000000000000 ) ) ;
#506 = DIRECTION ( 'NONE',  ( 1.000000000000000000, 0.0000000000000000000, 0.0000000000000000000 ) ) ;
#507 = ORIENTED_EDGE ( 'NONE', *, *, #5741, .F. ) ;
#508 = EDGE_CURVE ( 'NONE', #3675, #10486, #6109, .T. ) ;
#509 = UNCERTAINTY_MEASURE_WITH_UNIT (LENGTH_MEASURE( 1.000000000000000100E-005 ), #1450, 'distance_accuracy_value', 'NONE');
#510 = FILL_AREA_STYLE ('',( #3981 ) ) ;
#511 =( LENGTH_UNIT ( ) NAMED_UNIT ( * ) SI_UNIT ( .MILLI., .METRE. ) );
#512 = AXIS2_PLACEMENT_3D ( 'NONE', #186, #8463, #3086 ) ;
#513 = EDGE_CURVE ( 'NONE', #7754, #5253, #4313, .T. ) ;
#514 = ORIENTED_EDGE ( 'NONE', *, *, #6980, .T. ) ;
#515 = PRESENTATION_STYLE_ASSIGNMENT (( #2428 ) ) ;
#516 = DIRECTION ( 'NONE',  ( -4.547473508864579800E-012, 0.0000000000000000000, -1.000000000000000000 ) ) ;
#517 = ORIENTED_EDGE ( 'NONE', *, *, #8053, .T. ) ;
#518 = EDGE_CURVE ( 'NONE', #5619, #8081, #11358, .T. ) ;
#519 = DIRECTION ( 'NONE',  ( 0.0000000000000000000, -0.0000000000000000000, -1.000000000000000000 ) ) ;
#520 = LINE ( 'NONE', #752, #9707 ) ;
#521 = DIRECTION ( 'NONE',  ( 1.000000000000000000, 3.297084827382099900E-012, 0.0000000000000000000 ) ) ;
#522 = SURFACE_SIDE_STYLE ('',( #10088 ) ) ;
#523 =( NAMED_UNIT ( * ) PLANE_ANGLE_UNIT ( ) SI_UNIT ( $, .RADIAN. ) );
#524 = ORIENTED_EDGE ( 'NONE', *, *, #9444, .T. ) ;
#525 = LINE ( 'NONE', #10820, #8473 ) ;
#526 = EDGE_LOOP ( 'NONE', ( #2122, #9305, #5728, #5855 ) ) ;
#527 = MECHANICAL_DESIGN_GEOMETRIC_PRESENTATION_REPRESENTATION (  '', ( #4341 ), #4935 ) ;
#528 = CARTESIAN_POINT ( 'NONE',  ( -6220.522872483719800, 306.9590385117200000, 0.5000000000000000000 ) ) ;
#529 = CARTESIAN_POINT ( 'NONE',  ( -6217.832872483720200, 306.6190385117200200, 0.5000000000000000000 ) ) ;
#530 =( GEOMETRIC_REPRESENTATION_CONTEXT ( 3 ) GLOBAL_UNCERTAINTY_ASSIGNED_CONTEXT ( ( #4567 ) ) GLOBAL_UNIT_ASSIGNED_CONTEXT ( ( #9912, #8172, #2922 ) ) REPRESENTATION_CONTEXT ( 'NONE', 'WORKASPACE' ) );
#531 = PRESENTATION_STYLE_ASSIGNMENT (( #5357 ) ) ;
#533 = EDGE_CURVE ( 'NONE', #10034, #10566, #6655, .T. ) ;
#532 = SURFACE_STYLE_USAGE ( .BOTH. , #5877 ) ;
#534 =( NAMED_UNIT ( * ) SI_UNIT ( $, .STERADIAN. ) SOLID_ANGLE_UNIT ( ) );
#535 = PRESENTATION_LAYER_ASSIGNMENT (  '', '', ( #3529 ) ) ;
#536 = EDGE_LOOP ( 'NONE', ( #569, #3121, #9148, #8974 ) ) ;
#537 = VECTOR ( 'NONE', #3584, 1000.000000000000000 ) ;
#538 = CARTESIAN_POINT ( 'NONE',  ( -6218.230086079220200, 306.1790385117200200, 0.0000000000000000000 ) ) ;
#539 = ORIENTED_EDGE ( 'NONE', *, *, #5293, .T. ) ;
#540 = ADVANCED_FACE ( 'NONE', ( #1635 ), #4857, .F. ) ;
#541 = CARTESIAN_POINT ( 'NONE',  ( -6217.832872483720200, 306.6290385117190500, 0.0000000000000000000 ) ) ;
#542 = SURFACE_STYLE_FILL_AREA ( #3298 ) ;
#543 = FILL_AREA_STYLE_COLOUR ( '', #11023 ) ;
#544 = CARTESIAN_POINT ( 'NONE',  ( -6220.532872483720000, 306.6790385117200200, 0.4800000000000000400 ) ) ;
#545 = DIRECTION ( 'NONE',  ( -0.0000000000000000000, -1.000000000000000000, -0.0000000000000000000 ) ) ;
#546 = PRESENTATION_LAYER_ASSIGNMENT (  '', '', ( #2190 ) ) ;
#547 = FACE_OUTER_BOUND ( 'NONE', #9768, .T. ) ;
#548 = COLOUR_RGB ( '',0.7921568627450980000, 0.8196078431372548800, 0.9333333333333333500 ) ;
#549 = ORIENTED_EDGE ( 'NONE', *, *, #6980, .F. ) ;
#550 = PRESENTATION_LAYER_ASSIGNMENT (  '', '', ( #3299 ) ) ;
#551 =( NAMED_UNIT ( * ) PLANE_ANGLE_UNIT ( ) SI_UNIT ( $, .RADIAN. ) );
#552 = DIRECTION ( 'NONE',  ( -9.094947017728610300E-012, 0.0000000000000000000, -1.000000000000000000 ) ) ;
#553 = DIRECTION ( 'NONE',  ( -1.000000000000000000, 0.0000000000000000000, -0.0000000000000000000 ) ) ;
#554 = CARTESIAN_POINT ( 'NONE',  ( -6220.832872483720200, 306.6190385117200200, 0.0000000000000000000 ) ) ;
#555 = EDGE_LOOP ( 'NONE', ( #2692, #283, #9868, #7549 ) ) ;
#556 =( LENGTH_UNIT ( ) NAMED_UNIT ( * ) SI_UNIT ( .MILLI., .METRE. ) );
#557 = VECTOR ( 'NONE', #7573, 1000.000000000000000 ) ;
#558 = FILL_AREA_STYLE_COLOUR ( '', #8616 ) ;
#559 =( NAMED_UNIT ( * ) PLANE_ANGLE_UNIT ( ) SI_UNIT ( $, .RADIAN. ) );
#560 = EDGE_LOOP ( 'NONE', ( #8126, #67, #5943, #9263 ) ) ;
#561 = STYLED_ITEM ( 'NONE', ( #10241 ), #10058 ) ;
#562 = AXIS2_PLACEMENT_3D ( 'NONE', #9907, #1114, #1971 ) ;
#563 = VECTOR ( 'NONE', #6524, 1000.000000000000000 ) ;
#564 =( LENGTH_UNIT ( ) NAMED_UNIT ( * ) SI_UNIT ( .MILLI., .METRE. ) );
#565 =( GEOMETRIC_REPRESENTATION_CONTEXT ( 3 ) GLOBAL_UNCERTAINTY_ASSIGNED_CONTEXT ( ( #2014 ) ) GLOBAL_UNIT_ASSIGNED_CONTEXT ( ( #2405, #5214, #778 ) ) REPRESENTATION_CONTEXT ( 'NONE', 'WORKASPACE' ) );
#566 = UNCERTAINTY_MEASURE_WITH_UNIT (LENGTH_MEASURE( 1.000000000000000100E-005 ), #4506, 'distance_accuracy_value', 'NONE');
#567 = ORIENTED_EDGE ( 'NONE', *, *, #10996, .T. ) ;
#568 = DIRECTION ( 'NONE',  ( -1.000000000000000000, 0.0000000000000000000, -0.0000000000000000000 ) ) ;
#569 = ORIENTED_EDGE ( 'NONE', *, *, #6560, .F. ) ;
#570 = DIRECTION ( 'NONE',  ( 1.000000000000000000, 1.046092669195530000E-023, -9.094947017728610300E-012 ) ) ;
#571 = UNCERTAINTY_MEASURE_WITH_UNIT (LENGTH_MEASURE( 1.000000000000000100E-005 ), #7457, 'distance_accuracy_value', 'NONE');
#572 = DIRECTION ( 'NONE',  ( 0.0000000000000000000, 0.0000000000000000000, 1.000000000000000000 ) ) ;
#573 = LINE ( 'NONE', #9670, #2108 ) ;
#574 = AXIS2_PLACEMENT_3D ( 'NONE', #8212, #4626, #6516 ) ;
#575 = PRODUCT_RELATED_PRODUCT_CATEGORY ( 'part', '', ( #3389 ) ) ;
#576 = SURFACE_STYLE_USAGE ( .BOTH. , #7767 ) ;
#577 = EDGE_CURVE ( 'NONE', #1045, #404, #4295, .T. ) ;
#578 = LINE ( 'NONE', #3162, #10430 ) ;
#579 = SURFACE_STYLE_USAGE ( .BOTH. , #1470 ) ;
#580 = VERTEX_POINT ( 'NONE', #10970 ) ;
#581 = DIRECTION ( 'NONE',  ( -1.000000000000000000, -0.0000000000000000000, 0.0000000000000000000 ) ) ;
#582 = CARTESIAN_POINT ( 'NONE',  ( -6220.382872483720300, 306.6790385117209900, 0.4800000000000000400 ) ) ;
#583 = SURFACE_STYLE_FILL_AREA ( #4832 ) ;
#584 = CARTESIAN_POINT ( 'NONE',  ( -6220.532872483720000, 306.8290385117210800, 0.4800000000000000400 ) ) ;
#585 = FACE_OUTER_BOUND ( 'NONE', #7486, .T. ) ;
#586 = DIRECTION ( 'NONE',  ( 1.000000000000000000, 0.0000000000000000000, 0.0000000000000000000 ) ) ;
#587 = EDGE_LOOP ( 'NONE', ( #811, #6660, #9840, #4395, #4493, #9540, #8792, #9241 ) ) ;
#588 = VERTEX_POINT ( 'NONE', #8216 ) ;
#589 = FILL_AREA_STYLE_COLOUR ( '', #4097 ) ;
#590 = CARTESIAN_POINT ( 'NONE',  ( -6220.332872483720200, 306.1790385117200200, 1.500000000000020000 ) ) ;
#591 = PRESENTATION_LAYER_ASSIGNMENT (  '', '', ( #8430 ) ) ;
#592 = DIRECTION ( 'NONE',  ( -1.000000000000000000, -0.0000000000000000000, -0.0000000000000000000 ) ) ;
#593 = CARTESIAN_POINT ( 'NONE',  ( -6217.782872483720000, 307.2290385117164000, 0.4799999999999997600 ) ) ;
#594 = CARTESIAN_POINT ( 'NONE',  ( -6220.435658888220100, 307.1790385117190000, 0.0000000000000000000 ) ) ;
#595 = ADVANCED_FACE ( 'NONE', ( #9432 ), #1192, .T. ) ;
#596 = CARTESIAN_POINT ( 'NONE',  ( -6220.500255099210300, 306.9921758150600800, 0.02000000000000000000 ) ) ;
#597 = STYLED_ITEM ( 'NONE', ( #1960 ), #7988 ) ;
#598 = EDGE_CURVE ( 'NONE', #5165, #1773, #3177, .T. ) ;
#599 = EDGE_CURVE ( 'NONE', #8816, #1858, #3452, .T. ) ;
#600 = CARTESIAN_POINT ( 'NONE',  ( -6218.732872483719800, 306.1790385117200200, 0.02000000000000000000 ) ) ;
#601 = ORIENTED_EDGE ( 'NONE', *, *, #4027, .F. ) ;
#602 = CARTESIAN_POINT ( 'NONE',  ( -6219.432737906850000, 307.1790385117195100, 0.02000000000000000000 ) ) ;
#603 = CARTESIAN_POINT ( 'NONE',  ( -6218.230086079220200, 307.1790385117200200, 0.0000000000000000000 ) ) ;
#604 = CARTESIAN_POINT ( 'NONE',  ( -6218.230086079220200, 307.1790385117200200, 0.02000000000000000000 ) ) ;
#605 = VECTOR ( 'NONE', #7908, 1000.000000000000000 ) ;
#606 = VECTOR ( 'NONE', #2329, 1000.000000000000000 ) ;
#607 = CARTESIAN_POINT ( 'NONE',  ( -6220.532872483720000, 306.6790385117209900, 0.4800000000000000400 ) ) ;
#608 = AXIS2_PLACEMENT_3D ( 'NONE', #7907, #6239, #3520 ) ;
#609 = ORIENTED_EDGE ( 'NONE', *, *, #8496, .F. ) ;
#610 = DIRECTION ( 'NONE',  ( -0.0000000000000000000, -1.000000000000000000, 0.0000000000000000000 ) ) ;
#611 =( GEOMETRIC_REPRESENTATION_CONTEXT ( 3 ) GLOBAL_UNCERTAINTY_ASSIGNED_CONTEXT ( ( #1721 ) ) GLOBAL_UNIT_ASSIGNED_CONTEXT ( ( #10372, #10343, #5041 ) ) REPRESENTATION_CONTEXT ( 'NONE', 'WORKASPACE' ) );
#612 = FACE_OUTER_BOUND ( 'NONE', #7582, .T. ) ;
#613 = DIRECTION ( 'NONE',  ( 0.0000000000000000000, 0.0000000000000000000, 1.000000000000000000 ) ) ;
#614 =( NAMED_UNIT ( * ) SI_UNIT ( $, .STERADIAN. ) SOLID_ANGLE_UNIT ( ) );
#615 = FACE_OUTER_BOUND ( 'NONE', #6316, .T. ) ;
#616 = EDGE_CURVE ( 'NONE', #2187, #5583, #5547, .T. ) ;
#617 = DIRECTION ( 'NONE',  ( -0.0000000000000000000, -0.0000000000000000000, -1.000000000000000000 ) ) ;
#618 = LINE ( 'NONE', #9105, #2862 ) ;
#619 = ORIENTED_EDGE ( 'NONE', *, *, #6474, .F. ) ;
#620 = PRESENTATION_STYLE_ASSIGNMENT (( #1299 ) ) ;
#621 = DIRECTION ( 'NONE',  ( 1.000000000000000000, 0.0000000000000000000, 0.0000000000000000000 ) ) ;
#622 = ORIENTED_EDGE ( 'NONE', *, *, #10393, .T. ) ;
#623 = SURFACE_STYLE_USAGE ( .BOTH. , #2532 ) ;
#624 = FACE_OUTER_BOUND ( 'NONE', #7399, .T. ) ;
#625 = AXIS2_PLACEMENT_3D ( 'NONE', #3286, #4080, #6817 ) ;
#626 = CARTESIAN_POINT ( 'NONE',  ( -6219.232872483719800, 307.1790385117200200, 0.0000000000000000000 ) ) ;
#627 = SURFACE_STYLE_FILL_AREA ( #4557 ) ;
#628 = DIRECTION ( 'NONE',  ( 0.0000000000000000000, 0.0000000000000000000, 1.000000000000000000 ) ) ;
#629 = DIRECTION ( 'NONE',  ( 0.0000000000000000000, 0.0000000000000000000, -1.000000000000000000 ) ) ;
#630 =( GEOMETRIC_REPRESENTATION_CONTEXT ( 3 ) GLOBAL_UNCERTAINTY_ASSIGNED_CONTEXT ( ( #2358 ) ) GLOBAL_UNIT_ASSIGNED_CONTEXT ( ( #4376, #6116, #7114 ) ) REPRESENTATION_CONTEXT ( 'NONE', 'WORKASPACE' ) );
#631 = CLOSED_SHELL ( 'NONE', ( #3398, #5975, #1948, #8068, #9012, #5466, #3115, #8129, #2119, #6376, #6139, #540, #5521, #10475, #11419, #7954, #9759, #8760, #9819, #11353, #3534, #6675, #8487, #4345, #486, #7055, #6609, #5866, #1712, #6491, #4110, #7670, #10962, #8943, #9810, #2396, #9303, #10795, #5509, #1169, #8885, #10789, #89, #4748, #4581, #1756, #11301, #7499, #6819, #5398, #6201, #8008, #156, #1300, #3523, #1077, #8315, #10217, #3466, #10373, #10653, #8206, #10904, #10058, #8638, #2055, #1700, #7884, #771, #7324 ) ) ;
#632 = CARTESIAN_POINT ( 'NONE',  ( -6218.732872483719800, 306.9921758150609900, 1.440281037346680400E-025 ) ) ;
#633 = FACE_OUTER_BOUND ( 'NONE', #227, .T. ) ;
#634 = SURFACE_STYLE_USAGE ( .BOTH. , #5867 ) ;
#635 = ORIENTED_EDGE ( 'NONE', *, *, #9842, .F. ) ;
#636 = VECTOR ( 'NONE', #7561, 1000.000000000000000 ) ;
#637 =( NAMED_UNIT ( * ) PLANE_ANGLE_UNIT ( ) SI_UNIT ( $, .RADIAN. ) );
#638 = PRESENTATION_LAYER_ASSIGNMENT (  '', '', ( #6456 ) ) ;
#639 = ORIENTED_EDGE ( 'NONE', *, *, #7610, .T. ) ;
#640 =( GEOMETRIC_REPRESENTATION_CONTEXT ( 3 ) GLOBAL_UNCERTAINTY_ASSIGNED_CONTEXT ( ( #7132 ) ) GLOBAL_UNIT_ASSIGNED_CONTEXT ( ( #10047, #1170, #7405 ) ) REPRESENTATION_CONTEXT ( 'NONE', 'WORKASPACE' ) );
#641 = FILL_AREA_STYLE_COLOUR ( '', #10431 ) ;
#642 = COLOUR_RGB ( '',0.7921568627450980000, 0.8196078431372548800, 0.9333333333333333500 ) ;
#643 =( LENGTH_UNIT ( ) NAMED_UNIT ( * ) SI_UNIT ( .MILLI., .METRE. ) );
#644 = VECTOR ( 'NONE', #2091, 1000.000000000000000 ) ;
#645 = DIRECTION ( 'NONE',  ( -1.880717803722830600E-012, 1.000000000000000000, 0.0000000000000000000 ) ) ;
#646 = VERTEX_POINT ( 'NONE', #9215 ) ;
#647 = FACE_OUTER_BOUND ( 'NONE', #10828, .T. ) ;
#648 = UNCERTAINTY_MEASURE_WITH_UNIT (LENGTH_MEASURE( 1.000000000000000100E-005 ), #722, 'distance_accuracy_value', 'NONE');
#649 = ADVANCED_FACE ( 'NONE', ( #8734 ), #2849, .T. ) ;
#650 = LINE ( 'NONE', #364, #9846 ) ;
#651 = DIRECTION ( 'NONE',  ( 0.0000000000000000000, 0.0000000000000000000, 1.000000000000000000 ) ) ;
#652 = ORIENTED_EDGE ( 'NONE', *, *, #2851, .F. ) ;
#653 = VECTOR ( 'NONE', #419, 1000.000000000000000 ) ;
#654 = FILL_AREA_STYLE_COLOUR ( '', #8330 ) ;
#655 = SURFACE_STYLE_FILL_AREA ( #4630 ) ;
#656 = EDGE_CURVE ( 'NONE', #3868, #5660, #3302, .T. ) ;
#657 =( LENGTH_UNIT ( ) NAMED_UNIT ( * ) SI_UNIT ( .MILLI., .METRE. ) );
#658 = ORIENTED_EDGE ( 'NONE', *, *, #9245, .T. ) ;
#659 = SURFACE_STYLE_USAGE ( .BOTH. , #7848 ) ;
#660 =( GEOMETRIC_REPRESENTATION_CONTEXT ( 3 ) GLOBAL_UNCERTAINTY_ASSIGNED_CONTEXT ( ( #6902 ) ) GLOBAL_UNIT_ASSIGNED_CONTEXT ( ( #9318, #1290, #2154 ) ) REPRESENTATION_CONTEXT ( 'NONE', 'WORKASPACE' ) );
#661 = EDGE_CURVE ( 'NONE', #6934, #3131, #7761, .T. ) ;
#663 = AXIS2_PLACEMENT_3D ( 'NONE', #10299, #10336, #4990 ) ;
#662 = SURFACE_SIDE_STYLE ('',( #696 ) ) ;
#664 = ORIENTED_EDGE ( 'NONE', *, *, #2434, .F. ) ;
#665 = EDGE_CURVE ( 'NONE', #11465, #4150, #666, .T. ) ;
#666 = LINE ( 'NONE', #10821, #2765 ) ;
#667 = EDGE_CURVE ( 'NONE', #7671, #11340, #3734, .T. ) ;
#668 = SURFACE_STYLE_FILL_AREA ( #2029 ) ;
#669 = FILL_AREA_STYLE_COLOUR ( '', #10676 ) ;
#670 = CLOSED_SHELL ( 'NONE', ( #10533, #4643, #27, #6534, #10429, #4570 ) ) ;
#671 = DIRECTION ( 'NONE',  ( 1.000000000000000000, 0.0000000000000000000, -0.0000000000000000000 ) ) ;
#672 = CARTESIAN_POINT ( 'NONE',  ( -6218.732872483719800, 306.8321758150610200, 0.0000000000000000000 ) ) ;
#673 = VECTOR ( 'NONE', #3539, 1000.000000000000000 ) ;
#674 = FACE_OUTER_BOUND ( 'NONE', #1972, .T. ) ;
#675 =( NAMED_UNIT ( * ) PLANE_ANGLE_UNIT ( ) SI_UNIT ( $, .RADIAN. ) );
#676 = LINE ( 'NONE', #4784, #6527 ) ;
#677 = FACE_OUTER_BOUND ( 'NONE', #10078, .T. ) ;
#678 = ORIENTED_EDGE ( 'NONE', *, *, #5204, .F. ) ;
#679 = STYLED_ITEM ( 'NONE', ( #6845 ), #9005 ) ;
#680 = PLANE ( 'NONE',  #10506 ) ;
#681 = STYLED_ITEM ( 'NONE', ( #494 ), #1130 ) ;
#682 = LINE ( 'NONE', #584, #11230 ) ;
#683 = CARTESIAN_POINT ( 'NONE',  ( -6217.832872483720200, 306.3943684949480800, 0.0000000000000000000 ) ) ;
#684 = ORIENTED_EDGE ( 'NONE', *, *, #1816, .F. ) ;
#685 = ORIENTED_EDGE ( 'NONE', *, *, #8053, .F. ) ;
#686 = CARTESIAN_POINT ( 'NONE',  ( -6220.832872483720200, 306.9637085284925300, 0.02000000000000000000 ) ) ;
#687 = DIRECTION ( 'NONE',  ( 0.0000000000000000000, 0.0000000000000000000, 1.000000000000000000 ) ) ;
#688 = SURFACE_SIDE_STYLE ('',( #3475 ) ) ;
#689 = LINE ( 'NONE', #5685, #8085 ) ;
#690 = VECTOR ( 'NONE', #6500, 1000.000000000000000 ) ;
#691 = FILL_AREA_STYLE_COLOUR ( '', #10172 ) ;
#692 = MECHANICAL_DESIGN_GEOMETRIC_PRESENTATION_REPRESENTATION (  '', ( #10576 ), #11035 ) ;
#693 = VERTEX_POINT ( 'NONE', #3822 ) ;
#694 = DIRECTION ( 'NONE',  ( 1.000000000000000000, -0.0000000000000000000, 0.0000000000000000000 ) ) ;
#695 = MECHANICAL_DESIGN_GEOMETRIC_PRESENTATION_REPRESENTATION (  '', ( #3700 ), #10234 ) ;
#696 = SURFACE_STYLE_FILL_AREA ( #3386 ) ;
#697 = LINE ( 'NONE', #6670, #1821 ) ;
#698 = ORIENTED_EDGE ( 'NONE', *, *, #8815, .F. ) ;
#699 = CARTESIAN_POINT ( 'NONE',  ( -6220.382872483720300, 306.6790385117200200, 0.4800000000000000400 ) ) ;
#700 =( NAMED_UNIT ( * ) PLANE_ANGLE_UNIT ( ) SI_UNIT ( $, .RADIAN. ) );
#701 = DIRECTION ( 'NONE',  ( 0.0000000000000000000, -0.0000000000000000000, -1.000000000000000000 ) ) ;
#702 = FACE_OUTER_BOUND ( 'NONE', #3944, .T. ) ;
#703 = FILL_AREA_STYLE_COLOUR ( '', #6894 ) ;
#704 = DIRECTION ( 'NONE',  ( 3.486326665944036700E-016, 6.098636300405633800E-016, 1.000000000000000000 ) ) ;
#705 = ORIENTED_EDGE ( 'NONE', *, *, #1546, .F. ) ;
#706 = CARTESIAN_POINT ( 'NONE',  ( -6220.332872483720200, 306.9590385117189700, 0.4800000000000000400 ) ) ;
#707 = ADVANCED_FACE ( 'NONE', ( #1622 ), #3856, .T. ) ;
#708 = COLOUR_RGB ( '',0.7921568627450980000, 0.8196078431372548800, 0.9333333333333333500 ) ;
#709 = CARTESIAN_POINT ( 'NONE',  ( -6220.382872483720300, 306.1790385117200200, 0.5050000000000000000 ) ) ;
#710 =( GEOMETRIC_REPRESENTATION_CONTEXT ( 3 ) GLOBAL_UNCERTAINTY_ASSIGNED_CONTEXT ( ( #6638 ) ) GLOBAL_UNIT_ASSIGNED_CONTEXT ( ( #6564, #8409, #3900 ) ) REPRESENTATION_CONTEXT ( 'NONE', 'WORKASPACE' ) );
#711 = VECTOR ( 'NONE', #10158, 1000.000000000000000 ) ;
#712 = PRESENTATION_STYLE_ASSIGNMENT (( #8854 ) ) ;
#713 = STYLED_ITEM ( 'NONE', ( #5773 ), #10795 ) ;
#714 = ORIENTED_EDGE ( 'NONE', *, *, #9314, .F. ) ;
#715 =( GEOMETRIC_REPRESENTATION_CONTEXT ( 3 ) GLOBAL_UNCERTAINTY_ASSIGNED_CONTEXT ( ( #8564 ) ) GLOBAL_UNIT_ASSIGNED_CONTEXT ( ( #9347, #5830, #11120 ) ) REPRESENTATION_CONTEXT ( 'NONE', 'WORKASPACE' ) );
#716 = EDGE_CURVE ( 'NONE', #2124, #49, #2050, .T. ) ;
#717 = UNCERTAINTY_MEASURE_WITH_UNIT (LENGTH_MEASURE( 1.000000000000000100E-005 ), #1913, 'distance_accuracy_value', 'NONE');
#718 = DIRECTION ( 'NONE',  ( 0.0000000000000000000, -0.0000000000000000000, -1.000000000000000000 ) ) ;
#719 = DIRECTION ( 'NONE',  ( 0.0000000000000000000, -0.0000000000000000000, 1.000000000000000000 ) ) ;
#720 = VECTOR ( 'NONE', #2411, 1000.000000000000000 ) ;
#721 = PLANE ( 'NONE',  #1043 ) ;
#722 =( LENGTH_UNIT ( ) NAMED_UNIT ( * ) SI_UNIT ( .MILLI., .METRE. ) );
#723 = EDGE_LOOP ( 'NONE', ( #4315, #3207, #2067, #2793 ) ) ;
#724 = DIRECTION ( 'NONE',  ( -1.000000000000000000, -5.506706202139779800E-013, 4.547473508864170200E-012 ) ) ;
#725 = ORIENTED_EDGE ( 'NONE', *, *, #5980, .F. ) ;
#726 = VERTEX_POINT ( 'NONE', #6598 ) ;
#727 = EDGE_CURVE ( 'NONE', #1132, #3868, #6502, .T. ) ;
#728 = VECTOR ( 'NONE', #3865, 1000.000000000000000 ) ;
#729 = SURFACE_STYLE_USAGE ( .BOTH. , #9641 ) ;
#730 = PRESENTATION_LAYER_ASSIGNMENT (  '', '', ( #887 ) ) ;
#731 = EDGE_CURVE ( 'NONE', #2123, #6012, #11073, .T. ) ;
#732 = VECTOR ( 'NONE', #149, 1000.000000000000000 ) ;
#733 = DIRECTION ( 'NONE',  ( -3.686689245694870800E-016, 3.686689245745242500E-016, 1.000000000000000000 ) ) ;
#734 =( NAMED_UNIT ( * ) SI_UNIT ( $, .STERADIAN. ) SOLID_ANGLE_UNIT ( ) );
#735 = VERTEX_POINT ( 'NONE', #7585 ) ;
#736 = VECTOR ( 'NONE', #7043, 1000.000000000000000 ) ;
#737 = CARTESIAN_POINT ( 'NONE',  ( -6220.382872483720300, 306.8290385117210800, 0.4800000000000000400 ) ) ;
#738 = EDGE_CURVE ( 'NONE', #10434, #2052, #9013, .T. ) ;
#739 = EDGE_LOOP ( 'NONE', ( #882, #1590, #4085, #3828 ) ) ;
#740 = DIRECTION ( 'NONE',  ( -0.0000000000000000000, -0.0000000000000000000, -1.000000000000000000 ) ) ;
#741 = ORIENTED_EDGE ( 'NONE', *, *, #4556, .F. ) ;
#742 = DIRECTION ( 'NONE',  ( -1.000000000000000000, 0.0000000000000000000, -0.0000000000000000000 ) ) ;
#743 = VECTOR ( 'NONE', #4444, 1000.000000000000000 ) ;
#744 = CARTESIAN_POINT ( 'NONE',  ( -6218.048202466950000, 306.1790385117200200, 0.0000000000000000000 ) ) ;
#745 = LINE ( 'NONE', #992, #2699 ) ;
#746 = FILL_AREA_STYLE ('',( #7941 ) ) ;
#747 = CARTESIAN_POINT ( 'NONE',  ( -6217.782872483720900, 306.1290385117165400, 0.02000000000000000000 ) ) ;
#748 = PLANE ( 'NONE',  #749 ) ;
#749 = AXIS2_PLACEMENT_3D ( 'NONE', #8797, #1521, #10510 ) ;
#750 = DIRECTION ( 'NONE',  ( -0.0000000000000000000, -0.0000000000000000000, -1.000000000000000000 ) ) ;
#751 = ORIENTED_EDGE ( 'NONE', *, *, #1932, .T. ) ;
#752 = CARTESIAN_POINT ( 'NONE',  ( -6218.230086079220200, 306.1790385117200200, 0.5000000000000000000 ) ) ;
#753 = CARTESIAN_POINT ( 'NONE',  ( -6220.382872483720300, 306.6790385117209900, 0.5000000000000000000 ) ) ;
#754 = STYLED_ITEM ( 'NONE', ( #3763 ), #8300 ) ;
#755 = EDGE_CURVE ( 'NONE', #3766, #5600, #9295, .T. ) ;
#756 = MECHANICAL_DESIGN_GEOMETRIC_PRESENTATION_REPRESENTATION (  '', ( #7551 ), #2176 ) ;
#757 = VECTOR ( 'NONE', #9485, 1000.000000000000000 ) ;
#758 = FILL_AREA_STYLE_COLOUR ( '', #6181 ) ;
#759 = LINE ( 'NONE', #1187, #7310 ) ;
#760 = ORIENTED_EDGE ( 'NONE', *, *, #8208, .T. ) ;
#761 = CARTESIAN_POINT ( 'NONE',  ( -6220.332872483720200, 307.1790385117200200, 1.500000000000020000 ) ) ;
#762 = ORIENTED_EDGE ( 'NONE', *, *, #8455, .F. ) ;
#763 = DIRECTION ( 'NONE',  ( -0.0000000000000000000, -0.0000000000000000000, -1.000000000000000000 ) ) ;
#764 = SURFACE_STYLE_USAGE ( .BOTH. , #3367 ) ;
#765 = FILL_AREA_STYLE_COLOUR ( '', #5526 ) ;
#766 = COLOUR_RGB ( '',0.7921568627450980000, 0.8196078431372548800, 0.9333333333333333500 ) ;
#767 = LINE ( 'NONE', #4013, #10220 ) ;
#768 = VECTOR ( 'NONE', #9119, 1000.000000000000000 ) ;
#769 =( GEOMETRIC_REPRESENTATION_CONTEXT ( 3 ) GLOBAL_UNCERTAINTY_ASSIGNED_CONTEXT ( ( #452 ) ) GLOBAL_UNIT_ASSIGNED_CONTEXT ( ( #5105, #6907, #5925 ) ) REPRESENTATION_CONTEXT ( 'NONE', 'WORKASPACE' ) );
#770 = ORIENTED_EDGE ( 'NONE', *, *, #844, .F. ) ;
#771 = ADVANCED_FACE ( 'NONE', ( #6366 ), #1394, .T. ) ;
#772 = COLOUR_RGB ( '',0.7921568627450980000, 0.8196078431372548800, 0.9333333333333333500 ) ;
#773 =( LENGTH_UNIT ( ) NAMED_UNIT ( * ) SI_UNIT ( .MILLI., .METRE. ) );
#774 = ORIENTED_EDGE ( 'NONE', *, *, #5067, .T. ) ;
#775 = CARTESIAN_POINT ( 'NONE',  ( -6217.782872483719100, 306.1290385117098900, 0.02000000000000010800 ) ) ;
#776 = SURFACE_SIDE_STYLE ('',( #2339 ) ) ;
#777 = FILL_AREA_STYLE ('',( #8743 ) ) ;
#778 =( NAMED_UNIT ( * ) SI_UNIT ( $, .STERADIAN. ) SOLID_ANGLE_UNIT ( ) );
#779 = ADVANCED_FACE ( 'NONE', ( #8182 ), #2212, .T. ) ;
#780 = ORIENTED_EDGE ( 'NONE', *, *, #3483, .T. ) ;
#781 = VECTOR ( 'NONE', #7006, 1000.000000000000000 ) ;
#782 = AXIS2_PLACEMENT_3D ( 'NONE', #6754, #572, #10319 ) ;
#783 = STYLED_ITEM ( 'NONE', ( #5094 ), #10373 ) ;
#784 = STYLED_ITEM ( 'NONE', ( #5997 ), #2946 ) ;
#785 = DIRECTION ( 'NONE',  ( 2.328692793324230100E-013, 1.000000000000000000, 0.0000000000000000000 ) ) ;
#786 = SURFACE_SIDE_STYLE ('',( #2408 ) ) ;
#787 = FILL_AREA_STYLE ('',( #669 ) ) ;
#788 = DIRECTION ( 'NONE',  ( -0.0000000000000000000, 1.000000000000000000, 0.0000000000000000000 ) ) ;
#789 = PLANE ( 'NONE',  #3159 ) ;
#790 = DIRECTION ( 'NONE',  ( 0.0000000000000000000, 0.0000000000000000000, -1.000000000000000000 ) ) ;
#791 = EDGE_LOOP ( 'NONE', ( #3612, #8579, #7038, #7176 ) ) ;
#792 = EDGE_CURVE ( 'NONE', #5948, #3649, #936, .T. ) ;
#793 = SURFACE_STYLE_FILL_AREA ( #1427 ) ;
#794 = ORIENTED_EDGE ( 'NONE', *, *, #1038, .T. ) ;
#795 = FILL_AREA_STYLE ('',( #10481 ) ) ;
#796 = FILL_AREA_STYLE ('',( #5520 ) ) ;
#797 = PRESENTATION_STYLE_ASSIGNMENT (( #9466 ) ) ;
#798 = DIRECTION ( 'NONE',  ( -0.0000000000000000000, 0.0000000000000000000, 1.000000000000000000 ) ) ;
#799 =( NAMED_UNIT ( * ) SI_UNIT ( $, .STERADIAN. ) SOLID_ANGLE_UNIT ( ) );
#800 = COLOUR_RGB ( '',0.7921568627450980000, 0.8196078431372548800, 0.9333333333333333500 ) ;
#801 = SURFACE_SIDE_STYLE ('',( #8918 ) ) ;
#802 =( GEOMETRIC_REPRESENTATION_CONTEXT ( 3 ) GLOBAL_UNCERTAINTY_ASSIGNED_CONTEXT ( ( #6080 ) ) GLOBAL_UNIT_ASSIGNED_CONTEXT ( ( #6531, #11105, #3910 ) ) REPRESENTATION_CONTEXT ( 'NONE', 'WORKASPACE' ) );
#803 = VERTEX_POINT ( 'NONE', #529 ) ;
#804 = PRESENTATION_STYLE_ASSIGNMENT (( #6518 ) ) ;
#805 = SURFACE_STYLE_USAGE ( .BOTH. , #11426 ) ;
#806 = VERTEX_POINT ( 'NONE', #6751 ) ;
#807 = CARTESIAN_POINT ( 'NONE',  ( -6217.832872483720200, 306.6190385117200200, 0.4800000000000000400 ) ) ;
#808 = SURFACE_STYLE_FILL_AREA ( #2887 ) ;
#809 = FILL_AREA_STYLE_COLOUR ( '', #6112 ) ;
#810 = DIRECTION ( 'NONE',  ( -4.547473508865079800E-012, 0.0000000000000000000, 1.000000000000000000 ) ) ;
#811 = ORIENTED_EDGE ( 'NONE', *, *, #7617, .F. ) ;
#812 = SURFACE_SIDE_STYLE ('',( #1535 ) ) ;
#813 = SURFACE_STYLE_USAGE ( .BOTH. , #6146 ) ;
#814 = SURFACE_STYLE_FILL_AREA ( #7889 ) ;
#815 = EDGE_LOOP ( 'NONE', ( #8166, #151, #324, #1836 ) ) ;
#816 = STYLED_ITEM ( 'NONE', ( #6694 ), #5391 ) ;
#817 = MECHANICAL_DESIGN_GEOMETRIC_PRESENTATION_REPRESENTATION (  '', ( #240 ), #2173 ) ;
#818 = VECTOR ( 'NONE', #7797, 1000.000000000000000 ) ;
#819 = EDGE_CURVE ( 'NONE', #1205, #10754, #5960, .T. ) ;
#820 = CARTESIAN_POINT ( 'NONE',  ( -6220.435658888220100, 306.1790385117200200, 0.01999999999999999700 ) ) ;
#821 = DIRECTION ( 'NONE',  ( 0.0000000000000000000, 0.0000000000000000000, 1.000000000000000000 ) ) ;
#822 = EDGE_CURVE ( 'NONE', #5616, #8433, #379, .T. ) ;
#823 = EDGE_LOOP ( 'NONE', ( #7179, #8754, #7029, #1283, #9311, #8313, #5278, #9545 ) ) ;
#824 = DIRECTION ( 'NONE',  ( -0.0000000000000000000, -1.000000000000000000, -0.0000000000000000000 ) ) ;
#825 = LINE ( 'NONE', #9377, #2780 ) ;
#826 = CARTESIAN_POINT ( 'NONE',  ( -6220.382872483720300, 307.1790385117200200, 0.5050000000000000000 ) ) ;
#827 = COLOUR_RGB ( '',0.7921568627450980000, 0.8196078431372548800, 0.9333333333333333500 ) ;
#828 =( LENGTH_UNIT ( ) NAMED_UNIT ( * ) SI_UNIT ( .MILLI., .METRE. ) );
#829 = ADVANCED_FACE ( 'NONE', ( #4414 ), #10421, .T. ) ;
#830 = DIRECTION ( 'NONE',  ( -0.0000000000000000000, 1.000000000000000000, 0.0000000000000000000 ) ) ;
#831 = ORIENTED_EDGE ( 'NONE', *, *, #9975, .T. ) ;
#832 = COLOUR_RGB ( '',0.7921568627450980000, 0.8196078431372548800, 0.9333333333333333500 ) ;
#833 = ORIENTED_EDGE ( 'NONE', *, *, #10538, .F. ) ;
#834 = CARTESIAN_POINT ( 'NONE',  ( -6219.932872483718700, 306.8321758150599400, 0.0000000000000000000 ) ) ;
#835 =( GEOMETRIC_REPRESENTATION_CONTEXT ( 3 ) GLOBAL_UNCERTAINTY_ASSIGNED_CONTEXT ( ( #6653 ) ) GLOBAL_UNIT_ASSIGNED_CONTEXT ( ( #8756, #18, #5269 ) ) REPRESENTATION_CONTEXT ( 'NONE', 'WORKASPACE' ) );
#836 = DIRECTION ( 'NONE',  ( -1.000000000000000000, 0.0000000000000000000, -0.0000000000000000000 ) ) ;
#837 = CARTESIAN_POINT ( 'NONE',  ( -6218.332872483720200, 306.1790385117200200, 0.5000000000000449600 ) ) ;
#838 = CARTESIAN_POINT ( 'NONE',  ( -6218.230086079220200, 307.1790385117200200, 0.5000000000000041100 ) ) ;
#839 = ORIENTED_EDGE ( 'NONE', *, *, #440, .T. ) ;
#840 = FILL_AREA_STYLE_COLOUR ( '', #4877 ) ;
#841 = PRESENTATION_LAYER_ASSIGNMENT (  '', '', ( #2865 ) ) ;
#842 = DIRECTION ( 'NONE',  ( 0.0000000000000000000, -1.000000000000000000, -0.0000000000000000000 ) ) ;
#843 = FACE_OUTER_BOUND ( 'NONE', #8938, .T. ) ;
#844 = EDGE_CURVE ( 'NONE', #3531, #5244, #1481, .T. ) ;
#845 = VERTEX_POINT ( 'NONE', #2388 ) ;
#846 = FILL_AREA_STYLE_COLOUR ( '', #9527 ) ;
#847 = DIRECTION ( 'NONE',  ( -1.000000000000000000, 0.0000000000000000000, 0.0000000000000000000 ) ) ;
#848 = PLANE ( 'NONE',  #981 ) ;
#849 = EDGE_LOOP ( 'NONE', ( #3796, #10685, #5822, #1271 ) ) ;
#850 = DIRECTION ( 'NONE',  ( -0.0000000000000000000, -0.0000000000000000000, -1.000000000000000000 ) ) ;
#851 = PRESENTATION_LAYER_ASSIGNMENT (  '', '', ( #2878 ) ) ;
#852 = SURFACE_SIDE_STYLE ('',( #6416 ) ) ;
#853 = DIRECTION ( 'NONE',  ( -1.000000000000000000, -0.0000000000000000000, 0.0000000000000000000 ) ) ;
#854 = MECHANICAL_DESIGN_GEOMETRIC_PRESENTATION_REPRESENTATION (  '', ( #7425 ), #1602 ) ;
#855 = MANIFOLD_SOLID_BREP ( '12-1-solid1', #10063 ) ;
#856 = VECTOR ( 'NONE', #2189, 1000.000000000000000 ) ;
#857 = FACE_OUTER_BOUND ( 'NONE', #5598, .T. ) ;
#858 = FILL_AREA_STYLE_COLOUR ( '', #2226 ) ;
#859 = VECTOR ( 'NONE', #10995, 1000.000000000000000 ) ;
#860 = VERTEX_POINT ( 'NONE', #602 ) ;
#861 = SURFACE_STYLE_USAGE ( .BOTH. , #10625 ) ;
#862 =( NAMED_UNIT ( * ) SI_UNIT ( $, .STERADIAN. ) SOLID_ANGLE_UNIT ( ) );
#863 = CARTESIAN_POINT ( 'NONE',  ( -6218.077660543180200, 306.4690385117199900, 0.5000000000000000000 ) ) ;
#864 = DIRECTION ( 'NONE',  ( 0.0000000000000000000, -1.000000000000000000, 0.0000000000000000000 ) ) ;
#865 = UNCERTAINTY_MEASURE_WITH_UNIT (LENGTH_MEASURE( 1.000000000000000100E-005 ), #3432, 'distance_accuracy_value', 'NONE');
#866 = DIRECTION ( 'NONE',  ( -1.000000000000000000, 0.0000000000000000000, 0.0000000000000000000 ) ) ;
#867 = CARTESIAN_POINT ( 'NONE',  ( -6220.435658888220100, 307.1790385117190000, 0.4800000000000000400 ) ) ;
#868 = DIRECTION ( 'NONE',  ( 1.000000000000000000, 2.097087935407960800E-012, 0.0000000000000000000 ) ) ;
#869 = STYLED_ITEM ( 'NONE', ( #90 ), #6491 ) ;
#870 = AXIS2_PLACEMENT_3D ( 'NONE', #2107, #10912, #292 ) ;
#871 = PRESENTATION_LAYER_ASSIGNMENT (  '', '', ( #1030 ) ) ;
#872 = EDGE_CURVE ( 'NONE', #8, #3928, #4699, .T. ) ;
#873 = ORIENTED_EDGE ( 'NONE', *, *, #1175, .T. ) ;
#874 = VERTEX_POINT ( 'NONE', #7658 ) ;
#875 = DIRECTION ( 'NONE',  ( 0.0000000000000000000, 1.000000000000000000, -0.0000000000000000000 ) ) ;
#876 = EDGE_LOOP ( 'NONE', ( #11403, #7480, #118, #2682 ) ) ;
#877 = CARTESIAN_POINT ( 'NONE',  ( -6219.232872483719800, 307.1790385117200200, 0.0000000000000000000 ) ) ;
#878 = CARTESIAN_POINT ( 'NONE',  ( -6219.132872483720300, 307.1790385117200200, 0.0000000000000000000 ) ) ;
#879 = CARTESIAN_POINT ( 'NONE',  ( -6220.382872483720300, 306.8290385117210800, 0.5000000000000000000 ) ) ;
#880 = SURFACE_SIDE_STYLE ('',( #5274 ) ) ;
#881 = COLOUR_RGB ( '',0.7921568627450980000, 0.8196078431372548800, 0.9333333333333333500 ) ;
#882 = ORIENTED_EDGE ( 'NONE', *, *, #4249, .T. ) ;
#883 = EDGE_CURVE ( 'NONE', #4973, #3958, #7345, .T. ) ;
#884 = VERTEX_POINT ( 'NONE', #9437 ) ;
#885 = ADVANCED_FACE ( 'NONE', ( #7631 ), #6848, .T. ) ;
#886 = SURFACE_SIDE_STYLE ('',( #6737 ) ) ;
#887 = STYLED_ITEM ( 'NONE', ( #3528 ), #5042 ) ;
#888 = EDGE_CURVE ( 'NONE', #2917, #9657, #4828, .T. ) ;
#889 = CARTESIAN_POINT ( 'NONE',  ( -6220.832872483720200, 306.7818249162195900, 1.850371707708595100E-019 ) ) ;
#890 = DIRECTION ( 'NONE',  ( 0.0000000000000000000, 0.0000000000000000000, -1.000000000000000000 ) ) ;
#891 = PRESENTATION_LAYER_ASSIGNMENT (  '', '', ( #305 ) ) ;
#892 = VECTOR ( 'NONE', #7636, 1000.000000000000000 ) ;
#893 = CARTESIAN_POINT ( 'NONE',  ( -6217.782872483711800, 307.2290385117812000, 0.0000000000000000000 ) ) ;
#894 = EDGE_CURVE ( 'NONE', #7137, #5754, #3285, .T. ) ;
#895 = VECTOR ( 'NONE', #5757, 1000.000000000000000 ) ;
#896 = DIRECTION ( 'NONE',  ( 1.000000000000000000, 0.0000000000000000000, 0.0000000000000000000 ) ) ;
#897 = VERTEX_POINT ( 'NONE', #3211 ) ;
#898 = FILL_AREA_STYLE_COLOUR ( '', #2508 ) ;
#899 = CARTESIAN_POINT ( 'NONE',  ( -6218.332872483720200, 306.9590385117189700, 0.5000000000000000000 ) ) ;
#900 = PLANE ( 'NONE',  #7442 ) ;
#901 = SURFACE_STYLE_FILL_AREA ( #6896 ) ;
#902 = LINE ( 'NONE', #1441, #606 ) ;
#903 = CARTESIAN_POINT ( 'NONE',  ( -6220.532872483720000, 306.6790385117209900, 0.5000000000000000000 ) ) ;
#904 = SURFACE_STYLE_USAGE ( .BOTH. , #9807 ) ;
#905 = ORIENTED_EDGE ( 'NONE', *, *, #9606, .F. ) ;
#906 = CARTESIAN_POINT ( 'NONE',  ( -6219.132872483720300, 306.1790385117200200, 0.01999999999999999700 ) ) ;
#907 = CARTESIAN_POINT ( 'NONE',  ( -6220.532872483720000, 306.6790385117209900, 0.4800000000000000400 ) ) ;
#908 =( GEOMETRIC_REPRESENTATION_CONTEXT ( 3 ) GLOBAL_UNCERTAINTY_ASSIGNED_CONTEXT ( ( #431 ) ) GLOBAL_UNIT_ASSIGNED_CONTEXT ( ( #5601, #3783, #7269 ) ) REPRESENTATION_CONTEXT ( 'NONE', 'WORKASPACE' ) );
#909 = ORIENTED_EDGE ( 'NONE', *, *, #7229, .F. ) ;
#910 = STYLED_ITEM ( 'NONE', ( #515 ), #946 ) ;
#911 = CARTESIAN_POINT ( 'NONE',  ( -6218.230086079220200, 307.1790385117200200, 0.0000000000000000000 ) ) ;
#912 = VECTOR ( 'NONE', #2797, 1000.000000000000000 ) ;
#913 = PRESENTATION_STYLE_ASSIGNMENT (( #10747 ) ) ;
#914 = PRESENTATION_STYLE_ASSIGNMENT (( #7202 ) ) ;
#915 = FILL_AREA_STYLE_COLOUR ( '', #5637 ) ;
#916 = FILL_AREA_STYLE_COLOUR ( '', #4265 ) ;
#917 = ORIENTED_EDGE ( 'NONE', *, *, #6126, .T. ) ;
#918 = FILL_AREA_STYLE ('',( #11236 ) ) ;
#919 = COLOUR_RGB ( '',0.7921568627450980000, 0.8196078431372548800, 0.9333333333333333500 ) ;
#920 = PLANE ( 'NONE',  #1911 ) ;
#921 = SURFACE_SIDE_STYLE ('',( #10631 ) ) ;
#922 = LINE ( 'NONE', #683, #9550 ) ;
#923 = DIRECTION ( 'NONE',  ( -1.000000000000000000, 0.0000000000000000000, 0.0000000000000000000 ) ) ;
#924 =( GEOMETRIC_REPRESENTATION_CONTEXT ( 3 ) GLOBAL_UNCERTAINTY_ASSIGNED_CONTEXT ( ( #4656 ) ) GLOBAL_UNIT_ASSIGNED_CONTEXT ( ( #6329, #5353, #7217 ) ) REPRESENTATION_CONTEXT ( 'NONE', 'WORKASPACE' ) );
#925 = ORIENTED_EDGE ( 'NONE', *, *, #4476, .F. ) ;
#926 = CARTESIAN_POINT ( 'NONE',  ( -6220.382872483720300, 306.8290385117189800, 0.4800000000000000400 ) ) ;
#927 = SURFACE_STYLE_FILL_AREA ( #5383 ) ;
#928 = UNCERTAINTY_MEASURE_WITH_UNIT (LENGTH_MEASURE( 1.000000000000000100E-005 ), #9925, 'distance_accuracy_value', 'NONE');
#929 = FILL_AREA_STYLE ('',( #9795 ) ) ;
#930 = EDGE_LOOP ( 'NONE', ( #741, #3992, #4415, #8722 ) ) ;
#931 = UNCERTAINTY_MEASURE_WITH_UNIT (LENGTH_MEASURE( 1.000000000000000100E-005 ), #4962, 'distance_accuracy_value', 'NONE');
#932 = LINE ( 'NONE', #2740, #2192 ) ;
#933 = CARTESIAN_POINT ( 'NONE',  ( -6220.832872483720200, 306.9637085284920200, 0.0000000000000000000 ) ) ;
#934 = ORIENTED_EDGE ( 'NONE', *, *, #7295, .F. ) ;
#935 = MECHANICAL_DESIGN_GEOMETRIC_PRESENTATION_REPRESENTATION (  '', ( #10445 ), #8480 ) ;
#936 = LINE ( 'NONE', #9361, #10117 ) ;
#937 = AXIS2_PLACEMENT_3D ( 'NONE', #5783, #8431, #3130 ) ;
#938 = PRESENTATION_STYLE_ASSIGNMENT (( #2950 ) ) ;
#939 = CARTESIAN_POINT ( 'NONE',  ( -6220.832872483720200, 306.6190385117200200, 0.4800000000000000400 ) ) ;
#940 = DIRECTION ( 'NONE',  ( -6.243894290491470000E-012, -0.0000000000000000000, -1.000000000000000000 ) ) ;
#941 = ORIENTED_EDGE ( 'NONE', *, *, #8343, .T. ) ;
#942 = DIRECTION ( 'NONE',  ( -1.000000000000000000, 0.0000000000000000000, 0.0000000000000000000 ) ) ;
#943 = PLANE ( 'NONE',  #11470 ) ;
#944 = AXIS2_PLACEMENT_3D ( 'NONE', #2527, #11323, #8785 ) ;
#945 = UNCERTAINTY_MEASURE_WITH_UNIT (LENGTH_MEASURE( 1.000000000000000100E-005 ), #4717, 'distance_accuracy_value', 'NONE');
#946 = ADVANCED_FACE ( 'NONE', ( #6492 ), #1460, .T. ) ;
#947 = FILL_AREA_STYLE ('',( #6278 ) ) ;
#948 = CYLINDRICAL_SURFACE ( 'NONE', #4901, 0.2700000000048774500 ) ;
#949 = SURFACE_STYLE_FILL_AREA ( #9067 ) ;
#950 = UNCERTAINTY_MEASURE_WITH_UNIT (LENGTH_MEASURE( 1.000000000000000100E-005 ), #8043, 'distance_accuracy_value', 'NONE');
#951 = VERTEX_POINT ( 'NONE', #1577 ) ;
#952 = COLOUR_RGB ( '',0.7921568627450980000, 0.8196078431372548800, 0.9333333333333333500 ) ;
#953 = CARTESIAN_POINT ( 'NONE',  ( -6218.332872483719300, 307.1090385117199700, 0.4800000000000000400 ) ) ;
#954 = PRESENTATION_STYLE_ASSIGNMENT (( #1900 ) ) ;
#955 = ADVANCED_FACE ( 'NONE', ( #633 ), #3486, .T. ) ;
#956 = ORIENTED_EDGE ( 'NONE', *, *, #4692, .F. ) ;
#957 = DIRECTION ( 'NONE',  ( -0.0000000000000000000, 1.000000000000000000, 0.0000000000000000000 ) ) ;
#958 = CARTESIAN_POINT ( 'NONE',  ( -6218.332872483720200, 306.9590385117189700, 0.5000000000000000000 ) ) ;
#959 =( LENGTH_UNIT ( ) NAMED_UNIT ( * ) SI_UNIT ( .MILLI., .METRE. ) );
#960 = DIRECTION ( 'NONE',  ( -0.0000000000000000000, 0.0000000000000000000, -1.000000000000000000 ) ) ;
#961 = EDGE_CURVE ( 'NONE', #4131, #11220, #1191, .T. ) ;
#962 = DIRECTION ( 'NONE',  ( -1.000000000000000000, 0.0000000000000000000, -0.0000000000000000000 ) ) ;
#963 = EDGE_LOOP ( 'NONE', ( #9676, #8444, #11396, #6490 ) ) ;
#964 = LINE ( 'NONE', #3042, #7774 ) ;
#965 = EDGE_LOOP ( 'NONE', ( #7739, #9996, #909, #2578 ) ) ;
#966 =( LENGTH_UNIT ( ) NAMED_UNIT ( * ) SI_UNIT ( .MILLI., .METRE. ) );
#967 = DIRECTION ( 'NONE',  ( -0.0000000000000000000, 1.000000000000000000, 0.0000000000000000000 ) ) ;
#968 = CARTESIAN_POINT ( 'NONE',  ( -6218.077660543180200, 306.4690385117199900, 0.4800000000000000400 ) ) ;
#969 = COLOUR_RGB ( '',0.7921568627450980000, 0.8196078431372548800, 0.9333333333333333500 ) ;
#970 = DIRECTION ( 'NONE',  ( 1.000000000000000000, 1.880717803723720000E-012, 5.362025623469409700E-024 ) ) ;
#971 =( NAMED_UNIT ( * ) SI_UNIT ( $, .STERADIAN. ) SOLID_ANGLE_UNIT ( ) );
#972 = VERTEX_POINT ( 'NONE', #5241 ) ;
#973 = VECTOR ( 'NONE', #6918, 1000.000000000000000 ) ;
#974 =( NAMED_UNIT ( * ) SI_UNIT ( $, .STERADIAN. ) SOLID_ANGLE_UNIT ( ) );
#975 =( GEOMETRIC_REPRESENTATION_CONTEXT ( 3 ) GLOBAL_UNCERTAINTY_ASSIGNED_CONTEXT ( ( #5211 ) ) GLOBAL_UNIT_ASSIGNED_CONTEXT ( ( #1073, #6362, #267 ) ) REPRESENTATION_CONTEXT ( 'NONE', 'WORKASPACE' ) );
#976 = VECTOR ( 'NONE', #8257, 1000.000000000000000 ) ;
#977 = VERTEX_POINT ( 'NONE', #10558 ) ;
#978 = PRESENTATION_LAYER_ASSIGNMENT (  '', '', ( #2984 ) ) ;
#979 = EDGE_CURVE ( 'NONE', #9180, #4449, #11059, .T. ) ;
#980 =( NAMED_UNIT ( * ) SI_UNIT ( $, .STERADIAN. ) SOLID_ANGLE_UNIT ( ) );
#981 = AXIS2_PLACEMENT_3D ( 'NONE', #9565, #4242, #6900 ) ;
#982 = FILL_AREA_STYLE_COLOUR ( '', #8402 ) ;
#983 = LINE ( 'NONE', #11053, #10159 ) ;
#984 = FILL_AREA_STYLE_COLOUR ( '', #8301 ) ;
#985 = CARTESIAN_POINT ( 'NONE',  ( -6220.532872483720000, 306.6790385117209900, 0.5000000000000000000 ) ) ;
#986 = CARTESIAN_POINT ( 'NONE',  ( -6218.142872483720600, 306.9590385117189700, 0.4899999999999999900 ) ) ;
#987 = CARTESIAN_POINT ( 'NONE',  ( -6220.532872483720000, 306.6790385117209900, 0.4800000000000000400 ) ) ;
#988 = VECTOR ( 'NONE', #8240, 1000.000000000000000 ) ;
#989 = ORIENTED_EDGE ( 'NONE', *, *, #6898, .F. ) ;
#990 = PLANE ( 'NONE',  #1047 ) ;
#991 = MECHANICAL_DESIGN_GEOMETRIC_PRESENTATION_REPRESENTATION (  '', ( #1209 ), #10491 ) ;
#992 = CARTESIAN_POINT ( 'NONE',  ( -6218.732872483719800, 306.1790385117190000, 0.0000000000000000000 ) ) ;
#993 = ORIENTED_EDGE ( 'NONE', *, *, #4917, .F. ) ;
#994 = DIRECTION ( 'NONE',  ( 1.000000000000000000, 0.0000000000000000000, 0.0000000000000000000 ) ) ;
#995 = CARTESIAN_POINT ( 'NONE',  ( -6220.882872483722200, 307.2290385117262300, 0.02000000000000000000 ) ) ;
#996 = ORIENTED_EDGE ( 'NONE', *, *, #7308, .F. ) ;
#997 = LINE ( 'NONE', #2857, #5602 ) ;
#998 = FILL_AREA_STYLE_COLOUR ( '', #1508 ) ;
#999 =( GEOMETRIC_REPRESENTATION_CONTEXT ( 3 ) GLOBAL_UNCERTAINTY_ASSIGNED_CONTEXT ( ( #9638 ) ) GLOBAL_UNIT_ASSIGNED_CONTEXT ( ( #4185, #8720, #5117 ) ) REPRESENTATION_CONTEXT ( 'NONE', 'WORKASPACE' ) );
#1000 = PRESENTATION_STYLE_ASSIGNMENT (( #6700 ) ) ;
#1001 = PLANE ( 'NONE',  #1386 ) ;
#1002 = VERTEX_POINT ( 'NONE', #834 ) ;
#1003 = UNCERTAINTY_MEASURE_WITH_UNIT (LENGTH_MEASURE( 1.000000000000000100E-005 ), #2172, 'distance_accuracy_value', 'NONE');
#1004 = CARTESIAN_POINT ( 'NONE',  ( -6220.532872483720000, 306.6790385117209900, 0.5000000000000000000 ) ) ;
#1005 = VECTOR ( 'NONE', #3079, 1000.000000000000000 ) ;
#1006 = CARTESIAN_POINT ( 'NONE',  ( -6219.132872483720300, 306.9921758150609900, 0.02000000000000000000 ) ) ;
#1007 = DIRECTION ( 'NONE',  ( 0.0000000000000000000, 0.0000000000000000000, 1.000000000000000000 ) ) ;
#1008 = VERTEX_POINT ( 'NONE', #10484 ) ;
#1009 = COLOUR_RGB ( '',0.7921568627450980000, 0.8196078431372548800, 0.9333333333333333500 ) ;
#1010 = ORIENTED_EDGE ( 'NONE', *, *, #10284, .F. ) ;
#1011 =( GEOMETRIC_REPRESENTATION_CONTEXT ( 3 ) GLOBAL_UNCERTAINTY_ASSIGNED_CONTEXT ( ( #5005 ) ) GLOBAL_UNIT_ASSIGNED_CONTEXT ( ( #7664, #3250, #10249 ) ) REPRESENTATION_CONTEXT ( 'NONE', 'WORKASPACE' ) );
#1012 = SURFACE_SIDE_STYLE ('',( #3927 ) ) ;
#1013 = ORIENTED_EDGE ( 'NONE', *, *, #1919, .T. ) ;
#1014 = ADVANCED_FACE ( 'NONE', ( #5661 ), #9011, .T. ) ;
#1015 = UNCERTAINTY_MEASURE_WITH_UNIT (LENGTH_MEASURE( 1.000000000000000100E-005 ), #9465, 'distance_accuracy_value', 'NONE');
#1016 = CARTESIAN_POINT ( 'NONE',  ( -6217.782872483719100, 306.1290385117116000, 0.4800000000000000400 ) ) ;
#1017 = STYLED_ITEM ( 'NONE', ( #6174 ), #2346 ) ;
#1018 = ADVANCED_FACE ( 'NONE', ( #9973 ), #8808, .T. ) ;
#1019 = VECTOR ( 'NONE', #11115, 1000.000000000000000 ) ;
#1020 = SURFACE_SIDE_STYLE ('',( #668 ) ) ;
#1021 = ORIENTED_EDGE ( 'NONE', *, *, #85, .F. ) ;
#1022 = VECTOR ( 'NONE', #7086, 1000.000000000000000 ) ;
#1023 = DIRECTION ( 'NONE',  ( 1.000000000000000000, 0.0000000000000000000, 0.0000000000000000000 ) ) ;
#1024 = VERTEX_POINT ( 'NONE', #4580 ) ;
#1025 = VERTEX_POINT ( 'NONE', #8124 ) ;
#1026 = FILL_AREA_STYLE ('',( #62 ) ) ;
#1027 = STYLED_ITEM ( 'NONE', ( #7828 ), #7324 ) ;
#1028 = LINE ( 'NONE', #5424, #4504 ) ;
#1029 = AXIS2_PLACEMENT_3D ( 'NONE', #3549, #10618, #7100 ) ;
#1030 = STYLED_ITEM ( 'NONE', ( #1347 ), #3994 ) ;
#1031 = VECTOR ( 'NONE', #1889, 1000.000000000000000 ) ;
#1032 =( NAMED_UNIT ( * ) PLANE_ANGLE_UNIT ( ) SI_UNIT ( $, .RADIAN. ) );
#1033 = EDGE_LOOP ( 'NONE', ( #10156, #2892, #2845, #2136 ) ) ;
#1034 = DIRECTION ( 'NONE',  ( 1.000000000000000000, -1.603655480062165100E-012, 0.0000000000000000000 ) ) ;
#1035 = CARTESIAN_POINT ( 'NONE',  ( -6220.332872483720200, 306.9590385117200000, 0.4800000000000000400 ) ) ;
#1036 = CARTESIAN_POINT ( 'NONE',  ( -6220.588084424261100, 306.4690385117210100, 0.4899999999999999900 ) ) ;
#1037 = SURFACE_STYLE_USAGE ( .BOTH. , #2043 ) ;
#1038 = EDGE_CURVE ( 'NONE', #2343, #5009, #11193, .T. ) ;
#1039 = CIRCLE ( 'NONE', #2281, 0.2499999999994173500 ) ;
#1040 = ORIENTED_EDGE ( 'NONE', *, *, #10268, .T. ) ;
#1041 = LINE ( 'NONE', #1416, #10609 ) ;
#1042 = CARTESIAN_POINT ( 'NONE',  ( -6217.995004518082200, 306.8321758150594900, 0.02000000000000000000 ) ) ;
#1043 = AXIS2_PLACEMENT_3D ( 'NONE', #5201, #4232, #3366 ) ;
#1044 = EDGE_CURVE ( 'NONE', #3652, #2591, #503, .T. ) ;
#1045 = VERTEX_POINT ( 'NONE', #7262 ) ;
#1046 = DIRECTION ( 'NONE',  ( 1.000000000000000000, 0.0000000000000000000, 1.879283761439689900E-014 ) ) ;
#1047 = AXIS2_PLACEMENT_3D ( 'NONE', #7337, #2004, #2938 ) ;
#1048 = EDGE_CURVE ( 'NONE', #260, #272, #10488, .T. ) ;
#1049 = PRESENTATION_LAYER_ASSIGNMENT (  '', '', ( #2616 ) ) ;
#1050 = SURFACE_STYLE_FILL_AREA ( #8552 ) ;
#1051 =( NAMED_UNIT ( * ) SI_UNIT ( $, .STERADIAN. ) SOLID_ANGLE_UNIT ( ) );
#1052 = ORIENTED_EDGE ( 'NONE', *, *, #10847, .T. ) ;
#1053 =( NAMED_UNIT ( * ) SI_UNIT ( $, .STERADIAN. ) SOLID_ANGLE_UNIT ( ) );
#1054 = ORIENTED_EDGE ( 'NONE', *, *, #429, .T. ) ;
#1055 = EDGE_LOOP ( 'NONE', ( #8372, #8180, #9100, #4859, #2714, #4815, #9643, #8693, #2357, #11429, #11271, #7015 ) ) ;
#1056 = DIRECTION ( 'NONE',  ( 0.0000000000000000000, 0.0000000000000000000, 1.000000000000000000 ) ) ;
#1057 = CARTESIAN_POINT ( 'NONE',  ( -6218.332872483720200, 306.6190385117200200, 0.4800000000000000400 ) ) ;
#1058 = FACE_OUTER_BOUND ( 'NONE', #1710, .T. ) ;
#1059 = CARTESIAN_POINT ( 'NONE',  ( -6218.332872483720200, 307.1790385117200200, 0.5000000000000449600 ) ) ;
#1060 = DIRECTION ( 'NONE',  ( -1.000000000000000000, 0.0000000000000000000, -0.0000000000000000000 ) ) ;
#1061 = FACE_OUTER_BOUND ( 'NONE', #4115, .T. ) ;
#1062 = DIRECTION ( 'NONE',  ( 0.0000000000000000000, -0.0000000000000000000, -1.000000000000000000 ) ) ;
#1063 = MECHANICAL_DESIGN_GEOMETRIC_PRESENTATION_REPRESENTATION (  '', ( #2034 ), #835 ) ;
#1064 = ORIENTED_EDGE ( 'NONE', *, *, #1117, .T. ) ;
#1065 = AXIS2_PLACEMENT_3D ( 'NONE', #761, #1691, #4314 ) ;
#1066 = ORIENTED_EDGE ( 'NONE', *, *, #9990, .F. ) ;
#1067 = SURFACE_STYLE_FILL_AREA ( #3536 ) ;
#1068 = EDGE_CURVE ( 'NONE', #10949, #2512, #4394, .T. ) ;
#1069 = DIRECTION ( 'NONE',  ( -1.000000000000000000, -0.0000000000000000000, -0.0000000000000000000 ) ) ;
#1070 = MANIFOLD_SOLID_BREP ( '10-1-solid1', #8973 ) ;
#1071 = FILL_AREA_STYLE_COLOUR ( '', #1692 ) ;
#1072 = LINE ( 'NONE', #1995, #3157 ) ;
#1073 =( LENGTH_UNIT ( ) NAMED_UNIT ( * ) SI_UNIT ( .MILLI., .METRE. ) );
#1074 =( NAMED_UNIT ( * ) SI_UNIT ( $, .STERADIAN. ) SOLID_ANGLE_UNIT ( ) );
#1075 = EDGE_LOOP ( 'NONE', ( #8782, #61, #1784, #10366 ) ) ;
#1076 = FILL_AREA_STYLE_COLOUR ( '', #3141 ) ;
#1077 = ADVANCED_FACE ( 'NONE', ( #8987 ), #9166, .T. ) ;
#1078 = PLANE ( 'NONE',  #5942 ) ;
#1079 = UNCERTAINTY_MEASURE_WITH_UNIT (LENGTH_MEASURE( 1.000000000000000100E-005 ), #5183, 'distance_accuracy_value', 'NONE');
#1080 = ORIENTED_EDGE ( 'NONE', *, *, #6111, .F. ) ;
#1081 = AXIS2_PLACEMENT_3D ( 'NONE', #9653, #5224, #785 ) ;
#1082 = MECHANICAL_DESIGN_GEOMETRIC_PRESENTATION_REPRESENTATION (  '', ( #8827 ), #7026 ) ;
#1083 = VECTOR ( 'NONE', #10124, 1000.000000000000000 ) ;
#1084 = VECTOR ( 'NONE', #10037, 1000.000000000000000 ) ;
#1085 = DIRECTION ( 'NONE',  ( 0.0000000000000000000, 0.0000000000000000000, 1.000000000000000000 ) ) ;
#1086 = DIRECTION ( 'NONE',  ( -1.000000000000000000, -0.0000000000000000000, 0.0000000000000000000 ) ) ;
#1087 = ORIENTED_EDGE ( 'NONE', *, *, #9245, .F. ) ;
#1088 = DIRECTION ( 'NONE',  ( 1.000000000000000000, 0.0000000000000000000, 0.0000000000000000000 ) ) ;
#1089 = SURFACE_STYLE_FILL_AREA ( #5691 ) ;
#1090 = DIRECTION ( 'NONE',  ( -0.0000000000000000000, -0.0000000000000000000, -1.000000000000000000 ) ) ;
#1091 = ORIENTED_EDGE ( 'NONE', *, *, #7461, .F. ) ;
#1092 = DIRECTION ( 'NONE',  ( -1.046092669195530000E-023, 1.000000000000000000, 9.514157401967647900E-035 ) ) ;
#1093 = PRESENTATION_LAYER_ASSIGNMENT (  '', '', ( #869 ) ) ;
#1094 = AXIS2_PLACEMENT_3D ( 'NONE', #1726, #5234, #7788 ) ;
#1095 = CARTESIAN_POINT ( 'NONE',  ( -6218.282872483720000, 307.1790385117200200, 0.5000000000000000000 ) ) ;
#1096 = FILL_AREA_STYLE_COLOUR ( '', #1127 ) ;
#1097 = PRESENTATION_LAYER_ASSIGNMENT (  '', '', ( #4742 ) ) ;
#1098 = EDGE_CURVE ( 'NONE', #2538, #3531, #10223, .T. ) ;
#1099 = DIRECTION ( 'NONE',  ( 0.0000000000000000000, -0.0000000000000000000, -1.000000000000000000 ) ) ;
#1100 = ORIENTED_EDGE ( 'NONE', *, *, #5980, .T. ) ;
#1101 = FILL_AREA_STYLE ('',( #216 ) ) ;
#1102 = CARTESIAN_POINT ( 'NONE',  ( -6218.632872483720300, 306.9921758150609900, 0.0000000000000000000 ) ) ;
#1103 = CARTESIAN_POINT ( 'NONE',  ( -6220.532872483720000, 306.6790385117190000, 0.4800000000000000400 ) ) ;
#1104 = ORIENTED_EDGE ( 'NONE', *, *, #9451, .F. ) ;
#1105 = DIRECTION ( 'NONE',  ( 0.0000000000000000000, -0.0000000000000000000, 1.000000000000000000 ) ) ;
#1106 = EDGE_CURVE ( 'NONE', #646, #10600, #4262, .T. ) ;
#1107 = DIRECTION ( 'NONE',  ( 1.000000000000000000, 3.641531521317120100E-013, 2.694196650005840100E-024 ) ) ;
#1108 = DIRECTION ( 'NONE',  ( -0.0000000000000000000, 1.000000000000000000, 0.0000000000000000000 ) ) ;
#1109 = ORIENTED_EDGE ( 'NONE', *, *, #472, .T. ) ;
#1110 = AXIS2_PLACEMENT_3D ( 'NONE', #9463, #3233, #553 ) ;
#1111 = FILL_AREA_STYLE_COLOUR ( '', #8334 ) ;
#1112 = EDGE_CURVE ( 'NONE', #7290, #6607, #94, .T. ) ;
#1113 = PLANE ( 'NONE',  #5994 ) ;
#1114 = DIRECTION ( 'NONE',  ( 1.000000000000000000, 1.046092669195530000E-023, -9.094947017728610300E-012 ) ) ;
#1115 = AXIS2_PLACEMENT_3D ( 'NONE', #10838, #6354, #6284 ) ;
#1116 = PRESENTATION_STYLE_ASSIGNMENT (( #7730 ) ) ;
#1117 = EDGE_CURVE ( 'NONE', #3265, #735, #7174, .T. ) ;
#1118 = ORIENTED_EDGE ( 'NONE', *, *, #6636, .F. ) ;
#1119 = ADVANCED_FACE ( 'NONE', ( #7472 ), #9542, .T. ) ;
#1120 =( NAMED_UNIT ( * ) SI_UNIT ( $, .STERADIAN. ) SOLID_ANGLE_UNIT ( ) );
#1121 = CARTESIAN_POINT ( 'NONE',  ( -6220.532872483720000, 306.8290385117210800, 0.5000000000000000000 ) ) ;
#1122 = VERTEX_POINT ( 'NONE', #6440 ) ;
#1123 = SURFACE_STYLE_USAGE ( .BOTH. , #387 ) ;
#1124 = STYLED_ITEM ( 'NONE', ( #417 ), #6031 ) ;
#1125 = FACE_OUTER_BOUND ( 'NONE', #10877, .T. ) ;
#1126 = VERTEX_POINT ( 'NONE', #2915 ) ;
#1127 = COLOUR_RGB ( '',0.7921568627450980000, 0.8196078431372548800, 0.9333333333333333500 ) ;
#1129 = CARTESIAN_POINT ( 'NONE',  ( -6220.382872483720300, 306.6790385117209900, 0.4800000000000000400 ) ) ;
#1128 = MECHANICAL_DESIGN_GEOMETRIC_PRESENTATION_REPRESENTATION (  '', ( #9328 ), #2930 ) ;
#1130 = ADVANCED_FACE ( 'NONE', ( #5233 ), #1113, .T. ) ;
#1131 = EDGE_CURVE ( 'NONE', #5531, #9285, #1041, .T. ) ;
#1132 = VERTEX_POINT ( 'NONE', #4070 ) ;
#1133 =( NAMED_UNIT ( * ) SI_UNIT ( $, .STERADIAN. ) SOLID_ANGLE_UNIT ( ) );
#1134 = MECHANICAL_DESIGN_GEOMETRIC_PRESENTATION_REPRESENTATION (  '', ( #390 ), #6923 ) ;
#1135 = CARTESIAN_POINT ( 'NONE',  ( -6220.435658888220100, 307.1790385117200200, 0.02000000000000000000 ) ) ;
#1136 = FILL_AREA_STYLE ('',( #10075 ) ) ;
#1137 =( LENGTH_UNIT ( ) NAMED_UNIT ( * ) SI_UNIT ( .MILLI., .METRE. ) );
#1138 = COLOUR_RGB ( '',0.7921568627450980000, 0.8196078431372548800, 0.9333333333333333500 ) ;
#1139 = VERTEX_POINT ( 'NONE', #4853 ) ;
#1140 = PRESENTATION_STYLE_ASSIGNMENT (( #3322 ) ) ;
#1141 = VERTEX_POINT ( 'NONE', #5865 ) ;
#1142 = CARTESIAN_POINT ( 'NONE',  ( -6217.832872483720200, 306.3943684949460400, 0.4800000000000000900 ) ) ;
#1143 = DIRECTION ( 'NONE',  ( -0.0000000000000000000, 0.0000000000000000000, -1.000000000000000000 ) ) ;
#1144 = CARTESIAN_POINT ( 'NONE',  ( -6220.670740449360900, 306.8321758150600000, 0.01999999999999999700 ) ) ;
#1145 = SURFACE_SIDE_STYLE ('',( #11385 ) ) ;
#1146 = CARTESIAN_POINT ( 'NONE',  ( -6220.382872483720300, 306.8290385117210800, 0.5000000000000000000 ) ) ;
#1147 = AXIS2_PLACEMENT_3D ( 'NONE', #7339, #10958, #5667 ) ;
#1148 = SURFACE_STYLE_FILL_AREA ( #10012 ) ;
#1149 =( LENGTH_UNIT ( ) NAMED_UNIT ( * ) SI_UNIT ( .MILLI., .METRE. ) );
#1150 = FACE_OUTER_BOUND ( 'NONE', #10185, .T. ) ;
#1151 = ORIENTED_EDGE ( 'NONE', *, *, #6043, .F. ) ;
#1152 = VERTEX_POINT ( 'NONE', #9349 ) ;
#1153 = CLOSED_SHELL ( 'NONE', ( #6327, #6031, #1643, #955 ) ) ;
#1154 = UNCERTAINTY_MEASURE_WITH_UNIT (LENGTH_MEASURE( 1.000000000000000100E-005 ), #9129, 'distance_accuracy_value', 'NONE');
#1155 = CARTESIAN_POINT ( 'NONE',  ( -6219.932872483718700, 306.8321758150610200, 4.295045779165533800E-037 ) ) ;
#1156 = PLANE ( 'NONE',  #4347 ) ;
#1157 = CARTESIAN_POINT ( 'NONE',  ( -6219.132872483720300, 307.1790385117200200, 0.0000000000000000000 ) ) ;
#1158 = PRESENTATION_LAYER_ASSIGNMENT (  '', '', ( #561 ) ) ;
#1159 = PRESENTATION_LAYER_ASSIGNMENT (  '', '', ( #4964 ) ) ;
#1160 = STYLED_ITEM ( 'NONE', ( #10252 ), #3648 ) ;
#1161 = CARTESIAN_POINT ( 'NONE',  ( -6218.048202466950000, 306.1790385117200200, 0.01999999999999999700 ) ) ;
#1162 = FILL_AREA_STYLE_COLOUR ( '', #3606 ) ;
#1163 = EDGE_LOOP ( 'NONE', ( #1761, #7364, #4571, #7605 ) ) ;
#1164 = MECHANICAL_DESIGN_GEOMETRIC_PRESENTATION_REPRESENTATION (  '', ( #6749 ), #2742 ) ;
#1165 = CARTESIAN_POINT ( 'NONE',  ( -6220.832872483720200, 306.5762521072184700, 1.850371707708595100E-019 ) ) ;
#1166 =( NAMED_UNIT ( * ) PLANE_ANGLE_UNIT ( ) SI_UNIT ( $, .RADIAN. ) );
#1167 = DIRECTION ( 'NONE',  ( -0.0000000000000000000, 0.0000000000000000000, -1.000000000000000000 ) ) ;
#1168 = CARTESIAN_POINT ( 'NONE',  ( -6220.532872483720000, 306.6790385117209900, 0.5000000000000000000 ) ) ;
#1169 = ADVANCED_FACE ( 'NONE', ( #5365 ), #8469, .T. ) ;
#1170 =( NAMED_UNIT ( * ) PLANE_ANGLE_UNIT ( ) SI_UNIT ( $, .RADIAN. ) );
#1171 = EDGE_LOOP ( 'NONE', ( #1871, #8840, #1890, #1234 ) ) ;
#1172 = STYLED_ITEM ( 'NONE', ( #10597 ), #7055 ) ;
#1173 = ORIENTED_EDGE ( 'NONE', *, *, #9839, .F. ) ;
#1174 = STYLED_ITEM ( 'NONE', ( #2012 ), #4698 ) ;
#1175 = EDGE_CURVE ( 'NONE', #8916, #9084, #7595, .T. ) ;
#1176 = SURFACE_STYLE_FILL_AREA ( #4105 ) ;
#1177 = DIRECTION ( 'NONE',  ( -1.000000000000000000, -0.0000000000000000000, 0.0000000000000000000 ) ) ;
#1178 = SURFACE_SIDE_STYLE ('',( #201 ) ) ;
#1179 = PRESENTATION_STYLE_ASSIGNMENT (( #42 ) ) ;
#1180 = EDGE_LOOP ( 'NONE', ( #8073, #9238, #7414, #3404 ) ) ;
#1181 = DIRECTION ( 'NONE',  ( 1.000000000000000000, 8.635067969275767500E-013, 0.0000000000000000000 ) ) ;
#1182 = CARTESIAN_POINT ( 'NONE',  ( -6220.532872483720000, 306.8290385117210800, 0.4800000000000000400 ) ) ;
#1183 = ORIENTED_EDGE ( 'NONE', *, *, #7252, .F. ) ;
#1184 = ADVANCED_FACE ( 'NONE', ( #7163 ), #6707, .T. ) ;
#1185 = SURFACE_SIDE_STYLE ('',( #7725 ) ) ;
#1186 = VECTOR ( 'NONE', #2661, 1000.000000000000000 ) ;
#1187 = CARTESIAN_POINT ( 'NONE',  ( -6220.532872483720000, 306.6790385117209900, 0.4800000000000000400 ) ) ;
#1188 = AXIS2_PLACEMENT_3D ( 'NONE', #2322, #1464, #5911 ) ;
#1189 = ORIENTED_EDGE ( 'NONE', *, *, #1329, .F. ) ;
#1190 = CARTESIAN_POINT ( 'NONE',  ( -6217.995004518080300, 306.8321758150610200, 0.01000000000000000000 ) ) ;
#1191 = LINE ( 'NONE', #8766, #5811 ) ;
#1192 = PLANE ( 'NONE',  #9479 ) ;
#1193 =( GEOMETRIC_REPRESENTATION_CONTEXT ( 3 ) GLOBAL_UNCERTAINTY_ASSIGNED_CONTEXT ( ( #10386 ) ) GLOBAL_UNIT_ASSIGNED_CONTEXT ( ( #3829, #4716, #7398 ) ) REPRESENTATION_CONTEXT ( 'NONE', 'WORKASPACE' ) );
#1195 = EDGE_CURVE ( 'NONE', #7257, #1408, #10348, .T. ) ;
#1194 =( LENGTH_UNIT ( ) NAMED_UNIT ( * ) SI_UNIT ( .MILLI., .METRE. ) );
#1196 = CARTESIAN_POINT ( 'NONE',  ( -6219.132872483720300, 306.1790385117200200, 0.5000000000000000000 ) ) ;
#1197 = PRESENTATION_LAYER_ASSIGNMENT (  '', '', ( #3598 ) ) ;
#1198 = FACE_OUTER_BOUND ( 'NONE', #3711, .T. ) ;
#1199 = SURFACE_STYLE_USAGE ( .BOTH. , #3858 ) ;
#1200 = CARTESIAN_POINT ( 'NONE',  ( -6218.332872483720200, 306.6190385117200200, 0.5000000000000000000 ) ) ;
#1201 = VERTEX_POINT ( 'NONE', #7653 ) ;
#1202 = SURFACE_STYLE_USAGE ( .BOTH. , #2993 ) ;
#1203 = CARTESIAN_POINT ( 'NONE',  ( -6220.382872483720300, 306.6790385117209900, 0.4800000000000000400 ) ) ;
#1204 = DIRECTION ( 'NONE',  ( 1.000000000000000000, 0.0000000000000000000, -0.0000000000000000000 ) ) ;
#1205 = VERTEX_POINT ( 'NONE', #11042 ) ;
#1206 = CARTESIAN_POINT ( 'NONE',  ( -6217.832872483720200, 306.7818249162194200, 4.235164736271501700E-019 ) ) ;
#1207 = COLOUR_RGB ( '',0.7921568627450980000, 0.8196078431372548800, 0.9333333333333333500 ) ;
#1208 = PLANE ( 'NONE',  #11141 ) ;
#1209 = STYLED_ITEM ( 'NONE', ( #6686 ), #9469 ) ;
#1210 = UNCERTAINTY_MEASURE_WITH_UNIT (LENGTH_MEASURE( 1.000000000000000100E-005 ), #5563, 'distance_accuracy_value', 'NONE');
#1211 = CIRCLE ( 'NONE', #8908, 0.2499999999985291800 ) ;
#1212 = VECTOR ( 'NONE', #4409, 1000.000000000000000 ) ;
#1213 = STYLED_ITEM ( 'NONE', ( #6774 ), #1526 ) ;
#1214 = EDGE_LOOP ( 'NONE', ( #6061, #6290, #2427, #4872 ) ) ;
#1215 = SURFACE_STYLE_FILL_AREA ( #9291 ) ;
#1216 = EDGE_CURVE ( 'NONE', #5528, #10105, #11038, .T. ) ;
#1217 = UNCERTAINTY_MEASURE_WITH_UNIT (LENGTH_MEASURE( 1.000000000000000100E-005 ), #6872, 'distance_accuracy_value', 'NONE');
#1218 = CLOSED_SHELL ( 'NONE', ( #4448, #321, #779, #11478, #11019, #6267 ) ) ;
#1219 = CARTESIAN_POINT ( 'NONE',  ( -6217.832872483720200, 306.3739874859971900, 0.0000000000000000000 ) ) ;
#1220 = FILL_AREA_STYLE ('',( #6545 ) ) ;
#1221 =( NAMED_UNIT ( * ) SI_UNIT ( $, .STERADIAN. ) SOLID_ANGLE_UNIT ( ) );
#1222 = SURFACE_STYLE_FILL_AREA ( #8162 ) ;
#1223 = FILL_AREA_STYLE_COLOUR ( '', #8556 ) ;
#1224 = CIRCLE ( 'NONE', #8611, 0.4500000010061455700 ) ;
#1225 = ORIENTED_EDGE ( 'NONE', *, *, #2301, .F. ) ;
#1226 = AXIS2_PLACEMENT_3D ( 'NONE', #6683, #4866, #389 ) ;
#1227 = COLOUR_RGB ( '',0.7921568627450980000, 0.8196078431372548800, 0.9333333333333333500 ) ;
#1228 = EDGE_LOOP ( 'NONE', ( #7854, #7397, #6431, #10271 ) ) ;
#1229 = DIRECTION ( 'NONE',  ( 1.000000000000000000, 0.0000000000000000000, -0.0000000000000000000 ) ) ;
#1230 = PRESENTATION_LAYER_ASSIGNMENT (  '', '', ( #8247 ) ) ;
#1231 = CARTESIAN_POINT ( 'NONE',  ( -6219.932872483719600, 307.1790385117190000, 0.02000000000000000000 ) ) ;
#1232 = VERTEX_POINT ( 'NONE', #2311 ) ;
#1233 = FILL_AREA_STYLE ('',( #9261 ) ) ;
#1234 = ORIENTED_EDGE ( 'NONE', *, *, #9028, .T. ) ;
#1235 = SURFACE_STYLE_USAGE ( .BOTH. , #8412 ) ;
#1236 =( GEOMETRIC_REPRESENTATION_CONTEXT ( 3 ) GLOBAL_UNCERTAINTY_ASSIGNED_CONTEXT ( ( #443 ) ) GLOBAL_UNIT_ASSIGNED_CONTEXT ( ( #2723, #1935, #122 ) ) REPRESENTATION_CONTEXT ( 'NONE', 'WORKASPACE' ) );
#1237 = ADVANCED_FACE ( 'NONE', ( #10214 ), #218, .T. ) ;
#1238 = PRESENTATION_LAYER_ASSIGNMENT (  '', '', ( #4613 ) ) ;
#1239 = STYLED_ITEM ( 'NONE', ( #5693 ), #3778 ) ;
#1240 = EDGE_CURVE ( 'NONE', #5936, #10245, #359, .T. ) ;
#1241 = SURFACE_STYLE_USAGE ( .BOTH. , #10150 ) ;
#1242 = CARTESIAN_POINT ( 'NONE',  ( -6220.532872483720000, 306.8290385117210800, 0.4800000000000000400 ) ) ;
#1243 = FILL_AREA_STYLE_COLOUR ( '', #8029 ) ;
#1244 = CARTESIAN_POINT ( 'NONE',  ( -6220.532872483720000, 306.8290385117200000, 0.5000000000000000000 ) ) ;
#1245 = LINE ( 'NONE', #3050, #2936 ) ;
#1246 =( NAMED_UNIT ( * ) PLANE_ANGLE_UNIT ( ) SI_UNIT ( $, .RADIAN. ) );
#1247 = ORIENTED_EDGE ( 'NONE', *, *, #3427, .F. ) ;
#1248 = PRESENTATION_STYLE_ASSIGNMENT (( #3169 ) ) ;
#1249 = CARTESIAN_POINT ( 'NONE',  ( -6220.382872483720300, 306.6790385117209900, 0.5000000000000000000 ) ) ;
#1250 = EDGE_CURVE ( 'NONE', #9509, #8898, #9389, .T. ) ;
#1251 =( NAMED_UNIT ( * ) PLANE_ANGLE_UNIT ( ) SI_UNIT ( $, .RADIAN. ) );
#1252 = FILL_AREA_STYLE_COLOUR ( '', #3148 ) ;
#1253 = VERTEX_POINT ( 'NONE', #1568 ) ;
#1254 = FILL_AREA_STYLE ('',( #3811 ) ) ;
#1255 =( GEOMETRIC_REPRESENTATION_CONTEXT ( 3 ) GLOBAL_UNCERTAINTY_ASSIGNED_CONTEXT ( ( #9489 ) ) GLOBAL_UNIT_ASSIGNED_CONTEXT ( ( #10841, #5629, #4728 ) ) REPRESENTATION_CONTEXT ( 'NONE', 'WORKASPACE' ) );
#1256 =( NAMED_UNIT ( * ) PLANE_ANGLE_UNIT ( ) SI_UNIT ( $, .RADIAN. ) );
#1257 = EDGE_CURVE ( 'NONE', #337, #3703, #4666, .T. ) ;
#1258 = CIRCLE ( 'NONE', #2771, 0.2700000000066538100 ) ;
#1259 = SURFACE_STYLE_FILL_AREA ( #1254 ) ;
#1260 = ORIENTED_EDGE ( 'NONE', *, *, #11, .T. ) ;
#1261 = PRESENTATION_LAYER_ASSIGNMENT (  '', '', ( #9612 ) ) ;
#1262 = EDGE_CURVE ( 'NONE', #10677, #9668, #6931, .T. ) ;
#1263 = EDGE_CURVE ( 'NONE', #7379, #2806, #6804, .T. ) ;
#1264 = SURFACE_SIDE_STYLE ('',( #4104 ) ) ;
#1265 = COLOUR_RGB ( '',0.7921568627450980000, 0.8196078431372548800, 0.9333333333333333500 ) ;
#1266 = CYLINDRICAL_SURFACE ( 'NONE', #10542, 0.4500000000238202300 ) ;
#1267 = CARTESIAN_POINT ( 'NONE',  ( -6218.132872483720300, 306.1790385117200200, 0.5050000000000000000 ) ) ;
#1268 = LINE ( 'NONE', #6663, #1547 ) ;
#1269 = LINE ( 'NONE', #2511, #8932 ) ;
#1270 =( NAMED_UNIT ( * ) SI_UNIT ( $, .STERADIAN. ) SOLID_ANGLE_UNIT ( ) );
#1271 = ORIENTED_EDGE ( 'NONE', *, *, #2613, .F. ) ;
#1272 = DIRECTION ( 'NONE',  ( 0.0000000000000000000, 0.0000000000000000000, 1.000000000000000000 ) ) ;
#1274 = PLANE ( 'NONE',  #8790 ) ;
#1273 = MECHANICAL_DESIGN_GEOMETRIC_PRESENTATION_REPRESENTATION (  '', ( #679 ), #10215 ) ;
#1275 = LINE ( 'NONE', #9490, #3364 ) ;
#1276 = AXIS2_PLACEMENT_3D ( 'NONE', #10848, #2875, #10128 ) ;
#1277 = ORIENTED_EDGE ( 'NONE', *, *, #7234, .F. ) ;
#1278 = VECTOR ( 'NONE', #1177, 1000.000000000000000 ) ;
#1279 = DIRECTION ( 'NONE',  ( 1.000000000000000000, 1.880717803723720000E-012, 5.362025623469409700E-024 ) ) ;
#1280 = UNCERTAINTY_MEASURE_WITH_UNIT (LENGTH_MEASURE( 1.000000000000000100E-005 ), #9717, 'distance_accuracy_value', 'NONE');
#1281 = ORIENTED_EDGE ( 'NONE', *, *, #447, .T. ) ;
#1282 = DIRECTION ( 'NONE',  ( -0.0000000000000000000, 0.0000000000000000000, -1.000000000000000000 ) ) ;
#1283 = ORIENTED_EDGE ( 'NONE', *, *, #3326, .F. ) ;
#1284 = SURFACE_STYLE_FILL_AREA ( #5579 ) ;
#1285 = UNCERTAINTY_MEASURE_WITH_UNIT (LENGTH_MEASURE( 1.000000000000000100E-005 ), #1540, 'distance_accuracy_value', 'NONE');
#1286 = CARTESIAN_POINT ( 'NONE',  ( -6218.392872483719700, 306.1790385117200200, 0.02000000000000000000 ) ) ;
#1287 = ORIENTED_EDGE ( 'NONE', *, *, #4616, .F. ) ;
#1288 = VECTOR ( 'NONE', #875, 1000.000000000000000 ) ;
#1289 = ORIENTED_EDGE ( 'NONE', *, *, #7527, .T. ) ;
#1290 =( NAMED_UNIT ( * ) PLANE_ANGLE_UNIT ( ) SI_UNIT ( $, .RADIAN. ) );
#1291 = STYLED_ITEM ( 'NONE', ( #8223 ), #6197 ) ;
#1292 = EDGE_LOOP ( 'NONE', ( #1603, #3760, #4061, #5110 ) ) ;
#1293 = FILL_AREA_STYLE_COLOUR ( '', #8676 ) ;
#1294 = UNCERTAINTY_MEASURE_WITH_UNIT (LENGTH_MEASURE( 1.000000000000000100E-005 ), #9510, 'distance_accuracy_value', 'NONE');
#1295 = DIRECTION ( 'NONE',  ( -0.0000000000000000000, -0.0000000000000000000, -1.000000000000000000 ) ) ;
#1296 = SURFACE_STYLE_USAGE ( .BOTH. , #10200 ) ;
#1297 = DIRECTION ( 'NONE',  ( 0.0000000000000000000, 0.0000000000000000000, 1.000000000000000000 ) ) ;
#1298 =( GEOMETRIC_REPRESENTATION_CONTEXT ( 3 ) GLOBAL_UNCERTAINTY_ASSIGNED_CONTEXT ( ( #10825 ) ) GLOBAL_UNIT_ASSIGNED_CONTEXT ( ( #6358, #2869, #8964 ) ) REPRESENTATION_CONTEXT ( 'NONE', 'WORKASPACE' ) );
#1299 = SURFACE_STYLE_USAGE ( .BOTH. , #522 ) ;
#1300 = ADVANCED_FACE ( 'NONE', ( #5436 ), #11108, .F. ) ;
#1301 = SURFACE_SIDE_STYLE ('',( #5360 ) ) ;
#1302 = UNCERTAINTY_MEASURE_WITH_UNIT (LENGTH_MEASURE( 1.000000000000000100E-005 ), #7893, 'distance_accuracy_value', 'NONE');
#1303 = PRESENTATION_STYLE_ASSIGNMENT (( #3726 ) ) ;
#1304 = VERTEX_POINT ( 'NONE', #5937 ) ;
#1305 = PRESENTATION_STYLE_ASSIGNMENT (( #5083 ) ) ;
#1306 = SURFACE_SIDE_STYLE ('',( #7146 ) ) ;
#1307 = ORIENTED_EDGE ( 'NONE', *, *, #8142, .F. ) ;
#1308 =( NAMED_UNIT ( * ) SI_UNIT ( $, .STERADIAN. ) SOLID_ANGLE_UNIT ( ) );
#1309 = STYLED_ITEM ( 'NONE', ( #8041 ), #9940 ) ;
#1310 = VECTOR ( 'NONE', #10585, 1000.000000000000000 ) ;
#1311 = STYLED_ITEM ( 'NONE', ( #1856 ), #10904 ) ;
#1312 = AXIS2_PLACEMENT_3D ( 'NONE', #4891, #446, #3991 ) ;
#1313 = SURFACE_SIDE_STYLE ('',( #8368 ) ) ;
#1314 = SURFACE_STYLE_FILL_AREA ( #7001 ) ;
#1315 = COLOUR_RGB ( '',0.7921568627450980000, 0.8196078431372548800, 0.9333333333333333500 ) ;
#1316 = CARTESIAN_POINT ( 'NONE',  ( -6220.382872483720300, 306.8290385117210800, 0.4800000000000000400 ) ) ;
#1317 = VECTOR ( 'NONE', #9252, 1000.000000000000000 ) ;
#1318 = VERTEX_POINT ( 'NONE', #11375 ) ;
#1319 = CARTESIAN_POINT ( 'NONE',  ( -6218.282872483720000, 307.1790385117200200, 0.5000000000000000000 ) ) ;
#1320 = VERTEX_POINT ( 'NONE', #706 ) ;
#1321 = ORIENTED_EDGE ( 'NONE', *, *, #8210, .T. ) ;
#1322 = PRESENTATION_STYLE_ASSIGNMENT (( #9162 ) ) ;
#1323 = EDGE_CURVE ( 'NONE', #7171, #10624, #10826, .T. ) ;
#1324 = DIRECTION ( 'NONE',  ( 0.0000000000000000000, -1.000000000000000000, 6.023345402774441900E-016 ) ) ;
#1325 = ORIENTED_EDGE ( 'NONE', *, *, #4029, .F. ) ;
#1326 = SURFACE_STYLE_FILL_AREA ( #4768 ) ;
#1327 = CARTESIAN_POINT ( 'NONE',  ( -6220.449167514880200, 307.1090385117190100, 0.4800000000000000400 ) ) ;
#1328 = AXIS2_PLACEMENT_3D ( 'NONE', #8532, #8597, #3303 ) ;
#1329 = EDGE_CURVE ( 'NONE', #5754, #4624, #8221, .T. ) ;
#1330 = ORIENTED_EDGE ( 'NONE', *, *, #4425, .F. ) ;
#1331 = DIRECTION ( 'NONE',  ( 1.000000000000000000, -1.156154542691680000E-024, -4.547473508864579800E-012 ) ) ;
#1332 = PRESENTATION_STYLE_ASSIGNMENT (( #1923 ) ) ;
#1333 = FILL_AREA_STYLE ('',( #441 ) ) ;
#1334 = EDGE_CURVE ( 'NONE', #5249, #4069, #3914, .T. ) ;
#1335 =( LENGTH_UNIT ( ) NAMED_UNIT ( * ) SI_UNIT ( .MILLI., .METRE. ) );
#1336 = CIRCLE ( 'NONE', #4810, 0.4500000000238202300 ) ;
#1337 = LINE ( 'NONE', #2620, #3424 ) ;
#1338 =( LENGTH_UNIT ( ) NAMED_UNIT ( * ) SI_UNIT ( .MILLI., .METRE. ) );
#1339 = CARTESIAN_POINT ( 'NONE',  ( -6220.832872483720200, 306.7818249162193100, 0.5000000000000000000 ) ) ;
#1340 = ORIENTED_EDGE ( 'NONE', *, *, #7303, .F. ) ;
#1341 = SURFACE_STYLE_FILL_AREA ( #5197 ) ;
#1342 =( NAMED_UNIT ( * ) SI_UNIT ( $, .STERADIAN. ) SOLID_ANGLE_UNIT ( ) );
#1343 = VERTEX_POINT ( 'NONE', #2420 ) ;
#1344 = FILL_AREA_STYLE_COLOUR ( '', #8823 ) ;
#1345 = AXIS2_PLACEMENT_3D ( 'NONE', #590, #6803, #481 ) ;
#1346 = CARTESIAN_POINT ( 'NONE',  ( -6220.532872483720000, 306.8290385117200000, 0.4800000000000000400 ) ) ;
#1347 = PRESENTATION_STYLE_ASSIGNMENT (( #8150 ) ) ;
#1348 = DIRECTION ( 'NONE',  ( 0.0000000000000000000, -1.000000000000000000, -0.0000000000000000000 ) ) ;
#1349 = ORIENTED_EDGE ( 'NONE', *, *, #3124, .T. ) ;
#1350 = EDGE_CURVE ( 'NONE', #9477, #1434, #415, .T. ) ;
#1351 = VECTOR ( 'NONE', #4737, 1000.000000000000000 ) ;
#1352 = CARTESIAN_POINT ( 'NONE',  ( -6219.432737906850000, 307.1790385117203600, 0.02000000000000000000 ) ) ;
#1353 =( GEOMETRIC_REPRESENTATION_CONTEXT ( 3 ) GLOBAL_UNCERTAINTY_ASSIGNED_CONTEXT ( ( #6130 ) ) GLOBAL_UNIT_ASSIGNED_CONTEXT ( ( #6557, #2019, #3744 ) ) REPRESENTATION_CONTEXT ( 'NONE', 'WORKASPACE' ) );
#1354 = DIRECTION ( 'NONE',  ( -1.000000000000000000, -0.0000000000000000000, 0.0000000000000000000 ) ) ;
#1355 = VERTEX_POINT ( 'NONE', #1454 ) ;
#1356 = FACE_OUTER_BOUND ( 'NONE', #8384, .T. ) ;
#1357 = VECTOR ( 'NONE', #6687, 1000.000000000000000 ) ;
#1358 = ADVANCED_FACE ( 'NONE', ( #8356 ), #8076, .T. ) ;
#1359 = FILL_AREA_STYLE_COLOUR ( '', #4531 ) ;
#1360 = ORIENTED_EDGE ( 'NONE', *, *, #5288, .F. ) ;
#1361 = DIRECTION ( 'NONE',  ( 0.0000000000000000000, 0.0000000000000000000, -1.000000000000000000 ) ) ;
#1362 = VECTOR ( 'NONE', #1976, 1000.000000000000000 ) ;
#1363 = VECTOR ( 'NONE', #9966, 1000.000000000000000 ) ;
#1364 = UNCERTAINTY_MEASURE_WITH_UNIT (LENGTH_MEASURE( 1.000000000000000100E-005 ), #7834, 'distance_accuracy_value', 'NONE');
#1365 =( NAMED_UNIT ( * ) PLANE_ANGLE_UNIT ( ) SI_UNIT ( $, .RADIAN. ) );
#1366 = ORIENTED_EDGE ( 'NONE', *, *, #6982, .T. ) ;
#1367 = STYLED_ITEM ( 'NONE', ( #1939 ), #9640 ) ;
#1368 =( GEOMETRIC_REPRESENTATION_CONTEXT ( 3 ) GLOBAL_UNCERTAINTY_ASSIGNED_CONTEXT ( ( #5510 ) ) GLOBAL_UNIT_ASSIGNED_CONTEXT ( ( #828, #9809, #8028 ) ) REPRESENTATION_CONTEXT ( 'NONE', 'WORKASPACE' ) );
#1369 = UNCERTAINTY_MEASURE_WITH_UNIT (LENGTH_MEASURE( 1.000000000000000100E-005 ), #1381, 'distance_accuracy_value', 'NONE');
#1370 = VECTOR ( 'NONE', #960, 1000.000000000000000 ) ;
#1371 = CARTESIAN_POINT ( 'NONE',  ( -6220.532872483720000, 306.8290385117210800, 0.4800000000000000400 ) ) ;
#1372 = SURFACE_SIDE_STYLE ('',( #9765 ) ) ;
#1373 = ORIENTED_EDGE ( 'NONE', *, *, #4696, .T. ) ;
#1374 = VECTOR ( 'NONE', #7230, 1000.000000000000000 ) ;
#1375 =( LENGTH_UNIT ( ) NAMED_UNIT ( * ) SI_UNIT ( .MILLI., .METRE. ) );
#1376 = VECTOR ( 'NONE', #10536, 1000.000000000000000 ) ;
#1377 = FILL_AREA_STYLE_COLOUR ( '', #6187 ) ;
#1378 = VERTEX_POINT ( 'NONE', #5079 ) ;
#1379 = UNCERTAINTY_MEASURE_WITH_UNIT (LENGTH_MEASURE( 1.000000000000000100E-005 ), #4383, 'distance_accuracy_value', 'NONE');
#1380 = SURFACE_STYLE_USAGE ( .BOTH. , #2235 ) ;
#1381 =( LENGTH_UNIT ( ) NAMED_UNIT ( * ) SI_UNIT ( .MILLI., .METRE. ) );
#1382 = FILL_AREA_STYLE ('',( #4930 ) ) ;
#1383 = CARTESIAN_POINT ( 'NONE',  ( -6217.832872483720200, 306.3943684949476300, 0.4800000000000000400 ) ) ;
#1384 = AXIS2_PLACEMENT_3D ( 'NONE', #1983, #1905, #1870 ) ;
#1385 = VECTOR ( 'NONE', #5166, 1000.000000000000000 ) ;
#1386 = AXIS2_PLACEMENT_3D ( 'NONE', #4700, #7223, #6333 ) ;
#1387 = MECHANICAL_DESIGN_GEOMETRIC_PRESENTATION_REPRESENTATION (  '', ( #9207 ), #8752 ) ;
#1388 = ORIENTED_EDGE ( 'NONE', *, *, #4917, .T. ) ;
#1389 = FILL_AREA_STYLE ('',( #1344 ) ) ;
#1390 =( GEOMETRIC_REPRESENTATION_CONTEXT ( 3 ) GLOBAL_UNCERTAINTY_ASSIGNED_CONTEXT ( ( #9781 ) ) GLOBAL_UNIT_ASSIGNED_CONTEXT ( ( #10074, #325, #7484 ) ) REPRESENTATION_CONTEXT ( 'NONE', 'WORKASPACE' ) );
#1391 = PRESENTATION_STYLE_ASSIGNMENT (( #9033 ) ) ;
#1392 = LINE ( 'NONE', #7784, #10021 ) ;
#1393 = CARTESIAN_POINT ( 'NONE',  ( -6217.782872483587200, 307.2290385117698900, 0.4800000000000000400 ) ) ;
#1394 = PLANE ( 'NONE',  #11175 ) ;
#1395 = ORIENTED_EDGE ( 'NONE', *, *, #5825, .F. ) ;
#1396 = EDGE_CURVE ( 'NONE', #371, #8486, #5714, .T. ) ;
#1397 = PLANE ( 'NONE',  #6946 ) ;
#1398 = LINE ( 'NONE', #6851, #8613 ) ;
#1399 = SURFACE_STYLE_FILL_AREA ( #11069 ) ;
#1400 = MECHANICAL_DESIGN_GEOMETRIC_PRESENTATION_REPRESENTATION (  '', ( #1027 ), #5296 ) ;
#1401 = AXIS2_PLACEMENT_3D ( 'NONE', #11249, #8625, #4207 ) ;
#1402 = EDGE_LOOP ( 'NONE', ( #9027, #8747, #9714, #7692 ) ) ;
#1403 = CARTESIAN_POINT ( 'NONE',  ( -6220.382872483720300, 306.6790385117209900, 0.4800000000000000400 ) ) ;
#1404 = STYLED_ITEM ( 'NONE', ( #2867 ), #4511 ) ;
#1405 = SURFACE_STYLE_FILL_AREA ( #9919 ) ;
#1406 = DIRECTION ( 'NONE',  ( 0.0000000000000000000, 0.0000000000000000000, 1.000000000000000000 ) ) ;
#1407 = SURFACE_STYLE_FILL_AREA ( #6400 ) ;
#1408 = VERTEX_POINT ( 'NONE', #632 ) ;
#1409 = SURFACE_SIDE_STYLE ('',( #10714 ) ) ;
#1410 = DIRECTION ( 'NONE',  ( 0.0000000000000000000, -0.0000000000000000000, -1.000000000000000000 ) ) ;
#1411 = PRESENTATION_STYLE_ASSIGNMENT (( #1671 ) ) ;
#1412 = PRESENTATION_LAYER_ASSIGNMENT (  '', '', ( #816 ) ) ;
#1413 = CARTESIAN_POINT ( 'NONE',  ( -6218.732872483719800, 307.1790385117190000, 0.0000000000000000000 ) ) ;
#1414 =( NAMED_UNIT ( * ) PLANE_ANGLE_UNIT ( ) SI_UNIT ( $, .RADIAN. ) );
#1415 = ORIENTED_EDGE ( 'NONE', *, *, #1262, .T. ) ;
#1416 = CARTESIAN_POINT ( 'NONE',  ( -6218.632872483720300, 307.1790385117190000, 0.0000000000000000000 ) ) ;
#1417 = ADVANCED_FACE ( 'NONE', ( #1941 ), #7747, .T. ) ;
#1418 = VECTOR ( 'NONE', #7031, 1000.000000000000000 ) ;
#1419 = PLANE ( 'NONE',  #10041 ) ;
#1420 = STYLED_ITEM ( 'NONE', ( #2360 ), #8008 ) ;
#1421 = EDGE_CURVE ( 'NONE', #9102, #11045, #8904, .T. ) ;
#1422 = ORIENTED_EDGE ( 'NONE', *, *, #2455, .F. ) ;
#1423 = STYLED_ITEM ( 'NONE', ( #1975 ), #147 ) ;
#1424 = DIRECTION ( 'NONE',  ( 0.0000000000000000000, -1.000000000000000000, 0.0000000000000000000 ) ) ;
#1425 = MANIFOLD_SOLID_BREP ( '13-1-solid1', #5345 ) ;
#1426 = CARTESIAN_POINT ( 'NONE',  ( -6220.382872483720300, 306.6790385117200200, 0.4800000000000000400 ) ) ;
#1427 = FILL_AREA_STYLE ('',( #5947 ) ) ;
#1428 = VECTOR ( 'NONE', #2935, 1000.000000000000000 ) ;
#1429 = FILL_AREA_STYLE ('',( #498 ) ) ;
#1430 = ORIENTED_EDGE ( 'NONE', *, *, #454, .F. ) ;
#1431 = VECTOR ( 'NONE', #1105, 1000.000000000000000 ) ;
#1432 = UNCERTAINTY_MEASURE_WITH_UNIT (LENGTH_MEASURE( 1.000000000000000100E-005 ), #1375, 'distance_accuracy_value', 'NONE');
#1433 = DIRECTION ( 'NONE',  ( -0.0000000000000000000, -0.0000000000000000000, -1.000000000000000000 ) ) ;
#1434 = VERTEX_POINT ( 'NONE', #867 ) ;
#1435 = ORIENTED_EDGE ( 'NONE', *, *, #7224, .F. ) ;
#1436 = AXIS2_PLACEMENT_3D ( 'NONE', #2576, #8799, #10630 ) ;
#1437 = LINE ( 'NONE', #8024, #743 ) ;
#1438 = CARTESIAN_POINT ( 'NONE',  ( -6217.832872483720200, 306.7818249162190800, 0.4799999999999998700 ) ) ;
#1439 = MECHANICAL_DESIGN_GEOMETRIC_PRESENTATION_REPRESENTATION (  '', ( #4653 ), #5473 ) ;
#1440 = CIRCLE ( 'NONE', #8677, 0.4499999999989512400 ) ;
#1441 = CARTESIAN_POINT ( 'NONE',  ( -6220.382872483720300, 306.6790385117209900, 0.4800000000000000400 ) ) ;
#1442 = CARTESIAN_POINT ( 'NONE',  ( -6220.588084424260200, 306.4690385117205000, 0.4800000000000001500 ) ) ;
#1443 = EDGE_CURVE ( 'NONE', #7019, #7225, #11240, .T. ) ;
#1444 = ORIENTED_EDGE ( 'NONE', *, *, #8490, .T. ) ;
#1445 = SURFACE_SIDE_STYLE ('',( #10822 ) ) ;
#1446 = VECTOR ( 'NONE', #11333, 1000.000000000000000 ) ;
#1447 = DIRECTION ( 'NONE',  ( -0.0000000000000000000, 0.0000000000000000000, 1.000000000000000000 ) ) ;
#1448 = CARTESIAN_POINT ( 'NONE',  ( -6220.332872483720200, 307.1790385117200200, 0.5000000000000449600 ) ) ;
#1449 = PRESENTATION_LAYER_ASSIGNMENT (  '', '', ( #165 ) ) ;
#1450 =( LENGTH_UNIT ( ) NAMED_UNIT ( * ) SI_UNIT ( .MILLI., .METRE. ) );
#1451 = DIRECTION ( 'NONE',  ( -1.000000000000000000, 0.0000000000000000000, -0.0000000000000000000 ) ) ;
#1452 =( NAMED_UNIT ( * ) PLANE_ANGLE_UNIT ( ) SI_UNIT ( $, .RADIAN. ) );
#1453 = EDGE_LOOP ( 'NONE', ( #10095, #6218, #8340, #10794 ) ) ;
#1454 = CARTESIAN_POINT ( 'NONE',  ( -6218.165489868230000, 306.9921758150609900, 0.01999999999999999700 ) ) ;
#1455 = FILL_AREA_STYLE_COLOUR ( '', #5914 ) ;
#1456 = LINE ( 'NONE', #4927, #4111 ) ;
#1457 = VECTOR ( 'NONE', #505, 1000.000000000000000 ) ;
#1458 = SURFACE_SIDE_STYLE ('',( #2005 ) ) ;
#1459 = ORIENTED_EDGE ( 'NONE', *, *, #2908, .T. ) ;
#1460 = PLANE ( 'NONE',  #5694 ) ;
#1461 = VERTEX_POINT ( 'NONE', #1799 ) ;
#1462 = STYLED_ITEM ( 'NONE', ( #2423 ), #6675 ) ;
#1463 = MECHANICAL_DESIGN_GEOMETRIC_PRESENTATION_REPRESENTATION (  '', ( #7795 ), #9814 ) ;
#1464 = DIRECTION ( 'NONE',  ( -1.000000000000000000, 1.570965579844689900E-013, -4.547473508864640400E-012 ) ) ;
#1465 = MECHANICAL_DESIGN_GEOMETRIC_PRESENTATION_REPRESENTATION (  '', ( #5276 ), #11200 ) ;
#1466 = CARTESIAN_POINT ( 'NONE',  ( -6220.832872483720200, 306.6190385117200200, 0.5000000000000000000 ) ) ;
#1467 = PRESENTATION_STYLE_ASSIGNMENT (( #9732 ) ) ;
#1468 = ORIENTED_EDGE ( 'NONE', *, *, #10408, .T. ) ;
#1469 = ADVANCED_FACE ( 'NONE', ( #647 ), #789, .T. ) ;
#1470 = SURFACE_SIDE_STYLE ('',( #6020 ) ) ;
#1471 = EDGE_CURVE ( 'NONE', #4384, #3629, #5397, .T. ) ;
#1472 = CYLINDRICAL_SURFACE ( 'NONE', #3091, 0.2500000000011937100 ) ;
#1473 = DIRECTION ( 'NONE',  ( 1.000000000000000000, -5.884182022241509700E-014, -5.351632373496160000E-025 ) ) ;
#1474 = FILL_AREA_STYLE ('',( #5923 ) ) ;
#1475 = CYLINDRICAL_SURFACE ( 'NONE', #8397, 0.4499999999980630600 ) ;
#1476 = VECTOR ( 'NONE', #3076, 1000.000000000000000 ) ;
#1477 = DIRECTION ( 'NONE',  ( -1.000000000000000000, -0.0000000000000000000, 0.0000000000000000000 ) ) ;
#1478 = PRESENTATION_LAYER_ASSIGNMENT (  '', '', ( #6472 ) ) ;
#1479 = EDGE_CURVE ( 'NONE', #11166, #10608, #5677, .T. ) ;
#1480 = VERTEX_POINT ( 'NONE', #4344 ) ;
#1481 = LINE ( 'NONE', #10279, #2895 ) ;
#1483 = STYLED_ITEM ( 'NONE', ( #1000 ), #7721 ) ;
#1482 =( NAMED_UNIT ( * ) PLANE_ANGLE_UNIT ( ) SI_UNIT ( $, .RADIAN. ) );
#1484 = ORIENTED_EDGE ( 'NONE', *, *, #4470, .F. ) ;
#1485 = DIRECTION ( 'NONE',  ( -1.000000000000000000, -0.0000000000000000000, 0.0000000000000000000 ) ) ;
#1486 = EDGE_CURVE ( 'NONE', #6012, #4181, #520, .T. ) ;
#1487 = SURFACE_SIDE_STYLE ('',( #6734 ) ) ;
#1488 = PRESENTATION_STYLE_ASSIGNMENT (( #5270 ) ) ;
#1489 = DIRECTION ( 'NONE',  ( -0.0000000000000000000, -0.0000000000000000000, -1.000000000000000000 ) ) ;
#1490 = CARTESIAN_POINT ( 'NONE',  ( -6220.532872483720000, 306.8290385117210800, 0.4800000000000000400 ) ) ;
#1491 = CARTESIAN_POINT ( 'NONE',  ( -6218.732872483719800, 306.9921758150609900, 0.0000000000000000000 ) ) ;
#1492 = ORIENTED_EDGE ( 'NONE', *, *, #4055, .T. ) ;
#1493 = ORIENTED_EDGE ( 'NONE', *, *, #9702, .T. ) ;
#1494 = CARTESIAN_POINT ( 'NONE',  ( -6220.832872483720200, 306.9840895374404100, 0.5000000000000000000 ) ) ;
#1495 = FILL_AREA_STYLE ('',( #10313 ) ) ;
#1496 = MECHANICAL_DESIGN_GEOMETRIC_PRESENTATION_REPRESENTATION (  '', ( #2709 ), #2100 ) ;
#1497 = COLOUR_RGB ( '',0.7921568627450980000, 0.8196078431372548800, 0.9333333333333333500 ) ;
#1498 = CARTESIAN_POINT ( 'NONE',  ( -6219.132872483720300, 307.1790385117200200, 9.035665915699470900E-038 ) ) ;
#1499 = FILL_AREA_STYLE_COLOUR ( '', #1 ) ;
#1500 = LINE ( 'NONE', #7077, #5966 ) ;
#1501 = AXIS2_PLACEMENT_3D ( 'NONE', #9246, #2084, #10923 ) ;
#1502 = VERTEX_POINT ( 'NONE', #906 ) ;
#1503 = COLOUR_RGB ( '',0.7921568627450980000, 0.8196078431372548800, 0.9333333333333333500 ) ;
#1504 = UNCERTAINTY_MEASURE_WITH_UNIT (LENGTH_MEASURE( 1.000000000000000100E-005 ), #5112, 'distance_accuracy_value', 'NONE');
#1505 = EDGE_LOOP ( 'NONE', ( #6909, #2926, #6823, #81, #3420, #6605, #3327, #9160, #10070, #10213, #9762, #1610 ) ) ;
#1506 = SURFACE_SIDE_STYLE ('',( #6870 ) ) ;
#1507 = ADVANCED_BREP_SHAPE_REPRESENTATION ( 'APFA3010', ( #11028, #9844, #8985, #6893, #7426, #4714, #366, #3138, #4860, #1070, #3496, #855, #1425, #1566, #7988, #10322, #2278, #2419, #10878, #10515, #4998, #6073, #2068, #6417, #10325 ), #4321 ) ;
#1508 = COLOUR_RGB ( '',0.7921568627450980000, 0.8196078431372548800, 0.9333333333333333500 ) ;
#1509 = DIRECTION ( 'NONE',  ( -1.000000000000000000, 0.0000000000000000000, -0.0000000000000000000 ) ) ;
#1510 = ORIENTED_EDGE ( 'NONE', *, *, #8948, .F. ) ;
#1511 = DIRECTION ( 'NONE',  ( -0.0000000000000000000, 1.000000000000000000, 0.0000000000000000000 ) ) ;
#1512 = COLOUR_RGB ( '',0.7921568627450980000, 0.8196078431372548800, 0.9333333333333333500 ) ;
#1513 = DIRECTION ( 'NONE',  ( -0.0000000000000000000, -0.0000000000000000000, -1.000000000000000000 ) ) ;
#1514 = SURFACE_STYLE_FILL_AREA ( #3255 ) ;
#1515 = CARTESIAN_POINT ( 'NONE',  ( -6218.732872483719800, 306.8321758150610200, 0.0000000000000000000 ) ) ;
#1516 = ORIENTED_EDGE ( 'NONE', *, *, #4655, .F. ) ;
#1517 = STYLED_ITEM ( 'NONE', ( #9270 ), #1948 ) ;
#1518 = VECTOR ( 'NONE', #8719, 1000.000000000000000 ) ;
#1519 = DIRECTION ( 'NONE',  ( -0.0000000000000000000, -0.0000000000000000000, -1.000000000000000000 ) ) ;
#1520 = ORIENTED_EDGE ( 'NONE', *, *, #7531, .T. ) ;
#1521 = DIRECTION ( 'NONE',  ( 0.0000000000000000000, 0.0000000000000000000, -1.000000000000000000 ) ) ;
#1522 = FILL_AREA_STYLE_COLOUR ( '', #9168 ) ;
#1523 = FILL_AREA_STYLE ('',( #6840 ) ) ;
#1524 = LINE ( 'NONE', #5860, #6537 ) ;
#1525 = DIRECTION ( 'NONE',  ( -0.0000000000000000000, 1.000000000000000000, 0.0000000000000000000 ) ) ;
#1526 = ADVANCED_FACE ( 'NONE', ( #112 ), #5232, .T. ) ;
#1527 = CARTESIAN_POINT ( 'NONE',  ( -6220.382872483720300, 306.6790385117209900, 0.4800000000000000400 ) ) ;
#1528 = EDGE_LOOP ( 'NONE', ( #7358, #3940, #2745, #5686 ) ) ;
#1529 = MECHANICAL_DESIGN_GEOMETRIC_PRESENTATION_REPRESENTATION (  '', ( #132 ), #3932 ) ;
#1530 = PRESENTATION_LAYER_ASSIGNMENT (  '', '', ( #9882 ) ) ;
#1531 = PRESENTATION_LAYER_ASSIGNMENT (  '', '', ( #3714 ) ) ;
#1532 = VECTOR ( 'NONE', #3671, 1000.000000000000000 ) ;
#1533 = DIRECTION ( 'NONE',  ( 0.0000000000000000000, 1.000000000000000000, 0.0000000000000000000 ) ) ;
#1534 =( GEOMETRIC_REPRESENTATION_CONTEXT ( 3 ) GLOBAL_UNCERTAINTY_ASSIGNED_CONTEXT ( ( #6838 ) ) GLOBAL_UNIT_ASSIGNED_CONTEXT ( ( #6307, #7064, #2695 ) ) REPRESENTATION_CONTEXT ( 'NONE', 'WORKASPACE' ) );
#1535 = SURFACE_STYLE_FILL_AREA ( #777 ) ;
#1536 = ORIENTED_EDGE ( 'NONE', *, *, #598, .T. ) ;
#1537 = CARTESIAN_POINT ( 'NONE',  ( -6220.532872483720000, 306.6790385117209900, 0.5000000000000000000 ) ) ;
#1538 = FILL_AREA_STYLE_COLOUR ( '', #314 ) ;
#1539 = ORIENTED_EDGE ( 'NONE', *, *, #1240, .T. ) ;
#1540 =( LENGTH_UNIT ( ) NAMED_UNIT ( * ) SI_UNIT ( .MILLI., .METRE. ) );
#1541 = LINE ( 'NONE', #6338, #9618 ) ;
#1542 = CIRCLE ( 'NONE', #3247, 0.4499999999980630600 ) ;
#1543 = VERTEX_POINT ( 'NONE', #7188 ) ;
#1544 = SURFACE_STYLE_USAGE ( .BOTH. , #1506 ) ;
#1545 = AXIS2_PLACEMENT_3D ( 'NONE', #5308, #5425, #3517 ) ;
#1546 = EDGE_CURVE ( 'NONE', #7754, #8153, #4416, .T. ) ;
#1547 = VECTOR ( 'NONE', #552, 1000.000000000000000 ) ;
#1548 = DIRECTION ( 'NONE',  ( 0.0000000000000000000, -0.0000000000000000000, 1.000000000000000000 ) ) ;
#1549 = ORIENTED_EDGE ( 'NONE', *, *, #5850, .F. ) ;
#1550 = PLANE ( 'NONE',  #1401 ) ;
#1551 = PLANE ( 'NONE',  #2959 ) ;
#1552 = FILL_AREA_STYLE_COLOUR ( '', #9044 ) ;
#1553 = FILL_AREA_STYLE_COLOUR ( '', #2782 ) ;
#1554 = VECTOR ( 'NONE', #11221, 1000.000000000000000 ) ;
#1555 = CARTESIAN_POINT ( 'NONE',  ( -6220.332872483720200, 307.1090385117190100, 0.4800000000000000400 ) ) ;
#1556 = EDGE_LOOP ( 'NONE', ( #6792, #5881, #8255, #7198, #6710, #5926, #8045, #5289 ) ) ;
#1557 = SURFACE_STYLE_FILL_AREA ( #7166 ) ;
#1558 = ORIENTED_EDGE ( 'NONE', *, *, #6836, .F. ) ;
#1559 =( NAMED_UNIT ( * ) PLANE_ANGLE_UNIT ( ) SI_UNIT ( $, .RADIAN. ) );
#1560 = ORIENTED_EDGE ( 'NONE', *, *, #5136, .F. ) ;
#1561 = CARTESIAN_POINT ( 'NONE',  ( -6217.832872483720200, 306.9637085284915100, 0.01999999999999999700 ) ) ;
#1562 = SURFACE_SIDE_STYLE ('',( #3901 ) ) ;
#1563 = AXIS2_PLACEMENT_3D ( 'NONE', #9052, #7219, #150 ) ;
#1564 = CARTESIAN_POINT ( 'NONE',  ( -6220.670740449360000, 306.8321758150600000, 0.01000000000000000000 ) ) ;
#1565 = CARTESIAN_POINT ( 'NONE',  ( -6220.832872483720200, 306.6190385117200200, 0.4800000000000000400 ) ) ;
#1566 = MANIFOLD_SOLID_BREP ( '14-1-solid1', #2080 ) ;
#1567 = PRESENTATION_STYLE_ASSIGNMENT (( #1992 ) ) ;
#1568 = CARTESIAN_POINT ( 'NONE',  ( -6220.382872483720300, 306.6790385117209900, 0.4800000000000000400 ) ) ;
#1569 = AXIS2_PLACEMENT_3D ( 'NONE', #7278, #1947, #1986 ) ;
#1570 = EDGE_CURVE ( 'NONE', #1318, #5765, #4705, .T. ) ;
#1571 = PRESENTATION_LAYER_ASSIGNMENT (  '', '', ( #390 ) ) ;
#1572 = ORIENTED_EDGE ( 'NONE', *, *, #5814, .T. ) ;
#1573 = UNCERTAINTY_MEASURE_WITH_UNIT (LENGTH_MEASURE( 1.000000000000000100E-005 ), #10603, 'distance_accuracy_value', 'NONE');
#1574 = ORIENTED_EDGE ( 'NONE', *, *, #10457, .T. ) ;
#1575 = CARTESIAN_POINT ( 'NONE',  ( -6220.382872483720300, 306.8290385117210800, 0.4800000000000000400 ) ) ;
#1576 = ORIENTED_EDGE ( 'NONE', *, *, #6581, .T. ) ;
#1577 = CARTESIAN_POINT ( 'NONE',  ( -6220.332872483720200, 307.1090385117190100, 0.5000000000000000000 ) ) ;
#1578 = VECTOR ( 'NONE', #11490, 1000.000000000000000 ) ;
#1579 = DIRECTION ( 'NONE',  ( 1.000000000000000000, 2.097087935407960800E-012, 0.0000000000000000000 ) ) ;
#1580 = COLOUR_RGB ( '',0.7921568627450980000, 0.8196078431372548800, 0.9333333333333333500 ) ;
#1581 = COLOUR_RGB ( '',0.7921568627450980000, 0.8196078431372548800, 0.9333333333333333500 ) ;
#1582 = AXIS2_PLACEMENT_3D ( 'NONE', #9342, #5739, #8457 ) ;
#1583 = ORIENTED_EDGE ( 'NONE', *, *, #11428, .T. ) ;
#1584 = ADVANCED_FACE ( 'NONE', ( #1763 ), #1472, .F. ) ;
#1585 = PRESENTATION_LAYER_ASSIGNMENT (  '', '', ( #9788 ) ) ;
#1586 = CARTESIAN_POINT ( 'NONE',  ( -6218.392872483719700, 306.1790385117200200, 0.02000000000000000000 ) ) ;
#1587 = FACE_OUTER_BOUND ( 'NONE', #5675, .T. ) ;
#1588 = CARTESIAN_POINT ( 'NONE',  ( -6220.532872483720000, 306.6790385117209900, 0.4800000000000000400 ) ) ;
#1589 = FACE_OUTER_BOUND ( 'NONE', #5419, .T. ) ;
#1590 = ORIENTED_EDGE ( 'NONE', *, *, #3267, .T. ) ;
#1591 =( NAMED_UNIT ( * ) PLANE_ANGLE_UNIT ( ) SI_UNIT ( $, .RADIAN. ) );
#1592 = ORIENTED_EDGE ( 'NONE', *, *, #5299, .F. ) ;
#1593 = CARTESIAN_POINT ( 'NONE',  ( -6220.832872483720200, 307.1090385117190100, 0.4800000000000000400 ) ) ;
#1594 = STYLED_ITEM ( 'NONE', ( #4687 ), #10429 ) ;
#1595 = AXIS2_PLACEMENT_3D ( 'NONE', #9108, #244, #3790 ) ;
#1596 = FILL_AREA_STYLE_COLOUR ( '', #4948 ) ;
#1597 = COLOUR_RGB ( '',0.7921568627450980000, 0.8196078431372548800, 0.9333333333333333500 ) ;
#1598 = SURFACE_STYLE_FILL_AREA ( #1136 ) ;
#1599 = FILL_AREA_STYLE_COLOUR ( '', #548 ) ;
#1600 = CARTESIAN_POINT ( 'NONE',  ( -6217.782872482725900, 307.2290385118782900, 0.5000000000000085500 ) ) ;
#1601 = CARTESIAN_POINT ( 'NONE',  ( -6220.670740449360000, 306.8321758150610200, 0.01000000000000000000 ) ) ;
#1602 =( GEOMETRIC_REPRESENTATION_CONTEXT ( 3 ) GLOBAL_UNCERTAINTY_ASSIGNED_CONTEXT ( ( #11177 ) ) GLOBAL_UNIT_ASSIGNED_CONTEXT ( ( #3268, #4180, #8600 ) ) REPRESENTATION_CONTEXT ( 'NONE', 'WORKASPACE' ) );
#1603 = ORIENTED_EDGE ( 'NONE', *, *, #6982, .F. ) ;
#1604 = DIRECTION ( 'NONE',  ( -1.000000000000000000, -0.0000000000000000000, -0.0000000000000000000 ) ) ;
#1605 = ORIENTED_EDGE ( 'NONE', *, *, #388, .T. ) ;
#1606 = CLOSED_SHELL ( 'NONE', ( #8537, #6933, #7439, #10540, #829, #197 ) ) ;
#1607 = LINE ( 'NONE', #6584, #6079 ) ;
#1608 = PRESENTATION_LAYER_ASSIGNMENT (  '', '', ( #3405 ) ) ;
#1609 = DIRECTION ( 'NONE',  ( -1.046092669195530000E-023, 1.000000000000000000, 9.514157401967647900E-035 ) ) ;
#1610 = ORIENTED_EDGE ( 'NONE', *, *, #3061, .F. ) ;
#1611 =( LENGTH_UNIT ( ) NAMED_UNIT ( * ) SI_UNIT ( .MILLI., .METRE. ) );
#1612 =( GEOMETRIC_REPRESENTATION_CONTEXT ( 3 ) GLOBAL_UNCERTAINTY_ASSIGNED_CONTEXT ( ( #3369 ) ) GLOBAL_UNIT_ASSIGNED_CONTEXT ( ( #6221, #11476, #8820 ) ) REPRESENTATION_CONTEXT ( 'NONE', 'WORKASPACE' ) );
#1613 = DIRECTION ( 'NONE',  ( -0.0000000000000000000, 1.000000000000000000, 0.0000000000000000000 ) ) ;
#1614 = DIRECTION ( 'NONE',  ( -1.046092669195530000E-023, 1.000000000000000000, 9.514157401967647900E-035 ) ) ;
#1615 = VECTOR ( 'NONE', #4443, 1000.000000000000000 ) ;
#1616 = SURFACE_STYLE_USAGE ( .BOTH. , #2477 ) ;
#1617 = PRESENTATION_STYLE_ASSIGNMENT (( #8079 ) ) ;
#1618 = COLOUR_RGB ( '',0.7921568627450980000, 0.8196078431372548800, 0.9333333333333333500 ) ;
#1619 = SURFACE_STYLE_USAGE ( .BOTH. , #6076 ) ;
#1620 = ORIENTED_EDGE ( 'NONE', *, *, #3399, .T. ) ;
#1621 = FILL_AREA_STYLE ('',( #4282 ) ) ;
#1622 = FACE_OUTER_BOUND ( 'NONE', #7952, .T. ) ;
#1623 = CARTESIAN_POINT ( 'NONE',  ( -6218.632872483720300, 306.1790385117200200, 0.02000000000000000000 ) ) ;
#1624 = SURFACE_STYLE_FILL_AREA ( #10855 ) ;
#1625 = EDGE_CURVE ( 'NONE', #2591, #8640, #3857, .T. ) ;
#1626 = DIRECTION ( 'NONE',  ( 0.0000000000000000000, -0.0000000000000000000, -1.000000000000000000 ) ) ;
#1627 = VERTEX_POINT ( 'NONE', #4420 ) ;
#1628 = AXIS2_PLACEMENT_3D ( 'NONE', #4558, #3597, #10798 ) ;
#1629 = EDGE_CURVE ( 'NONE', #10600, #7630, #4965, .T. ) ;
#1630 = COLOUR_RGB ( '',0.7921568627450980000, 0.8196078431372548800, 0.9333333333333333500 ) ;
#1631 = DIRECTION ( 'NONE',  ( 1.000000000000000000, 0.0000000000000000000, 0.0000000000000000000 ) ) ;
#1632 = VERTEX_POINT ( 'NONE', #9669 ) ;
#1633 = UNCERTAINTY_MEASURE_WITH_UNIT (LENGTH_MEASURE( 1.000000000000000100E-005 ), #8251, 'distance_accuracy_value', 'NONE');
#1634 = EDGE_CURVE ( 'NONE', #2464, #10034, #2313, .T. ) ;
#1635 = FACE_OUTER_BOUND ( 'NONE', #9488, .T. ) ;
#1636 = MECHANICAL_DESIGN_GEOMETRIC_PRESENTATION_REPRESENTATION (  '', ( #4639 ), #9616 ) ;
#1637 = LINE ( 'NONE', #6301, #5698 ) ;
#1638 = VECTOR ( 'NONE', #10983, 1000.000000000000000 ) ;
#1639 =( NAMED_UNIT ( * ) SI_UNIT ( $, .STERADIAN. ) SOLID_ANGLE_UNIT ( ) );
#1640 = CARTESIAN_POINT ( 'NONE',  ( -6220.332872483720200, 306.4690385117199900, 0.5000000000000000000 ) ) ;
#1641 = ORIENTED_EDGE ( 'NONE', *, *, #3251, .T. ) ;
#1642 = CARTESIAN_POINT ( 'NONE',  ( -6218.632872483720300, 307.0721758150600100, 0.02000000000000000000 ) ) ;
#1643 = ADVANCED_FACE ( 'NONE', ( #9692 ), #7048, .T. ) ;
#1644 =( LENGTH_UNIT ( ) NAMED_UNIT ( * ) SI_UNIT ( .MILLI., .METRE. ) );
#1645 = LINE ( 'NONE', #7220, #8740 ) ;
#1646 = COLOUR_RGB ( '',0.7921568627450980000, 0.8196078431372548800, 0.9333333333333333500 ) ;
#1647 = ORIENTED_EDGE ( 'NONE', *, *, #5998, .T. ) ;
#1648 = LINE ( 'NONE', #8132, #1374 ) ;
#1649 = DIRECTION ( 'NONE',  ( 0.0000000000000000000, 0.0000000000000000000, -1.000000000000000000 ) ) ;
#1650 = SURFACE_STYLE_FILL_AREA ( #1621 ) ;
#1651 = UNCERTAINTY_MEASURE_WITH_UNIT (LENGTH_MEASURE( 1.000000000000000100E-005 ), #966, 'distance_accuracy_value', 'NONE');
#1652 = SURFACE_STYLE_USAGE ( .BOTH. , #5483 ) ;
#1653 = VERTEX_POINT ( 'NONE', #877 ) ;
#1654 = DIRECTION ( 'NONE',  ( -1.529443238714110200E-011, 0.0000000000000000000, -1.000000000000000000 ) ) ;
#1655 = DIRECTION ( 'NONE',  ( 1.000000000000000000, 0.0000000000000000000, -0.0000000000000000000 ) ) ;
#1656 = MECHANICAL_DESIGN_GEOMETRIC_PRESENTATION_REPRESENTATION (  '', ( #2865 ), #468 ) ;
#1657 = UNCERTAINTY_MEASURE_WITH_UNIT (LENGTH_MEASURE( 1.000000000000000100E-005 ), #10951, 'distance_accuracy_value', 'NONE');
#1658 = CARTESIAN_POINT ( 'NONE',  ( -6220.532872483720000, 306.6790385117190000, 0.5000000000000000000 ) ) ;
#1659 = ORIENTED_EDGE ( 'NONE', *, *, #9596, .T. ) ;
#1660 = EDGE_CURVE ( 'NONE', #2920, #2429, #5817, .T. ) ;
#1661 = VECTOR ( 'NONE', #10902, 1000.000000000000000 ) ;
#1662 = LINE ( 'NONE', #2497, #3771 ) ;
#1663 = ORIENTED_EDGE ( 'NONE', *, *, #518, .F. ) ;
#1664 = CARTESIAN_POINT ( 'NONE',  ( -6219.532872483720000, 306.1790385117209900, 0.0000000000000000000 ) ) ;
#1665 = DIRECTION ( 'NONE',  ( 0.0000000000000000000, 1.000000000000000000, -0.0000000000000000000 ) ) ;
#1666 = PRESENTATION_STYLE_ASSIGNMENT (( #9774 ) ) ;
#1667 =( LENGTH_UNIT ( ) NAMED_UNIT ( * ) SI_UNIT ( .MILLI., .METRE. ) );
#1668 = LINE ( 'NONE', #7632, #9875 ) ;
#1669 = LINE ( 'NONE', #10224, #4330 ) ;
#1670 = SURFACE_STYLE_USAGE ( .BOTH. , #812 ) ;
#1671 = SURFACE_STYLE_USAGE ( .BOTH. , #6906 ) ;
#1672 = VERTEX_POINT ( 'NONE', #4316 ) ;
#1673 = FILL_AREA_STYLE_COLOUR ( '', #2221 ) ;
#1674 = STYLED_ITEM ( 'NONE', ( #2282 ), #2239 ) ;
#1675 = DIRECTION ( 'NONE',  ( -0.0000000000000000000, 0.0000000000000000000, -1.000000000000000000 ) ) ;
#1676 = DIRECTION ( 'NONE',  ( -0.0000000000000000000, 0.0000000000000000000, -1.000000000000000000 ) ) ;
#1677 = SURFACE_SIDE_STYLE ('',( #4159 ) ) ;
#1678 = CARTESIAN_POINT ( 'NONE',  ( -6218.392872483719700, 306.1790385117200200, 0.0000000000000000000 ) ) ;
#1679 = SURFACE_STYLE_FILL_AREA ( #1709 ) ;
#1680 = DIRECTION ( 'NONE',  ( -1.000000000000000000, -0.0000000000000000000, 0.0000000000000000000 ) ) ;
#1681 = CARTESIAN_POINT ( 'NONE',  ( -6220.382872483720300, 306.8290385117189800, 0.5000000000000000000 ) ) ;
#1682 = ORIENTED_EDGE ( 'NONE', *, *, #7283, .T. ) ;
#1683 = SURFACE_SIDE_STYLE ('',( #10412 ) ) ;
#1684 = FILL_AREA_STYLE_COLOUR ( '', #1580 ) ;
#1685 = AXIS2_PLACEMENT_3D ( 'NONE', #6759, #651, #2363 ) ;
#1686 = LINE ( 'NONE', #10503, #2245 ) ;
#1687 = LINE ( 'NONE', #2008, #3799 ) ;
#1688 = ORIENTED_EDGE ( 'NONE', *, *, #4601, .T. ) ;
#1689 = EDGE_CURVE ( 'NONE', #1126, #8762, #9978, .T. ) ;
#1690 =( NAMED_UNIT ( * ) SI_UNIT ( $, .STERADIAN. ) SOLID_ANGLE_UNIT ( ) );
#1691 = DIRECTION ( 'NONE',  ( -0.0000000000000000000, 1.000000000000000000, 0.0000000000000000000 ) ) ;
#1692 = COLOUR_RGB ( '',0.7921568627450980000, 0.8196078431372548800, 0.9333333333333333500 ) ;
#1693 = FILL_AREA_STYLE_COLOUR ( '', #23 ) ;
#1694 = ORIENTED_EDGE ( 'NONE', *, *, #1816, .T. ) ;
#1695 = FACE_OUTER_BOUND ( 'NONE', #10771, .T. ) ;
#1696 = VECTOR ( 'NONE', #5011, 1000.000000000000000 ) ;
#1697 = DIRECTION ( 'NONE',  ( 7.495138761178035000E-016, 3.939484632289041300E-016, 1.000000000000000000 ) ) ;
#1698 = EDGE_LOOP ( 'NONE', ( #1688, #10280, #9519, #2550 ) ) ;
#1699 = EDGE_CURVE ( 'NONE', #5778, #10486, #7882, .T. ) ;
#1700 = ADVANCED_FACE ( 'NONE', ( #1198 ), #11464, .T. ) ;
#1701 = DIRECTION ( 'NONE',  ( 0.0000000000000000000, -0.0000000000000000000, 1.000000000000000000 ) ) ;
#1702 = STYLED_ITEM ( 'NONE', ( #1844 ), #5096 ) ;
#1703 = EDGE_CURVE ( 'NONE', #1378, #1201, #6214, .T. ) ;
#1704 = PLANE ( 'NONE',  #5760 ) ;
#1705 = AXIS2_PLACEMENT_3D ( 'NONE', #4062, #8561, #3198 ) ;
#1706 = ORIENTED_EDGE ( 'NONE', *, *, #4325, .F. ) ;
#1707 = FILL_AREA_STYLE_COLOUR ( '', #6013 ) ;
#1708 = ORIENTED_EDGE ( 'NONE', *, *, #6797, .F. ) ;
#1709 = FILL_AREA_STYLE ('',( #4399 ) ) ;
#1710 = EDGE_LOOP ( 'NONE', ( #8529, #9368, #4960, #4034 ) ) ;
#1711 = EDGE_CURVE ( 'NONE', #9122, #11182, #10788, .T. ) ;
#1712 = ADVANCED_FACE ( 'NONE', ( #1753 ), #7256, .T. ) ;
#1713 = SURFACE_SIDE_STYLE ('',( #4167 ) ) ;
#1714 = PLANE ( 'NONE',  #7622 ) ;
#1715 = LINE ( 'NONE', #10590, #10874 ) ;
#1716 = CARTESIAN_POINT ( 'NONE',  ( -6220.382872483720300, 306.6790385117190000, 0.5000000000000000000 ) ) ;
#1717 = SURFACE_SIDE_STYLE ('',( #45 ) ) ;
#1718 = LINE ( 'NONE', #6787, #204 ) ;
#1719 = DIRECTION ( 'NONE',  ( 0.0000000000000000000, 0.0000000000000000000, 1.000000000000000000 ) ) ;
#1720 = DIRECTION ( 'NONE',  ( -2.717825964282370000E-011, 0.0000000000000000000, 1.000000000000000000 ) ) ;
#1721 = UNCERTAINTY_MEASURE_WITH_UNIT (LENGTH_MEASURE( 1.000000000000000100E-005 ), #10372, 'distance_accuracy_value', 'NONE');
#1722 = PRESENTATION_LAYER_ASSIGNMENT (  '', '', ( #2927 ) ) ;
#1723 =( NAMED_UNIT ( * ) PLANE_ANGLE_UNIT ( ) SI_UNIT ( $, .RADIAN. ) );
#1724 = VERTEX_POINT ( 'NONE', #9822 ) ;
#1725 = DIRECTION ( 'NONE',  ( 0.0000000000000000000, 0.0000000000000000000, 1.000000000000000000 ) ) ;
#1726 = CARTESIAN_POINT ( 'NONE',  ( -6220.532872483720000, 306.8290385117200000, 0.4800000000000000400 ) ) ;
#1727 = STYLED_ITEM ( 'NONE', ( #2207 ), #8435 ) ;
#1728 = MECHANICAL_DESIGN_GEOMETRIC_PRESENTATION_REPRESENTATION (  '', ( #7329 ), #3358 ) ;
#1729 = VECTOR ( 'NONE', #1974, 1000.000000000000000 ) ;
#1730 = PLANE ( 'NONE',  #9244 ) ;
#1731 = ORIENTED_EDGE ( 'NONE', *, *, #11438, .F. ) ;
#1732 = DIRECTION ( 'NONE',  ( -0.0000000000000000000, 1.000000000000000000, 0.0000000000000000000 ) ) ;
#1733 = DIRECTION ( 'NONE',  ( 0.0000000000000000000, -1.000000000000000000, -0.0000000000000000000 ) ) ;
#1734 =( NAMED_UNIT ( * ) SI_UNIT ( $, .STERADIAN. ) SOLID_ANGLE_UNIT ( ) );
#1735 = FILL_AREA_STYLE_COLOUR ( '', #500 ) ;
#1736 = SURFACE_STYLE_FILL_AREA ( #8316 ) ;
#1737 = LINE ( 'NONE', #1565, #11449 ) ;
#1738 = AXIS2_PLACEMENT_3D ( 'NONE', #4289, #11361, #4210 ) ;
#1739 = ORIENTED_EDGE ( 'NONE', *, *, #7798, .F. ) ;
#1740 = DIRECTION ( 'NONE',  ( 0.0000000000000000000, 1.000000000000000000, 0.0000000000000000000 ) ) ;
#1741 = VERTEX_POINT ( 'NONE', #148 ) ;
#1742 = STYLED_ITEM ( 'NONE', ( #1617 ), #1712 ) ;
#1743 = CARTESIAN_POINT ( 'NONE',  ( -6218.048202466950900, 307.1790385117190000, 0.01999999999999999700 ) ) ;
#1744 = DIRECTION ( 'NONE',  ( 0.0000000000000000000, 1.000000000000000000, 0.0000000000000000000 ) ) ;
#1745 =( NAMED_UNIT ( * ) PLANE_ANGLE_UNIT ( ) SI_UNIT ( $, .RADIAN. ) );
#1746 = CARTESIAN_POINT ( 'NONE',  ( -6219.432737906850000, 306.1790385117200200, 0.0000000000000000000 ) ) ;
#1747 = EDGE_LOOP ( 'NONE', ( #6266, #5106, #10699, #1087 ) ) ;
#1748 = DIRECTION ( 'NONE',  ( -0.0000000000000000000, 1.000000000000000000, 0.0000000000000000000 ) ) ;
#1749 = MECHANICAL_DESIGN_GEOMETRIC_PRESENTATION_REPRESENTATION (  '', ( #561 ), #4144 ) ;
#1750 =( GEOMETRIC_REPRESENTATION_CONTEXT ( 3 ) GLOBAL_UNCERTAINTY_ASSIGNED_CONTEXT ( ( #2148 ) ) GLOBAL_UNIT_ASSIGNED_CONTEXT ( ( #8856, #5323, #73 ) ) REPRESENTATION_CONTEXT ( 'NONE', 'WORKASPACE' ) );
#1751 = ORIENTED_EDGE ( 'NONE', *, *, #1479, .F. ) ;
#1752 = PLANE ( 'NONE',  #2629 ) ;
#1753 = FACE_OUTER_BOUND ( 'NONE', #7545, .T. ) ;
#1754 = DIRECTION ( 'NONE',  ( 0.0000000000000000000, -0.0000000000000000000, -1.000000000000000000 ) ) ;
#1755 = CARTESIAN_POINT ( 'NONE',  ( -6218.230086079220200, 307.1790385117200200, 0.0000000000000000000 ) ) ;
#1756 = ADVANCED_FACE ( 'NONE', ( #5236 ), #114, .T. ) ;
#1757 = DIRECTION ( 'NONE',  ( 1.000000000000000000, 0.0000000000000000000, -0.0000000000000000000 ) ) ;
#1758 = ORIENTED_EDGE ( 'NONE', *, *, #6258, .F. ) ;
#1759 = SURFACE_STYLE_FILL_AREA ( #1495 ) ;
#1760 = LINE ( 'NONE', #7428, #7483 ) ;
#1761 = ORIENTED_EDGE ( 'NONE', *, *, #9239, .F. ) ;
#1762 = SURFACE_STYLE_USAGE ( .BOTH. , #9665 ) ;
#1763 = FACE_OUTER_BOUND ( 'NONE', #5839, .T. ) ;
#1764 = FILL_AREA_STYLE ('',( #915 ) ) ;
#1765 = AXIS2_PLACEMENT_3D ( 'NONE', #3781, #4706, #1229 ) ;
#1766 = LINE ( 'NONE', #482, #1083 ) ;
#1767 = SURFACE_STYLE_USAGE ( .BOTH. , #6100 ) ;
#1768 = CARTESIAN_POINT ( 'NONE',  ( -6220.532872483720000, 306.8290385117210800, 0.5000000000000000000 ) ) ;
#1769 = LINE ( 'NONE', #9410, #5545 ) ;
#1770 = FACE_OUTER_BOUND ( 'NONE', #7062, .T. ) ;
#1771 = CARTESIAN_POINT ( 'NONE',  ( -6218.132872483720300, 307.1790385117200200, 0.5050000000000000000 ) ) ;
#1772 = PRESENTATION_LAYER_ASSIGNMENT (  '', '', ( #1174 ) ) ;
#1773 = VERTEX_POINT ( 'NONE', #6249 ) ;
#1774 = SURFACE_STYLE_FILL_AREA ( #3182 ) ;
#1775 = CARTESIAN_POINT ( 'NONE',  ( -6220.532872483720000, 306.6790385117209900, 0.5000000000000000000 ) ) ;
#1776 = CYLINDRICAL_SURFACE ( 'NONE', #6920, 0.4500000000238202300 ) ;
#1777 = ORIENTED_EDGE ( 'NONE', *, *, #11009, .F. ) ;
#1778 = COLOUR_RGB ( '',0.7921568627450980000, 0.8196078431372548800, 0.9333333333333333500 ) ;
#1779 = DIRECTION ( 'NONE',  ( 1.000000000000000000, 0.0000000000000000000, -0.0000000000000000000 ) ) ;
#1780 = ORIENTED_EDGE ( 'NONE', *, *, #9965, .F. ) ;
#1781 = UNCERTAINTY_MEASURE_WITH_UNIT (LENGTH_MEASURE( 1.000000000000000100E-005 ), #7709, 'distance_accuracy_value', 'NONE');
#1782 = PLANE ( 'NONE',  #7961 ) ;
#1783 = SURFACE_SIDE_STYLE ('',( #2251 ) ) ;
#1784 = ORIENTED_EDGE ( 'NONE', *, *, #3257, .T. ) ;
#1785 = MECHANICAL_DESIGN_GEOMETRIC_PRESENTATION_REPRESENTATION (  '', ( #8430 ), #4183 ) ;
#1786 = UNCERTAINTY_MEASURE_WITH_UNIT (LENGTH_MEASURE( 1.000000000000000100E-005 ), #7749, 'distance_accuracy_value', 'NONE');
#1788 = DIRECTION ( 'NONE',  ( -0.0000000000000000000, 1.000000000000000000, 0.0000000000000000000 ) ) ;
#1787 = MECHANICAL_DESIGN_GEOMETRIC_PRESENTATION_REPRESENTATION (  '', ( #2241 ), #2383 ) ;
#1789 = COLOUR_RGB ( '',0.7921568627450980000, 0.8196078431372548800, 0.9333333333333333500 ) ;
#1790 = PRESENTATION_STYLE_ASSIGNMENT (( #4675 ) ) ;
#1791 = EDGE_CURVE ( 'NONE', #8153, #8601, #4122, .T. ) ;
#1792 = SURFACE_SIDE_STYLE ('',( #627 ) ) ;
#1793 = PRESENTATION_LAYER_ASSIGNMENT (  '', '', ( #1423 ) ) ;
#1794 = DIRECTION ( 'NONE',  ( 1.000000000000000000, 2.433478120425250100E-024, -4.547473508863889900E-012 ) ) ;
#1795 =( NAMED_UNIT ( * ) PLANE_ANGLE_UNIT ( ) SI_UNIT ( $, .RADIAN. ) );
#1796 = DIRECTION ( 'NONE',  ( 0.0000000000000000000, 0.0000000000000000000, -1.000000000000000000 ) ) ;
#1797 = LINE ( 'NONE', #1200, #10957 ) ;
#1798 = SURFACE_STYLE_FILL_AREA ( #4418 ) ;
#1799 = CARTESIAN_POINT ( 'NONE',  ( -6220.637923509441000, 306.1790385117190000, 0.5000000000000000000 ) ) ;
#1800 = CARTESIAN_POINT ( 'NONE',  ( -6218.732872483719800, 306.1790385117209900, 0.0000000000000000000 ) ) ;
#1801 = ORIENTED_EDGE ( 'NONE', *, *, #3660, .F. ) ;
#1802 = SURFACE_STYLE_FILL_AREA ( #10441 ) ;
#1803 = UNCERTAINTY_MEASURE_WITH_UNIT (LENGTH_MEASURE( 1.000000000000000100E-005 ), #5077, 'distance_accuracy_value', 'NONE');
#1804 = ORIENTED_EDGE ( 'NONE', *, *, #10205, .T. ) ;
#1805 = VECTOR ( 'NONE', #9622, 1000.000000000000000 ) ;
#1806 = AXIS2_PLACEMENT_3D ( 'NONE', #3425, #6942, #2653 ) ;
#1807 = PRESENTATION_STYLE_ASSIGNMENT (( #131 ) ) ;
#1808 = LINE ( 'NONE', #5970, #557 ) ;
#1809 = DIRECTION ( 'NONE',  ( 1.000000000000000000, 0.0000000000000000000, -0.0000000000000000000 ) ) ;
#1810 = ORIENTED_EDGE ( 'NONE', *, *, #3421, .F. ) ;
#1811 = CARTESIAN_POINT ( 'NONE',  ( -6220.532872483720000, 306.6790385117200200, 0.5000000000000000000 ) ) ;
#1812 = AXIS2_PLACEMENT_3D ( 'NONE', #7119, #4381, #2706 ) ;
#1813 =( LENGTH_UNIT ( ) NAMED_UNIT ( * ) SI_UNIT ( .MILLI., .METRE. ) );
#1814 = VECTOR ( 'NONE', #9178, 1000.000000000000000 ) ;
#1815 = FACE_OUTER_BOUND ( 'NONE', #3015, .T. ) ;
#1816 = EDGE_CURVE ( 'NONE', #2626, #8289, #4822, .T. ) ;
#1817 = ORIENTED_EDGE ( 'NONE', *, *, #7252, .T. ) ;
#1818 = ADVANCED_FACE ( 'NONE', ( #4397 ), #99, .F. ) ;
#1819 = DIRECTION ( 'NONE',  ( -4.547473508864640400E-012, 0.0000000000000000000, 1.000000000000000000 ) ) ;
#1820 = COLOUR_RGB ( '',0.7921568627450980000, 0.8196078431372548800, 0.9333333333333333500 ) ;
#1821 = VECTOR ( 'NONE', #10198, 1000.000000000000000 ) ;
#1822 = DIRECTION ( 'NONE',  ( 1.000000000000000000, 0.0000000000000000000, 0.0000000000000000000 ) ) ;
#1823 = DIRECTION ( 'NONE',  ( -1.000000000000000000, 0.0000000000000000000, 0.0000000000000000000 ) ) ;
#1824 = VERTEX_POINT ( 'NONE', #9980 ) ;
#1825 = STYLED_ITEM ( 'NONE', ( #4442 ), #3276 ) ;
#1826 = COLOUR_RGB ( '',0.7921568627450980000, 0.8196078431372548800, 0.9333333333333333500 ) ;
#1827 = ADVANCED_FACE ( 'NONE', ( #8993 ), #10766, .T. ) ;
#1828 = CARTESIAN_POINT ( 'NONE',  ( -6219.932872483719600, 306.9921758150609900, 0.0000000000000000000 ) ) ;
#1829 = PRESENTATION_LAYER_ASSIGNMENT (  '', '', ( #1017 ) ) ;
#1830 = ORIENTED_EDGE ( 'NONE', *, *, #2175, .T. ) ;
#1831 = VECTOR ( 'NONE', #7063, 1000.000000000000000 ) ;
#1832 = ORIENTED_EDGE ( 'NONE', *, *, #9104, .F. ) ;
#1833 = COLOUR_RGB ( '',0.7921568627450980000, 0.8196078431372548800, 0.9333333333333333500 ) ;
#1834 = FILL_AREA_STYLE_COLOUR ( '', #10423 ) ;
#1835 = VECTOR ( 'NONE', #4272, 1000.000000000000000 ) ;
#1836 = ORIENTED_EDGE ( 'NONE', *, *, #3267, .F. ) ;
#1837 = DIRECTION ( 'NONE',  ( 1.000000000000000000, 0.0000000000000000000, 0.0000000000000000000 ) ) ;
#1838 =( NAMED_UNIT ( * ) PLANE_ANGLE_UNIT ( ) SI_UNIT ( $, .RADIAN. ) );
#1839 = FILL_AREA_STYLE ('',( #9771 ) ) ;
#1840 = SURFACE_SIDE_STYLE ('',( #8169 ) ) ;
#1841 = FILL_AREA_STYLE_COLOUR ( '', #5535 ) ;
#1842 = PLANE ( 'NONE',  #5777 ) ;
#1843 = SURFACE_SIDE_STYLE ('',( #7978 ) ) ;
#1844 = PRESENTATION_STYLE_ASSIGNMENT (( #6834 ) ) ;
#1845 = MECHANICAL_DESIGN_GEOMETRIC_PRESENTATION_REPRESENTATION (  '', ( #10981 ), #1612 ) ;
#1846 = MECHANICAL_DESIGN_GEOMETRIC_PRESENTATION_REPRESENTATION (  '', ( #5051 ), #4684 ) ;
#1847 = ORIENTED_EDGE ( 'NONE', *, *, #8868, .T. ) ;
#1848 = ORIENTED_EDGE ( 'NONE', *, *, #2516, .F. ) ;
#1849 = CARTESIAN_POINT ( 'NONE',  ( -6220.832872483720200, 306.9590385117200000, 0.5000000000000000000 ) ) ;
#1850 = ORIENTED_EDGE ( 'NONE', *, *, #10518, .T. ) ;
#1851 =( LENGTH_UNIT ( ) NAMED_UNIT ( * ) SI_UNIT ( .MILLI., .METRE. ) );
#1852 = DIRECTION ( 'NONE',  ( -6.243894290491460300E-012, -0.0000000000000000000, -1.000000000000000000 ) ) ;
#1853 = SURFACE_STYLE_FILL_AREA ( #9734 ) ;
#1854 = DIRECTION ( 'NONE',  ( -7.495138761179857200E-016, -3.939484632289244900E-016, -1.000000000000000000 ) ) ;
#1855 =( NAMED_UNIT ( * ) PLANE_ANGLE_UNIT ( ) SI_UNIT ( $, .RADIAN. ) );
#1856 = PRESENTATION_STYLE_ASSIGNMENT (( #5393 ) ) ;
#1857 = CARTESIAN_POINT ( 'NONE',  ( -6218.392872483719700, 306.1790385117198000, 0.02000000000000000000 ) ) ;
#1858 = VERTEX_POINT ( 'NONE', #1144 ) ;
#1859 = EDGE_CURVE ( 'NONE', #10013, #10901, #5524, .T. ) ;
#1860 = ORIENTED_EDGE ( 'NONE', *, *, #9816, .T. ) ;
#1861 = DIRECTION ( 'NONE',  ( 0.0000000000000000000, -1.000000000000000000, 7.228014483276724300E-016 ) ) ;
#1862 = EDGE_CURVE ( 'NONE', #3622, #3985, #9279, .T. ) ;
#1863 = SURFACE_STYLE_USAGE ( .BOTH. , #3582 ) ;
#1864 = STYLED_ITEM ( 'NONE', ( #437 ), #7824 ) ;
#1865 = SURFACE_STYLE_USAGE ( .BOTH. , #6263 ) ;
#1866 = EDGE_CURVE ( 'NONE', #9470, #3974, #7872, .T. ) ;
#1867 = DIRECTION ( 'NONE',  ( 1.000000000000000000, 0.0000000000000000000, 0.0000000000000000000 ) ) ;
#1868 = EDGE_CURVE ( 'NONE', #6115, #397, #1607, .T. ) ;
#1869 = UNCERTAINTY_MEASURE_WITH_UNIT (LENGTH_MEASURE( 1.000000000000000100E-005 ), #11078, 'distance_accuracy_value', 'NONE');
#1870 = DIRECTION ( 'NONE',  ( 6.243894290491460300E-012, 0.0000000000000000000, 1.000000000000000000 ) ) ;
#1871 = ORIENTED_EDGE ( 'NONE', *, *, #3725, .T. ) ;
#1872 = FACE_OUTER_BOUND ( 'NONE', #3243, .T. ) ;
#1873 = CARTESIAN_POINT ( 'NONE',  ( -6218.216577452560200, 307.1090385117199700, 0.4800000000000000400 ) ) ;
#1874 = CARTESIAN_POINT ( 'NONE',  ( -6220.382872483720300, 306.8290385117210800, 0.5000000000000000000 ) ) ;
#1875 = FACE_OUTER_BOUND ( 'NONE', #230, .T. ) ;
#1876 = FILL_AREA_STYLE ('',( #984 ) ) ;
#1877 = DIRECTION ( 'NONE',  ( -0.0000000000000000000, 1.000000000000000000, 0.0000000000000000000 ) ) ;
#1878 = CARTESIAN_POINT ( 'NONE',  ( -6220.532872483720000, 306.8290385117189800, 0.4800000000000000400 ) ) ;
#1879 = VECTOR ( 'NONE', #7311, 1000.000000000000000 ) ;
#1880 = ORIENTED_EDGE ( 'NONE', *, *, #2605, .F. ) ;
#1881 = ADVANCED_FACE ( 'NONE', ( #1058 ), #8308, .T. ) ;
#1882 =( LENGTH_UNIT ( ) NAMED_UNIT ( * ) SI_UNIT ( .MILLI., .METRE. ) );
#1883 = AXIS2_PLACEMENT_3D ( 'NONE', #6776, #8535, #7718 ) ;
#1884 = ORIENTED_EDGE ( 'NONE', *, *, #3510, .T. ) ;
#1885 = PRESENTATION_LAYER_ASSIGNMENT (  '', '', ( #681 ) ) ;
#1886 = DIRECTION ( 'NONE',  ( -1.000000000000000000, 0.0000000000000000000, 0.0000000000000000000 ) ) ;
#1887 = EDGE_CURVE ( 'NONE', #5558, #9365, #5656, .T. ) ;
#1888 = ADVANCED_FACE ( 'NONE', ( #624 ), #8977, .T. ) ;
#1889 = DIRECTION ( 'NONE',  ( -0.0000000000000000000, -0.0000000000000000000, -1.000000000000000000 ) ) ;
#1890 = ORIENTED_EDGE ( 'NONE', *, *, #872, .F. ) ;
#1891 = DIRECTION ( 'NONE',  ( 9.459100169809020400E-012, 1.000000000000000000, -0.0000000000000000000 ) ) ;
#1892 = DIRECTION ( 'NONE',  ( -0.0000000000000000000, 0.0000000000000000000, 1.000000000000000000 ) ) ;
#1893 = DIRECTION ( 'NONE',  ( 0.0000000000000000000, 0.0000000000000000000, 1.000000000000000000 ) ) ;
#1894 = ORIENTED_EDGE ( 'NONE', *, *, #10548, .F. ) ;
#1895 =( NAMED_UNIT ( * ) SI_UNIT ( $, .STERADIAN. ) SOLID_ANGLE_UNIT ( ) );
#1896 = CARTESIAN_POINT ( 'NONE',  ( -6220.637923509440000, 306.1790385117190000, 0.0000000000000000000 ) ) ;
#1897 = STYLED_ITEM ( 'NONE', ( #8746 ), #6267 ) ;
#1898 = PRESENTATION_LAYER_ASSIGNMENT (  '', '', ( #2116 ) ) ;
#1899 = VERTEX_POINT ( 'NONE', #7378 ) ;
#1900 = SURFACE_STYLE_USAGE ( .BOTH. , #8215 ) ;
#1901 = COLOUR_RGB ( '',0.7921568627450980000, 0.8196078431372548800, 0.9333333333333333500 ) ;
#1902 = VECTOR ( 'NONE', #6233, 1000.000000000000000 ) ;
#1903 =( NAMED_UNIT ( * ) SI_UNIT ( $, .STERADIAN. ) SOLID_ANGLE_UNIT ( ) );
#1904 = COLOUR_RGB ( '',0.7921568627450980000, 0.8196078431372548800, 0.9333333333333333500 ) ;
#1905 = DIRECTION ( 'NONE',  ( -1.000000000000000000, -3.641531520770750200E-013, 6.243894290491460300E-012 ) ) ;
#1906 = LINE ( 'NONE', #10287, #2191 ) ;
#1907 = CARTESIAN_POINT ( 'NONE',  ( -6218.048202466950000, 306.1790385117200200, 0.5000000000000000000 ) ) ;
#1908 = MECHANICAL_DESIGN_GEOMETRIC_PRESENTATION_REPRESENTATION (  '', ( #1309 ), #8323 ) ;
#1909 = EDGE_LOOP ( 'NONE', ( #5982, #1576, #10741, #8042 ) ) ;
#1910 = PRESENTATION_LAYER_ASSIGNMENT (  '', '', ( #10445 ) ) ;
#1911 = AXIS2_PLACEMENT_3D ( 'NONE', #9902, #1893, #7135 ) ;
#1912 =( NAMED_UNIT ( * ) SI_UNIT ( $, .STERADIAN. ) SOLID_ANGLE_UNIT ( ) );
#1913 =( LENGTH_UNIT ( ) NAMED_UNIT ( * ) SI_UNIT ( .MILLI., .METRE. ) );
#1914 = ORIENTED_EDGE ( 'NONE', *, *, #10361, .T. ) ;
#1915 = CARTESIAN_POINT ( 'NONE',  ( -6220.532872483720000, 306.6790385117200200, 0.4800000000000000400 ) ) ;
#1916 = VECTOR ( 'NONE', #7147, 1000.000000000000000 ) ;
#1917 = ORIENTED_EDGE ( 'NONE', *, *, #2918, .F. ) ;
#1918 = SURFACE_STYLE_FILL_AREA ( #11509 ) ;
#1919 = EDGE_CURVE ( 'NONE', #7139, #7659, #7465, .T. ) ;
#1920 = ORIENTED_EDGE ( 'NONE', *, *, #6434, .T. ) ;
#1921 = SURFACE_STYLE_USAGE ( .BOTH. , #8921 ) ;
#1922 = UNCERTAINTY_MEASURE_WITH_UNIT (LENGTH_MEASURE( 1.000000000000000100E-005 ), #959, 'distance_accuracy_value', 'NONE');
#1923 = SURFACE_STYLE_USAGE ( .BOTH. , #10681 ) ;
#1924 = CARTESIAN_POINT ( 'NONE',  ( -6219.132872483720300, 306.1790385117190000, 0.0000000000000000000 ) ) ;
#1925 = CARTESIAN_POINT ( 'NONE',  ( -6220.532872483720000, 306.6790385117200200, 0.4800000000000000400 ) ) ;
#1926 = MECHANICAL_DESIGN_GEOMETRIC_PRESENTATION_REPRESENTATION (  '', ( #5669 ), #4401 ) ;
#1927 = EDGE_CURVE ( 'NONE', #3307, #2394, #5221, .T. ) ;
#1928 =( NAMED_UNIT ( * ) SI_UNIT ( $, .STERADIAN. ) SOLID_ANGLE_UNIT ( ) );
#1929 = ORIENTED_EDGE ( 'NONE', *, *, #8343, .F. ) ;
#1930 = UNCERTAINTY_MEASURE_WITH_UNIT (LENGTH_MEASURE( 1.000000000000000100E-005 ), #9257, 'distance_accuracy_value', 'NONE');
#1931 = PRESENTATION_STYLE_ASSIGNMENT (( #3565 ) ) ;
#1932 = EDGE_CURVE ( 'NONE', #10608, #6371, #488, .T. ) ;
#1933 = LINE ( 'NONE', #10583, #11360 ) ;
#1934 = ORIENTED_EDGE ( 'NONE', *, *, #599, .F. ) ;
#1935 =( NAMED_UNIT ( * ) PLANE_ANGLE_UNIT ( ) SI_UNIT ( $, .RADIAN. ) );
#1936 = FILL_AREA_STYLE_COLOUR ( '', #9308 ) ;
#1937 =( NAMED_UNIT ( * ) PLANE_ANGLE_UNIT ( ) SI_UNIT ( $, .RADIAN. ) );
#1938 = VECTOR ( 'NONE', #5012, 1000.000000000000000 ) ;
#1939 = PRESENTATION_STYLE_ASSIGNMENT (( #10501 ) ) ;
#1940 = ADVANCED_FACE ( 'NONE', ( #7858 ), #338, .T. ) ;
#1941 = FACE_OUTER_BOUND ( 'NONE', #10400, .T. ) ;
#1942 =( NAMED_UNIT ( * ) PLANE_ANGLE_UNIT ( ) SI_UNIT ( $, .RADIAN. ) );
#1943 =( GEOMETRIC_REPRESENTATION_CONTEXT ( 3 ) GLOBAL_UNCERTAINTY_ASSIGNED_CONTEXT ( ( #5363 ) ) GLOBAL_UNIT_ASSIGNED_CONTEXT ( ( #3490, #2717, #11502 ) ) REPRESENTATION_CONTEXT ( 'NONE', 'WORKASPACE' ) );
#1944 = FACE_OUTER_BOUND ( 'NONE', #6533, .T. ) ;
#1945 = ORIENTED_EDGE ( 'NONE', *, *, #3755, .T. ) ;
#1947 = DIRECTION ( 'NONE',  ( -0.0000000000000000000, 1.000000000000000000, 0.0000000000000000000 ) ) ;
#1946 = MECHANICAL_DESIGN_GEOMETRIC_PRESENTATION_REPRESENTATION (  '', ( #1727 ), #7081 ) ;
#1948 = ADVANCED_FACE ( 'NONE', ( #9534 ), #2268, .T. ) ;
#1949 = CIRCLE ( 'NONE', #1436, 1.000000000000465800 ) ;
#1950 = EDGE_CURVE ( 'NONE', #9456, #6905, #7152, .T. ) ;
#1951 = FILL_AREA_STYLE_COLOUR ( '', #1503 ) ;
#1952 = DIRECTION ( 'NONE',  ( 0.0000000000000000000, 0.0000000000000000000, 1.000000000000000000 ) ) ;
#1953 = PRESENTATION_LAYER_ASSIGNMENT (  '', '', ( #10143 ) ) ;
#1954 =( NAMED_UNIT ( * ) SI_UNIT ( $, .STERADIAN. ) SOLID_ANGLE_UNIT ( ) );
#1955 = COLOUR_RGB ( '',0.7921568627450980000, 0.8196078431372548800, 0.9333333333333333500 ) ;
#1956 = COLOUR_RGB ( '',0.7921568627450980000, 0.8196078431372548800, 0.9333333333333333500 ) ;
#1957 = DIRECTION ( 'NONE',  ( 5.467848396278829700E-014, -1.000000000000000000, 1.486066034016632100E-024 ) ) ;
#1958 = ORIENTED_EDGE ( 'NONE', *, *, #7466, .F. ) ;
#1959 = CARTESIAN_POINT ( 'NONE',  ( -6219.932872483719600, 306.9921758150600800, -1.022662430883976400E-024 ) ) ;
#1960 = PRESENTATION_STYLE_ASSIGNMENT (( #53 ) ) ;
#1961 = CARTESIAN_POINT ( 'NONE',  ( -6220.532872483720000, 306.6790385117200200, 0.4800000000000000400 ) ) ;
#1962 = DIRECTION ( 'NONE',  ( 0.0000000000000000000, -1.000000000000000000, 0.0000000000000000000 ) ) ;
#1963 = SURFACE_SIDE_STYLE ('',( #3092 ) ) ;
#1964 = EDGE_LOOP ( 'NONE', ( #1663, #3084, #1330, #11330 ) ) ;
#1965 = VECTOR ( 'NONE', #9176, 1000.000000000000000 ) ;
#1966 = DIRECTION ( 'NONE',  ( -1.000000000000000000, -0.0000000000000000000, -0.0000000000000000000 ) ) ;
#1967 = CARTESIAN_POINT ( 'NONE',  ( -6220.882872483722200, 307.2290385117262300, 0.02000000000000000000 ) ) ;
#1968 = PRESENTATION_LAYER_ASSIGNMENT (  '', '', ( #4364 ) ) ;
#1969 = LINE ( 'NONE', #4336, #4471 ) ;
#1970 = DIRECTION ( 'NONE',  ( 1.000000000000000000, 0.0000000000000000000, 0.0000000000000000000 ) ) ;
#1971 = DIRECTION ( 'NONE',  ( -9.094947017728610300E-012, 0.0000000000000000000, -1.000000000000000000 ) ) ;
#1972 = EDGE_LOOP ( 'NONE', ( #5192, #1484, #5018, #6321 ) ) ;
#1973 = FACE_OUTER_BOUND ( 'NONE', #5162, .T. ) ;
#1974 = DIRECTION ( 'NONE',  ( -0.0000000000000000000, 1.000000000000000000, 0.0000000000000000000 ) ) ;
#1975 = PRESENTATION_STYLE_ASSIGNMENT (( #8201 ) ) ;
#1976 = DIRECTION ( 'NONE',  ( -1.000000000000000000, -0.0000000000000000000, -0.0000000000000000000 ) ) ;
#1977 = ORIENTED_EDGE ( 'NONE', *, *, #3431, .T. ) ;
#1978 = STYLED_ITEM ( 'NONE', ( #9154 ), #10007 ) ;
#1979 =( GEOMETRIC_REPRESENTATION_CONTEXT ( 3 ) GLOBAL_UNCERTAINTY_ASSIGNED_CONTEXT ( ( #3870 ) ) GLOBAL_UNIT_ASSIGNED_CONTEXT ( ( #8436, #6589, #7419 ) ) REPRESENTATION_CONTEXT ( 'NONE', 'WORKASPACE' ) );
#1980 = ORIENTED_EDGE ( 'NONE', *, *, #4389, .T. ) ;
#1981 = STYLED_ITEM ( 'NONE', ( #1116 ), #3138 ) ;
#1982 = FILL_AREA_STYLE_COLOUR ( '', #10839 ) ;
#1983 = CARTESIAN_POINT ( 'NONE',  ( -6220.332872483720200, 306.9590385117200000, 0.4800000000000000400 ) ) ;
#1984 = PRESENTATION_LAYER_ASSIGNMENT (  '', '', ( #6749 ) ) ;
#1985 = FACE_OUTER_BOUND ( 'NONE', #7490, .T. ) ;
#1986 = DIRECTION ( 'NONE',  ( 0.0000000000000000000, -0.0000000000000000000, 1.000000000000000000 ) ) ;
#1987 = FACE_OUTER_BOUND ( 'NONE', #2017, .T. ) ;
#1988 = EDGE_CURVE ( 'NONE', #3491, #3957, #4671, .T. ) ;
#1989 = SURFACE_STYLE_USAGE ( .BOTH. , #1020 ) ;
#1990 = CARTESIAN_POINT ( 'NONE',  ( -6218.332872483719300, 307.1090385117199700, 0.5000000000000000000 ) ) ;
#1991 = ORIENTED_EDGE ( 'NONE', *, *, #4628, .T. ) ;
#1992 = SURFACE_STYLE_USAGE ( .BOTH. , #8185 ) ;
#1993 =( NAMED_UNIT ( * ) SI_UNIT ( $, .STERADIAN. ) SOLID_ANGLE_UNIT ( ) );
#1994 = ORIENTED_EDGE ( 'NONE', *, *, #8691, .F. ) ;
#1995 = CARTESIAN_POINT ( 'NONE',  ( -6218.632872483720300, 307.0721758150600100, 7.542472029557628500E-025 ) ) ;
#1996 = EDGE_LOOP ( 'NONE', ( #2217, #6277, #622, #873 ) ) ;
#1997 = DIRECTION ( 'NONE',  ( -1.000000000000000000, 0.0000000000000000000, -0.0000000000000000000 ) ) ;
#1998 = AXIS2_PLACEMENT_3D ( 'NONE', #3136, #4813, #10277 ) ;
#1999 = STYLED_ITEM ( 'NONE', ( #5039 ), #11301 ) ;
#2000 = AXIS2_PLACEMENT_3D ( 'NONE', #16, #5342, #3560 ) ;
#2001 = EDGE_CURVE ( 'NONE', #1320, #5781, #1456, .T. ) ;
#2002 = VECTOR ( 'NONE', #2665, 1000.000000000000000 ) ;
#2003 = PRESENTATION_STYLE_ASSIGNMENT (( #1921 ) ) ;
#2004 = DIRECTION ( 'NONE',  ( 0.0000000000000000000, 0.0000000000000000000, -1.000000000000000000 ) ) ;
#2005 = SURFACE_STYLE_FILL_AREA ( #8726 ) ;
#2006 = CARTESIAN_POINT ( 'NONE',  ( -6220.532872483720000, 306.6790385117209900, 0.5000000000000000000 ) ) ;
#2007 = VERTEX_POINT ( 'NONE', #8464 ) ;
#2008 = CARTESIAN_POINT ( 'NONE',  ( -6217.832872483720200, 306.6290385117200100, 0.0000000000000000000 ) ) ;
#2009 = ADVANCED_FACE ( 'NONE', ( #612 ), #4846, .T. ) ;
#2010 = SURFACE_STYLE_FILL_AREA ( #6709 ) ;
#2011 = COLOUR_RGB ( '',0.7921568627450980000, 0.8196078431372548800, 0.9333333333333333500 ) ;
#2012 = PRESENTATION_STYLE_ASSIGNMENT (( #5437 ) ) ;
#2013 = EDGE_CURVE ( 'NONE', #1025, #1141, #8968, .T. ) ;
#2014 = UNCERTAINTY_MEASURE_WITH_UNIT (LENGTH_MEASURE( 1.000000000000000100E-005 ), #2405, 'distance_accuracy_value', 'NONE');
#2015 = FILL_AREA_STYLE_COLOUR ( '', #2287 ) ;
#2016 = PRESENTATION_LAYER_ASSIGNMENT (  '', '', ( #2375 ) ) ;
#2017 = EDGE_LOOP ( 'NONE', ( #5310, #1682, #11483, #5884 ) ) ;
#2018 = SURFACE_SIDE_STYLE ('',( #1624 ) ) ;
#2019 =( NAMED_UNIT ( * ) PLANE_ANGLE_UNIT ( ) SI_UNIT ( $, .RADIAN. ) );
#2020 =( GEOMETRIC_REPRESENTATION_CONTEXT ( 3 ) GLOBAL_UNCERTAINTY_ASSIGNED_CONTEXT ( ( #2507 ) ) GLOBAL_UNIT_ASSIGNED_CONTEXT ( ( #8179, #5610, #1053 ) ) REPRESENTATION_CONTEXT ( 'NONE', 'WORKASPACE' ) );
#2021 = EDGE_CURVE ( 'NONE', #304, #2870, #10892, .T. ) ;
#2022 = PRESENTATION_LAYER_ASSIGNMENT (  '', '', ( #4779 ) ) ;
#2023 = SURFACE_STYLE_FILL_AREA ( #2254 ) ;
#2024 = SURFACE_SIDE_STYLE ('',( #5260 ) ) ;
#2025 = LINE ( 'NONE', #2759, #4507 ) ;
#2026 = EDGE_LOOP ( 'NONE', ( #4708, #9932, #10376, #7514, #1260, #483, #9575, #4370 ) ) ;
#2027 = CARTESIAN_POINT ( 'NONE',  ( -6218.332872483720200, 307.1090385117199700, 0.4800000000000000400 ) ) ;
#2028 = EDGE_LOOP ( 'NONE', ( #4175, #11172, #6752, #3819 ) ) ;
#2029 = FILL_AREA_STYLE ('',( #7361 ) ) ;
#2030 = FILL_AREA_STYLE ('',( #7362 ) ) ;
#2031 = CARTESIAN_POINT ( 'NONE',  ( -6220.332872483720200, 306.4690385117199900, 0.4800000000000000400 ) ) ;
#2032 = CARTESIAN_POINT ( 'NONE',  ( -6220.382872483720300, 306.1790385117200200, 0.5000000000000000000 ) ) ;
#2033 =( LENGTH_UNIT ( ) NAMED_UNIT ( * ) SI_UNIT ( .MILLI., .METRE. ) );
#2034 = STYLED_ITEM ( 'NONE', ( #5010 ), #9072 ) ;
#2035 = STYLED_ITEM ( 'NONE', ( #6471 ), #1077 ) ;
#2036 = DIRECTION ( 'NONE',  ( 1.879187445469791900E-014, 3.626463086647982900E-015, -1.000000000000000000 ) ) ;
#2037 = VECTOR ( 'NONE', #1654, 1000.000000000000000 ) ;
#2038 = EDGE_CURVE ( 'NONE', #8558, #7998, #350, .T. ) ;
#2039 = CARTESIAN_POINT ( 'NONE',  ( -6218.732872483719800, 306.9921758150600800, 0.02000000000000000000 ) ) ;
#2040 = CARTESIAN_POINT ( 'NONE',  ( -6217.782872483720900, 306.1290385117165400, 0.0000000000000000000 ) ) ;
#2041 = FILL_AREA_STYLE_COLOUR ( '', #5689 ) ;
#2042 = EDGE_LOOP ( 'NONE', ( #1052, #9625, #9205, #6833 ) ) ;
#2043 = SURFACE_SIDE_STYLE ('',( #9411 ) ) ;
#2044 = ORIENTED_EDGE ( 'NONE', *, *, #10051, .F. ) ;
#2045 = MECHANICAL_DESIGN_GEOMETRIC_PRESENTATION_REPRESENTATION (  '', ( #2878 ), #3696 ) ;
#2046 = STYLED_ITEM ( 'NONE', ( #5633 ), #2119 ) ;
#2047 = DIRECTION ( 'NONE',  ( 0.0000000000000000000, -1.000000000000000000, 0.0000000000000000000 ) ) ;
#2048 = VERTEX_POINT ( 'NONE', #3088 ) ;
#2049 = DIRECTION ( 'NONE',  ( 0.0000000000000000000, 0.0000000000000000000, -1.000000000000000000 ) ) ;
#2050 = LINE ( 'NONE', #10174, #2465 ) ;
#2051 = COLOUR_RGB ( '',0.7921568627450980000, 0.8196078431372548800, 0.9333333333333333500 ) ;
#2052 = VERTEX_POINT ( 'NONE', #8428 ) ;
#2053 = AXIS2_PLACEMENT_3D ( 'NONE', #11142, #10326, #504 ) ;
#2054 = LINE ( 'NONE', #1828, #4852 ) ;
#2055 = ADVANCED_FACE ( 'NONE', ( #1872 ), #3236, .T. ) ;
#2056 = STYLED_ITEM ( 'NONE', ( #7268 ), #11140 ) ;
#2057 = DIRECTION ( 'NONE',  ( -1.000000000000000000, 8.589123698990059600E-026, -1.947219118539836400E-037 ) ) ;
#2058 = AXIS2_PLACEMENT_3D ( 'NONE', #3272, #5076, #10341 ) ;
#2059 = EDGE_CURVE ( 'NONE', #646, #10624, #8830, .T. ) ;
#2060 =( NAMED_UNIT ( * ) PLANE_ANGLE_UNIT ( ) SI_UNIT ( $, .RADIAN. ) );
#2061 = ORIENTED_EDGE ( 'NONE', *, *, #1334, .T. ) ;
#2062 =( LENGTH_UNIT ( ) NAMED_UNIT ( * ) SI_UNIT ( .MILLI., .METRE. ) );
#2063 = CARTESIAN_POINT ( 'NONE',  ( -6218.732872483719800, 307.1790385117190000, 0.02000000000000000000 ) ) ;
#2064 = VECTOR ( 'NONE', #6937, 1000.000000000000000 ) ;
#2065 = CIRCLE ( 'NONE', #5858, 0.4500000000016157700 ) ;
#2066 = SURFACE_STYLE_USAGE ( .BOTH. , #5584 ) ;
#2067 = ORIENTED_EDGE ( 'NONE', *, *, #2528, .F. ) ;
#2068 = MANIFOLD_SOLID_BREP ( '23-1-solid1', #6723 ) ;
#2069 = FILL_AREA_STYLE_COLOUR ( '', #7790 ) ;
#2070 = PRESENTATION_STYLE_ASSIGNMENT (( #9631 ) ) ;
#2071 = FACE_OUTER_BOUND ( 'NONE', #4372, .T. ) ;
#2072 = SURFACE_SIDE_STYLE ('',( #4634 ) ) ;
#2073 = ORIENTED_EDGE ( 'NONE', *, *, #9462, .T. ) ;
#2074 = UNCERTAINTY_MEASURE_WITH_UNIT (LENGTH_MEASURE( 1.000000000000000100E-005 ), #6493, 'distance_accuracy_value', 'NONE');
#2075 = SURFACE_STYLE_FILL_AREA ( #4126 ) ;
#2076 = CARTESIAN_POINT ( 'NONE',  ( -6219.132872483720300, 306.1790385117200200, 9.035665915699470900E-038 ) ) ;
#2077 = PRESENTATION_STYLE_ASSIGNMENT (( #11018 ) ) ;
#2078 = DIRECTION ( 'NONE',  ( -0.0000000000000000000, 1.000000000000000000, 0.0000000000000000000 ) ) ;
#2079 = FILL_AREA_STYLE_COLOUR ( '', #4612 ) ;
#2080 = CLOSED_SHELL ( 'NONE', ( #4051, #3887, #9414, #3173, #9755, #10849 ) ) ;
#2081 = MECHANICAL_DESIGN_GEOMETRIC_PRESENTATION_REPRESENTATION (  '', ( #1702 ), #8628 ) ;
#2082 = FILL_AREA_STYLE_COLOUR ( '', #1630 ) ;
#2083 = EDGE_CURVE ( 'NONE', #8486, #3868, #9523, .T. ) ;
#2084 = DIRECTION ( 'NONE',  ( 0.0000000000000000000, 0.0000000000000000000, 1.000000000000000000 ) ) ;
#2085 = MECHANICAL_DESIGN_GEOMETRIC_PRESENTATION_REPRESENTATION (  '', ( #9460 ), #7682 ) ;
#2086 = LINE ( 'NONE', #4953, #6262 ) ;
#2087 = EDGE_CURVE ( 'NONE', #1672, #10449, #9397, .T. ) ;
#2088 = CARTESIAN_POINT ( 'NONE',  ( -6218.165489868230000, 306.9921758150600800, 0.01999999999999999700 ) ) ;
#2089 = COLOUR_RGB ( '',0.7921568627450980000, 0.8196078431372548800, 0.9333333333333333500 ) ;
#2090 = FACE_OUTER_BOUND ( 'NONE', #3926, .T. ) ;
#2091 = DIRECTION ( 'NONE',  ( 0.0000000000000000000, 0.0000000000000000000, 1.000000000000000000 ) ) ;
#2092 =( NAMED_UNIT ( * ) SI_UNIT ( $, .STERADIAN. ) SOLID_ANGLE_UNIT ( ) );
#2093 = ORIENTED_EDGE ( 'NONE', *, *, #667, .F. ) ;
#2094 = CARTESIAN_POINT ( 'NONE',  ( -6220.832872483720200, 306.1790385117190000, 0.4800000000000000400 ) ) ;
#2095 =( NAMED_UNIT ( * ) PLANE_ANGLE_UNIT ( ) SI_UNIT ( $, .RADIAN. ) );
#2096 = FACE_OUTER_BOUND ( 'NONE', #9701, .T. ) ;
#2097 = LINE ( 'NONE', #8914, #11248 ) ;
#2098 = CARTESIAN_POINT ( 'NONE',  ( -6220.617542500491300, 306.1790385117190000, 0.02000000000000000400 ) ) ;
#2099 = ORIENTED_EDGE ( 'NONE', *, *, #6409, .T. ) ;
#2101 =( NAMED_UNIT ( * ) PLANE_ANGLE_UNIT ( ) SI_UNIT ( $, .RADIAN. ) );
#2100 =( GEOMETRIC_REPRESENTATION_CONTEXT ( 3 ) GLOBAL_UNCERTAINTY_ASSIGNED_CONTEXT ( ( #1633 ) ) GLOBAL_UNIT_ASSIGNED_CONTEXT ( ( #8251, #10068, #6517 ) ) REPRESENTATION_CONTEXT ( 'NONE', 'WORKASPACE' ) );
#2102 = LINE ( 'NONE', #7710, #2368 ) ;
#2103 = PRESENTATION_STYLE_ASSIGNMENT (( #9825 ) ) ;
#2104 = ORIENTED_EDGE ( 'NONE', *, *, #6406, .T. ) ;
#2105 = STYLED_ITEM ( 'NONE', ( #7865 ), #1119 ) ;
#2106 = CARTESIAN_POINT ( 'NONE',  ( -6217.832872483720200, 306.7290385117199800, 0.02000000000000000000 ) ) ;
#2107 = CARTESIAN_POINT ( 'NONE',  ( -6217.782872483719100, 306.1290385117163700, 0.0000000000000000000 ) ) ;
#2108 = VECTOR ( 'NONE', #4356, 1000.000000000000000 ) ;
#2109 = LINE ( 'NONE', #5892, #10564 ) ;
#2110 = ORIENTED_EDGE ( 'NONE', *, *, #5850, .T. ) ;
#2111 = CARTESIAN_POINT ( 'NONE',  ( -6220.532872483720000, 306.8290385117189800, 0.4800000000000000400 ) ) ;
#2112 = SURFACE_STYLE_USAGE ( .BOTH. , #7570 ) ;
#2113 = SURFACE_SIDE_STYLE ('',( #5092 ) ) ;
#2114 = PLANE ( 'NONE',  #8358 ) ;
#2115 = CARTESIAN_POINT ( 'NONE',  ( -6220.382872483720300, 306.6790385117200200, 0.5000000000000000000 ) ) ;
#2116 = STYLED_ITEM ( 'NONE', ( #10775 ), #1818 ) ;
#2117 = LINE ( 'NONE', #1103, #5482 ) ;
#2118 = SURFACE_STYLE_USAGE ( .BOTH. , #4807 ) ;
#2119 = ADVANCED_FACE ( 'NONE', ( #10745 ), #5075, .T. ) ;
#2120 = CIRCLE ( 'NONE', #4916, 0.2500000000011937100 ) ;
#2121 =( NAMED_UNIT ( * ) PLANE_ANGLE_UNIT ( ) SI_UNIT ( $, .RADIAN. ) );
#2122 = ORIENTED_EDGE ( 'NONE', *, *, #5664, .F. ) ;
#2123 = VERTEX_POINT ( 'NONE', #6869 ) ;
#2124 = VERTEX_POINT ( 'NONE', #1561 ) ;
#2125 = DIRECTION ( 'NONE',  ( -1.000000000000000000, -0.0000000000000000000, -0.0000000000000000000 ) ) ;
#2126 = CARTESIAN_POINT ( 'NONE',  ( -6220.382872483720300, 306.8290385117210800, 0.4800000000000000400 ) ) ;
#2127 =( GEOMETRIC_REPRESENTATION_CONTEXT ( 3 ) GLOBAL_UNCERTAINTY_ASSIGNED_CONTEXT ( ( #9228 ) ) GLOBAL_UNIT_ASSIGNED_CONTEXT ( ( #4477, #7933, #3551 ) ) REPRESENTATION_CONTEXT ( 'NONE', 'WORKASPACE' ) );
#2128 = LINE ( 'NONE', #6240, #2399 ) ;
#2129 = LINE ( 'NONE', #2266, #11287 ) ;
#2130 =( GEOMETRIC_REPRESENTATION_CONTEXT ( 3 ) GLOBAL_UNCERTAINTY_ASSIGNED_CONTEXT ( ( #1786 ) ) GLOBAL_UNIT_ASSIGNED_CONTEXT ( ( #7749, #3310, #4038 ) ) REPRESENTATION_CONTEXT ( 'NONE', 'WORKASPACE' ) );
#2131 = CARTESIAN_POINT ( 'NONE',  ( -6220.435658888220100, 306.1790385117200200, 0.5000000000000000000 ) ) ;
#2132 = PRESENTATION_LAYER_ASSIGNMENT (  '', '', ( #5721 ) ) ;
#2133 = FILL_AREA_STYLE ('',( #7550 ) ) ;
#2134 = ORIENTED_EDGE ( 'NONE', *, *, #8703, .F. ) ;
#2135 = LINE ( 'NONE', #5161, #6580 ) ;
#2136 = ORIENTED_EDGE ( 'NONE', *, *, #661, .F. ) ;
#2137 = AXIS2_PLACEMENT_3D ( 'NONE', #7932, #5335, #8822 ) ;
#2138 =( NAMED_UNIT ( * ) SI_UNIT ( $, .STERADIAN. ) SOLID_ANGLE_UNIT ( ) );
#2139 = PRESENTATION_STYLE_ASSIGNMENT (( #7285 ) ) ;
#2140 = CARTESIAN_POINT ( 'NONE',  ( -6220.882872483721300, 307.2290385117264600, 0.02000000000000000000 ) ) ;
#2141 = CARTESIAN_POINT ( 'NONE',  ( -6218.332872483720200, 306.1790385117200200, 0.4800000000000000400 ) ) ;
#2142 = LINE ( 'NONE', #4225, #9516 ) ;
#2143 = DIRECTION ( 'NONE',  ( -1.000000000000000000, 0.0000000000000000000, -0.0000000000000000000 ) ) ;
#2144 = UNCERTAINTY_MEASURE_WITH_UNIT (LENGTH_MEASURE( 1.000000000000000100E-005 ), #3375, 'distance_accuracy_value', 'NONE');
#2145 = CARTESIAN_POINT ( 'NONE',  ( -6218.392872483719700, 306.1790385117200200, 3.749130028993332600E-143 ) ) ;
#2146 = SURFACE_SIDE_STYLE ('',( #8111 ) ) ;
#2147 = ORIENTED_EDGE ( 'NONE', *, *, #7466, .T. ) ;
#2148 = UNCERTAINTY_MEASURE_WITH_UNIT (LENGTH_MEASURE( 1.000000000000000100E-005 ), #8856, 'distance_accuracy_value', 'NONE');
#2149 = PRESENTATION_LAYER_ASSIGNMENT (  '', '', ( #8120 ) ) ;
#2150 = AXIS2_PLACEMENT_3D ( 'NONE', #2965, #10945, #3866 ) ;
#2151 = EDGE_CURVE ( 'NONE', #4794, #7368, #6057, .T. ) ;
#2152 = FACE_OUTER_BOUND ( 'NONE', #587, .T. ) ;
#2153 = SURFACE_STYLE_FILL_AREA ( #7968 ) ;
#2154 =( NAMED_UNIT ( * ) SI_UNIT ( $, .STERADIAN. ) SOLID_ANGLE_UNIT ( ) );
#2155 = VECTOR ( 'NONE', #5599, 1000.000000000000000 ) ;
#2156 = CARTESIAN_POINT ( 'NONE',  ( -6218.632872483720300, 307.1790385117190000, 0.02000000000000000000 ) ) ;
#2157 = ORIENTED_EDGE ( 'NONE', *, *, #3495, .T. ) ;
#2158 = UNCERTAINTY_MEASURE_WITH_UNIT (LENGTH_MEASURE( 1.000000000000000100E-005 ), #2906, 'distance_accuracy_value', 'NONE');
#2159 = CARTESIAN_POINT ( 'NONE',  ( -6218.632872483720300, 306.1790385117190600, 0.02000000000000000000 ) ) ;
#2160 = CARTESIAN_POINT ( 'NONE',  ( -6220.382872483720300, 306.6790385117209900, 0.5000000000000000000 ) ) ;
#2161 = ORIENTED_EDGE ( 'NONE', *, *, #10518, .F. ) ;
#2162 = SURFACE_STYLE_USAGE ( .BOTH. , #3962 ) ;
#2163 = SURFACE_SIDE_STYLE ('',( #9958 ) ) ;
#2164 = UNCERTAINTY_MEASURE_WITH_UNIT (LENGTH_MEASURE( 1.000000000000000100E-005 ), #5776, 'distance_accuracy_value', 'NONE');
#2165 = VECTOR ( 'NONE', #9127, 1000.000000000000000 ) ;
#2166 = LINE ( 'NONE', #3330, #11313 ) ;
#2167 = LINE ( 'NONE', #2899, #11314 ) ;
#2168 = AXIS2_PLACEMENT_3D ( 'NONE', #6438, #5593, #4536 ) ;
#2169 = VERTEX_POINT ( 'NONE', #9654 ) ;
#2170 = SURFACE_SIDE_STYLE ('',( #4148 ) ) ;
#2171 = VECTOR ( 'NONE', #8314, 1000.000000000000000 ) ;
#2172 =( LENGTH_UNIT ( ) NAMED_UNIT ( * ) SI_UNIT ( .MILLI., .METRE. ) );
#2173 =( GEOMETRIC_REPRESENTATION_CONTEXT ( 3 ) GLOBAL_UNCERTAINTY_ASSIGNED_CONTEXT ( ( #6646 ) ) GLOBAL_UNIT_ASSIGNED_CONTEXT ( ( #10623, #7070, #6230 ) ) REPRESENTATION_CONTEXT ( 'NONE', 'WORKASPACE' ) );
#2174 = ORIENTED_EDGE ( 'NONE', *, *, #8763, .T. ) ;
#2175 = EDGE_CURVE ( 'NONE', #3974, #5531, #9514, .T. ) ;
#2176 =( GEOMETRIC_REPRESENTATION_CONTEXT ( 3 ) GLOBAL_UNCERTAINTY_ASSIGNED_CONTEXT ( ( #10667 ) ) GLOBAL_UNIT_ASSIGNED_CONTEXT ( ( #10931, #1937, #2092 ) ) REPRESENTATION_CONTEXT ( 'NONE', 'WORKASPACE' ) );
#2177 = FILL_AREA_STYLE ('',( #1162 ) ) ;
#2178 = LINE ( 'NONE', #9752, #7613 ) ;
#2179 = UNCERTAINTY_MEASURE_WITH_UNIT (LENGTH_MEASURE( 1.000000000000000100E-005 ), #4732, 'distance_accuracy_value', 'NONE');
#2180 = DIRECTION ( 'NONE',  ( 0.0000000000000000000, 2.267075416283500100E-012, 1.000000000000000000 ) ) ;
#2181 = ORIENTED_EDGE ( 'NONE', *, *, #9177, .T. ) ;
#2182 = ADVANCED_FACE ( 'NONE', ( #10592 ), #4937, .T. ) ;
#2183 = CARTESIAN_POINT ( 'NONE',  ( -6220.882872483718500, 307.2290385117166200, 0.0000000000000000000 ) ) ;
#2184 = SURFACE_STYLE_FILL_AREA ( #8990 ) ;
#2185 = CARTESIAN_POINT ( 'NONE',  ( -6220.532872483720000, 306.6790385117209900, 0.5000000000000000000 ) ) ;
#2186 = FILL_AREA_STYLE ('',( #7559 ) ) ;
#2187 = VERTEX_POINT ( 'NONE', #11295 ) ;
#2188 = CARTESIAN_POINT ( 'NONE',  ( -6220.532872483720000, 306.8290385117189800, 0.4800000000000000400 ) ) ;
#2189 = DIRECTION ( 'NONE',  ( -1.000000000000000000, -0.0000000000000000000, -0.0000000000000000000 ) ) ;
#2190 = STYLED_ITEM ( 'NONE', ( #6274 ), #9185 ) ;
#2191 = VECTOR ( 'NONE', #5015, 1000.000000000000000 ) ;
#2192 = VECTOR ( 'NONE', #9890, 1000.000000000000000 ) ;
#2193 =( NAMED_UNIT ( * ) SI_UNIT ( $, .STERADIAN. ) SOLID_ANGLE_UNIT ( ) );
#2194 = MECHANICAL_DESIGN_GEOMETRIC_PRESENTATION_REPRESENTATION (  '', ( #9788 ), #11112 ) ;
#2195 = ORIENTED_EDGE ( 'NONE', *, *, #8432, .T. ) ;
#2196 = ORIENTED_EDGE ( 'NONE', *, *, #9839, .T. ) ;
#2197 = CARTESIAN_POINT ( 'NONE',  ( -6220.382872483720300, 306.6790385117209900, 0.5000000000000000000 ) ) ;
#2198 = FILL_AREA_STYLE_COLOUR ( '', #10762 ) ;
#2199 =( LENGTH_UNIT ( ) NAMED_UNIT ( * ) SI_UNIT ( .MILLI., .METRE. ) );
#2200 =( NAMED_UNIT ( * ) PLANE_ANGLE_UNIT ( ) SI_UNIT ( $, .RADIAN. ) );
#2201 = CARTESIAN_POINT ( 'NONE',  ( -6220.382872483720300, 306.1790385117200200, 0.5000000000000000000 ) ) ;
#2202 =( NAMED_UNIT ( * ) SI_UNIT ( $, .STERADIAN. ) SOLID_ANGLE_UNIT ( ) );
#2203 = VECTOR ( 'NONE', #7785, 1000.000000000000000 ) ;
#2204 = ORIENTED_EDGE ( 'NONE', *, *, #10935, .F. ) ;
#2205 = MECHANICAL_DESIGN_GEOMETRIC_PRESENTATION_REPRESENTATION (  '', ( #1594 ), #3555 ) ;
#2206 =( GEOMETRIC_REPRESENTATION_CONTEXT ( 3 ) GLOBAL_UNCERTAINTY_ASSIGNED_CONTEXT ( ( #648 ) ) GLOBAL_UNIT_ASSIGNED_CONTEXT ( ( #722, #7011, #11348 ) ) REPRESENTATION_CONTEXT ( 'NONE', 'WORKASPACE' ) );
#2207 = PRESENTATION_STYLE_ASSIGNMENT (( #2601 ) ) ;
#2208 = ORIENTED_EDGE ( 'NONE', *, *, #7153, .T. ) ;
#2209 = DIRECTION ( 'NONE',  ( -1.000000000000000000, -0.0000000000000000000, -0.0000000000000000000 ) ) ;
#2210 = PRESENTATION_LAYER_ASSIGNMENT (  '', '', ( #3469 ) ) ;
#2211 = DIRECTION ( 'NONE',  ( 1.000000000000000000, 0.0000000000000000000, 0.0000000000000000000 ) ) ;
#2212 = PLANE ( 'NONE',  #108 ) ;
#2213 = SURFACE_STYLE_FILL_AREA ( #8966 ) ;
#2214 = ORIENTED_EDGE ( 'NONE', *, *, #2605, .T. ) ;
#2215 = SURFACE_STYLE_USAGE ( .BOTH. , #9480 ) ;
#2216 = FACE_OUTER_BOUND ( 'NONE', #2882, .T. ) ;
#2217 = ORIENTED_EDGE ( 'NONE', *, *, #11222, .T. ) ;
#2218 =( GEOMETRIC_REPRESENTATION_CONTEXT ( 3 ) GLOBAL_UNCERTAINTY_ASSIGNED_CONTEXT ( ( #2502 ) ) GLOBAL_UNIT_ASSIGNED_CONTEXT ( ( #8959, #4527, #9083 ) ) REPRESENTATION_CONTEXT ( 'NONE', 'WORKASPACE' ) );
#2219 =( NAMED_UNIT ( * ) SI_UNIT ( $, .STERADIAN. ) SOLID_ANGLE_UNIT ( ) );
#2220 = EDGE_CURVE ( 'NONE', #1653, #433, #9945, .T. ) ;
#2221 = COLOUR_RGB ( '',0.7921568627450980000, 0.8196078431372548800, 0.9333333333333333500 ) ;
#2222 = DIRECTION ( 'NONE',  ( -0.0000000000000000000, 0.0000000000000000000, -1.000000000000000000 ) ) ;
#2223 = ORIENTED_EDGE ( 'NONE', *, *, #6111, .T. ) ;
#2224 = UNCERTAINTY_MEASURE_WITH_UNIT (LENGTH_MEASURE( 1.000000000000000100E-005 ), #6473, 'distance_accuracy_value', 'NONE');
#2225 = CARTESIAN_POINT ( 'NONE',  ( -6217.782872483722700, 307.2290385117134400, 0.4799999999999997600 ) ) ;
#2226 = COLOUR_RGB ( '',0.7921568627450980000, 0.8196078431372548800, 0.9333333333333333500 ) ;
#2227 = DIRECTION ( 'NONE',  ( -1.000000000000000000, 0.0000000000000000000, -0.0000000000000000000 ) ) ;
#2228 = ORIENTED_EDGE ( 'NONE', *, *, #302, .T. ) ;
#2229 =( NAMED_UNIT ( * ) PLANE_ANGLE_UNIT ( ) SI_UNIT ( $, .RADIAN. ) );
#2230 = EDGE_CURVE ( 'NONE', #10105, #2621, #9381, .T. ) ;
#2231 = CARTESIAN_POINT ( 'NONE',  ( -6218.332872483719300, 306.9590385117200000, 0.4800000000000000400 ) ) ;
#2232 = DIRECTION ( 'NONE',  ( -6.199485369506210100E-012, 0.0000000000000000000, -1.000000000000000000 ) ) ;
#2233 = ORIENTED_EDGE ( 'NONE', *, *, #10774, .F. ) ;
#2234 = MECHANICAL_DESIGN_GEOMETRIC_PRESENTATION_REPRESENTATION (  '', ( #10340 ), #10927 ) ;
#2235 = SURFACE_SIDE_STYLE ('',( #6227 ) ) ;
#2236 = EDGE_CURVE ( 'NONE', #7888, #2538, #2560, .T. ) ;
#2237 = PRESENTATION_STYLE_ASSIGNMENT (( #8666 ) ) ;
#2238 = FILL_AREA_STYLE ('',( #9322 ) ) ;
#2239 = ADVANCED_FACE ( 'NONE', ( #3246 ), #10509, .T. ) ;
#2240 = PLANE ( 'NONE',  #4515 ) ;
#2241 = STYLED_ITEM ( 'NONE', ( #2077 ), #8141 ) ;
#2242 = STYLED_ITEM ( 'NONE', ( #29 ), #20 ) ;
#2243 = FACE_OUTER_BOUND ( 'NONE', #4994, .T. ) ;
#2244 = SURFACE_STYLE_USAGE ( .BOTH. , #2170 ) ;
#2245 = VECTOR ( 'NONE', #1675, 1000.000000000000000 ) ;
#2246 = LINE ( 'NONE', #3617, #169 ) ;
#2247 = FILL_AREA_STYLE ('',( #6999 ) ) ;
#2248 = ORIENTED_EDGE ( 'NONE', *, *, #5191, .F. ) ;
#2249 =( NAMED_UNIT ( * ) SI_UNIT ( $, .STERADIAN. ) SOLID_ANGLE_UNIT ( ) );
#2250 =( NAMED_UNIT ( * ) SI_UNIT ( $, .STERADIAN. ) SOLID_ANGLE_UNIT ( ) );
#2251 = SURFACE_STYLE_FILL_AREA ( #2766 ) ;
#2252 = AXIS2_PLACEMENT_3D ( 'NONE', #2623, #2499, #6194 ) ;
#2253 = PRESENTATION_STYLE_ASSIGNMENT (( #4171 ) ) ;
#2254 = FILL_AREA_STYLE ('',( #1359 ) ) ;
#2255 = MECHANICAL_DESIGN_GEOMETRIC_PRESENTATION_REPRESENTATION (  '', ( #6852 ), #6070 ) ;
#2256 = ORIENTED_EDGE ( 'NONE', *, *, #11456, .F. ) ;
#2257 = LINE ( 'NONE', #7451, #1278 ) ;
#2258 = EDGE_LOOP ( 'NONE', ( #6306, #9712, #3455, #3368 ) ) ;
#2259 = EDGE_CURVE ( 'NONE', #1632, #2007, #3545, .T. ) ;
#2260 = CARTESIAN_POINT ( 'NONE',  ( -6220.332872483720200, 306.1790385117200200, 0.5000000000000449600 ) ) ;
#2261 = CARTESIAN_POINT ( 'NONE',  ( -6220.532872483720000, 306.1790385117200200, 0.5050000000000000000 ) ) ;
#2262 = FILL_AREA_STYLE_COLOUR ( '', #6017 ) ;
#2263 = ORIENTED_EDGE ( 'NONE', *, *, #10191, .T. ) ;
#2264 = COLOUR_RGB ( '',0.7921568627450980000, 0.8196078431372548800, 0.9333333333333333500 ) ;
#2265 = ORIENTED_EDGE ( 'NONE', *, *, #656, .F. ) ;
#2266 = CARTESIAN_POINT ( 'NONE',  ( -6218.332872483720200, 307.1090385117190100, 0.4800000000000000400 ) ) ;
#2267 = ORIENTED_EDGE ( 'NONE', *, *, #9021, .T. ) ;
#2268 = PLANE ( 'NONE',  #8664 ) ;
#2269 = MECHANICAL_DESIGN_GEOMETRIC_PRESENTATION_REPRESENTATION (  '', ( #1017 ), #5258 ) ;
#2270 = VECTOR ( 'NONE', #4446, 1000.000000000000000 ) ;
#2271 =( NAMED_UNIT ( * ) SI_UNIT ( $, .STERADIAN. ) SOLID_ANGLE_UNIT ( ) );
#2272 = FILL_AREA_STYLE ('',( #11123 ) ) ;
#2273 = FACE_OUTER_BOUND ( 'NONE', #1033, .T. ) ;
#2274 = SURFACE_STYLE_FILL_AREA ( #10020 ) ;
#2275 = LINE ( 'NONE', #11342, #3542 ) ;
#2276 = DIRECTION ( 'NONE',  ( 0.0000000000000000000, 0.0000000000000000000, -1.000000000000000000 ) ) ;
#2277 = ORIENTED_EDGE ( 'NONE', *, *, #4029, .T. ) ;
#2278 = MANIFOLD_SOLID_BREP ( '17-1-solid1', #6352 ) ;
#2279 = DIRECTION ( 'NONE',  ( 1.000000000000000000, 0.0000000000000000000, -0.0000000000000000000 ) ) ;
#2280 = DIRECTION ( 'NONE',  ( 0.0000000000000000000, -0.0000000000000000000, 1.000000000000000000 ) ) ;
#2281 = AXIS2_PLACEMENT_3D ( 'NONE', #6032, #11430, #2644 ) ;
#2282 = PRESENTATION_STYLE_ASSIGNMENT (( #2571 ) ) ;
#2283 = STYLED_ITEM ( 'NONE', ( #7898 ), #3705 ) ;
#2284 = CARTESIAN_POINT ( 'NONE',  ( -6220.617542500489400, 307.1790385117200200, 0.02000000000000000000 ) ) ;
#2285 = EDGE_CURVE ( 'NONE', #1632, #10473, #1437, .T. ) ;
#2286 = UNCERTAINTY_MEASURE_WITH_UNIT (LENGTH_MEASURE( 1.000000000000000100E-005 ), #9441, 'distance_accuracy_value', 'NONE');
#2287 = COLOUR_RGB ( '',0.7921568627450980000, 0.8196078431372548800, 0.9333333333333333500 ) ;
#2288 = ORIENTED_EDGE ( 'NONE', *, *, #8220, .T. ) ;
#2289 = ADVANCED_FACE ( 'NONE', ( #3114 ), #8910, .T. ) ;
#2290 =( NAMED_UNIT ( * ) SI_UNIT ( $, .STERADIAN. ) SOLID_ANGLE_UNIT ( ) );
#2291 = CARTESIAN_POINT ( 'NONE',  ( -6220.532872483720000, 306.8290385117210800, 0.5000000000000000000 ) ) ;
#2292 = PLANE ( 'NONE',  #4406 ) ;
#2293 = EDGE_CURVE ( 'NONE', #7225, #9859, #4785, .T. ) ;
#2294 = VECTOR ( 'NONE', #7599, 1000.000000000000000 ) ;
#2295 = PRESENTATION_STYLE_ASSIGNMENT (( #10909 ) ) ;
#2296 = DIRECTION ( 'NONE',  ( 1.000000000000000000, 0.0000000000000000000, 0.0000000000000000000 ) ) ;
#2297 = ORIENTED_EDGE ( 'NONE', *, *, #8723, .T. ) ;
#2298 = VECTOR ( 'NONE', #3886, 1000.000000000000000 ) ;
#2299 = SURFACE_STYLE_USAGE ( .BOTH. , #11029 ) ;
#2300 = AXIS2_PLACEMENT_3D ( 'NONE', #3687, #957, #8077 ) ;
#2301 = EDGE_CURVE ( 'NONE', #588, #8558, #8960, .T. ) ;
#2302 = ORIENTED_EDGE ( 'NONE', *, *, #10865, .F. ) ;
#2303 =( NAMED_UNIT ( * ) PLANE_ANGLE_UNIT ( ) SI_UNIT ( $, .RADIAN. ) );
#2304 =( LENGTH_UNIT ( ) NAMED_UNIT ( * ) SI_UNIT ( .MILLI., .METRE. ) );
#2305 = EDGE_CURVE ( 'NONE', #1741, #588, #63, .T. ) ;
#2306 = LINE ( 'NONE', #4408, #1186 ) ;
#2307 = CARTESIAN_POINT ( 'NONE',  ( -6218.230086079220200, 306.1790385117200200, 0.5000000000000000000 ) ) ;
#2308 = CARTESIAN_POINT ( 'NONE',  ( -6220.532872483720000, 306.6790385117209900, 0.4800000000000000400 ) ) ;
#2309 =( NAMED_UNIT ( * ) PLANE_ANGLE_UNIT ( ) SI_UNIT ( $, .RADIAN. ) );
#2310 = VERTEX_POINT ( 'NONE', #8062 ) ;
#2311 = CARTESIAN_POINT ( 'NONE',  ( -6218.732872483719800, 306.9921758150609900, 0.02000000000000000000 ) ) ;
#2312 = CARTESIAN_POINT ( 'NONE',  ( -6220.532872483720000, 306.8290385117210800, 0.4800000000000000400 ) ) ;
#2313 = LINE ( 'NONE', #8851, #6485 ) ;
#2314 =( NAMED_UNIT ( * ) SI_UNIT ( $, .STERADIAN. ) SOLID_ANGLE_UNIT ( ) );
#2315 = AXIS2_PLACEMENT_3D ( 'NONE', #4847, #3089, #7535 ) ;
#2316 = LINE ( 'NONE', #6791, #2459 ) ;
#2317 = DIRECTION ( 'NONE',  ( -3.641531521317120100E-013, 1.000000000000000000, 0.0000000000000000000 ) ) ;
#2318 = VECTOR ( 'NONE', #3845, 1000.000000000000000 ) ;
#2319 = FILL_AREA_STYLE ('',( #3244 ) ) ;
#2320 = STYLED_ITEM ( 'NONE', ( #938 ), #8537 ) ;
#2321 = ORIENTED_EDGE ( 'NONE', *, *, #9464, .T. ) ;
#2322 = CARTESIAN_POINT ( 'NONE',  ( -6218.632872483720300, 306.7290385117190100, 0.0000000000000000000 ) ) ;
#2323 = DIRECTION ( 'NONE',  ( -0.0000000000000000000, -0.0000000000000000000, 1.000000000000000000 ) ) ;
#2324 = MECHANICAL_DESIGN_GEOMETRIC_PRESENTATION_REPRESENTATION (  '', ( #10143 ), #11305 ) ;
#2325 = VECTOR ( 'NONE', #2279, 1000.000000000000000 ) ;
#2326 = VERTEX_POINT ( 'NONE', #939 ) ;
#2327 = CARTESIAN_POINT ( 'NONE',  ( -6220.382872483720300, 306.6790385117209900, 0.4800000000000000400 ) ) ;
#2328 = EDGE_LOOP ( 'NONE', ( #9393, #11052, #1758, #3051, #5985, #8114, #7215, #11256, #7813, #11491, #4239, #206 ) ) ;
#2329 = DIRECTION ( 'NONE',  ( -9.094947017728610300E-012, 0.0000000000000000000, -1.000000000000000000 ) ) ;
#2330 = SURFACE_STYLE_FILL_AREA ( #5454 ) ;
#2331 =( LENGTH_UNIT ( ) NAMED_UNIT ( * ) SI_UNIT ( .MILLI., .METRE. ) );
#2332 = EDGE_LOOP ( 'NONE', ( #4839, #1100, #4945, #9705, #4911, #9074, #4022, #9344, #1054, #4783, #367, #3902, #7618, #4583, #2263, #7802 ) ) ;
#2333 = CARTESIAN_POINT ( 'NONE',  ( -6217.832872483720200, 306.7818249162190200, 0.0000000000000000000 ) ) ;
#2334 = AXIS2_PLACEMENT_3D ( 'NONE', #9050, #10722, #994 ) ;
#2335 = FACE_OUTER_BOUND ( 'NONE', #10914, .T. ) ;
#2336 = LINE ( 'NONE', #9877, #1916 ) ;
#2337 = CARTESIAN_POINT ( 'NONE',  ( -6217.832872483720200, 306.9840895374409800, 0.0000000000000000000 ) ) ;
#2338 = ORIENTED_EDGE ( 'NONE', *, *, #10065, .T. ) ;
#2339 = SURFACE_STYLE_FILL_AREA ( #6107 ) ;
#2340 = DIRECTION ( 'NONE',  ( 0.0000000000000000000, -1.000000000000000000, -0.0000000000000000000 ) ) ;
#2341 = SURFACE_SIDE_STYLE ('',( #5506 ) ) ;
#2342 = DIRECTION ( 'NONE',  ( -0.0000000000000000000, -0.0000000000000000000, 1.000000000000000000 ) ) ;
#2343 = VERTEX_POINT ( 'NONE', #9730 ) ;
#2344 = DIRECTION ( 'NONE',  ( -8.271806125530269700E-023, 1.000000000000000000, 0.0000000000000000000 ) ) ;
#2345 = FILL_AREA_STYLE ('',( #558 ) ) ;
#2346 = ADVANCED_FACE ( 'NONE', ( #2552 ), #6587, .T. ) ;
#2347 = CARTESIAN_POINT ( 'NONE',  ( -6218.392872483719700, 306.1790385117200200, 0.5000000000000000000 ) ) ;
#2348 = LINE ( 'NONE', #11468, #4166 ) ;
#2349 = PRESENTATION_LAYER_ASSIGNMENT (  '', '', ( #9141 ) ) ;
#2350 =( GEOMETRIC_REPRESENTATION_CONTEXT ( 3 ) GLOBAL_UNCERTAINTY_ASSIGNED_CONTEXT ( ( #4868 ) ) GLOBAL_UNIT_ASSIGNED_CONTEXT ( ( #8466, #1256, #7460 ) ) REPRESENTATION_CONTEXT ( 'NONE', 'WORKASPACE' ) );
#2351 = EDGE_LOOP ( 'NONE', ( #2475, #39, #9532, #5194 ) ) ;
#2352 = DIRECTION ( 'NONE',  ( -0.0000000000000000000, -0.0000000000000000000, -1.000000000000000000 ) ) ;
#2353 = LINE ( 'NONE', #9112, #3319 ) ;
#2354 = DIRECTION ( 'NONE',  ( 0.0000000000000000000, -1.000000000000000000, 0.0000000000000000000 ) ) ;
#2355 = ORIENTED_EDGE ( 'NONE', *, *, #6106, .F. ) ;
#2356 = CARTESIAN_POINT ( 'NONE',  ( -6218.048202466950900, 307.1790385117190000, 0.4800000000000000400 ) ) ;
#2357 = ORIENTED_EDGE ( 'NONE', *, *, #4858, .T. ) ;
#2358 = UNCERTAINTY_MEASURE_WITH_UNIT (LENGTH_MEASURE( 1.000000000000000100E-005 ), #4376, 'distance_accuracy_value', 'NONE');
#2359 = MECHANICAL_DESIGN_GEOMETRIC_PRESENTATION_REPRESENTATION (  '', ( #1172 ), #4974 ) ;
#2360 = PRESENTATION_STYLE_ASSIGNMENT (( #5536 ) ) ;
#2361 = LINE ( 'NONE', #6585, #11110 ) ;
#2362 = EDGE_LOOP ( 'NONE', ( #7288, #6796, #6281, #5570 ) ) ;
#2363 = DIRECTION ( 'NONE',  ( 1.000000000000000000, 0.0000000000000000000, -0.0000000000000000000 ) ) ;
#2364 = PRESENTATION_LAYER_ASSIGNMENT (  '', '', ( #9750 ) ) ;
#2365 = CARTESIAN_POINT ( 'NONE',  ( -6220.532872483720000, 306.8290385117189800, 0.5000000000000000000 ) ) ;
#2366 = ORIENTED_EDGE ( 'NONE', *, *, #2285, .T. ) ;
#2367 = DIRECTION ( 'NONE',  ( -1.000000000000000000, 0.0000000000000000000, -0.0000000000000000000 ) ) ;
#2368 = VECTOR ( 'NONE', #2371, 1000.000000000000000 ) ;
#2369 = LINE ( 'NONE', #8895, #9071 ) ;
#2370 = ORIENTED_EDGE ( 'NONE', *, *, #2442, .F. ) ;
#2371 = DIRECTION ( 'NONE',  ( 1.000000000000000000, -0.0000000000000000000, 0.0000000000000000000 ) ) ;
#2372 =( NAMED_UNIT ( * ) PLANE_ANGLE_UNIT ( ) SI_UNIT ( $, .RADIAN. ) );
#2373 =( NAMED_UNIT ( * ) PLANE_ANGLE_UNIT ( ) SI_UNIT ( $, .RADIAN. ) );
#2374 =( NAMED_UNIT ( * ) PLANE_ANGLE_UNIT ( ) SI_UNIT ( $, .RADIAN. ) );
#2375 = STYLED_ITEM ( 'NONE', ( #6708 ), #5326 ) ;
#2376 = CARTESIAN_POINT ( 'NONE',  ( -6218.732872483719800, 306.1790385117200200, 0.02000000000000000000 ) ) ;
#2377 = PLANE ( 'NONE',  #7997 ) ;
#2378 = ORIENTED_EDGE ( 'NONE', *, *, #10384, .T. ) ;
#2379 = LINE ( 'NONE', #5922, #8923 ) ;
#2380 = ORIENTED_EDGE ( 'NONE', *, *, #10703, .F. ) ;
#2381 = FACE_OUTER_BOUND ( 'NONE', #2656, .T. ) ;
#2382 = DIRECTION ( 'NONE',  ( -9.094947017728610300E-012, 0.0000000000000000000, -1.000000000000000000 ) ) ;
#2383 =( GEOMETRIC_REPRESENTATION_CONTEXT ( 3 ) GLOBAL_UNCERTAINTY_ASSIGNED_CONTEXT ( ( #4215 ) ) GLOBAL_UNIT_ASSIGNED_CONTEXT ( ( #2961, #2101, #2990 ) ) REPRESENTATION_CONTEXT ( 'NONE', 'WORKASPACE' ) );
#2384 = CIRCLE ( 'NONE', #9020, 0.4499999999989512400 ) ;
#2385 = ORIENTED_EDGE ( 'NONE', *, *, #8763, .F. ) ;
#2386 = EDGE_CURVE ( 'NONE', #5778, #5488, #1028, .T. ) ;
#2387 = CARTESIAN_POINT ( 'NONE',  ( -6220.617542500491300, 306.1790385117190000, 0.4800000000000000400 ) ) ;
#2388 = CARTESIAN_POINT ( 'NONE',  ( -6220.532872483720000, 306.6790385117200200, 0.5000000000000000000 ) ) ;
#2389 = PRESENTATION_STYLE_ASSIGNMENT (( #3765 ) ) ;
#2390 = DIRECTION ( 'NONE',  ( -0.0000000000000000000, 0.0000000000000000000, -1.000000000000000000 ) ) ;
#2391 = VERTEX_POINT ( 'NONE', #10707 ) ;
#2392 =( NAMED_UNIT ( * ) SI_UNIT ( $, .STERADIAN. ) SOLID_ANGLE_UNIT ( ) );
#2393 = ORIENTED_EDGE ( 'NONE', *, *, #518, .T. ) ;
#2394 = VERTEX_POINT ( 'NONE', #1874 ) ;
#2395 = AXIS2_PLACEMENT_3D ( 'NONE', #2447, #3262, #2367 ) ;
#2396 = ADVANCED_FACE ( 'NONE', ( #10580 ), #7363, .T. ) ;
#2397 = CARTESIAN_POINT ( 'NONE',  ( -6220.382872483720300, 306.6790385117209900, 0.4800000000000000400 ) ) ;
#2398 = PRESENTATION_LAYER_ASSIGNMENT (  '', '', ( #2795 ) ) ;
#2399 = VECTOR ( 'NONE', #141, 1000.000000000000000 ) ;
#2401 = VECTOR ( 'NONE', #7376, 1000.000000000000000 ) ;
#2400 = SURFACE_SIDE_STYLE ('',( #1650 ) ) ;
#2402 = ORIENTED_EDGE ( 'NONE', *, *, #5836, .F. ) ;
#2403 = EDGE_CURVE ( 'NONE', #5315, #7776, #5624, .T. ) ;
#2404 = DIRECTION ( 'NONE',  ( 0.0000000000000000000, -0.0000000000000000000, -1.000000000000000000 ) ) ;
#2405 =( LENGTH_UNIT ( ) NAMED_UNIT ( * ) SI_UNIT ( .MILLI., .METRE. ) );
#2406 = ORIENTED_EDGE ( 'NONE', *, *, #8788, .F. ) ;
#2407 = PLANE ( 'NONE',  #9125 ) ;
#2408 = SURFACE_STYLE_FILL_AREA ( #1839 ) ;
#2409 = FILL_AREA_STYLE ('',( #3430 ) ) ;
#2410 = CIRCLE ( 'NONE', #2666, 0.4499999999942327900 ) ;
#2411 = DIRECTION ( 'NONE',  ( -0.0000000000000000000, 0.0000000000000000000, -1.000000000000000000 ) ) ;
#2412 =( GEOMETRIC_REPRESENTATION_CONTEXT ( 3 ) GLOBAL_UNCERTAINTY_ASSIGNED_CONTEXT ( ( #2939 ) ) GLOBAL_UNIT_ASSIGNED_CONTEXT ( ( #8732, #4388, #1734 ) ) REPRESENTATION_CONTEXT ( 'NONE', 'WORKASPACE' ) );
#2413 = DIRECTION ( 'NONE',  ( 0.0000000000000000000, 0.0000000000000000000, 1.000000000000000000 ) ) ;
#2414 = SURFACE_STYLE_USAGE ( .BOTH. , #1562 ) ;
#2415 = CARTESIAN_POINT ( 'NONE',  ( -6220.382872483720300, 306.6790385117190000, 0.4800000000000000400 ) ) ;
#2416 =( NAMED_UNIT ( * ) SI_UNIT ( $, .STERADIAN. ) SOLID_ANGLE_UNIT ( ) );
#2417 = ORIENTED_EDGE ( 'NONE', *, *, #5890, .F. ) ;
#2418 = STYLED_ITEM ( 'NONE', ( #1567 ), #2419 ) ;
#2419 = MANIFOLD_SOLID_BREP ( '18-1-solid1', #1606 ) ;
#2420 = CARTESIAN_POINT ( 'NONE',  ( -6217.832872483720200, 306.5762521072184700, 0.0000000000000000000 ) ) ;
#2421 = DIRECTION ( 'NONE',  ( -1.000000000000000000, -0.0000000000000000000, -0.0000000000000000000 ) ) ;
#2422 = VECTOR ( 'NONE', #8243, 1000.000000000000000 ) ;
#2423 = PRESENTATION_STYLE_ASSIGNMENT (( #729 ) ) ;
#2424 = UNCERTAINTY_MEASURE_WITH_UNIT (LENGTH_MEASURE( 1.000000000000000100E-005 ), #10706, 'distance_accuracy_value', 'NONE');
#2425 = DIRECTION ( 'NONE',  ( 1.000000000000000000, 2.960594731925768300E-012, 0.0000000000000000000 ) ) ;
#2426 = VECTOR ( 'NONE', #2125, 1000.000000000000000 ) ;
#2427 = ORIENTED_EDGE ( 'NONE', *, *, #4655, .T. ) ;
#2428 = SURFACE_STYLE_USAGE ( .BOTH. , #9513 ) ;
#2429 = VERTEX_POINT ( 'NONE', #1135 ) ;
#2430 = STYLED_ITEM ( 'NONE', ( #6184 ), #6893 ) ;
#2431 = MECHANICAL_DESIGN_GEOMETRIC_PRESENTATION_REPRESENTATION (  '', ( #286 ), #6815 ) ;
#2432 = ORIENTED_EDGE ( 'NONE', *, *, #9077, .T. ) ;
#2433 = PRESENTATION_LAYER_ASSIGNMENT (  '', '', ( #5879 ) ) ;
#2434 = EDGE_CURVE ( 'NONE', #1461, #6207, #52, .T. ) ;
#2435 = DIRECTION ( 'NONE',  ( 0.0000000000000000000, -0.0000000000000000000, -1.000000000000000000 ) ) ;
#2436 = VECTOR ( 'NONE', #5522, 1000.000000000000000 ) ;
#2437 = ORIENTED_EDGE ( 'NONE', *, *, #8044, .T. ) ;
#2438 =( NAMED_UNIT ( * ) SI_UNIT ( $, .STERADIAN. ) SOLID_ANGLE_UNIT ( ) );
#2439 = VERTEX_POINT ( 'NONE', #10799 ) ;
#2440 = CARTESIAN_POINT ( 'NONE',  ( -6220.532872483720000, 306.8290385117189800, 0.4800000000000000400 ) ) ;
#2441 = DIRECTION ( 'NONE',  ( -1.000000000000000000, -0.0000000000000000000, 0.0000000000000000000 ) ) ;
#2442 = EDGE_CURVE ( 'NONE', #11450, #3649, #9235, .T. ) ;
#2443 = FILL_AREA_STYLE ('',( #10294 ) ) ;
#2444 = FILL_AREA_STYLE_COLOUR ( '', #5609 ) ;
#2445 = LINE ( 'NONE', #1775, #2879 ) ;
#2446 = SURFACE_STYLE_FILL_AREA ( #5732 ) ;
#2447 = CARTESIAN_POINT ( 'NONE',  ( -6220.532872483720000, 306.6790385117209900, 0.4800000000000000400 ) ) ;
#2448 = STYLED_ITEM ( 'NONE', ( #435 ), #5460 ) ;
#2449 = EDGE_CURVE ( 'NONE', #3785, #4150, #3949, .T. ) ;
#2450 = ORIENTED_EDGE ( 'NONE', *, *, #2434, .T. ) ;
#2452 = MECHANICAL_DESIGN_GEOMETRIC_PRESENTATION_REPRESENTATION (  '', ( #1864 ), #8437 ) ;
#2451 =( NAMED_UNIT ( * ) PLANE_ANGLE_UNIT ( ) SI_UNIT ( $, .RADIAN. ) );
#2453 = EDGE_CURVE ( 'NONE', #6688, #9552, #3537, .T. ) ;
#2454 = DIRECTION ( 'NONE',  ( 0.0000000000000000000, 0.0000000000000000000, -1.000000000000000000 ) ) ;
#2455 = EDGE_CURVE ( 'NONE', #5592, #1139, #7427, .T. ) ;
#2456 = CARTESIAN_POINT ( 'NONE',  ( -6220.332872483720200, 306.6190385117200200, 0.4800000000000000400 ) ) ;
#2457 =( NAMED_UNIT ( * ) SI_UNIT ( $, .STERADIAN. ) SOLID_ANGLE_UNIT ( ) );
#2458 = CARTESIAN_POINT ( 'NONE',  ( -6219.132872483720300, 306.8321758150610200, 0.02000000000000000000 ) ) ;
#2459 = VECTOR ( 'NONE', #6855, 1000.000000000000000 ) ;
#2460 = CARTESIAN_POINT ( 'NONE',  ( -6220.882872483715800, 307.2290385117063900, 0.0000000000000000000 ) ) ;
#2461 = ADVANCED_FACE ( 'NONE', ( #5186 ), #5501, .T. ) ;
#2462 = LINE ( 'NONE', #10472, #6640 ) ;
#2463 =( NAMED_UNIT ( * ) PLANE_ANGLE_UNIT ( ) SI_UNIT ( $, .RADIAN. ) );
#2464 = VERTEX_POINT ( 'NONE', #2932 ) ;
#2465 = VECTOR ( 'NONE', #1348, 1000.000000000000000 ) ;
#2466 = ORIENTED_EDGE ( 'NONE', *, *, #577, .F. ) ;
#2467 = DIRECTION ( 'NONE',  ( 0.0000000000000000000, -1.000000000000000000, -0.0000000000000000000 ) ) ;
#2468 = MECHANICAL_DESIGN_GEOMETRIC_PRESENTATION_REPRESENTATION (  '', ( #8580 ), #5017 ) ;
#2469 = LINE ( 'NONE', #7380, #123 ) ;
#2470 = FILL_AREA_STYLE_COLOUR ( '', #10314 ) ;
#2471 = PRESENTATION_STYLE_ASSIGNMENT (( #6486 ) ) ;
#2472 =( LENGTH_UNIT ( ) NAMED_UNIT ( * ) SI_UNIT ( .MILLI., .METRE. ) );
#2473 = LINE ( 'NONE', #2376, #7501 ) ;
#2474 = AXIS2_PLACEMENT_3D ( 'NONE', #10523, #6132, #11462 ) ;
#2475 = ORIENTED_EDGE ( 'NONE', *, *, #10219, .T. ) ;
#2476 = COLOUR_RGB ( '',0.7921568627450980000, 0.8196078431372548800, 0.9333333333333333500 ) ;
#2477 = SURFACE_SIDE_STYLE ('',( #10791 ) ) ;
#2478 = LINE ( 'NONE', #3821, #5838 ) ;
#2479 = EDGE_CURVE ( 'NONE', #3530, #9365, #3101, .T. ) ;
#2480 = ORIENTED_EDGE ( 'NONE', *, *, #1471, .F. ) ;
#2481 = SURFACE_SIDE_STYLE ('',( #901 ) ) ;
#2482 = DIRECTION ( 'NONE',  ( 1.000000000000000000, 0.0000000000000000000, -0.0000000000000000000 ) ) ;
#2483 =( LENGTH_UNIT ( ) NAMED_UNIT ( * ) SI_UNIT ( .MILLI., .METRE. ) );
#2484 = ORIENTED_EDGE ( 'NONE', *, *, #9095, .F. ) ;
#2485 = CARTESIAN_POINT ( 'NONE',  ( -6220.832872483720200, 306.6190385117200200, 0.4800000000000000400 ) ) ;
#2486 = LINE ( 'NONE', #10497, #10019 ) ;
#2487 = CARTESIAN_POINT ( 'NONE',  ( -6220.532872483720000, 306.8290385117200000, 0.4800000000000000400 ) ) ;
#2488 = LINE ( 'NONE', #863, #11101 ) ;
#2489 = SURFACE_SIDE_STYLE ('',( #2647 ) ) ;
#2490 = ORIENTED_EDGE ( 'NONE', *, *, #2001, .F. ) ;
#2491 =( GEOMETRIC_REPRESENTATION_CONTEXT ( 3 ) GLOBAL_UNCERTAINTY_ASSIGNED_CONTEXT ( ( #10599 ) ) GLOBAL_UNIT_ASSIGNED_CONTEXT ( ( #9090, #68, #9898 ) ) REPRESENTATION_CONTEXT ( 'NONE', 'WORKASPACE' ) );
#2492 =( LENGTH_UNIT ( ) NAMED_UNIT ( * ) SI_UNIT ( .MILLI., .METRE. ) );
#2493 = LINE ( 'NONE', #10665, #2635 ) ;
#2494 = UNCERTAINTY_MEASURE_WITH_UNIT (LENGTH_MEASURE( 1.000000000000000100E-005 ), #10291, 'distance_accuracy_value', 'NONE');
#2495 = DIRECTION ( 'NONE',  ( 0.0000000000000000000, -0.0000000000000000000, 1.000000000000000000 ) ) ;
#2496 =( NAMED_UNIT ( * ) SI_UNIT ( $, .STERADIAN. ) SOLID_ANGLE_UNIT ( ) );
#2497 = CARTESIAN_POINT ( 'NONE',  ( -6219.532872483720000, 306.1790385117200200, 0.0000000000000000000 ) ) ;
#2498 =( LENGTH_UNIT ( ) NAMED_UNIT ( * ) SI_UNIT ( .MILLI., .METRE. ) );
#2499 = DIRECTION ( 'NONE',  ( 0.0000000000000000000, 0.0000000000000000000, 1.000000000000000000 ) ) ;
#2500 = COLOUR_RGB ( '',0.7921568627450980000, 0.8196078431372548800, 0.9333333333333333500 ) ;
#2501 = DIRECTION ( 'NONE',  ( 1.000000000000000000, 0.0000000000000000000, 0.0000000000000000000 ) ) ;
#2502 = UNCERTAINTY_MEASURE_WITH_UNIT (LENGTH_MEASURE( 1.000000000000000100E-005 ), #8959, 'distance_accuracy_value', 'NONE');
#2503 = STYLED_ITEM ( 'NONE', ( #214 ), #10664 ) ;
#2504 = PRESENTATION_LAYER_ASSIGNMENT (  '', '', ( #1160 ) ) ;
#2505 = COLOUR_RGB ( '',0.7921568627450980000, 0.8196078431372548800, 0.9333333333333333500 ) ;
#2506 = CARTESIAN_POINT ( 'NONE',  ( -6218.732872483719800, 306.1790385117200200, 0.02000000000000000000 ) ) ;
#2507 = UNCERTAINTY_MEASURE_WITH_UNIT (LENGTH_MEASURE( 1.000000000000000100E-005 ), #8179, 'distance_accuracy_value', 'NONE');
#2508 = COLOUR_RGB ( '',0.7921568627450980000, 0.8196078431372548800, 0.9333333333333333500 ) ;
#2509 = VECTOR ( 'NONE', #1966, 1000.000000000000000 ) ;
#2510 = CARTESIAN_POINT ( 'NONE',  ( -6218.332872483720200, 306.9590385117189700, 0.5000000000000000000 ) ) ;
#2511 = CARTESIAN_POINT ( 'NONE',  ( -6220.532872483720000, 306.8290385117210800, 0.4800000000000000400 ) ) ;
#2512 = VERTEX_POINT ( 'NONE', #2185 ) ;
#2513 = SURFACE_STYLE_USAGE ( .BOTH. , #2553 ) ;
#2514 = UNCERTAINTY_MEASURE_WITH_UNIT (LENGTH_MEASURE( 1.000000000000000100E-005 ), #9446, 'distance_accuracy_value', 'NONE');
#2515 = CARTESIAN_POINT ( 'NONE',  ( -6220.522872483719800, 306.9590385117200000, 0.4800000000000000400 ) ) ;
#2516 = EDGE_CURVE ( 'NONE', #3045, #7276, #10067, .T. ) ;
#2517 = EDGE_CURVE ( 'NONE', #9668, #806, #9922, .T. ) ;
#2518 = ADVANCED_FACE ( 'NONE', ( #9639 ), #6568, .T. ) ;
#2519 = LINE ( 'NONE', #8061, #2825 ) ;
#2520 = AXIS2_PLACEMENT_3D ( 'NONE', #2910, #3878, #7296 ) ;
#2521 = EDGE_CURVE ( 'NONE', #7139, #4181, #5325, .T. ) ;
#2522 = VECTOR ( 'NONE', #7740, 1000.000000000000000 ) ;
#2523 = PLANE ( 'NONE',  #11234 ) ;
#2524 = DIRECTION ( 'NONE',  ( 0.0000000000000000000, 1.000000000000000000, 0.0000000000000000000 ) ) ;
#2525 = ORIENTED_EDGE ( 'NONE', *, *, #1486, .T. ) ;
#2526 = SURFACE_STYLE_USAGE ( .BOTH. , #4285 ) ;
#2527 = CARTESIAN_POINT ( 'NONE',  ( -6217.782872483722700, 307.2290385117134400, 0.4799999999999997600 ) ) ;
#2528 = EDGE_CURVE ( 'NONE', #5235, #6041, #3938, .T. ) ;
#2529 = DIRECTION ( 'NONE',  ( -0.0000000000000000000, -0.0000000000000000000, -1.000000000000000000 ) ) ;
#2530 = COLOUR_RGB ( '',0.7921568627450980000, 0.8196078431372548800, 0.9333333333333333500 ) ;
#2531 = VECTOR ( 'NONE', #3334, 1000.000000000000000 ) ;
#2532 = SURFACE_SIDE_STYLE ('',( #5595 ) ) ;
#2533 = ORIENTED_EDGE ( 'NONE', *, *, #6703, .F. ) ;
#2534 = FACE_OUTER_BOUND ( 'NONE', #3512, .T. ) ;
#2535 = SURFACE_STYLE_FILL_AREA ( #2030 ) ;
#2536 = EDGE_LOOP ( 'NONE', ( #2637, #5443, #1860, #4010 ) ) ;
#2537 = CARTESIAN_POINT ( 'NONE',  ( -6220.382872483720300, 306.8290385117210800, 0.4800000000000000400 ) ) ;
#2538 = VERTEX_POINT ( 'NONE', #2106 ) ;
#2539 = DIRECTION ( 'NONE',  ( 0.0000000000000000000, -1.000000000000000000, 0.0000000000000000000 ) ) ;
#2540 = STYLED_ITEM ( 'NONE', ( #5875 ), #5752 ) ;
#2541 = CARTESIAN_POINT ( 'NONE',  ( -6218.632872483720300, 306.7290385117190100, 0.02000000000000000000 ) ) ;
#2542 = PRESENTATION_STYLE_ASSIGNMENT (( #1241 ) ) ;
#2543 = FILL_AREA_STYLE_COLOUR ( '', #4136 ) ;
#2544 = AXIS2_PLACEMENT_3D ( 'NONE', #2688, #847, #7097 ) ;
#2545 = EDGE_CURVE ( 'NONE', #433, #3022, #6826, .T. ) ;
#2546 = AXIS2_PLACEMENT_3D ( 'NONE', #4775, #2047, #9106 ) ;
#2547 = EDGE_LOOP ( 'NONE', ( #8866, #2815, #9253, #7241 ) ) ;
#2548 = ORIENTED_EDGE ( 'NONE', *, *, #5446, .F. ) ;
#2549 = CARTESIAN_POINT ( 'NONE',  ( -6220.832872483720200, 306.9637085284920200, 0.4800000000000000400 ) ) ;
#2550 = ORIENTED_EDGE ( 'NONE', *, *, #11071, .T. ) ;
#2551 = CARTESIAN_POINT ( 'NONE',  ( -6220.670740449360000, 306.8321758150600000, 0.02000000000000000000 ) ) ;
#2552 = FACE_OUTER_BOUND ( 'NONE', #8495, .T. ) ;
#2553 = SURFACE_SIDE_STYLE ('',( #2785 ) ) ;
#2554 = VECTOR ( 'NONE', #2625, 1000.000000000000000 ) ;
#2555 = PLANE ( 'NONE',  #5414 ) ;
#2556 = PRESENTATION_LAYER_ASSIGNMENT (  '', '', ( #1209 ) ) ;
#2557 = ORIENTED_EDGE ( 'NONE', *, *, #6627, .T. ) ;
#2558 =( NAMED_UNIT ( * ) SI_UNIT ( $, .STERADIAN. ) SOLID_ANGLE_UNIT ( ) );
#2559 = STYLED_ITEM ( 'NONE', ( #620 ), #1184 ) ;
#2560 = LINE ( 'NONE', #3636, #4662 ) ;
#2561 = FILL_AREA_STYLE ('',( #809 ) ) ;
#2562 =( NAMED_UNIT ( * ) SI_UNIT ( $, .STERADIAN. ) SOLID_ANGLE_UNIT ( ) );
#2563 =( NAMED_UNIT ( * ) PLANE_ANGLE_UNIT ( ) SI_UNIT ( $, .RADIAN. ) );
#2564 =( NAMED_UNIT ( * ) SI_UNIT ( $, .STERADIAN. ) SOLID_ANGLE_UNIT ( ) );
#2565 = DIRECTION ( 'NONE',  ( 0.0000000000000000000, 0.0000000000000000000, 1.000000000000000000 ) ) ;
#2566 = ORIENTED_EDGE ( 'NONE', *, *, #370, .T. ) ;
#2567 =( GEOMETRIC_REPRESENTATION_CONTEXT ( 3 ) GLOBAL_UNCERTAINTY_ASSIGNED_CONTEXT ( ( #6291 ) ) GLOBAL_UNIT_ASSIGNED_CONTEXT ( ( #5846, #4123, #6721 ) ) REPRESENTATION_CONTEXT ( 'NONE', 'WORKASPACE' ) );
#2568 = COLOUR_RGB ( '',0.7921568627450980000, 0.8196078431372548800, 0.9333333333333333500 ) ;
#2569 = PRESENTATION_LAYER_ASSIGNMENT (  '', '', ( #783 ) ) ;
#2570 =( GEOMETRIC_REPRESENTATION_CONTEXT ( 3 ) GLOBAL_UNCERTAINTY_ASSIGNED_CONTEXT ( ( #10454 ) ) GLOBAL_UNIT_ASSIGNED_CONTEXT ( ( #3825, #8176, #9065 ) ) REPRESENTATION_CONTEXT ( 'NONE', 'WORKASPACE' ) );
#2571 = SURFACE_STYLE_USAGE ( .BOTH. , #4338 ) ;
#2572 = COLOUR_RGB ( '',0.7921568627450980000, 0.8196078431372548800, 0.9333333333333333500 ) ;
#2573 =( NAMED_UNIT ( * ) SI_UNIT ( $, .STERADIAN. ) SOLID_ANGLE_UNIT ( ) );
#2574 = UNCERTAINTY_MEASURE_WITH_UNIT (LENGTH_MEASURE( 1.000000000000000100E-005 ), #4435, 'distance_accuracy_value', 'NONE');
#2575 = DIRECTION ( 'NONE',  ( 0.0000000000000000000, 0.0000000000000000000, 1.000000000000000000 ) ) ;
#2576 = CARTESIAN_POINT ( 'NONE',  ( -6219.332872483720200, 307.1790385117200200, 0.4999999999991118200 ) ) ;
#2577 = AXIS2_PLACEMENT_3D ( 'NONE', #4245, #740, #10363 ) ;
#2578 = ORIENTED_EDGE ( 'NONE', *, *, #6684, .F. ) ;
#2579 = SURFACE_STYLE_USAGE ( .BOTH. , #1683 ) ;
#2580 = ADVANCED_FACE ( 'NONE', ( #7695 ), #7444, .T. ) ;
#2581 = FILL_AREA_STYLE_COLOUR ( '', #345 ) ;
#2582 = ORIENTED_EDGE ( 'NONE', *, *, #5538, .T. ) ;
#2583 = ORIENTED_EDGE ( 'NONE', *, *, #4466, .T. ) ;
#2584 = COLOUR_RGB ( '',0.7921568627450980000, 0.8196078431372548800, 0.9333333333333333500 ) ;
#2585 = DIRECTION ( 'NONE',  ( -1.000000000000000000, -0.0000000000000000000, -0.0000000000000000000 ) ) ;
#2586 = ADVANCED_FACE ( 'NONE', ( #3662 ), #8379, .T. ) ;
#2587 = COLOUR_RGB ( '',0.7921568627450980000, 0.8196078431372548800, 0.9333333333333333500 ) ;
#2588 =( NAMED_UNIT ( * ) SI_UNIT ( $, .STERADIAN. ) SOLID_ANGLE_UNIT ( ) );
#2589 =( GEOMETRIC_REPRESENTATION_CONTEXT ( 3 ) GLOBAL_UNCERTAINTY_ASSIGNED_CONTEXT ( ( #8688 ) ) GLOBAL_UNIT_ASSIGNED_CONTEXT ( ( #564, #9471, #4151 ) ) REPRESENTATION_CONTEXT ( 'NONE', 'WORKASPACE' ) );
#2590 = SURFACE_SIDE_STYLE ('',( #10360 ) ) ;
#2591 = VERTEX_POINT ( 'NONE', #11214 ) ;
#2592 = PRESENTATION_LAYER_ASSIGNMENT (  '', '', ( #2056 ) ) ;
#2593 =( LENGTH_UNIT ( ) NAMED_UNIT ( * ) SI_UNIT ( .MILLI., .METRE. ) );
#2594 = AXIS2_PLACEMENT_3D ( 'NONE', #4606, #10800, #5502 ) ;
#2595 = FILL_AREA_STYLE ('',( #8687 ) ) ;
#2596 = DIRECTION ( 'NONE',  ( -0.0000000000000000000, -0.0000000000000000000, -1.000000000000000000 ) ) ;
#2597 = PRESENTATION_STYLE_ASSIGNMENT (( #1767 ) ) ;
#2598 = COLOUR_RGB ( '',0.7921568627450980000, 0.8196078431372548800, 0.9333333333333333500 ) ;
#2599 =( NAMED_UNIT ( * ) SI_UNIT ( $, .STERADIAN. ) SOLID_ANGLE_UNIT ( ) );
#2600 = EDGE_LOOP ( 'NONE', ( #6654, #7326, #3688, #2181 ) ) ;
#2601 = SURFACE_STYLE_USAGE ( .BOTH. , #3502 ) ;
#2602 =( NAMED_UNIT ( * ) SI_UNIT ( $, .STERADIAN. ) SOLID_ANGLE_UNIT ( ) );
#2603 = PLANE ( 'NONE',  #6758 ) ;
#2604 = EDGE_LOOP ( 'NONE', ( #8318, #8881, #5537, #5924 ) ) ;
#2605 = EDGE_CURVE ( 'NONE', #5300, #4676, #10437, .T. ) ;
#2606 = VECTOR ( 'NONE', #5390, 1000.000000000000000 ) ;
#2607 = MECHANICAL_DESIGN_GEOMETRIC_PRESENTATION_REPRESENTATION (  '', ( #816 ), #5 ) ;
#2608 = SURFACE_STYLE_FILL_AREA ( #6626 ) ;
#2609 = SURFACE_STYLE_FILL_AREA ( #4943 ) ;
#2611 = CARTESIAN_POINT ( 'NONE',  ( -6217.782872483719100, 306.1290385117116000, 0.01999999999999999700 ) ) ;
#2610 =( GEOMETRIC_REPRESENTATION_CONTEXT ( 3 ) GLOBAL_UNCERTAINTY_ASSIGNED_CONTEXT ( ( #928 ) ) GLOBAL_UNIT_ASSIGNED_CONTEXT ( ( #9925, #8988, #9880 ) ) REPRESENTATION_CONTEXT ( 'NONE', 'WORKASPACE' ) );
#2612 = ORIENTED_EDGE ( 'NONE', *, *, #10346, .T. ) ;
#2613 = EDGE_CURVE ( 'NONE', #3504, #10949, #9492, .T. ) ;
#2614 =( LENGTH_UNIT ( ) NAMED_UNIT ( * ) SI_UNIT ( .MILLI., .METRE. ) );
#2615 =( LENGTH_UNIT ( ) NAMED_UNIT ( * ) SI_UNIT ( .MILLI., .METRE. ) );
#2616 = STYLED_ITEM ( 'NONE', ( #5750 ), #89 ) ;
#2617 = LINE ( 'NONE', #124, #262 ) ;
#2618 = COLOUR_RGB ( '',0.7921568627450980000, 0.8196078431372548800, 0.9333333333333333500 ) ;
#2619 = FILL_AREA_STYLE_COLOUR ( '', #6990 ) ;
#2620 = CARTESIAN_POINT ( 'NONE',  ( -6218.048202466950000, 306.1790385117200200, 0.2500000000000000000 ) ) ;
#2621 = VERTEX_POINT ( 'NONE', #6040 ) ;
#2622 = DIRECTION ( 'NONE',  ( 1.879187445469791900E-014, 3.626463086647982900E-015, -1.000000000000000000 ) ) ;
#2623 = CARTESIAN_POINT ( 'NONE',  ( -6220.882872483722200, 307.2290385117201500, 0.4800000000000000400 ) ) ;
#2624 = CARTESIAN_POINT ( 'NONE',  ( -6220.832872483720200, 306.7818249162199900, 0.0000000000000000000 ) ) ;
#2625 = DIRECTION ( 'NONE',  ( -1.000000000000000000, -1.123337534104020000E-012, -0.0000000000000000000 ) ) ;
#2626 = VERTEX_POINT ( 'NONE', #10461 ) ;
#2627 = PRESENTATION_STYLE_ASSIGNMENT (( #8656 ) ) ;
#2628 = ORIENTED_EDGE ( 'NONE', *, *, #755, .T. ) ;
#2629 = AXIS2_PLACEMENT_3D ( 'NONE', #3634, #8875, #10705 ) ;
#2630 = FILL_AREA_STYLE ('',( #7216 ) ) ;
#2631 = CARTESIAN_POINT ( 'NONE',  ( -6218.392872483719700, 306.6290385117199500, 0.0000000000000000000 ) ) ;
#2632 = CARTESIAN_POINT ( 'NONE',  ( -6217.832872483720200, 306.1790385117200200, 0.5000000000000000000 ) ) ;
#2633 =( GEOMETRIC_REPRESENTATION_CONTEXT ( 3 ) GLOBAL_UNCERTAINTY_ASSIGNED_CONTEXT ( ( #11285 ) ) GLOBAL_UNIT_ASSIGNED_CONTEXT ( ( #269, #6476, #6509 ) ) REPRESENTATION_CONTEXT ( 'NONE', 'WORKASPACE' ) );
#2634 = FACE_OUTER_BOUND ( 'NONE', #1556, .T. ) ;
#2635 = VECTOR ( 'NONE', #2698, 1000.000000000000000 ) ;
#2636 = CARTESIAN_POINT ( 'NONE',  ( -6217.832872483720200, 306.7818249162190200, 0.5000000000000000000 ) ) ;
#2637 = ORIENTED_EDGE ( 'NONE', *, *, #1350, .F. ) ;
#2638 = EDGE_CURVE ( 'NONE', #10584, #6617, #6297, .T. ) ;
#2639 = LINE ( 'NONE', #3503, #7655 ) ;
#2640 = UNCERTAINTY_MEASURE_WITH_UNIT (LENGTH_MEASURE( 1.000000000000000100E-005 ), #3489, 'distance_accuracy_value', 'NONE');
#2641 = VECTOR ( 'NONE', #613, 1000.000000000000000 ) ;
#2642 = ADVANCED_FACE ( 'NONE', ( #5887 ), #5103, .T. ) ;
#2643 = ORIENTED_EDGE ( 'NONE', *, *, #5733, .T. ) ;
#2644 = DIRECTION ( 'NONE',  ( -1.000000000000000000, 4.440892098510976000E-013, 0.0000000000000000000 ) ) ;
#2645 = CARTESIAN_POINT ( 'NONE',  ( -6218.027821457999400, 307.1790385117195100, 0.0000000000000000000 ) ) ;
#2646 = CARTESIAN_POINT ( 'NONE',  ( -6220.449167514880200, 307.1090385117199700, 0.4800000000000000400 ) ) ;
#2647 = SURFACE_STYLE_FILL_AREA ( #6800 ) ;
#2648 = UNCERTAINTY_MEASURE_WITH_UNIT (LENGTH_MEASURE( 1.000000000000000100E-005 ), #2593, 'distance_accuracy_value', 'NONE');
#2649 = DIRECTION ( 'NONE',  ( 1.000000000000000000, 0.0000000000000000000, 0.0000000000000000000 ) ) ;
#2650 = AXIS2_PLACEMENT_3D ( 'NONE', #3193, #9536, #3637 ) ;
#2651 = ORIENTED_EDGE ( 'NONE', *, *, #7608, .F. ) ;
#2652 = ADVANCED_FACE ( 'NONE', ( #1985 ), #1551, .T. ) ;
#2653 = DIRECTION ( 'NONE',  ( 1.000000000000000000, 2.097087935407960800E-012, 0.0000000000000000000 ) ) ;
#2654 =( GEOMETRIC_REPRESENTATION_CONTEXT ( 3 ) GLOBAL_UNCERTAINTY_ASSIGNED_CONTEXT ( ( #4791 ) ) GLOBAL_UNIT_ASSIGNED_CONTEXT ( ( #58, #5266, #5307 ) ) REPRESENTATION_CONTEXT ( 'NONE', 'WORKASPACE' ) );
#2655 = PRESENTATION_STYLE_ASSIGNMENT (( #444 ) ) ;
#2656 = EDGE_LOOP ( 'NONE', ( #10534, #8874, #3232, #8324 ) ) ;
#2657 = FILL_AREA_STYLE ('',( #898 ) ) ;
#2658 = SURFACE_SIDE_STYLE ('',( #2184 ) ) ;
#2659 = DIRECTION ( 'NONE',  ( 0.0000000000000000000, 0.0000000000000000000, 1.000000000000000000 ) ) ;
#2660 = FACE_OUTER_BOUND ( 'NONE', #1909, .T. ) ;
#2661 = DIRECTION ( 'NONE',  ( 1.000000000000000000, 0.0000000000000000000, -0.0000000000000000000 ) ) ;
#2662 = PLANE ( 'NONE',  #7796 ) ;
#2663 = CARTESIAN_POINT ( 'NONE',  ( -6220.532872483720000, 306.8290385117210800, 0.4800000000000000400 ) ) ;
#2664 =( NAMED_UNIT ( * ) PLANE_ANGLE_UNIT ( ) SI_UNIT ( $, .RADIAN. ) );
#2665 = DIRECTION ( 'NONE',  ( 0.0000000000000000000, 0.0000000000000000000, 1.000000000000000000 ) ) ;
#2666 = AXIS2_PLACEMENT_3D ( 'NONE', #3625, #3580, #5450 ) ;
#2667 = CIRCLE ( 'NONE', #5309, 0.4499999999980630600 ) ;
#2668 = MECHANICAL_DESIGN_GEOMETRIC_PRESENTATION_REPRESENTATION (  '', ( #4613 ), #8415 ) ;
#2669 = ORIENTED_EDGE ( 'NONE', *, *, #9903, .F. ) ;
#2670 = PRESENTATION_LAYER_ASSIGNMENT (  '', '', ( #6394 ) ) ;
#2671 = DIRECTION ( 'NONE',  ( 0.0000000000000000000, 0.0000000000000000000, 1.000000000000000000 ) ) ;
#2672 = LINE ( 'NONE', #3, #5176 ) ;
#2673 =( NAMED_UNIT ( * ) SI_UNIT ( $, .STERADIAN. ) SOLID_ANGLE_UNIT ( ) );
#2674 = ORIENTED_EDGE ( 'NONE', *, *, #2848, .T. ) ;
#2675 = DIRECTION ( 'NONE',  ( 0.0000000000000000000, 0.0000000000000000000, 1.000000000000000000 ) ) ;
#2676 = DIRECTION ( 'NONE',  ( 0.0000000000000000000, 0.0000000000000000000, 1.000000000000000000 ) ) ;
#2677 = ORIENTED_EDGE ( 'NONE', *, *, #3824, .T. ) ;
#2678 = DIRECTION ( 'NONE',  ( 1.000000000000000000, 2.467162276677849700E-012, 0.0000000000000000000 ) ) ;
#2679 = SURFACE_STYLE_FILL_AREA ( #10264 ) ;
#2680 = LINE ( 'NONE', #8686, #9486 ) ;
#2681 =( NAMED_UNIT ( * ) PLANE_ANGLE_UNIT ( ) SI_UNIT ( $, .RADIAN. ) );
#2682 = ORIENTED_EDGE ( 'NONE', *, *, #9177, .F. ) ;
#2683 = EDGE_CURVE ( 'NONE', #9792, #860, #11139, .T. ) ;
#2684 =( LENGTH_UNIT ( ) NAMED_UNIT ( * ) SI_UNIT ( .MILLI., .METRE. ) );
#2685 = MECHANICAL_DESIGN_GEOMETRIC_PRESENTATION_REPRESENTATION (  '', ( #6472 ), #3263 ) ;
#2686 = EDGE_CURVE ( 'NONE', #1434, #4478, #6426, .T. ) ;
#2687 = FACE_OUTER_BOUND ( 'NONE', #1996, .T. ) ;
#2689 = VECTOR ( 'NONE', #821, 1000.000000000000000 ) ;
#2688 = CARTESIAN_POINT ( 'NONE',  ( -6220.532872483720000, 306.8290385117210800, 0.4800000000000000400 ) ) ;
#2690 =( NAMED_UNIT ( * ) PLANE_ANGLE_UNIT ( ) SI_UNIT ( $, .RADIAN. ) );
#2691 = MECHANICAL_DESIGN_GEOMETRIC_PRESENTATION_REPRESENTATION (  '', ( #305 ), #5674 ) ;
#2692 = ORIENTED_EDGE ( 'NONE', *, *, #4349, .F. ) ;
#2693 =( NAMED_UNIT ( * ) PLANE_ANGLE_UNIT ( ) SI_UNIT ( $, .RADIAN. ) );
#2694 = EDGE_LOOP ( 'NONE', ( #11233, #194, #7894, #10511, #8958, #10977, #11318 ) ) ;
#2695 =( NAMED_UNIT ( * ) SI_UNIT ( $, .STERADIAN. ) SOLID_ANGLE_UNIT ( ) );
#2696 = VERTEX_POINT ( 'NONE', #6941 ) ;
#2697 = EDGE_CURVE ( 'NONE', #6365, #10388, #4066, .T. ) ;
#2698 = DIRECTION ( 'NONE',  ( -1.000000000000000000, -0.0000000000000000000, -0.0000000000000000000 ) ) ;
#2699 = VECTOR ( 'NONE', #6171, 1000.000000000000000 ) ;
#2700 = SURFACE_STYLE_USAGE ( .BOTH. , #2658 ) ;
#2701 = FILL_AREA_STYLE ('',( #5341 ) ) ;
#2702 = CARTESIAN_POINT ( 'NONE',  ( -6217.782872483587200, 307.2290385117698900, 0.4800000000000000400 ) ) ;
#2703 = DIRECTION ( 'NONE',  ( 0.0000000000000000000, -0.0000000000000000000, 1.000000000000000000 ) ) ;
#2704 = DIRECTION ( 'NONE',  ( -1.000000000000000000, 0.0000000000000000000, -0.0000000000000000000 ) ) ;
#2705 = ORIENTED_EDGE ( 'NONE', *, *, #7881, .F. ) ;
#2706 = DIRECTION ( 'NONE',  ( 0.0000000000000000000, -0.0000000000000000000, -1.000000000000000000 ) ) ;
#2707 = ADVANCED_FACE ( 'NONE', ( #8518 ), #11250, .T. ) ;
#2708 = CARTESIAN_POINT ( 'NONE',  ( -6218.216577452560200, 307.1090385117190100, 0.4899999999999999900 ) ) ;
#2709 = STYLED_ITEM ( 'NONE', ( #4284 ), #8582 ) ;
#2710 = PRESENTATION_LAYER_ASSIGNMENT (  '', '', ( #2105 ) ) ;
#2711 = CARTESIAN_POINT ( 'NONE',  ( -6220.382872483720300, 306.8290385117210800, 0.4800000000000000400 ) ) ;
#2712 = ADVANCED_FACE ( 'NONE', ( #3801 ), #3465, .T. ) ;
#2713 = FILL_AREA_STYLE ('',( #11499 ) ) ;
#2714 = ORIENTED_EDGE ( 'NONE', *, *, #661, .T. ) ;
#2715 = DIRECTION ( 'NONE',  ( 0.0000000000000000000, 0.0000000000000000000, -1.000000000000000000 ) ) ;
#2716 = DIRECTION ( 'NONE',  ( 1.726396803085320000E-013, 1.000000000000000000, 0.0000000000000000000 ) ) ;
#2717 =( NAMED_UNIT ( * ) PLANE_ANGLE_UNIT ( ) SI_UNIT ( $, .RADIAN. ) );
#2718 = VECTOR ( 'NONE', #7714, 1000.000000000000000 ) ;
#2719 = LINE ( 'NONE', #4427, #7845 ) ;
#2720 = FACE_OUTER_BOUND ( 'NONE', #9719, .T. ) ;
#2721 = PRESENTATION_STYLE_ASSIGNMENT (( #4735 ) ) ;
#2722 = ORIENTED_EDGE ( 'NONE', *, *, #961, .F. ) ;
#2723 =( LENGTH_UNIT ( ) NAMED_UNIT ( * ) SI_UNIT ( .MILLI., .METRE. ) );
#2724 = ORIENTED_EDGE ( 'NONE', *, *, #65, .T. ) ;
#2725 = PRESENTATION_LAYER_ASSIGNMENT (  '', '', ( #1517 ) ) ;
#2726 = CARTESIAN_POINT ( 'NONE',  ( -6220.532872483720000, 306.1790385117200200, 0.5050000000000000000 ) ) ;
#2727 = LINE ( 'NONE', #176, #11043 ) ;
#2728 = UNCERTAINTY_MEASURE_WITH_UNIT (LENGTH_MEASURE( 1.000000000000000100E-005 ), #7513, 'distance_accuracy_value', 'NONE');
#2729 =( NAMED_UNIT ( * ) PLANE_ANGLE_UNIT ( ) SI_UNIT ( $, .RADIAN. ) );
#2730 = EDGE_LOOP ( 'NONE', ( #1945, #9408, #4563, #4806 ) ) ;
#2731 = DIRECTION ( 'NONE',  ( 0.0000000000000000000, 0.0000000000000000000, 1.000000000000000000 ) ) ;
#2732 = EDGE_LOOP ( 'NONE', ( #8653, #8861, #9778, #2466 ) ) ;
#2733 = MECHANICAL_DESIGN_GEOMETRIC_PRESENTATION_REPRESENTATION (  '', ( #4514 ), #2127 ) ;
#2734 = PRESENTATION_LAYER_ASSIGNMENT (  '', '', ( #713 ) ) ;
#2735 = CARTESIAN_POINT ( 'NONE',  ( -6217.782872483719100, 306.1290385117163700, 0.02000000000000000000 ) ) ;
#2736 =( GEOMETRIC_REPRESENTATION_CONTEXT ( 3 ) GLOBAL_UNCERTAINTY_ASSIGNED_CONTEXT ( ( #4301 ) ) GLOBAL_UNIT_ASSIGNED_CONTEXT ( ( #9787, #1855, #9751 ) ) REPRESENTATION_CONTEXT ( 'NONE', 'WORKASPACE' ) );
#2737 = SURFACE_SIDE_STYLE ('',( #11160 ) ) ;
#2738 = SURFACE_STYLE_FILL_AREA ( #6288 ) ;
#2739 =( NAMED_UNIT ( * ) SI_UNIT ( $, .STERADIAN. ) SOLID_ANGLE_UNIT ( ) );
#2740 = CARTESIAN_POINT ( 'NONE',  ( -6218.332872483720200, 306.1790385117200200, 0.4800000000000000400 ) ) ;
#2741 =( LENGTH_UNIT ( ) NAMED_UNIT ( * ) SI_UNIT ( .MILLI., .METRE. ) );
#2742 =( GEOMETRIC_REPRESENTATION_CONTEXT ( 3 ) GLOBAL_UNCERTAINTY_ASSIGNED_CONTEXT ( ( #5152 ) ) GLOBAL_UNIT_ASSIGNED_CONTEXT ( ( #4288, #4208, #10396 ) ) REPRESENTATION_CONTEXT ( 'NONE', 'WORKASPACE' ) );
#2743 = FACE_OUTER_BOUND ( 'NONE', #10194, .T. ) ;
#2744 =( NAMED_UNIT ( * ) PLANE_ANGLE_UNIT ( ) SI_UNIT ( $, .RADIAN. ) );
#2745 = ORIENTED_EDGE ( 'NONE', *, *, #8426, .F. ) ;
#2746 = VECTOR ( 'NONE', #7981, 1000.000000000000000 ) ;
#2747 = VERTEX_POINT ( 'NONE', #7191 ) ;
#2748 = EDGE_CURVE ( 'NONE', #3629, #7226, #2672, .T. ) ;
#2749 = CARTESIAN_POINT ( 'NONE',  ( -6219.232872483719800, 306.1790385117200200, 0.0000000000000000000 ) ) ;
#2750 = DIRECTION ( 'NONE',  ( 0.0000000000000000000, 1.000000000000000000, -0.0000000000000000000 ) ) ;
#2751 = PLANE ( 'NONE',  #6562 ) ;
#2752 = CARTESIAN_POINT ( 'NONE',  ( -6220.832872483720200, 307.1790385117190000, 0.0000000000000000000 ) ) ;
#2753 = STYLED_ITEM ( 'NONE', ( #914 ), #4393 ) ;
#2754 =( NAMED_UNIT ( * ) SI_UNIT ( $, .STERADIAN. ) SOLID_ANGLE_UNIT ( ) );
#2755 = EDGE_CURVE ( 'NONE', #5894, #10731, #5034, .T. ) ;
#2756 = ORIENTED_EDGE ( 'NONE', *, *, #245, .F. ) ;
#2757 = VECTOR ( 'NONE', #8478, 1000.000000000000000 ) ;
#2758 = VERTEX_POINT ( 'NONE', #11437 ) ;
#2759 = CARTESIAN_POINT ( 'NONE',  ( -6218.392872483719700, 306.6290385117200100, 0.0000000000000000000 ) ) ;
#2760 = DIRECTION ( 'NONE',  ( 0.0000000000000000000, -1.000000000000000000, -0.0000000000000000000 ) ) ;
#2761 = DIRECTION ( 'NONE',  ( 0.0000000000000000000, -1.000000000000000000, 0.0000000000000000000 ) ) ;
#2762 = COLOUR_RGB ( '',0.7921568627450980000, 0.8196078431372548800, 0.9333333333333333500 ) ;
#2763 = ORIENTED_EDGE ( 'NONE', *, *, #7637, .T. ) ;
#2764 =( LENGTH_UNIT ( ) NAMED_UNIT ( * ) SI_UNIT ( .MILLI., .METRE. ) );
#2765 = VECTOR ( 'NONE', #5530, 1000.000000000000000 ) ;
#2766 = FILL_AREA_STYLE ('',( #9491 ) ) ;
#2767 = ADVANCED_FACE ( 'NONE', ( #178 ), #9841, .T. ) ;
#2768 = CARTESIAN_POINT ( 'NONE',  ( -6220.449167514870200, 307.1090385117190100, 0.4899999999999999900 ) ) ;
#2769 = ORIENTED_EDGE ( 'NONE', *, *, #3715, .F. ) ;
#2771 = AXIS2_PLACEMENT_3D ( 'NONE', #95, #10668, #3594 ) ;
#2770 = DIRECTION ( 'NONE',  ( -1.696420781626150100E-012, 3.190488766595687100E-024, -1.000000000000000000 ) ) ;
#2772 = LINE ( 'NONE', #2632, #10126 ) ;
#2773 = COLOUR_RGB ( '',0.7921568627450980000, 0.8196078431372548800, 0.9333333333333333500 ) ;
#2774 = EDGE_CURVE ( 'NONE', #2870, #1461, #6948, .T. ) ;
#2775 = FILL_AREA_STYLE_COLOUR ( '', #9287 ) ;
#2776 = DIRECTION ( 'NONE',  ( -0.0000000000000000000, -0.0000000000000000000, -1.000000000000000000 ) ) ;
#2777 = PRESENTATION_LAYER_ASSIGNMENT (  '', '', ( #7329 ) ) ;
#2778 = DIRECTION ( 'NONE',  ( 0.0000000000000000000, 1.000000000000000000, 0.0000000000000000000 ) ) ;
#2779 = CARTESIAN_POINT ( 'NONE',  ( -6219.132872483720300, 307.1790385117190000, 0.0000000000000000000 ) ) ;
#2780 = VECTOR ( 'NONE', #6859, 1000.000000000000000 ) ;
#2781 = FILL_AREA_STYLE ('',( #10709 ) ) ;
#2782 = COLOUR_RGB ( '',0.7921568627450980000, 0.8196078431372548800, 0.9333333333333333500 ) ;
#2783 =( NAMED_UNIT ( * ) PLANE_ANGLE_UNIT ( ) SI_UNIT ( $, .RADIAN. ) );
#2784 = EDGE_LOOP ( 'NONE', ( #8522, #8510, #1340, #4844 ) ) ;
#2785 = SURFACE_STYLE_FILL_AREA ( #3323 ) ;
#2786 = CARTESIAN_POINT ( 'NONE',  ( -6218.732872483719800, 307.1790385117200200, 0.0000000000000000000 ) ) ;
#2787 = VERTEX_POINT ( 'NONE', #5298 ) ;
#2788 = MECHANICAL_DESIGN_GEOMETRIC_PRESENTATION_REPRESENTATION (  '', ( #4951 ), #3770 ) ;
#2789 = LINE ( 'NONE', #4641, #11109 ) ;
#2790 = COLOUR_RGB ( '',0.7921568627450980000, 0.8196078431372548800, 0.9333333333333333500 ) ;
#2791 =( LENGTH_UNIT ( ) NAMED_UNIT ( * ) SI_UNIT ( .MILLI., .METRE. ) );
#2792 = DIRECTION ( 'NONE',  ( -0.0000000000000000000, -0.0000000000000000000, 1.000000000000000000 ) ) ;
#2793 = ORIENTED_EDGE ( 'NONE', *, *, #10809, .F. ) ;
#2794 = DIRECTION ( 'NONE',  ( -0.0000000000000000000, -0.0000000000000000000, -1.000000000000000000 ) ) ;
#2795 = STYLED_ITEM ( 'NONE', ( #1931 ), #1425 ) ;
#2796 = DIRECTION ( 'NONE',  ( 0.0000000000000000000, -1.000000000000000000, -0.0000000000000000000 ) ) ;
#2797 = DIRECTION ( 'NONE',  ( 1.000000000000000000, 0.0000000000000000000, -0.0000000000000000000 ) ) ;
#2798 = VECTOR ( 'NONE', #6600, 1000.000000000000000 ) ;
#2799 = SURFACE_STYLE_FILL_AREA ( #9891 ) ;
#2800 = UNCERTAINTY_MEASURE_WITH_UNIT (LENGTH_MEASURE( 1.000000000000000100E-005 ), #10628, 'distance_accuracy_value', 'NONE');
#2801 = ORIENTED_EDGE ( 'NONE', *, *, #8365, .F. ) ;
#2802 =( NAMED_UNIT ( * ) PLANE_ANGLE_UNIT ( ) SI_UNIT ( $, .RADIAN. ) );
#2803 = LINE ( 'NONE', #10920, #425 ) ;
#2804 = DIRECTION ( 'NONE',  ( -3.289549702669572400E-012, -1.000000000000000000, 0.0000000000000000000 ) ) ;
#2805 = FILL_AREA_STYLE_COLOUR ( '', #5968 ) ;
#2806 = VERTEX_POINT ( 'NONE', #10539 ) ;
#2807 = MECHANICAL_DESIGN_GEOMETRIC_PRESENTATION_REPRESENTATION (  '', ( #5566 ), #5788 ) ;
#2808 = MECHANICAL_DESIGN_GEOMETRIC_PRESENTATION_REPRESENTATION (  '', ( #10965 ), #2412 ) ;
#2809 = DIRECTION ( 'NONE',  ( 2.117933757585229900E-024, -4.932017078026831900E-037, 1.000000000000000000 ) ) ;
#2810 = DIRECTION ( 'NONE',  ( -5.472801415309319700E-024, 3.293208335686401900E-036, -1.000000000000000000 ) ) ;
#2811 = PRESENTATION_LAYER_ASSIGNMENT (  '', '', ( #5185 ) ) ;
#2812 = ORIENTED_EDGE ( 'NONE', *, *, #9992, .F. ) ;
#2813 = SURFACE_SIDE_STYLE ('',( #6397 ) ) ;
#2814 = COLOUR_RGB ( '',0.7921568627450980000, 0.8196078431372548800, 0.9333333333333333500 ) ;
#2815 = ORIENTED_EDGE ( 'NONE', *, *, #6922, .F. ) ;
#2816 = CARTESIAN_POINT ( 'NONE',  ( -6220.832872483720200, 306.6190385117200200, 0.5000000000000000000 ) ) ;
#2817 =( NAMED_UNIT ( * ) SI_UNIT ( $, .STERADIAN. ) SOLID_ANGLE_UNIT ( ) );
#2818 =( NAMED_UNIT ( * ) PLANE_ANGLE_UNIT ( ) SI_UNIT ( $, .RADIAN. ) );
#2819 =( NAMED_UNIT ( * ) SI_UNIT ( $, .STERADIAN. ) SOLID_ANGLE_UNIT ( ) );
#2820 = STYLED_ITEM ( 'NONE', ( #11164 ), #7253 ) ;
#2821 =( GEOMETRIC_REPRESENTATION_CONTEXT ( 3 ) GLOBAL_UNCERTAINTY_ASSIGNED_CONTEXT ( ( #10389 ) ) GLOBAL_UNIT_ASSIGNED_CONTEXT ( ( #10873, #9971, #4652 ) ) REPRESENTATION_CONTEXT ( 'NONE', 'WORKASPACE' ) );
#2822 = PRESENTATION_LAYER_ASSIGNMENT (  '', '', ( #10044 ) ) ;
#2823 = EDGE_CURVE ( 'NONE', #5600, #456, #8095, .T. ) ;
#2824 = EDGE_LOOP ( 'NONE', ( #11143, #11316, #9171, #1980 ) ) ;
#2825 = VECTOR ( 'NONE', #8909, 1000.000000000000000 ) ;
#2826 = ORIENTED_EDGE ( 'NONE', *, *, #7588, .F. ) ;
#2827 = DIRECTION ( 'NONE',  ( -0.0000000000000000000, 1.000000000000000000, 0.0000000000000000000 ) ) ;
#2828 = ORIENTED_EDGE ( 'NONE', *, *, #9975, .F. ) ;
#2829 = ADVANCED_FACE ( 'NONE', ( #11128 ), #3587, .T. ) ;
#2830 = DIRECTION ( 'NONE',  ( -3.641531521317120100E-013, 1.000000000000000000, 0.0000000000000000000 ) ) ;
#2831 = DIRECTION ( 'NONE',  ( -1.000000000000000000, 0.0000000000000000000, -0.0000000000000000000 ) ) ;
#2832 = VECTOR ( 'NONE', #10943, 1000.000000000000000 ) ;
#2833 = SURFACE_SIDE_STYLE ('',( #2836 ) ) ;
#2834 =( NAMED_UNIT ( * ) SI_UNIT ( $, .STERADIAN. ) SOLID_ANGLE_UNIT ( ) );
#2835 = CARTESIAN_POINT ( 'NONE',  ( -6220.532872483720000, 306.1790385117200200, 0.5000000000000000000 ) ) ;
#2836 = SURFACE_STYLE_FILL_AREA ( #8119 ) ;
#2837 = PRESENTATION_STYLE_ASSIGNMENT (( #2066 ) ) ;
#2838 =( NAMED_UNIT ( * ) PLANE_ANGLE_UNIT ( ) SI_UNIT ( $, .RADIAN. ) );
#2839 = ADVANCED_FACE ( 'NONE', ( #9066 ), #10697, .T. ) ;
#2840 = PRESENTATION_STYLE_ASSIGNMENT (( #3919 ) ) ;
#2841 = ORIENTED_EDGE ( 'NONE', *, *, #9089, .F. ) ;
#2842 = FACE_OUTER_BOUND ( 'NONE', #9299, .T. ) ;
#2843 = EDGE_CURVE ( 'NONE', #3624, #6983, #7944, .T. ) ;
#2844 = EDGE_CURVE ( 'NONE', #5607, #8163, #3791, .T. ) ;
#2845 = ORIENTED_EDGE ( 'NONE', *, *, #454, .T. ) ;
#2846 = VERTEX_POINT ( 'NONE', #10738 ) ;
#2847 = FILL_AREA_STYLE ('',( #3663 ) ) ;
#2848 = EDGE_CURVE ( 'NONE', #6983, #1480, #7251, .T. ) ;
#2849 = PLANE ( 'NONE',  #2546 ) ;
#2850 = STYLED_ITEM ( 'NONE', ( #2237 ), #7897 ) ;
#2851 = EDGE_CURVE ( 'NONE', #3849, #8906, #5589, .T. ) ;
#2852 =( NAMED_UNIT ( * ) PLANE_ANGLE_UNIT ( ) SI_UNIT ( $, .RADIAN. ) );
#2853 =( GEOMETRIC_REPRESENTATION_CONTEXT ( 3 ) GLOBAL_UNCERTAINTY_ASSIGNED_CONTEXT ( ( #1922 ) ) GLOBAL_UNIT_ASSIGNED_CONTEXT ( ( #959, #69, #8160 ) ) REPRESENTATION_CONTEXT ( 'NONE', 'WORKASPACE' ) );
#2854 =( LENGTH_UNIT ( ) NAMED_UNIT ( * ) SI_UNIT ( .MILLI., .METRE. ) );
#2855 = ORIENTED_EDGE ( 'NONE', *, *, #616, .T. ) ;
#2856 = CARTESIAN_POINT ( 'NONE',  ( -6218.632872483720300, 306.7290385117190100, 6.511595261449873400E-100 ) ) ;
#2857 = CARTESIAN_POINT ( 'NONE',  ( -6217.995004518080300, 306.8321758150590300, 0.01000000000000000000 ) ) ;
#2858 = SURFACE_SIDE_STYLE ('',( #6841 ) ) ;
#2859 = LINE ( 'NONE', #596, #6736 ) ;
#2860 = CARTESIAN_POINT ( 'NONE',  ( -6218.632872483720300, 306.7290385117199800, 0.02000000000000000000 ) ) ;
#2861 = CARTESIAN_POINT ( 'NONE',  ( -6220.832872483720200, 306.9840895374409800, 0.0000000000000000000 ) ) ;
#2862 = VECTOR ( 'NONE', #7424, 1000.000000000000000 ) ;
#2863 =( NAMED_UNIT ( * ) PLANE_ANGLE_UNIT ( ) SI_UNIT ( $, .RADIAN. ) );
#2864 = VERTEX_POINT ( 'NONE', #7393 ) ;
#2865 = STYLED_ITEM ( 'NONE', ( #8304 ), #1014 ) ;
#2866 = LINE ( 'NONE', #9416, #9401 ) ;
#2867 = PRESENTATION_STYLE_ASSIGNMENT (( #4648 ) ) ;
#2868 =( NAMED_UNIT ( * ) PLANE_ANGLE_UNIT ( ) SI_UNIT ( $, .RADIAN. ) );
#2869 =( NAMED_UNIT ( * ) PLANE_ANGLE_UNIT ( ) SI_UNIT ( $, .RADIAN. ) );
#2870 = VERTEX_POINT ( 'NONE', #3704 ) ;
#2871 = DIRECTION ( 'NONE',  ( 0.0000000000000000000, 0.0000000000000000000, 1.000000000000000000 ) ) ;
#2872 = CARTESIAN_POINT ( 'NONE',  ( -6220.522872483719800, 306.9590385117194800, 0.4800000000000000400 ) ) ;
#2873 =( NAMED_UNIT ( * ) SI_UNIT ( $, .STERADIAN. ) SOLID_ANGLE_UNIT ( ) );
#2874 = ORIENTED_EDGE ( 'NONE', *, *, #9047, .F. ) ;
#2875 = DIRECTION ( 'NONE',  ( 3.686689245694870800E-016, -3.686689245745242500E-016, -1.000000000000000000 ) ) ;
#2876 = DIRECTION ( 'NONE',  ( -1.046092669195530000E-023, 1.000000000000000000, 9.514157401967647900E-035 ) ) ;
#2877 = VECTOR ( 'NONE', #1852, 1000.000000000000000 ) ;
#2878 = STYLED_ITEM ( 'NONE', ( #10947 ), #6255 ) ;
#2879 = VECTOR ( 'NONE', #842, 1000.000000000000000 ) ;
#2880 = LINE ( 'NONE', #4562, #3851 ) ;
#2881 = DIRECTION ( 'NONE',  ( 1.000000000000000000, 2.097087935407960800E-012, 0.0000000000000000000 ) ) ;
#2882 = EDGE_LOOP ( 'NONE', ( #4608, #9598, #3670, #8209 ) ) ;
#2883 = CARTESIAN_POINT ( 'NONE',  ( -6220.532872483720000, 306.6790385117200200, 0.5000000000000000000 ) ) ;
#2884 = CARTESIAN_POINT ( 'NONE',  ( -6218.230086079220200, 306.1790385117200200, 0.5000000000000000000 ) ) ;
#2885 = UNCERTAINTY_MEASURE_WITH_UNIT (LENGTH_MEASURE( 1.000000000000000100E-005 ), #2614, 'distance_accuracy_value', 'NONE');
#2886 = FILL_AREA_STYLE_COLOUR ( '', #1826 ) ;
#2887 = FILL_AREA_STYLE ('',( #5533 ) ) ;
#2888 = PRESENTATION_STYLE_ASSIGNMENT (( #9517 ) ) ;
#2889 = LINE ( 'NONE', #1102, #5392 ) ;
#2890 = CARTESIAN_POINT ( 'NONE',  ( -6220.532872483720000, 306.8290385117210800, 0.4800000000000000400 ) ) ;
#2891 = STYLED_ITEM ( 'NONE', ( #9664 ), #6724 ) ;
#2892 = ORIENTED_EDGE ( 'NONE', *, *, #9329, .F. ) ;
#2893 = ADVANCED_FACE ( 'NONE', ( #8236 ), #5457, .T. ) ;
#2894 = STYLED_ITEM ( 'NONE', ( #4101 ), #10589 ) ;
#2895 = VECTOR ( 'NONE', #568, 1000.000000000000000 ) ;
#2896 =( NAMED_UNIT ( * ) PLANE_ANGLE_UNIT ( ) SI_UNIT ( $, .RADIAN. ) );
#2897 = STYLED_ITEM ( 'NONE', ( #3458 ), #3456 ) ;
#2898 =( LENGTH_UNIT ( ) NAMED_UNIT ( * ) SI_UNIT ( .MILLI., .METRE. ) );
#2899 = CARTESIAN_POINT ( 'NONE',  ( -6219.932872483719600, 307.1790385117200200, 0.0000000000000000000 ) ) ;
#2900 = ORIENTED_EDGE ( 'NONE', *, *, #6969, .F. ) ;
#2901 = FILL_AREA_STYLE ('',( #4835 ) ) ;
#2902 = VECTOR ( 'NONE', #6123, 1000.000000000000000 ) ;
#2903 = FILL_AREA_STYLE_COLOUR ( '', #4642 ) ;
#2904 = FACE_OUTER_BOUND ( 'NONE', #4227, .T. ) ;
#2905 = EDGE_LOOP ( 'NONE', ( #5196, #2991, #4690, #10604 ) ) ;
#2906 =( LENGTH_UNIT ( ) NAMED_UNIT ( * ) SI_UNIT ( .MILLI., .METRE. ) );
#2907 = CYLINDRICAL_SURFACE ( 'NONE', #6445, 1.000000000000465800 ) ;
#2908 = EDGE_CURVE ( 'NONE', #9949, #4973, #10989, .T. ) ;
#2909 = EDGE_LOOP ( 'NONE', ( #10504, #4730, #5182, #10333 ) ) ;
#2910 = CARTESIAN_POINT ( 'NONE',  ( -6220.882872483719400, 307.2290385117180400, 0.5000000000000000000 ) ) ;
#2911 = CARTESIAN_POINT ( 'NONE',  ( -6218.632872483720300, 306.7290385117190100, 0.0000000000000000000 ) ) ;
#2912 = STYLED_ITEM ( 'NONE', ( #2840 ), #4931 ) ;
#2913 =( LENGTH_UNIT ( ) NAMED_UNIT ( * ) SI_UNIT ( .MILLI., .METRE. ) );
#2914 = EDGE_CURVE ( 'NONE', #2621, #11450, #1541, .T. ) ;
#2915 = CARTESIAN_POINT ( 'NONE',  ( -6220.382872483720300, 306.6790385117209900, 0.4800000000000000400 ) ) ;
#2916 = FILL_AREA_STYLE_COLOUR ( '', #2572 ) ;
#2917 = VERTEX_POINT ( 'NONE', #9957 ) ;
#2918 = EDGE_CURVE ( 'NONE', #6365, #4586, #10170, .T. ) ;
#2919 = PRESENTATION_STYLE_ASSIGNMENT (( #1863 ) ) ;
#2920 = VERTEX_POINT ( 'NONE', #10859 ) ;
#2921 = PLANE ( 'NONE',  #1998 ) ;
#2922 =( NAMED_UNIT ( * ) SI_UNIT ( $, .STERADIAN. ) SOLID_ANGLE_UNIT ( ) );
#2923 = SURFACE_STYLE_USAGE ( .BOTH. , #9174 ) ;
#2924 = VECTOR ( 'NONE', #1477, 1000.000000000000000 ) ;
#2925 = SURFACE_SIDE_STYLE ('',( #1679 ) ) ;
#2926 = ORIENTED_EDGE ( 'NONE', *, *, #716, .F. ) ;
#2927 = STYLED_ITEM ( 'NONE', ( #6280 ), #5918 ) ;
#2928 = VECTOR ( 'NONE', #5770, 1000.000000000000000 ) ;
#2929 = ORIENTED_EDGE ( 'NONE', *, *, #3669, .T. ) ;
#2930 =( GEOMETRIC_REPRESENTATION_CONTEXT ( 3 ) GLOBAL_UNCERTAINTY_ASSIGNED_CONTEXT ( ( #11106 ) ) GLOBAL_UNIT_ASSIGNED_CONTEXT ( ( #8477, #3895, #1308 ) ) REPRESENTATION_CONTEXT ( 'NONE', 'WORKASPACE' ) );
#2931 = CARTESIAN_POINT ( 'NONE',  ( -6220.532872483720000, 307.1790385117200200, 0.5000000000000000000 ) ) ;
#2932 = CARTESIAN_POINT ( 'NONE',  ( -6218.732872483719800, 306.1790385117200200, 0.0000000000000000000 ) ) ;
#2933 =( LENGTH_UNIT ( ) NAMED_UNIT ( * ) SI_UNIT ( .MILLI., .METRE. ) );
#2934 = ORIENTED_EDGE ( 'NONE', *, *, #10786, .T. ) ;
#2935 = DIRECTION ( 'NONE',  ( 0.0000000000000000000, -1.000000000000000000, -0.0000000000000000000 ) ) ;
#2936 = VECTOR ( 'NONE', #9243, 1000.000000000000000 ) ;
#2937 = ORIENTED_EDGE ( 'NONE', *, *, #1703, .T. ) ;
#2938 = DIRECTION ( 'NONE',  ( -1.000000000000000000, 0.0000000000000000000, -0.0000000000000000000 ) ) ;
#2939 = UNCERTAINTY_MEASURE_WITH_UNIT (LENGTH_MEASURE( 1.000000000000000100E-005 ), #8732, 'distance_accuracy_value', 'NONE');
#2940 = MECHANICAL_DESIGN_GEOMETRIC_PRESENTATION_REPRESENTATION (  '', ( #9557 ), #3982 ) ;
#2941 = COLOUR_RGB ( '',0.7921568627450980000, 0.8196078431372548800, 0.9333333333333333500 ) ;
#2942 = DIRECTION ( 'NONE',  ( -1.000000000000000000, -0.0000000000000000000, 0.0000000000000000000 ) ) ;
#2943 = ORIENTED_EDGE ( 'NONE', *, *, #9421, .F. ) ;
#2944 = CARTESIAN_POINT ( 'NONE',  ( -6218.732872483719800, 306.1790385117200200, 0.0000000000000000000 ) ) ;
#2945 = MECHANICAL_DESIGN_GEOMETRIC_PRESENTATION_REPRESENTATION (  '', ( #7342 ), #10091 ) ;
#2946 = ADVANCED_FACE ( 'NONE', ( #702 ), #10823, .T. ) ;
#2947 = DIRECTION ( 'NONE',  ( 1.000000000000000000, 0.0000000000000000000, 0.0000000000000000000 ) ) ;
#2948 = ORIENTED_EDGE ( 'NONE', *, *, #10760, .T. ) ;
#2949 = VECTOR ( 'NONE', #11212, 1000.000000000000000 ) ;
#2951 = VECTOR ( 'NONE', #5423, 1000.000000000000000 ) ;
#2950 = SURFACE_STYLE_USAGE ( .BOTH. , #3701 ) ;
#2952 = MECHANICAL_DESIGN_GEOMETRIC_PRESENTATION_REPRESENTATION (  '', ( #6743 ), #5719 ) ;
#2953 = LINE ( 'NONE', #8306, #711 ) ;
#2954 =( GEOMETRIC_REPRESENTATION_CONTEXT ( 3 ) GLOBAL_UNCERTAINTY_ASSIGNED_CONTEXT ( ( #9559 ) ) GLOBAL_UNIT_ASSIGNED_CONTEXT ( ( #4582, #8125, #5597 ) ) REPRESENTATION_CONTEXT ( 'NONE', 'WORKASPACE' ) );
#2955 = VERTEX_POINT ( 'NONE', #4638 ) ;
#2956 = STYLED_ITEM ( 'NONE', ( #3183 ), #3466 ) ;
#2957 = DIRECTION ( 'NONE',  ( 0.0000000000000000000, 0.0000000000000000000, 1.000000000000000000 ) ) ;
#2958 =( LENGTH_UNIT ( ) NAMED_UNIT ( * ) SI_UNIT ( .MILLI., .METRE. ) );
#2959 = AXIS2_PLACEMENT_3D ( 'NONE', #7805, #9607, #7773 ) ;
#2960 = VECTOR ( 'NONE', #5655, 1000.000000000000000 ) ;
#2961 =( LENGTH_UNIT ( ) NAMED_UNIT ( * ) SI_UNIT ( .MILLI., .METRE. ) );
#2962 = SURFACE_STYLE_USAGE ( .BOTH. , #10905 ) ;
#2963 = EDGE_LOOP ( 'NONE', ( #2724, #8266, #601, #8733 ) ) ;
#2964 = DIRECTION ( 'NONE',  ( -1.880717803723720000E-012, 1.000000000000000000, 0.0000000000000000000 ) ) ;
#2965 = CARTESIAN_POINT ( 'NONE',  ( -6220.532872483720000, 306.6790385117209900, 0.5000000000000000000 ) ) ;
#2966 = ORIENTED_EDGE ( 'NONE', *, *, #2748, .T. ) ;
#2967 = CARTESIAN_POINT ( 'NONE',  ( -6220.532872483720000, 306.8290385117210800, 0.5000000000000000000 ) ) ;
#2968 = DIRECTION ( 'NONE',  ( 0.0000000000000000000, 1.000000000000000000, 0.0000000000000000000 ) ) ;
#2969 = VECTOR ( 'NONE', #2964, 1000.000000000000000 ) ;
#2970 =( NAMED_UNIT ( * ) SI_UNIT ( $, .STERADIAN. ) SOLID_ANGLE_UNIT ( ) );
#2971 = MECHANICAL_DESIGN_GEOMETRIC_PRESENTATION_REPRESENTATION (  '', ( #9750 ), #8275 ) ;
#2972 = DIRECTION ( 'NONE',  ( 1.000000000000000000, -2.273733787117820000E-024, -6.243894290491639700E-012 ) ) ;
#2973 = CARTESIAN_POINT ( 'NONE',  ( -6220.532872483720000, 306.6790385117209900, 0.4800000000000000400 ) ) ;
#2974 = ORIENTED_EDGE ( 'NONE', *, *, #7909, .F. ) ;
#2975 = DIRECTION ( 'NONE',  ( 0.0000000000000000000, -0.0000000000000000000, -1.000000000000000000 ) ) ;
#2976 = FILL_AREA_STYLE ('',( #1076 ) ) ;
#2977 = PLANE ( 'NONE',  #6591 ) ;
#2978 = FACE_OUTER_BOUND ( 'NONE', #8272, .T. ) ;
#2979 = SURFACE_STYLE_FILL_AREA ( #9744 ) ;
#2980 =( GEOMETRIC_REPRESENTATION_CONTEXT ( 3 ) GLOBAL_UNCERTAINTY_ASSIGNED_CONTEXT ( ( #2424 ) ) GLOBAL_UNIT_ASSIGNED_CONTEXT ( ( #10706, #5384, #2817 ) ) REPRESENTATION_CONTEXT ( 'NONE', 'WORKASPACE' ) );
#2981 = ORIENTED_EDGE ( 'NONE', *, *, #2638, .F. ) ;
#2982 =( LENGTH_UNIT ( ) NAMED_UNIT ( * ) SI_UNIT ( .MILLI., .METRE. ) );
#2983 = FILL_AREA_STYLE_COLOUR ( '', #4983 ) ;
#2984 = STYLED_ITEM ( 'NONE', ( #5007 ), #8206 ) ;
#2986 = EDGE_CURVE ( 'NONE', #1355, #3179, #10689, .T. ) ;
#2985 = DIRECTION ( 'NONE',  ( 1.000000000000000000, 0.0000000000000000000, 0.0000000000000000000 ) ) ;
#2987 = DIRECTION ( 'NONE',  ( -0.0000000000000000000, -0.0000000000000000000, 1.000000000000000000 ) ) ;
#2988 =( GEOMETRIC_REPRESENTATION_CONTEXT ( 3 ) GLOBAL_UNCERTAINTY_ASSIGNED_CONTEXT ( ( #2640 ) ) GLOBAL_UNIT_ASSIGNED_CONTEXT ( ( #3489, #11422, #799 ) ) REPRESENTATION_CONTEXT ( 'NONE', 'WORKASPACE' ) );
#2989 = VECTOR ( 'NONE', #4109, 1000.000000000000000 ) ;
#2990 =( NAMED_UNIT ( * ) SI_UNIT ( $, .STERADIAN. ) SOLID_ANGLE_UNIT ( ) );
#2991 = ORIENTED_EDGE ( 'NONE', *, *, #8514, .T. ) ;
#2992 = ADVANCED_FACE ( 'NONE', ( #2096 ), #4902, .T. ) ;
#2993 = SURFACE_SIDE_STYLE ('',( #9412 ) ) ;
#2994 = SURFACE_STYLE_USAGE ( .BOTH. , #7401 ) ;
#2995 = CARTESIAN_POINT ( 'NONE',  ( -6220.832872483720200, 306.9590385117189700, 0.5000000000000000000 ) ) ;
#2996 = UNCERTAINTY_MEASURE_WITH_UNIT (LENGTH_MEASURE( 1.000000000000000100E-005 ), #6868, 'distance_accuracy_value', 'NONE');
#2997 = DIRECTION ( 'NONE',  ( -0.0000000000000000000, -1.000000000000000000, -0.0000000000000000000 ) ) ;
#2998 = PRESENTATION_STYLE_ASSIGNMENT (( #8637 ) ) ;
#2999 = CARTESIAN_POINT ( 'NONE',  ( -6217.832872483720200, 306.3943684949489900, 0.0000000000000000000 ) ) ;
#3000 =( GEOMETRIC_REPRESENTATION_CONTEXT ( 3 ) GLOBAL_UNCERTAINTY_ASSIGNED_CONTEXT ( ( #9085 ) ) GLOBAL_UNIT_ASSIGNED_CONTEXT ( ( #8787, #5216, #6987 ) ) REPRESENTATION_CONTEXT ( 'NONE', 'WORKASPACE' ) );
#3001 = ORIENTED_EDGE ( 'NONE', *, *, #4040, .F. ) ;
#3002 = UNCERTAINTY_MEASURE_WITH_UNIT (LENGTH_MEASURE( 1.000000000000000100E-005 ), #2958, 'distance_accuracy_value', 'NONE');
#3003 = ORIENTED_EDGE ( 'NONE', *, *, #4540, .F. ) ;
#3004 = MECHANICAL_DESIGN_GEOMETRIC_PRESENTATION_REPRESENTATION (  '', ( #1213 ), #3618 ) ;
#3005 = DIRECTION ( 'NONE',  ( 1.000000000000000000, -5.181040769999883800E-012, 1.879283761439689900E-014 ) ) ;
#3006 = EDGE_CURVE ( 'NONE', #6182, #8640, #689, .T. ) ;
#3007 = SURFACE_SIDE_STYLE ('',( #6577 ) ) ;
#3008 =( LENGTH_UNIT ( ) NAMED_UNIT ( * ) SI_UNIT ( .MILLI., .METRE. ) );
#3009 = UNCERTAINTY_MEASURE_WITH_UNIT (LENGTH_MEASURE( 1.000000000000000100E-005 ), #3291, 'distance_accuracy_value', 'NONE');
#3010 = SURFACE_STYLE_USAGE ( .BOTH. , #8274 ) ;
#3011 = ORIENTED_EDGE ( 'NONE', *, *, #2305, .T. ) ;
#3012 =( NAMED_UNIT ( * ) SI_UNIT ( $, .STERADIAN. ) SOLID_ANGLE_UNIT ( ) );
#3013 = FILL_AREA_STYLE ('',( #10093 ) ) ;
#3014 = UNCERTAINTY_MEASURE_WITH_UNIT (LENGTH_MEASURE( 1.000000000000000100E-005 ), #3336, 'distance_accuracy_value', 'NONE');
#3015 = EDGE_LOOP ( 'NONE', ( #6097, #8233, #9046, #7596 ) ) ;
#3016 = SURFACE_STYLE_FILL_AREA ( #2247 ) ;
#3017 = CARTESIAN_POINT ( 'NONE',  ( -6220.832872483720200, 306.9840895374409800, 0.4800000000000000400 ) ) ;
#3018 = STYLED_ITEM ( 'NONE', ( #2542 ), #2518 ) ;
#3019 = DIRECTION ( 'NONE',  ( 0.0000000000000000000, 1.000000000000000000, 0.0000000000000000000 ) ) ;
#3020 = LINE ( 'NONE', #4754, #6499 ) ;
#3021 =( NAMED_UNIT ( * ) SI_UNIT ( $, .STERADIAN. ) SOLID_ANGLE_UNIT ( ) );
#3022 = VERTEX_POINT ( 'NONE', #1352 ) ;
#3023 = PLANE ( 'NONE',  #1188 ) ;
#3024 = VECTOR ( 'NONE', #11011, 1000.000000000000000 ) ;
#3025 = DIRECTION ( 'NONE',  ( 0.0000000000000000000, 0.0000000000000000000, 1.000000000000000000 ) ) ;
#3026 = FILL_AREA_STYLE ('',( #4745 ) ) ;
#3027 = ORIENTED_EDGE ( 'NONE', *, *, #9997, .T. ) ;
#3028 = MECHANICAL_DESIGN_GEOMETRIC_PRESENTATION_REPRESENTATION (  '', ( #869 ), #5048 ) ;
#3029 = SURFACE_STYLE_FILL_AREA ( #8276 ) ;
#3030 = MECHANICAL_DESIGN_GEOMETRIC_PRESENTATION_REPRESENTATION (  '', ( #4231 ), #640 ) ;
#3031 = AXIS2_PLACEMENT_3D ( 'NONE', #2032, #7403, #9120 ) ;
#3032 = EDGE_CURVE ( 'NONE', #6808, #337, #157, .T. ) ;
#3033 = PRESENTATION_STYLE_ASSIGNMENT (( #11406 ) ) ;
#3034 = CARTESIAN_POINT ( 'NONE',  ( -6218.332872483720200, 306.7818249162190200, 0.5000000000000000000 ) ) ;
#3035 = ORIENTED_EDGE ( 'NONE', *, *, #10787, .T. ) ;
#3036 =( NAMED_UNIT ( * ) PLANE_ANGLE_UNIT ( ) SI_UNIT ( $, .RADIAN. ) );
#3037 = SURFACE_SIDE_STYLE ('',( #4142 ) ) ;
#3038 = VECTOR ( 'NONE', #10692, 1000.000000000000000 ) ;
#3039 = FACE_OUTER_BOUND ( 'NONE', #1292, .T. ) ;
#3040 = CARTESIAN_POINT ( 'NONE',  ( -6217.832872483720200, 306.6290385117190500, 0.0000000000000000000 ) ) ;
#3041 = ORIENTED_EDGE ( 'NONE', *, *, #6468, .F. ) ;
#3042 = CARTESIAN_POINT ( 'NONE',  ( -6220.382872483720300, 306.8290385117210800, 0.4800000000000000400 ) ) ;
#3043 = CARTESIAN_POINT ( 'NONE',  ( -6218.732872483719800, 306.8321758150599400, 0.02000000000000000000 ) ) ;
#3044 = EDGE_CURVE ( 'NONE', #10934, #4497, #6938, .T. ) ;
#3045 = VERTEX_POINT ( 'NONE', #10210 ) ;
#3046 = LINE ( 'NONE', #6729, #9181 ) ;
#3047 = COLOUR_RGB ( '',0.7921568627450980000, 0.8196078431372548800, 0.9333333333333333500 ) ;
#3048 = VECTOR ( 'NONE', #6157, 1000.000000000000000 ) ;
#3049 = CARTESIAN_POINT ( 'NONE',  ( -6220.532872483720000, 306.6790385117209900, 0.4800000000000000400 ) ) ;
#3050 = CARTESIAN_POINT ( 'NONE',  ( -6218.632872483720300, 306.7290385117200300, 0.0000000000000000000 ) ) ;
#3051 = ORIENTED_EDGE ( 'NONE', *, *, #6478, .T. ) ;
#3052 =( GEOMETRIC_REPRESENTATION_CONTEXT ( 3 ) GLOBAL_UNCERTAINTY_ASSIGNED_CONTEXT ( ( #6769 ) ) GLOBAL_UNIT_ASSIGNED_CONTEXT ( ( #7662, #10247, #5802 ) ) REPRESENTATION_CONTEXT ( 'NONE', 'WORKASPACE' ) );
#3053 =( NAMED_UNIT ( * ) SI_UNIT ( $, .STERADIAN. ) SOLID_ANGLE_UNIT ( ) );
#3054 = EDGE_CURVE ( 'NONE', #726, #4624, #983, .T. ) ;
#3055 =( NAMED_UNIT ( * ) SI_UNIT ( $, .STERADIAN. ) SOLID_ANGLE_UNIT ( ) );
#3056 = FILL_AREA_STYLE_COLOUR ( '', #4247 ) ;
#3057 = ADVANCED_FACE ( 'NONE', ( #8911 ), #6685, .T. ) ;
#3058 = CARTESIAN_POINT ( 'NONE',  ( -6218.732872483719800, 306.1790385117200200, 0.5000000000000000000 ) ) ;
#3059 = PRESENTATION_LAYER_ASSIGNMENT (  '', '', ( #10783 ) ) ;
#3060 = PRESENTATION_STYLE_ASSIGNMENT (( #5964 ) ) ;
#3061 = EDGE_CURVE ( 'NONE', #6856, #7594, #9057, .T. ) ;
#3062 = EDGE_CURVE ( 'NONE', #4908, #1502, #9753, .T. ) ;
#3063 = ORIENTED_EDGE ( 'NONE', *, *, #4256, .T. ) ;
#3064 = CARTESIAN_POINT ( 'NONE',  ( -6218.230086079220200, 306.1790385117200200, 0.0000000000000000000 ) ) ;
#3065 = VECTOR ( 'NONE', #284, 1000.000000000000000 ) ;
#3066 =( LENGTH_UNIT ( ) NAMED_UNIT ( * ) SI_UNIT ( .MILLI., .METRE. ) );
#3067 =( LENGTH_UNIT ( ) NAMED_UNIT ( * ) SI_UNIT ( .MILLI., .METRE. ) );
#3068 = ORIENTED_EDGE ( 'NONE', *, *, #4325, .T. ) ;
#3069 =( LENGTH_UNIT ( ) NAMED_UNIT ( * ) SI_UNIT ( .MILLI., .METRE. ) );
#3070 = ORIENTED_EDGE ( 'NONE', *, *, #5665, .T. ) ;
#3072 = DIRECTION ( 'NONE',  ( 1.000000000000000000, 1.552091788446439900E-012, 7.058096291289260200E-024 ) ) ;
#3071 =( GEOMETRIC_REPRESENTATION_CONTEXT ( 3 ) GLOBAL_UNCERTAINTY_ASSIGNED_CONTEXT ( ( #6971 ) ) GLOBAL_UNIT_ASSIGNED_CONTEXT ( ( #3066, #5758, #7546 ) ) REPRESENTATION_CONTEXT ( 'NONE', 'WORKASPACE' ) );
#3073 =( NAMED_UNIT ( * ) PLANE_ANGLE_UNIT ( ) SI_UNIT ( $, .RADIAN. ) );
#3074 = PRESENTATION_LAYER_ASSIGNMENT (  '', '', ( #2035 ) ) ;
#3075 =( LENGTH_UNIT ( ) NAMED_UNIT ( * ) SI_UNIT ( .MILLI., .METRE. ) );
#3076 = DIRECTION ( 'NONE',  ( 7.398526236101629600E-012, -0.0000000000000000000, -1.000000000000000000 ) ) ;
#3077 = EDGE_CURVE ( 'NONE', #3861, #9477, #7395, .T. ) ;
#3078 = UNCERTAINTY_MEASURE_WITH_UNIT (LENGTH_MEASURE( 1.000000000000000100E-005 ), #9030, 'distance_accuracy_value', 'NONE');
#3079 = DIRECTION ( 'NONE',  ( 0.0000000000000000000, -0.0000000000000000000, 1.000000000000000000 ) ) ;
#3080 = VECTOR ( 'NONE', #545, 1000.000000000000000 ) ;
#3081 = ORIENTED_EDGE ( 'NONE', *, *, #4092, .T. ) ;
#3082 = LINE ( 'NONE', #2931, #9634 ) ;
#3083 = DIRECTION ( 'NONE',  ( 0.0000000000000000000, 0.0000000000000000000, 1.000000000000000000 ) ) ;
#3084 = ORIENTED_EDGE ( 'NONE', *, *, #9309, .F. ) ;
#3085 = CARTESIAN_POINT ( 'NONE',  ( -6220.449167514880200, 307.1090385117199700, 0.5000000000000000000 ) ) ;
#3086 = DIRECTION ( 'NONE',  ( 1.000000000000000000, 0.0000000000000000000, 0.0000000000000000000 ) ) ;
#3087 =( GEOMETRIC_REPRESENTATION_CONTEXT ( 3 ) GLOBAL_UNCERTAINTY_ASSIGNED_CONTEXT ( ( #1781 ) ) GLOBAL_UNIT_ASSIGNED_CONTEXT ( ( #7709, #3338, #10403 ) ) REPRESENTATION_CONTEXT ( 'NONE', 'WORKASPACE' ) );
#3088 = CARTESIAN_POINT ( 'NONE',  ( -6217.832872483720200, 306.5762521072196000, 0.0000000000000000000 ) ) ;
#3089 = DIRECTION ( 'NONE',  ( 0.0000000000000000000, 0.0000000000000000000, -1.000000000000000000 ) ) ;
#3090 = CARTESIAN_POINT ( 'NONE',  ( -6220.670740449360900, 306.8321758150610200, 4.235164736271501700E-019 ) ) ;
#3091 = AXIS2_PLACEMENT_3D ( 'NONE', #8893, #2675, #7875 ) ;
#3092 = SURFACE_STYLE_FILL_AREA ( #9051 ) ;
#3093 = PRESENTATION_STYLE_ASSIGNMENT (( #6573 ) ) ;
#3094 = CARTESIAN_POINT ( 'NONE',  ( -6218.392872483719700, 306.1790385117209900, 0.0000000000000000000 ) ) ;
#3095 = DIRECTION ( 'NONE',  ( 1.000000000000000000, 7.401486830793192900E-013, 0.0000000000000000000 ) ) ;
#3096 = ORIENTED_EDGE ( 'NONE', *, *, #7224, .T. ) ;
#3097 = VECTOR ( 'NONE', #9004, 1000.000000000000000 ) ;
#3098 = ORIENTED_EDGE ( 'NONE', *, *, #7684, .F. ) ;
#3099 = ORIENTED_EDGE ( 'NONE', *, *, #4476, .T. ) ;
#3100 =( NAMED_UNIT ( * ) SI_UNIT ( $, .STERADIAN. ) SOLID_ANGLE_UNIT ( ) );
#3101 = LINE ( 'NONE', #582, #2969 ) ;
#3102 = CARTESIAN_POINT ( 'NONE',  ( -6220.332872483720200, 307.1090385117199700, 0.4800000000000000400 ) ) ;
#3103 =( NAMED_UNIT ( * ) SI_UNIT ( $, .STERADIAN. ) SOLID_ANGLE_UNIT ( ) );
#3104 = LINE ( 'NONE', #5479, #732 ) ;
#3105 = VECTOR ( 'NONE', #4914, 1000.000000000000000 ) ;
#3106 = VECTOR ( 'NONE', #4845, 1000.000000000000000 ) ;
#3107 = MECHANICAL_DESIGN_GEOMETRIC_PRESENTATION_REPRESENTATION (  '', ( #8325 ), #5121 ) ;
#3108 = MECHANICAL_DESIGN_GEOMETRIC_PRESENTATION_REPRESENTATION (  '', ( #5721 ), #8481 ) ;
#3109 = SURFACE_STYLE_USAGE ( .BOTH. , #5764 ) ;
#3110 = ORIENTED_EDGE ( 'NONE', *, *, #11456, .T. ) ;
#3111 = DIRECTION ( 'NONE',  ( -9.459100169809020400E-012, -1.000000000000000000, 0.0000000000000000000 ) ) ;
#3112 = EDGE_LOOP ( 'NONE', ( #1560, #11180, #6553, #5206 ) ) ;
#3113 = ORIENTED_EDGE ( 'NONE', *, *, #6072, .F. ) ;
#3114 = FACE_OUTER_BOUND ( 'NONE', #10648, .T. ) ;
#3115 = ADVANCED_FACE ( 'NONE', ( #2660 ), #7432, .T. ) ;
#3116 = FILL_AREA_STYLE_COLOUR ( '', #9434 ) ;
#3117 = LINE ( 'NONE', #6919, #7293 ) ;
#3118 = FACE_OUTER_BOUND ( 'NONE', #8657, .T. ) ;
#3119 = VECTOR ( 'NONE', #5906, 1000.000000000000000 ) ;
#3120 = EDGE_CURVE ( 'NONE', #1139, #8112, #5712, .T. ) ;
#3121 = ORIENTED_EDGE ( 'NONE', *, *, #5381, .F. ) ;
#3122 = CARTESIAN_POINT ( 'NONE',  ( -6220.532872483720000, 306.6790385117209900, 0.4800000000000000400 ) ) ;
#3123 = PRESENTATION_LAYER_ASSIGNMENT (  '', '', ( #152 ) ) ;
#3124 = EDGE_CURVE ( 'NONE', #2870, #884, #3908, .T. ) ;
#3125 = VECTOR ( 'NONE', #2421, 1000.000000000000000 ) ;
#3126 = CARTESIAN_POINT ( 'NONE',  ( -6220.532872483720000, 306.8290385117200000, 0.4800000000000000400 ) ) ;
#3127 = EDGE_CURVE ( 'NONE', #3552, #1773, #1668, .T. ) ;
#3128 = SURFACE_SIDE_STYLE ('',( #1176 ) ) ;
#3129 = EDGE_LOOP ( 'NONE', ( #1708, #9582, #9879, #3378 ) ) ;
#3130 = DIRECTION ( 'NONE',  ( 1.000000000000000000, 0.0000000000000000000, -0.0000000000000000000 ) ) ;
#3131 = VERTEX_POINT ( 'NONE', #8546 ) ;
#3132 = DIRECTION ( 'NONE',  ( 4.547473508865250300E-012, 0.0000000000000000000, 1.000000000000000000 ) ) ;
#3133 = DIRECTION ( 'NONE',  ( 0.0000000000000000000, 0.0000000000000000000, 1.000000000000000000 ) ) ;
#3134 = COLOUR_RGB ( '',0.7921568627450980000, 0.8196078431372548800, 0.9333333333333333500 ) ;
#3135 = FACE_OUTER_BOUND ( 'NONE', #10320, .T. ) ;
#3136 = CARTESIAN_POINT ( 'NONE',  ( -6220.382872483720300, 306.6790385117209900, 0.4800000000000000400 ) ) ;
#3137 = PRESENTATION_LAYER_ASSIGNMENT (  '', '', ( #2540 ) ) ;
#3138 = MANIFOLD_SOLID_BREP ( '8-1-solid1', #11245 ) ;
#3139 = VERTEX_POINT ( 'NONE', #2284 ) ;
#3140 = FILL_AREA_STYLE ('',( #9290 ) ) ;
#3141 = COLOUR_RGB ( '',0.7921568627450980000, 0.8196078431372548800, 0.9333333333333333500 ) ;
#3142 =( NAMED_UNIT ( * ) SI_UNIT ( $, .STERADIAN. ) SOLID_ANGLE_UNIT ( ) );
#3143 = MECHANICAL_DESIGN_GEOMETRIC_PRESENTATION_REPRESENTATION (  '', ( #2320 ), #908 ) ;
#3144 = EDGE_LOOP ( 'NONE', ( #3581, #4093, #5055, #4198 ) ) ;
#3145 = EDGE_CURVE ( 'NONE', #5816, #8057, #7666, .T. ) ;
#3146 = SURFACE_STYLE_USAGE ( .BOTH. , #5089 ) ;
#3147 = AXIS2_PLACEMENT_3D ( 'NONE', #5842, #11133, #2280 ) ;
#3148 = COLOUR_RGB ( '',0.7921568627450980000, 0.8196078431372548800, 0.9333333333333333500 ) ;
#3149 = UNCERTAINTY_MEASURE_WITH_UNIT (LENGTH_MEASURE( 1.000000000000000100E-005 ), #8080, 'distance_accuracy_value', 'NONE');
#3150 = LINE ( 'NONE', #6317, #10353 ) ;
#3151 = EDGE_LOOP ( 'NONE', ( #5475, #3444, #7094, #19 ) ) ;
#3152 = DIRECTION ( 'NONE',  ( -0.0000000000000000000, 0.0000000000000000000, -1.000000000000000000 ) ) ;
#3153 = FILL_AREA_STYLE_COLOUR ( '', #9805 ) ;
#3154 =( NAMED_UNIT ( * ) PLANE_ANGLE_UNIT ( ) SI_UNIT ( $, .RADIAN. ) );
#3155 = ORIENTED_EDGE ( 'NONE', *, *, #87, .T. ) ;
#3156 = AXIS2_PLACEMENT_3D ( 'NONE', #9854, #3639, #2704 ) ;
#3157 = VECTOR ( 'NONE', #7487, 1000.000000000000000 ) ;
#3158 = DIRECTION ( 'NONE',  ( 0.0000000000000000000, -0.0000000000000000000, 1.000000000000000000 ) ) ;
#3159 = AXIS2_PLACEMENT_3D ( 'NONE', #4411, #1725, #7036 ) ;
#3160 = EDGE_LOOP ( 'NONE', ( #3068, #1013, #8238, #2288 ) ) ;
#3161 = CARTESIAN_POINT ( 'NONE',  ( -6220.382872483720300, 306.6790385117200200, 0.5000000000000000000 ) ) ;
#3162 = CARTESIAN_POINT ( 'NONE',  ( -6220.382872483720300, 306.6790385117209900, 0.4800000000000000400 ) ) ;
#3163 = VECTOR ( 'NONE', #2317, 1000.000000000000000 ) ;
#3164 = FILL_AREA_STYLE ('',( #9317 ) ) ;
#3165 = VERTEX_POINT ( 'NONE', #11169 ) ;
#3166 = FILL_AREA_STYLE_COLOUR ( '', #11150 ) ;
#3167 = CARTESIAN_POINT ( 'NONE',  ( -6220.532872483720000, 306.6790385117209900, 0.5000000000000000000 ) ) ;
#3168 = PLANE ( 'NONE',  #1312 ) ;
#3169 = SURFACE_STYLE_USAGE ( .BOTH. , #375 ) ;
#3170 = COLOUR_RGB ( '',0.7921568627450980000, 0.8196078431372548800, 0.9333333333333333500 ) ;
#3171 = LINE ( 'NONE', #10177, #8468 ) ;
#3172 = CARTESIAN_POINT ( 'NONE',  ( -6218.332872483720200, 306.6190385117200200, 0.4800000000000000400 ) ) ;
#3173 = ADVANCED_FACE ( 'NONE', ( #4452 ), #10383, .T. ) ;
#3174 = SURFACE_STYLE_FILL_AREA ( #9655 ) ;
#3175 = PRESENTATION_LAYER_ASSIGNMENT (  '', '', ( #3311 ) ) ;
#3176 = VERTEX_POINT ( 'NONE', #4045 ) ;
#3177 = LINE ( 'NONE', #1231, #11086 ) ;
#3178 = LINE ( 'NONE', #9023, #1362 ) ;
#3179 = VERTEX_POINT ( 'NONE', #604 ) ;
#3180 =( NAMED_UNIT ( * ) SI_UNIT ( $, .STERADIAN. ) SOLID_ANGLE_UNIT ( ) );
#3181 = DIRECTION ( 'NONE',  ( -0.0000000000000000000, -0.0000000000000000000, -1.000000000000000000 ) ) ;
#3182 = FILL_AREA_STYLE ('',( #8446 ) ) ;
#3183 = PRESENTATION_STYLE_ASSIGNMENT (( #35 ) ) ;
#3184 = CARTESIAN_POINT ( 'NONE',  ( -6218.632872483720300, 306.7290385117190100, 1.020713104565616800E-050 ) ) ;
#3185 = EDGE_LOOP ( 'NONE', ( #10925, #4431, #1536, #3533 ) ) ;
#3186 = VECTOR ( 'NONE', #4473, 1000.000000000000000 ) ;
#3187 = SURFACE_STYLE_USAGE ( .BOTH. , #7593 ) ;
#3188 = ORIENTED_EDGE ( 'NONE', *, *, #7771, .F. ) ;
#3189 = PRESENTATION_LAYER_ASSIGNMENT (  '', '', ( #6172 ) ) ;
#3190 = MECHANICAL_DESIGN_GEOMETRIC_PRESENTATION_REPRESENTATION (  '', ( #11503 ), #3952 ) ;
#3191 = LINE ( 'NONE', #8482, #1938 ) ;
#3192 = PRESENTATION_STYLE_ASSIGNMENT (( #4129 ) ) ;
#3193 = CARTESIAN_POINT ( 'NONE',  ( -6220.532872483720000, 306.6790385117200200, 0.5000000000000000000 ) ) ;
#3194 = DIRECTION ( 'NONE',  ( -0.0000000000000000000, -1.000000000000000000, -0.0000000000000000000 ) ) ;
#3195 = EDGE_LOOP ( 'NONE', ( #10773, #8940, #5064, #327, #2643, #3321, #6353, #106, #8472, #7624, #10064, #3401, #11085, #6865, #1850, #8051, #5267, #4770, #7203, #3063, #6831, #2196, #2437, #451, #309, #10824, #831, #11415 ) ) ;
#3196 =( NAMED_UNIT ( * ) PLANE_ANGLE_UNIT ( ) SI_UNIT ( $, .RADIAN. ) );
#3197 = ORIENTED_EDGE ( 'NONE', *, *, #4704, .F. ) ;
#3198 = DIRECTION ( 'NONE',  ( -1.000000000000000000, 0.0000000000000000000, -0.0000000000000000000 ) ) ;
#3199 = VECTOR ( 'NONE', #9409, 1000.000000000000000 ) ;
#3200 = CARTESIAN_POINT ( 'NONE',  ( -6219.532872483720000, 306.1790385117200200, 0.5000000000000000000 ) ) ;
#3201 =( LENGTH_UNIT ( ) NAMED_UNIT ( * ) SI_UNIT ( .MILLI., .METRE. ) );
#3202 = STYLED_ITEM ( 'NONE', ( #3654 ), #5271 ) ;
#3203 = SURFACE_STYLE_USAGE ( .BOTH. , #5973 ) ;
#3204 = CARTESIAN_POINT ( 'NONE',  ( -6218.230086079220200, 306.1790385117200200, 0.02000000000000000000 ) ) ;
#3205 = COLOUR_RGB ( '',0.7921568627450980000, 0.8196078431372548800, 0.9333333333333333500 ) ;
#3206 = CARTESIAN_POINT ( 'NONE',  ( -6217.832872483720200, 306.7290385117190100, 0.0000000000000000000 ) ) ;
#3207 = ORIENTED_EDGE ( 'NONE', *, *, #9610, .T. ) ;
#3208 = EDGE_CURVE ( 'NONE', #1543, #1126, #1398, .T. ) ;
#3209 = SURFACE_SIDE_STYLE ('',( #10739 ) ) ;
#3210 = ORIENTED_EDGE ( 'NONE', *, *, #9603, .T. ) ;
#3211 = CARTESIAN_POINT ( 'NONE',  ( -6218.392872483719700, 306.6290385117190500, 2.489889889577090000E-036 ) ) ;
#3212 = ORIENTED_EDGE ( 'NONE', *, *, #1216, .T. ) ;
#3213 = DIRECTION ( 'NONE',  ( 0.0000000000000000000, 0.0000000000000000000, 1.000000000000000000 ) ) ;
#3214 = UNCERTAINTY_MEASURE_WITH_UNIT (LENGTH_MEASURE( 1.000000000000000100E-005 ), #4695, 'distance_accuracy_value', 'NONE');
#3215 = VECTOR ( 'NONE', #2296, 1000.000000000000000 ) ;
#3216 = ORIENTED_EDGE ( 'NONE', *, *, #508, .F. ) ;
#3217 = ADVANCED_FACE ( 'NONE', ( #7930 ), #1397, .T. ) ;
#3218 = STYLED_ITEM ( 'NONE', ( #4969 ), #885 ) ;
#3219 = LINE ( 'NONE', #8270, #4761 ) ;
#3220 = SURFACE_STYLE_FILL_AREA ( #11168 ) ;
#3221 = PLANE ( 'NONE',  #3971 ) ;
#3222 = ORIENTED_EDGE ( 'NONE', *, *, #10840, .T. ) ;
#3223 = EDGE_CURVE ( 'NONE', #884, #10449, #3191, .T. ) ;
#3224 = SURFACE_SIDE_STYLE ('',( #9210 ) ) ;
#3225 = DIRECTION ( 'NONE',  ( -3.606920117000334900E-026, -1.609823385057730100E-014, 1.000000000000000000 ) ) ;
#3226 = CARTESIAN_POINT ( 'NONE',  ( -6220.435658888220100, 307.1790385117190000, 0.5000000000000000000 ) ) ;
#3227 = VECTOR ( 'NONE', #4756, 1000.000000000000000 ) ;
#3228 = FILL_AREA_STYLE_COLOUR ( '', #9870 ) ;
#3229 = FILL_AREA_STYLE ('',( #4955 ) ) ;
#3230 = ORIENTED_EDGE ( 'NONE', *, *, #822, .T. ) ;
#3231 = PRESENTATION_STYLE_ASSIGNMENT (( #9860 ) ) ;
#3232 = ORIENTED_EDGE ( 'NONE', *, *, #667, .T. ) ;
#3233 = DIRECTION ( 'NONE',  ( 0.0000000000000000000, 0.0000000000000000000, -1.000000000000000000 ) ) ;
#3234 = AXIS2_PLACEMENT_3D ( 'NONE', #11184, #6885, #10942 ) ;
#3235 = EDGE_LOOP ( 'NONE', ( #9218, #10189, #8805, #3633, #1492, #8475, #466 ) ) ;
#3236 = PLANE ( 'NONE',  #7652 ) ;
#3237 = DIRECTION ( 'NONE',  ( -0.0000000000000000000, -0.0000000000000000000, -1.000000000000000000 ) ) ;
#3238 = CARTESIAN_POINT ( 'NONE',  ( -6220.532872483720000, 306.8290385117210800, 0.4800000000000000400 ) ) ;
#3239 = PRESENTATION_LAYER_ASSIGNMENT (  '', '', ( #10370 ) ) ;
#3240 = CARTESIAN_POINT ( 'NONE',  ( -6219.332872483720200, 306.1790385117200200, 0.4999999999991118200 ) ) ;
#3241 = VECTOR ( 'NONE', #1533, 1000.000000000000000 ) ;
#3242 = FILL_AREA_STYLE ('',( #8573 ) ) ;
#3243 = EDGE_LOOP ( 'NONE', ( #1066, #1929, #2651, #9779 ) ) ;
#3244 = FILL_AREA_STYLE_COLOUR ( '', #4273 ) ;
#3245 = AXIS2_PLACEMENT_3D ( 'NONE', #8130, #9793, #1861 ) ;
#3246 = FACE_OUTER_BOUND ( 'NONE', #3144, .T. ) ;
#3247 = AXIS2_PLACEMENT_3D ( 'NONE', #4244, #617, #11178 ) ;
#3248 = SURFACE_STYLE_USAGE ( .BOTH. , #10425 ) ;
#3249 = STYLED_ITEM ( 'NONE', ( #6229 ), #4110 ) ;
#3250 =( NAMED_UNIT ( * ) PLANE_ANGLE_UNIT ( ) SI_UNIT ( $, .RADIAN. ) );
#3251 = EDGE_CURVE ( 'NONE', #10731, #9509, #11229, .T. ) ;
#3252 = FILL_AREA_STYLE ('',( #5915 ) ) ;
#3253 = EDGE_LOOP ( 'NONE', ( #1109, #6899, #92, #9680 ) ) ;
#3254 = DIRECTION ( 'NONE',  ( 7.523163845262629800E-034, 6.223015277861128100E-056, -1.000000000000000000 ) ) ;
#3255 = FILL_AREA_STYLE ('',( #9184 ) ) ;
#3256 = FILL_AREA_STYLE ('',( #654 ) ) ;
#3257 = EDGE_CURVE ( 'NONE', #5950, #3675, #280, .T. ) ;
#3258 = LINE ( 'NONE', #11392, #8147 ) ;
#3259 = VECTOR ( 'NONE', #6613, 1000.000000000000000 ) ;
#3260 = CARTESIAN_POINT ( 'NONE',  ( -6220.532872483720000, 306.8290385117210800, 0.4800000000000000400 ) ) ;
#3261 = ORIENTED_EDGE ( 'NONE', *, *, #10384, .F. ) ;
#3262 = DIRECTION ( 'NONE',  ( 0.0000000000000000000, 0.0000000000000000000, -1.000000000000000000 ) ) ;
#3263 =( GEOMETRIC_REPRESENTATION_CONTEXT ( 3 ) GLOBAL_UNCERTAINTY_ASSIGNED_CONTEXT ( ( #10192 ) ) GLOBAL_UNIT_ASSIGNED_CONTEXT ( ( #2615, #700, #7982 ) ) REPRESENTATION_CONTEXT ( 'NONE', 'WORKASPACE' ) );
#3264 = EDGE_CURVE ( 'NONE', #4333, #11465, #4317, .T. ) ;
#3265 = VERTEX_POINT ( 'NONE', #9595 ) ;
#3266 =( NAMED_UNIT ( * ) SI_UNIT ( $, .STERADIAN. ) SOLID_ANGLE_UNIT ( ) );
#3267 = EDGE_CURVE ( 'NONE', #5695, #9003, #5147, .T. ) ;
#3268 =( LENGTH_UNIT ( ) NAMED_UNIT ( * ) SI_UNIT ( .MILLI., .METRE. ) );
#3269 = LINE ( 'NONE', #4542, #8981 ) ;
#3270 = COLOUR_RGB ( '',0.7921568627450980000, 0.8196078431372548800, 0.9333333333333333500 ) ;
#3271 =( NAMED_UNIT ( * ) SI_UNIT ( $, .STERADIAN. ) SOLID_ANGLE_UNIT ( ) );
#3272 = CARTESIAN_POINT ( 'NONE',  ( -6220.637923509440000, 307.1790385117190000, 0.0000000000000000000 ) ) ;
#3273 =( NAMED_UNIT ( * ) SI_UNIT ( $, .STERADIAN. ) SOLID_ANGLE_UNIT ( ) );
#3274 = ORIENTED_EDGE ( 'NONE', *, *, #388, .F. ) ;
#3275 = DIRECTION ( 'NONE',  ( 1.000000000000000000, 0.0000000000000000000, 0.0000000000000000000 ) ) ;
#3276 = ADVANCED_FACE ( 'NONE', ( #2634 ), #7835, .T. ) ;
#3277 = PLANE ( 'NONE',  #8845 ) ;
#3278 = COLOUR_RGB ( '',0.7921568627450980000, 0.8196078431372548800, 0.9333333333333333500 ) ;
#3279 = UNCERTAINTY_MEASURE_WITH_UNIT (LENGTH_MEASURE( 1.000000000000000100E-005 ), #1137, 'distance_accuracy_value', 'NONE');
#3280 = DIRECTION ( 'NONE',  ( 1.000000000000000000, 0.0000000000000000000, -0.0000000000000000000 ) ) ;
#3281 = VECTOR ( 'NONE', #1282, 1000.000000000000000 ) ;
#3282 = DIRECTION ( 'NONE',  ( 0.0000000000000000000, -0.0000000000000000000, -1.000000000000000000 ) ) ;
#3283 = PRESENTATION_LAYER_ASSIGNMENT (  '', '', ( #2709 ) ) ;
#3284 = ORIENTED_EDGE ( 'NONE', *, *, #5160, .T. ) ;
#3285 = LINE ( 'NONE', #6788, #10636 ) ;
#3286 = CARTESIAN_POINT ( 'NONE',  ( -6218.332872483720200, 306.6190385117200200, 0.4800000000000000400 ) ) ;
#3287 = MECHANICAL_DESIGN_GEOMETRIC_PRESENTATION_REPRESENTATION (  '', ( #2105 ), #9268 ) ;
#3288 = SURFACE_SIDE_STYLE ('',( #9982 ) ) ;
#3289 = VERTEX_POINT ( 'NONE', #7049 ) ;
#3290 = VECTOR ( 'NONE', #5800, 1000.000000000000000 ) ;
#3291 =( LENGTH_UNIT ( ) NAMED_UNIT ( * ) SI_UNIT ( .MILLI., .METRE. ) );
#3292 = EDGE_LOOP ( 'NONE', ( #10575, #11498, #4649, #2099 ) ) ;
#3293 = SURFACE_SIDE_STYLE ('',( #7258 ) ) ;
#3294 = VECTOR ( 'NONE', #493, 1000.000000000000000 ) ;
#3295 = CARTESIAN_POINT ( 'NONE',  ( -6220.532872483720000, 306.8290385117210800, 0.4800000000000000400 ) ) ;
#3296 = EDGE_LOOP ( 'NONE', ( #9499, #2929, #5725, #6974, #1558 ) ) ;
#3297 = SURFACE_SIDE_STYLE ('',( #11148 ) ) ;
#3298 = FILL_AREA_STYLE ('',( #1552 ) ) ;
#3299 = STYLED_ITEM ( 'NONE', ( #1322 ), #1888 ) ;
#3300 = DIRECTION ( 'NONE',  ( 1.000000000000000000, 0.0000000000000000000, 0.0000000000000000000 ) ) ;
#3301 = ORIENTED_EDGE ( 'NONE', *, *, #9596, .F. ) ;
#3302 = LINE ( 'NONE', #2884, #10131 ) ;
#3303 = DIRECTION ( 'NONE',  ( 0.0000000000000000000, -0.0000000000000000000, 1.000000000000000000 ) ) ;
#3304 = LINE ( 'NONE', #10571, #9159 ) ;
#3305 = DIRECTION ( 'NONE',  ( 1.000000000000000000, 0.0000000000000000000, 0.0000000000000000000 ) ) ;
#3306 =( NAMED_UNIT ( * ) PLANE_ANGLE_UNIT ( ) SI_UNIT ( $, .RADIAN. ) );
#3307 = VERTEX_POINT ( 'NONE', #11388 ) ;
#3308 = FILL_AREA_STYLE_COLOUR ( '', #4391 ) ;
#3309 = CARTESIAN_POINT ( 'NONE',  ( -6220.882872483715800, 307.2290385117060500, 0.0000000000000000000 ) ) ;
#3310 =( NAMED_UNIT ( * ) PLANE_ANGLE_UNIT ( ) SI_UNIT ( $, .RADIAN. ) );
#3311 = STYLED_ITEM ( 'NONE', ( #4579 ), #9755 ) ;
#3312 = LINE ( 'NONE', #10726, #4863 ) ;
#3313 = VECTOR ( 'NONE', #8177, 1000.000000000000000 ) ;
#3314 = STYLED_ITEM ( 'NONE', ( #4988 ), #3534 ) ;
#3315 = ORIENTED_EDGE ( 'NONE', *, *, #731, .F. ) ;
#3316 = SURFACE_STYLE_FILL_AREA ( #5209 ) ;
#3317 = CARTESIAN_POINT ( 'NONE',  ( -6218.282872483720000, 306.1790385117200200, 0.5050000000000000000 ) ) ;
#3318 =( GEOMETRIC_REPRESENTATION_CONTEXT ( 3 ) GLOBAL_UNCERTAINTY_ASSIGNED_CONTEXT ( ( #11461 ) ) GLOBAL_UNIT_ASSIGNED_CONTEXT ( ( #7895, #4172, #2564 ) ) REPRESENTATION_CONTEXT ( 'NONE', 'WORKASPACE' ) );
#3319 = VECTOR ( 'NONE', #6606, 1000.000000000000000 ) ;
#3320 =( LENGTH_UNIT ( ) NAMED_UNIT ( * ) SI_UNIT ( .MILLI., .METRE. ) );
#3321 = ORIENTED_EDGE ( 'NONE', *, *, #7815, .T. ) ;
#3322 = SURFACE_STYLE_USAGE ( .BOTH. , #6068 ) ;
#3323 = FILL_AREA_STYLE ('',( #840 ) ) ;
#3324 = VECTOR ( 'NONE', #8494, 1000.000000000000000 ) ;
#3325 = DIRECTION ( 'NONE',  ( 1.000000000000000000, 0.0000000000000000000, 0.0000000000000000000 ) ) ;
#3326 = EDGE_CURVE ( 'NONE', #347, #10186, #2348, .T. ) ;
#3327 = ORIENTED_EDGE ( 'NONE', *, *, #3454, .F. ) ;
#3328 = ADVANCED_FACE ( 'NONE', ( #6794 ), #680, .T. ) ;
#3329 = ORIENTED_EDGE ( 'NONE', *, *, #2755, .T. ) ;
#3330 = CARTESIAN_POINT ( 'NONE',  ( -6220.532872483720000, 306.8290385117210800, 0.4800000000000000400 ) ) ;
#3331 =( GEOMETRIC_REPRESENTATION_CONTEXT ( 3 ) GLOBAL_UNCERTAINTY_ASSIGNED_CONTEXT ( ( #6424 ) ) GLOBAL_UNIT_ASSIGNED_CONTEXT ( ( #2062, #2818, #7331 ) ) REPRESENTATION_CONTEXT ( 'NONE', 'WORKASPACE' ) );
#3332 = EDGE_CURVE ( 'NONE', #972, #9169, #410, .T. ) ;
#3333 = FILL_AREA_STYLE_COLOUR ( '', #9170 ) ;
#3334 = DIRECTION ( 'NONE',  ( -1.000000000000000000, -0.0000000000000000000, 0.0000000000000000000 ) ) ;
#3335 = CARTESIAN_POINT ( 'NONE',  ( -6218.332872483720200, 307.1090385117190100, 0.4800000000000000400 ) ) ;
#3336 =( LENGTH_UNIT ( ) NAMED_UNIT ( * ) SI_UNIT ( .MILLI., .METRE. ) );
#3337 = FACE_OUTER_BOUND ( 'NONE', #2026, .T. ) ;
#3338 =( NAMED_UNIT ( * ) PLANE_ANGLE_UNIT ( ) SI_UNIT ( $, .RADIAN. ) );
#3339 = ORIENTED_EDGE ( 'NONE', *, *, #8503, .F. ) ;
#3340 =( LENGTH_UNIT ( ) NAMED_UNIT ( * ) SI_UNIT ( .MILLI., .METRE. ) );
#3341 = UNCERTAINTY_MEASURE_WITH_UNIT (LENGTH_MEASURE( 1.000000000000000100E-005 ), #773, 'distance_accuracy_value', 'NONE');
#3342 = CARTESIAN_POINT ( 'NONE',  ( -6220.832872483720200, 306.4690385117199900, 0.5000000000000000000 ) ) ;
#3343 = SURFACE_STYLE_USAGE ( .BOTH. , #8715 ) ;
#3344 = VECTOR ( 'NONE', #2809, 1000.000000000000000 ) ;
#3345 = CARTESIAN_POINT ( 'NONE',  ( -6218.632872483720300, 307.1790385117200200, 0.0000000000000000000 ) ) ;
#3346 = MECHANICAL_DESIGN_GEOMETRIC_PRESENTATION_REPRESENTATION (  '', ( #1124 ), #7148 ) ;
#3347 = CARTESIAN_POINT ( 'NONE',  ( -6220.532872483720000, 307.1790385117200200, 0.5050000000000000000 ) ) ;
#3348 = ORIENTED_EDGE ( 'NONE', *, *, #9462, .F. ) ;
#3349 = ORIENTED_EDGE ( 'NONE', *, *, #7461, .T. ) ;
#3350 = DIRECTION ( 'NONE',  ( -1.880717803714570100E-012, -1.000000000000000000, 0.0000000000000000000 ) ) ;
#3351 = UNCERTAINTY_MEASURE_WITH_UNIT (LENGTH_MEASURE( 1.000000000000000100E-005 ), #409, 'distance_accuracy_value', 'NONE');
#3352 = LINE ( 'NONE', #9928, #2951 ) ;
#3353 =( NAMED_UNIT ( * ) PLANE_ANGLE_UNIT ( ) SI_UNIT ( $, .RADIAN. ) );
#3354 = PRESENTATION_LAYER_ASSIGNMENT (  '', '', ( #3505 ) ) ;
#3355 = VECTOR ( 'NONE', #586, 1000.000000000000000 ) ;
#3356 = EDGE_CURVE ( 'NONE', #2696, #10578, #7232, .T. ) ;
#3357 = ORIENTED_EDGE ( 'NONE', *, *, #137, .T. ) ;
#3358 =( GEOMETRIC_REPRESENTATION_CONTEXT ( 3 ) GLOBAL_UNCERTAINTY_ASSIGNED_CONTEXT ( ( #4139 ) ) GLOBAL_UNIT_ASSIGNED_CONTEXT ( ( #8741, #4283, #2602 ) ) REPRESENTATION_CONTEXT ( 'NONE', 'WORKASPACE' ) );
#3359 = DIRECTION ( 'NONE',  ( -7.968481219721369600E-025, 1.000000000000000000, -2.842170943344290200E-013 ) ) ;
#3360 = PRESENTATION_STYLE_ASSIGNMENT (( #659 ) ) ;
#3361 = UNCERTAINTY_MEASURE_WITH_UNIT (LENGTH_MEASURE( 1.000000000000000100E-005 ), #3340, 'distance_accuracy_value', 'NONE');
#3362 =( LENGTH_UNIT ( ) NAMED_UNIT ( * ) SI_UNIT ( .MILLI., .METRE. ) );
#3363 = FACE_OUTER_BOUND ( 'NONE', #8626, .T. ) ;
#3364 = VECTOR ( 'NONE', #1511, 1000.000000000000000 ) ;
#3365 = CIRCLE ( 'NONE', #8047, 0.4499999999980630600 ) ;
#3366 = DIRECTION ( 'NONE',  ( 1.000000000000000000, 0.0000000000000000000, -0.0000000000000000000 ) ) ;
#3367 = SURFACE_SIDE_STYLE ('',( #9175 ) ) ;
#3368 = ORIENTED_EDGE ( 'NONE', *, *, #9114, .F. ) ;
#3369 = UNCERTAINTY_MEASURE_WITH_UNIT (LENGTH_MEASURE( 1.000000000000000100E-005 ), #6221, 'distance_accuracy_value', 'NONE');
#3370 =( NAMED_UNIT ( * ) SI_UNIT ( $, .STERADIAN. ) SOLID_ANGLE_UNIT ( ) );
#3371 = ORIENTED_EDGE ( 'NONE', *, *, #3223, .F. ) ;
#3372 = EDGE_LOOP ( 'NONE', ( #7422, #6767, #10410, #8519 ) ) ;
#3373 = DIRECTION ( 'NONE',  ( -1.880717803714570100E-012, -1.000000000000000000, 0.0000000000000000000 ) ) ;
#3374 = MECHANICAL_DESIGN_GEOMETRIC_PRESENTATION_REPRESENTATION (  '', ( #2795 ), #7565 ) ;
#3376 = LINE ( 'NONE', #479, #1019 ) ;
#3375 =( LENGTH_UNIT ( ) NAMED_UNIT ( * ) SI_UNIT ( .MILLI., .METRE. ) );
#3377 = FILL_AREA_STYLE_COLOUR ( '', #9590 ) ;
#3378 = ORIENTED_EDGE ( 'NONE', *, *, #4903, .F. ) ;
#3379 = VECTOR ( 'NONE', #6098, 1000.000000000000000 ) ;
#3380 = PLANE ( 'NONE',  #1029 ) ;
#3381 = EDGE_LOOP ( 'NONE', ( #4981, #925, #8195, #6102 ) ) ;
#3382 = DIRECTION ( 'NONE',  ( -1.000000000000000000, -0.0000000000000000000, 0.0000000000000000000 ) ) ;
#3383 = EDGE_LOOP ( 'NONE', ( #956, #8187, #6131, #9103 ) ) ;
#3384 =( NAMED_UNIT ( * ) SI_UNIT ( $, .STERADIAN. ) SOLID_ANGLE_UNIT ( ) );
#3385 = VECTOR ( 'NONE', #7984, 1000.000000000000000 ) ;
#3386 = FILL_AREA_STYLE ('',( #6005 ) ) ;
#3387 = LINE ( 'NONE', #11463, #1031 ) ;
#3388 =( GEOMETRIC_REPRESENTATION_CONTEXT ( 3 ) GLOBAL_UNCERTAINTY_ASSIGNED_CONTEXT ( ( #4575 ) ) GLOBAL_UNIT_ASSIGNED_CONTEXT ( ( #1813, #10530, #5248 ) ) REPRESENTATION_CONTEXT ( 'NONE', 'WORKASPACE' ) );
#3389 = PRODUCT ( 'APFA3010', 'APFA3010', '', ( #7537 ) ) ;
#3390 = MECHANICAL_DESIGN_GEOMETRIC_PRESENTATION_REPRESENTATION (  '', ( #7578 ), #5181 ) ;
#3391 = SURFACE_STYLE_USAGE ( .BOTH. , #1677 ) ;
#3392 =( NAMED_UNIT ( * ) PLANE_ANGLE_UNIT ( ) SI_UNIT ( $, .RADIAN. ) );
#3393 = FILL_AREA_STYLE_COLOUR ( '', #6254 ) ;
#3394 = FILL_AREA_STYLE_COLOUR ( '', #4222 ) ;
#3395 = ORIENTED_EDGE ( 'NONE', *, *, #9002, .T. ) ;
#3396 = MECHANICAL_DESIGN_GEOMETRIC_PRESENTATION_REPRESENTATION (  '', ( #4522 ), #4001 ) ;
#3397 = DIRECTION ( 'NONE',  ( 1.000000000000000000, 0.0000000000000000000, 0.0000000000000000000 ) ) ;
#3398 = ADVANCED_FACE ( 'NONE', ( #5565 ), #6177, .T. ) ;
#3399 = EDGE_CURVE ( 'NONE', #845, #6169, #6661, .T. ) ;
#3400 = SURFACE_STYLE_FILL_AREA ( #9539 ) ;
#3401 = ORIENTED_EDGE ( 'NONE', *, *, #5299, .T. ) ;
#3402 = VECTOR ( 'NONE', #4961, 1000.000000000000000 ) ;
#3403 = FILL_AREA_STYLE ('',( #10815 ) ) ;
#3404 = ORIENTED_EDGE ( 'NONE', *, *, #370, .F. ) ;
#3405 = STYLED_ITEM ( 'NONE', ( #10753 ), #7004 ) ;
#3406 =( NAMED_UNIT ( * ) PLANE_ANGLE_UNIT ( ) SI_UNIT ( $, .RADIAN. ) );
#3407 = PRESENTATION_LAYER_ASSIGNMENT (  '', '', ( #4231 ) ) ;
#3408 = DIRECTION ( 'NONE',  ( 0.0000000000000000000, -0.0000000000000000000, 1.000000000000000000 ) ) ;
#3409 = STYLED_ITEM ( 'NONE', ( #6488 ), #4279 ) ;
#3410 = DIRECTION ( 'NONE',  ( 1.000000000000000000, 0.0000000000000000000, 0.0000000000000000000 ) ) ;
#3411 = EDGE_CURVE ( 'NONE', #6367, #1253, #8344, .T. ) ;
#3412 = COLOUR_RGB ( '',0.7921568627450980000, 0.8196078431372548800, 0.9333333333333333500 ) ;
#3413 =( LENGTH_UNIT ( ) NAMED_UNIT ( * ) SI_UNIT ( .MILLI., .METRE. ) );
#3414 = SURFACE_STYLE_FILL_AREA ( #1101 ) ;
#3415 = EDGE_LOOP ( 'NONE', ( #1225, #6757, #2385, #10374 ) ) ;
#3416 = SURFACE_STYLE_FILL_AREA ( #10961 ) ;
#3417 = FILL_AREA_STYLE ('',( #5097 ) ) ;
#3418 = ORIENTED_EDGE ( 'NONE', *, *, #9458, .F. ) ;
#3419 = SURFACE_STYLE_USAGE ( .BOTH. , #7735 ) ;
#3420 = ORIENTED_EDGE ( 'NONE', *, *, #10205, .F. ) ;
#3421 = EDGE_CURVE ( 'NONE', #4586, #1543, #5978, .T. ) ;
#3422 = CARTESIAN_POINT ( 'NONE',  ( -6220.532872483720000, 306.6790385117209900, 0.4800000000000000400 ) ) ;
#3423 = FACE_OUTER_BOUND ( 'NONE', #5324, .T. ) ;
#3424 = VECTOR ( 'NONE', #7985, 1000.000000000000000 ) ;
#3425 = CARTESIAN_POINT ( 'NONE',  ( -6217.782872483721800, 306.1290385117200700, 0.5000000000000000000 ) ) ;
#3426 =( GEOMETRIC_REPRESENTATION_CONTEXT ( 3 ) GLOBAL_UNCERTAINTY_ASSIGNED_CONTEXT ( ( #3661 ) ) GLOBAL_UNIT_ASSIGNED_CONTEXT ( ( #8610, #11311, #7758 ) ) REPRESENTATION_CONTEXT ( 'NONE', 'WORKASPACE' ) );
#3427 = EDGE_CURVE ( 'NONE', #9949, #8211, #401, .T. ) ;
#3428 = ORIENTED_EDGE ( 'NONE', *, *, #10115, .F. ) ;
#3430 = FILL_AREA_STYLE_COLOUR ( '', #8630 ) ;
#3429 = MECHANICAL_DESIGN_GEOMETRIC_PRESENTATION_REPRESENTATION (  '', ( #9396 ), #4632 ) ;
#3431 = EDGE_CURVE ( 'NONE', #7137, #726, #3312, .T. ) ;
#3432 =( LENGTH_UNIT ( ) NAMED_UNIT ( * ) SI_UNIT ( .MILLI., .METRE. ) );
#3433 = DIRECTION ( 'NONE',  ( 0.0000000000000000000, -1.000000000000000000, 6.023345402730603900E-016 ) ) ;
#3434 = EDGE_CURVE ( 'NONE', #6844, #9157, #8204, .T. ) ;
#3435 = CARTESIAN_POINT ( 'NONE',  ( -6218.632872483720300, 307.1790385117190000, 9.963344651151466500E-049 ) ) ;
#3436 = DIRECTION ( 'NONE',  ( -0.0000000000000000000, -1.000000000000000000, -0.0000000000000000000 ) ) ;
#3437 = UNCERTAINTY_MEASURE_WITH_UNIT (LENGTH_MEASURE( 1.000000000000000100E-005 ), #10644, 'distance_accuracy_value', 'NONE');
#3438 = DIRECTION ( 'NONE',  ( 1.000000000000000000, -5.181040769999883800E-012, 1.879283761439689900E-014 ) ) ;
#3439 = DIRECTION ( 'NONE',  ( -0.0000000000000000000, 0.0000000000000000000, -1.000000000000000000 ) ) ;
#3440 = LINE ( 'NONE', #4196, #7627 ) ;
#3441 =( LENGTH_UNIT ( ) NAMED_UNIT ( * ) SI_UNIT ( .MILLI., .METRE. ) );
#3442 = ORIENTED_EDGE ( 'NONE', *, *, #3044, .T. ) ;
#3443 = FACE_OUTER_BOUND ( 'NONE', #9743, .T. ) ;
#3444 = ORIENTED_EDGE ( 'NONE', *, *, #296, .F. ) ;
#3445 = CARTESIAN_POINT ( 'NONE',  ( -6220.382872483720300, 306.6790385117209900, 0.4800000000000000400 ) ) ;
#3446 = AXIS2_PLACEMENT_3D ( 'NONE', #9584, #7651, #2344 ) ;
#3447 = CARTESIAN_POINT ( 'NONE',  ( -6219.232872483719800, 307.1790385117198000, 9.902646067497262600E-037 ) ) ;
#3448 = FILL_AREA_STYLE ('',( #4421 ) ) ;
#3449 =( NAMED_UNIT ( * ) SI_UNIT ( $, .STERADIAN. ) SOLID_ANGLE_UNIT ( ) );
#3450 = STYLED_ITEM ( 'NONE', ( #6232 ), #779 ) ;
#3451 = ORIENTED_EDGE ( 'NONE', *, *, #7798, .T. ) ;
#3452 = LINE ( 'NONE', #6482, #4019 ) ;
#3453 = VECTOR ( 'NONE', #10032, 1000.000000000000000 ) ;
#3454 = EDGE_CURVE ( 'NONE', #4150, #4923, #4308, .T. ) ;
#3455 = ORIENTED_EDGE ( 'NONE', *, *, #7623, .T. ) ;
#3456 = ADVANCED_FACE ( 'NONE', ( #11093 ), #920, .T. ) ;
#3457 = DIRECTION ( 'NONE',  ( 6.243894290491559700E-012, 0.0000000000000000000, 1.000000000000000000 ) ) ;
#3458 = PRESENTATION_STYLE_ASSIGNMENT (( #7092 ) ) ;
#3459 =( NAMED_UNIT ( * ) SI_UNIT ( $, .STERADIAN. ) SOLID_ANGLE_UNIT ( ) );
#3460 = SURFACE_STYLE_USAGE ( .BOTH. , #6078 ) ;
#3461 = ORIENTED_EDGE ( 'NONE', *, *, #7013, .T. ) ;
#3462 = SURFACE_STYLE_USAGE ( .BOTH. , #8702 ) ;
#3463 = SURFACE_STYLE_FILL_AREA ( #9914 ) ;
#3464 = STYLED_ITEM ( 'NONE', ( #10808 ), #6376 ) ;
#3465 = PLANE ( 'NONE',  #8757 ) ;
#3466 = ADVANCED_FACE ( 'NONE', ( #10006 ), #153, .T. ) ;
#3467 = DIRECTION ( 'NONE',  ( 0.0000000000000000000, -1.000000000000000000, 0.0000000000000000000 ) ) ;
#3468 = ORIENTED_EDGE ( 'NONE', *, *, #665, .T. ) ;
#3469 = STYLED_ITEM ( 'NONE', ( #3968 ), #2068 ) ;
#3470 = SURFACE_SIDE_STYLE ('',( #8504 ) ) ;
#3471 = CARTESIAN_POINT ( 'NONE',  ( -6218.632872483720300, 306.7290385117199800, 0.0000000000000000000 ) ) ;
#3472 = FILL_AREA_STYLE ('',( #8796 ) ) ;
#3473 = VERTEX_POINT ( 'NONE', #11504 ) ;
#3474 = CARTESIAN_POINT ( 'NONE',  ( -6217.832872483720200, 306.6290385117190500, 0.02000000000000000000 ) ) ;
#3475 = SURFACE_STYLE_FILL_AREA ( #8819 ) ;
#3476 = FILL_AREA_STYLE ('',( #6159 ) ) ;
#3477 = LINE ( 'NONE', #2890, #2928 ) ;
#3478 = SURFACE_SIDE_STYLE ('',( #9843 ) ) ;
#3479 = CARTESIAN_POINT ( 'NONE',  ( -6220.637923509440000, 307.1790385117179800, 0.2500000000000000000 ) ) ;
#3480 = VERTEX_POINT ( 'NONE', #6331 ) ;
#3482 = CIRCLE ( 'NONE', #2252, 0.4500000000016157700 ) ;
#3481 = PRESENTATION_LAYER_ASSIGNMENT (  '', '', ( #6879 ) ) ;
#3483 = EDGE_CURVE ( 'NONE', #8289, #8116, #1645, .T. ) ;
#3484 = FACE_OUTER_BOUND ( 'NONE', #6770, .T. ) ;
#3485 = CARTESIAN_POINT ( 'NONE',  ( -6220.532872483720000, 306.6790385117209900, 0.4800000000000000400 ) ) ;
#3486 = PLANE ( 'NONE',  #1065 ) ;
#3487 = FACE_OUTER_BOUND ( 'NONE', #5647, .T. ) ;
#3488 = CARTESIAN_POINT ( 'NONE',  ( -6220.382872483720300, 306.6790385117209900, 0.4800000000000000400 ) ) ;
#3489 =( LENGTH_UNIT ( ) NAMED_UNIT ( * ) SI_UNIT ( .MILLI., .METRE. ) );
#3490 =( LENGTH_UNIT ( ) NAMED_UNIT ( * ) SI_UNIT ( .MILLI., .METRE. ) );
#3491 = VERTEX_POINT ( 'NONE', #8122 ) ;
#3492 = CARTESIAN_POINT ( 'NONE',  ( -6220.832872483720200, 306.1790385117200200, 0.5000000000000000000 ) ) ;
#3493 = DIRECTION ( 'NONE',  ( 0.0000000000000000000, 0.0000000000000000000, -1.000000000000000000 ) ) ;
#3494 = PRESENTATION_STYLE_ASSIGNMENT (( #6484 ) ) ;
#3495 = EDGE_CURVE ( 'NONE', #6371, #335, #10814, .T. ) ;
#3496 = MANIFOLD_SOLID_BREP ( '11-1-solid1', #670 ) ;
#3497 = EDGE_LOOP ( 'NONE', ( #7975, #3768, #9482, #5332 ) ) ;
#3498 = CARTESIAN_POINT ( 'NONE',  ( -6220.617542500490300, 307.1790385117200200, 0.0000000000000000000 ) ) ;
#3499 = PRESENTATION_LAYER_ASSIGNMENT (  '', '', ( #1702 ) ) ;
#3500 = EDGE_CURVE ( 'NONE', #803, #180, #2772, .T. ) ;
#3501 = VECTOR ( 'NONE', #5108, 1000.000000000000000 ) ;
#3502 = SURFACE_SIDE_STYLE ('',( #1918 ) ) ;
#3503 = CARTESIAN_POINT ( 'NONE',  ( -6219.232872483719800, 306.1790385117200200, 0.0000000000000000000 ) ) ;
#3504 = VERTEX_POINT ( 'NONE', #1146 ) ;
#3505 = STYLED_ITEM ( 'NONE', ( #9476 ), #7884 ) ;
#3506 = UNCERTAINTY_MEASURE_WITH_UNIT (LENGTH_MEASURE( 1.000000000000000100E-005 ), #2498, 'distance_accuracy_value', 'NONE');
#3507 = DIRECTION ( 'NONE',  ( 0.0000000000000000000, -0.0000000000000000000, -1.000000000000000000 ) ) ;
#3508 = EDGE_CURVE ( 'NONE', #5262, #5249, #9857, .T. ) ;
#3509 = DIRECTION ( 'NONE',  ( -1.000000000000000000, -1.150191053511449900E-012, 6.199485369506870100E-012 ) ) ;
#3510 = EDGE_CURVE ( 'NONE', #8640, #3265, #4291, .T. ) ;
#3511 = DIRECTION ( 'NONE',  ( 0.0000000000000000000, 0.0000000000000000000, 1.000000000000000000 ) ) ;
#3512 = EDGE_LOOP ( 'NONE', ( #9920, #8572, #8138, #6699 ) ) ;
#3513 = LINE ( 'NONE', #9614, #8385 ) ;
#3514 = FILL_AREA_STYLE_COLOUR ( '', #7538 ) ;
#3515 = ORIENTED_EDGE ( 'NONE', *, *, #154, .F. ) ;
#3516 = DIRECTION ( 'NONE',  ( 1.000000000000000000, 0.0000000000000000000, 0.0000000000000000000 ) ) ;
#3517 = DIRECTION ( 'NONE',  ( 1.000000000000000000, 0.0000000000000000000, -0.0000000000000000000 ) ) ;
#3518 = PRESENTATION_LAYER_ASSIGNMENT (  '', '', ( #5972 ) ) ;
#3519 = SURFACE_STYLE_USAGE ( .BOTH. , #7034 ) ;
#3520 = DIRECTION ( 'NONE',  ( -9.094947017729450400E-012, 0.0000000000000000000, 1.000000000000000000 ) ) ;
#3521 = PRESENTATION_STYLE_ASSIGNMENT (( #289 ) ) ;
#3522 = FILL_AREA_STYLE_COLOUR ( '', #9192 ) ;
#3523 = ADVANCED_FACE ( 'NONE', ( #2335 ), #948, .F. ) ;
#3524 = SURFACE_SIDE_STYLE ('',( #6450 ) ) ;
#3525 = STYLED_ITEM ( 'NONE', ( #3875 ), #8695 ) ;
#3526 = FACE_OUTER_BOUND ( 'NONE', #4226, .T. ) ;
#3527 = LINE ( 'NONE', #9040, #460 ) ;
#3528 = PRESENTATION_STYLE_ASSIGNMENT (( #9240 ) ) ;
#3529 = STYLED_ITEM ( 'NONE', ( #2627 ), #378 ) ;
#3530 = VERTEX_POINT ( 'NONE', #9203 ) ;
#3531 = VERTEX_POINT ( 'NONE', #5594 ) ;
#3532 = DIRECTION ( 'NONE',  ( -0.0000000000000000000, -2.267075416283500100E-012, -1.000000000000000000 ) ) ;
#3533 = ORIENTED_EDGE ( 'NONE', *, *, #3127, .F. ) ;
#3534 = ADVANCED_FACE ( 'NONE', ( #4851 ), #7498, .F. ) ;
#3535 = SURFACE_SIDE_STYLE ('',( #8420 ) ) ;
#3536 = FILL_AREA_STYLE ('',( #10485 ) ) ;
#3537 = LINE ( 'NONE', #1057, #331 ) ;
#3538 = PLANE ( 'NONE',  #9399 ) ;
#3539 = DIRECTION ( 'NONE',  ( -1.570965579844689900E-013, -1.000000000000000000, -7.143924357681906300E-025 ) ) ;
#3540 = CIRCLE ( 'NONE', #2520, 0.4499999999980630600 ) ;
#3541 = DIRECTION ( 'NONE',  ( -1.000000000000000000, -0.0000000000000000000, -0.0000000000000000000 ) ) ;
#3542 = VECTOR ( 'NONE', #3280, 1000.000000000000000 ) ;
#3543 = ORIENTED_EDGE ( 'NONE', *, *, #9226, .F. ) ;
#3544 = STYLED_ITEM ( 'NONE', ( #1332 ), #1756 ) ;
#3545 = LINE ( 'NONE', #6236, #1310 ) ;
#3546 = CARTESIAN_POINT ( 'NONE',  ( -6219.532872483720000, 306.1790385117209900, 0.02000000000000000000 ) ) ;
#3547 = LINE ( 'NONE', #2312, #3125 ) ;
#3548 = FACE_OUTER_BOUND ( 'NONE', #2600, .T. ) ;
#3549 = CARTESIAN_POINT ( 'NONE',  ( -6218.392872483719700, 307.0721758150600100, 0.0000000000000000000 ) ) ;
#3550 = CARTESIAN_POINT ( 'NONE',  ( -6218.282872483720000, 306.1790385117200200, 0.5000000000000000000 ) ) ;
#3551 =( NAMED_UNIT ( * ) SI_UNIT ( $, .STERADIAN. ) SOLID_ANGLE_UNIT ( ) );
#3552 = VERTEX_POINT ( 'NONE', #4766 ) ;
#3553 =( NAMED_UNIT ( * ) PLANE_ANGLE_UNIT ( ) SI_UNIT ( $, .RADIAN. ) );
#3554 = MECHANICAL_DESIGN_GEOMETRIC_PRESENTATION_REPRESENTATION (  '', ( #9505 ), #10669 ) ;
#3555 =( GEOMETRIC_REPRESENTATION_CONTEXT ( 3 ) GLOBAL_UNCERTAINTY_ASSIGNED_CONTEXT ( ( #7857 ) ) GLOBAL_UNIT_ASSIGNED_CONTEXT ( ( #7264, #9056, #1928 ) ) REPRESENTATION_CONTEXT ( 'NONE', 'WORKASPACE' ) );
#3556 = MECHANICAL_DESIGN_GEOMETRIC_PRESENTATION_REPRESENTATION (  '', ( #2283 ), #7871 ) ;
#3557 = SURFACE_SIDE_STYLE ('',( #9113 ) ) ;
#3558 = CIRCLE ( 'NONE', #7021, 0.4500000000238202300 ) ;
#3559 = PRESENTATION_STYLE_ASSIGNMENT (( #8489 ) ) ;
#3560 = DIRECTION ( 'NONE',  ( 0.0000000000000000000, -0.0000000000000000000, -1.000000000000000000 ) ) ;
#3561 = CARTESIAN_POINT ( 'NONE',  ( -6218.732872483719800, 306.9921758150600800, 0.02000000000000000000 ) ) ;
#3562 = DIRECTION ( 'NONE',  ( 0.0000000000000000000, -1.000000000000000000, -0.0000000000000000000 ) ) ;
#3563 = STYLED_ITEM ( 'NONE', ( #1411 ), #2707 ) ;
#3564 = EDGE_LOOP ( 'NONE', ( #7312, #8986, #11357, #9563 ) ) ;
#3565 = SURFACE_STYLE_USAGE ( .BOTH. , #8801 ) ;
#3566 = SURFACE_STYLE_FILL_AREA ( #1382 ) ;
#3567 = DIRECTION ( 'NONE',  ( 2.304180778544495400E-017, 2.304180778564691500E-017, 1.000000000000000000 ) ) ;
#3568 = ORIENTED_EDGE ( 'NONE', *, *, #3673, .F. ) ;
#3569 = DIRECTION ( 'NONE',  ( 0.0000000000000000000, 0.0000000000000000000, -1.000000000000000000 ) ) ;
#3570 = DIRECTION ( 'NONE',  ( 0.0000000000000000000, 0.0000000000000000000, -1.000000000000000000 ) ) ;
#3571 = EDGE_LOOP ( 'NONE', ( #8389, #1884, #2204, #4294 ) ) ;
#3572 = CARTESIAN_POINT ( 'NONE',  ( -6220.382872483720300, 306.8290385117210800, 0.4800000000000000400 ) ) ;
#3573 = PRESENTATION_STYLE_ASSIGNMENT (( #7914 ) ) ;
#3574 = AXIS2_PLACEMENT_3D ( 'NONE', #2702, #3601, #100 ) ;
#3575 = EDGE_CURVE ( 'NONE', #11455, #8398, #2469, .T. ) ;
#3576 = DIRECTION ( 'NONE',  ( -1.000000000000000000, -0.0000000000000000000, -0.0000000000000000000 ) ) ;
#3577 = ORIENTED_EDGE ( 'NONE', *, *, #7392, .T. ) ;
#3578 = ADVANCED_FACE ( 'NONE', ( #4153 ), #7417, .T. ) ;
#3579 = VECTOR ( 'NONE', #2222, 1000.000000000000000 ) ;
#3580 = DIRECTION ( 'NONE',  ( -3.486326665909891900E-016, -6.098636300382200700E-016, -1.000000000000000000 ) ) ;
#3581 = ORIENTED_EDGE ( 'NONE', *, *, #1106, .F. ) ;
#3582 = SURFACE_SIDE_STYLE ('',( #8745 ) ) ;
#3583 = VECTOR ( 'NONE', #385, 1000.000000000000000 ) ;
#3584 = DIRECTION ( 'NONE',  ( 1.150191053511989900E-012, -1.000000000000000000, -7.181671351997986300E-024 ) ) ;
#3585 = CARTESIAN_POINT ( 'NONE',  ( -6220.382872483720300, 306.6790385117209900, 0.4800000000000000400 ) ) ;
#3586 = VERTEX_POINT ( 'NONE', #9164 ) ;
#3587 = PLANE ( 'NONE',  #2137 ) ;
#3588 = ADVANCED_FACE ( 'NONE', ( #3884 ), #10025, .T. ) ;
#3589 = UNCERTAINTY_MEASURE_WITH_UNIT (LENGTH_MEASURE( 1.000000000000000100E-005 ), #9887, 'distance_accuracy_value', 'NONE');
#3590 = CARTESIAN_POINT ( 'NONE',  ( -6220.882872483719400, 306.1290385117194400, 0.0000000000000000000 ) ) ;
#3591 = MECHANICAL_DESIGN_GEOMETRIC_PRESENTATION_REPRESENTATION (  '', ( #2375 ), #3820 ) ;
#3592 = SURFACE_STYLE_FILL_AREA ( #5503 ) ;
#3594 = DIRECTION ( 'NONE',  ( -1.000000000000000000, 4.934324553767984300E-012, 0.0000000000000000000 ) ) ;
#3593 = MECHANICAL_DESIGN_GEOMETRIC_PRESENTATION_REPRESENTATION (  '', ( #2984 ), #4776 ) ;
#3595 = ORIENTED_EDGE ( 'NONE', *, *, #2686, .T. ) ;
#3596 = EDGE_CURVE ( 'NONE', #10394, #6318, #1766, .T. ) ;
#3597 = DIRECTION ( 'NONE',  ( -0.0000000000000000000, 1.000000000000000000, 0.0000000000000000000 ) ) ;
#3598 = STYLED_ITEM ( 'NONE', ( #4767 ), #27 ) ;
#3599 = LINE ( 'NONE', #9138, #7492 ) ;
#3600 = DIRECTION ( 'NONE',  ( 0.0000000000000000000, 0.0000000000000000000, 1.000000000000000000 ) ) ;
#3601 = DIRECTION ( 'NONE',  ( 0.0000000000000000000, 0.0000000000000000000, 1.000000000000000000 ) ) ;
#3602 = ORIENTED_EDGE ( 'NONE', *, *, #7040, .T. ) ;
#3603 = FILL_AREA_STYLE_COLOUR ( '', #116 ) ;
#3604 = CARTESIAN_POINT ( 'NONE',  ( -6218.632872483720300, 307.0721758150600100, 1.885618007389407100E-025 ) ) ;
#3605 =( NAMED_UNIT ( * ) PLANE_ANGLE_UNIT ( ) SI_UNIT ( $, .RADIAN. ) );
#3606 = COLOUR_RGB ( '',0.7921568627450980000, 0.8196078431372548800, 0.9333333333333333500 ) ;
#3607 = LINE ( 'NONE', #2541, #9573 ) ;
#3608 = ORIENTED_EDGE ( 'NONE', *, *, #6989, .T. ) ;
#3609 = LINE ( 'NONE', #5490, #3186 ) ;
#3610 = COLOUR_RGB ( '',0.7921568627450980000, 0.8196078431372548800, 0.9333333333333333500 ) ;
#3611 = VECTOR ( 'NONE', #2057, 1000.000000000000000 ) ;
#3612 = ORIENTED_EDGE ( 'NONE', *, *, #2843, .F. ) ;
#3613 = MECHANICAL_DESIGN_GEOMETRIC_PRESENTATION_REPRESENTATION (  '', ( #9715 ), #7563 ) ;
#3614 = CARTESIAN_POINT ( 'NONE',  ( -6218.632872483720300, 307.0721758150609700, 0.0000000000000000000 ) ) ;
#3615 =( NAMED_UNIT ( * ) SI_UNIT ( $, .STERADIAN. ) SOLID_ANGLE_UNIT ( ) );
#3616 = DIRECTION ( 'NONE',  ( 1.000000000000000000, -0.0000000000000000000, 0.0000000000000000000 ) ) ;
#3617 = CARTESIAN_POINT ( 'NONE',  ( -6220.532872483720000, 306.6790385117209900, 0.5000000000000000000 ) ) ;
#3618 =( GEOMETRIC_REPRESENTATION_CONTEXT ( 3 ) GLOBAL_UNCERTAINTY_ASSIGNED_CONTEXT ( ( #3947 ) ) GLOBAL_UNIT_ASSIGNED_CONTEXT ( ( #3441, #9658, #7989 ) ) REPRESENTATION_CONTEXT ( 'NONE', 'WORKASPACE' ) );
#3619 = VECTOR ( 'NONE', #4539, 1000.000000000000000 ) ;
#3620 = PRESENTATION_STYLE_ASSIGNMENT (( #8870 ) ) ;
#3621 = FILL_AREA_STYLE ('',( #765 ) ) ;
#3622 = VERTEX_POINT ( 'NONE', #6672 ) ;
#3623 = LINE ( 'NONE', #5920, #3899 ) ;
#3624 = VERTEX_POINT ( 'NONE', #3090 ) ;
#3625 = CARTESIAN_POINT ( 'NONE',  ( -6217.782872483722700, 307.2290385117134400, 0.4999999999999996700 ) ) ;
#3626 = SURFACE_SIDE_STYLE ('',( #2330 ) ) ;
#3627 = LINE ( 'NONE', #11181, #5580 ) ;
#3628 = APPLICATION_PROTOCOL_DEFINITION ( 'draft international standard', 'automotive_design', 1998, #8939 ) ;
#3629 = VERTEX_POINT ( 'NONE', #1339 ) ;
#3630 = PRESENTATION_STYLE_ASSIGNMENT (( #4141 ) ) ;
#3631 = DIRECTION ( 'NONE',  ( 1.000000000000000000, 0.0000000000000000000, 0.0000000000000000000 ) ) ;
#3632 = MECHANICAL_DESIGN_GEOMETRIC_PRESENTATION_REPRESENTATION (  '', ( #1674 ), #2654 ) ;
#3633 = ORIENTED_EDGE ( 'NONE', *, *, #8048, .T. ) ;
#3634 = CARTESIAN_POINT ( 'NONE',  ( -6220.532872483720000, 306.6790385117200200, 0.5000000000000000000 ) ) ;
#3635 = DIRECTION ( 'NONE',  ( 1.000000000000000000, 0.0000000000000000000, 0.0000000000000000000 ) ) ;
#3636 = CARTESIAN_POINT ( 'NONE',  ( -6217.832872483720200, 306.3943684949480800, 0.02000000000000000000 ) ) ;
#3637 = DIRECTION ( 'NONE',  ( 1.000000000000000000, 0.0000000000000000000, -0.0000000000000000000 ) ) ;
#3638 =( NAMED_UNIT ( * ) SI_UNIT ( $, .STERADIAN. ) SOLID_ANGLE_UNIT ( ) );
#3639 = DIRECTION ( 'NONE',  ( 0.0000000000000000000, 0.0000000000000000000, -1.000000000000000000 ) ) ;
#3640 = ORIENTED_EDGE ( 'NONE', *, *, #1887, .T. ) ;
#3641 = ADVANCED_FACE ( 'NONE', ( #7047 ), #3168, .T. ) ;
#3642 = FILL_AREA_STYLE_COLOUR ( '', #10444 ) ;
#3643 = MECHANICAL_DESIGN_GEOMETRIC_PRESENTATION_REPRESENTATION (  '', ( #6456 ), #1236 ) ;
#3644 = VECTOR ( 'NONE', #6150, 1000.000000000000000 ) ;
#3645 = ORIENTED_EDGE ( 'NONE', *, *, #3876, .F. ) ;
#3646 = AXIS2_PLACEMENT_3D ( 'NONE', #985, #7247, #9806 ) ;
#3647 = SURFACE_SIDE_STYLE ('',( #5766 ) ) ;
#3648 = ADVANCED_FACE ( 'NONE', ( #2904 ), #6705, .T. ) ;
#3649 = VERTEX_POINT ( 'NONE', #7497 ) ;
#3650 = FILL_AREA_STYLE_COLOUR ( '', #7033 ) ;
#3651 = SURFACE_STYLE_USAGE ( .BOTH. , #8965 ) ;
#3652 = VERTEX_POINT ( 'NONE', #2160 ) ;
#3653 = COLOUR_RGB ( '',0.7921568627450980000, 0.8196078431372548800, 0.9333333333333333500 ) ;
#3654 = PRESENTATION_STYLE_ASSIGNMENT (( #6234 ) ) ;
#3655 = CARTESIAN_POINT ( 'NONE',  ( -6220.588084424261100, 306.4690385117199900, 0.5000000000000001100 ) ) ;
#3656 = DIRECTION ( 'NONE',  ( 5.362025623469409700E-024, 1.008445705408169900E-035, -1.000000000000000000 ) ) ;
#3657 = FACE_OUTER_BOUND ( 'NONE', #3296, .T. ) ;
#3658 = FILL_AREA_STYLE ('',( #7093 ) ) ;
#3659 = EDGE_LOOP ( 'NONE', ( #7947, #1848, #2302, #6985 ) ) ;
#3660 = EDGE_CURVE ( 'NONE', #7019, #8057, #11480, .T. ) ;
#3661 = UNCERTAINTY_MEASURE_WITH_UNIT (LENGTH_MEASURE( 1.000000000000000100E-005 ), #8610, 'distance_accuracy_value', 'NONE');
#3662 = FACE_OUTER_BOUND ( 'NONE', #11279, .T. ) ;
#3663 = FILL_AREA_STYLE_COLOUR ( '', #7992 ) ;
#3664 = LINE ( 'NONE', #10811, #4905 ) ;
#3665 = VECTOR ( 'NONE', #1485, 1000.000000000000000 ) ;
#3666 = CARTESIAN_POINT ( 'NONE',  ( -6218.230086079220200, 306.1790385117200200, 0.02000000000000000000 ) ) ;
#3667 = AXIS2_PLACEMENT_3D ( 'NONE', #8155, #2827, #10763 ) ;
#3668 = ORIENTED_EDGE ( 'NONE', *, *, #2545, .F. ) ;
#3669 = EDGE_CURVE ( 'NONE', #2048, #5704, #10112, .T. ) ;
#3670 = ORIENTED_EDGE ( 'NONE', *, *, #1866, .F. ) ;
#3671 = DIRECTION ( 'NONE',  ( 0.0000000000000000000, -1.000000000000000000, -0.0000000000000000000 ) ) ;
#3672 = ORIENTED_EDGE ( 'NONE', *, *, #7752, .T. ) ;
#3673 = EDGE_CURVE ( 'NONE', #3708, #6365, #4419, .T. ) ;
#3674 = SURFACE_STYLE_USAGE ( .BOTH. , #7317 ) ;
#3675 = VERTEX_POINT ( 'NONE', #8351 ) ;
#3676 = COLOUR_RGB ( '',0.7921568627450980000, 0.8196078431372548800, 0.9333333333333333500 ) ;
#3677 = ORIENTED_EDGE ( 'NONE', *, *, #5477, .F. ) ;
#3678 = DIRECTION ( 'NONE',  ( -0.0000000000000000000, 1.000000000000000000, 0.0000000000000000000 ) ) ;
#3679 = FILL_AREA_STYLE_COLOUR ( '', #9888 ) ;
#3680 = EDGE_LOOP ( 'NONE', ( #438, #1583, #3041, #9201 ) ) ;
#3681 = DIRECTION ( 'NONE',  ( -0.0000000000000000000, -0.0000000000000000000, -1.000000000000000000 ) ) ;
#3682 = STYLED_ITEM ( 'NONE', ( #9741 ), #9012 ) ;
#3683 =( GEOMETRIC_REPRESENTATION_CONTEXT ( 3 ) GLOBAL_UNCERTAINTY_ASSIGNED_CONTEXT ( ( #4883 ) ) GLOBAL_UNIT_ASSIGNED_CONTEXT ( ( #7696, #637, #8545 ) ) REPRESENTATION_CONTEXT ( 'NONE', 'WORKASPACE' ) );
#3684 = CARTESIAN_POINT ( 'NONE',  ( -6219.432737906850000, 307.1790385117200200, 0.02000000000000000000 ) ) ;
#3685 = FACE_OUTER_BOUND ( 'NONE', #876, .T. ) ;
#3686 = EDGE_CURVE ( 'NONE', #6169, #10452, #5259, .T. ) ;
#3687 = CARTESIAN_POINT ( 'NONE',  ( -6219.932872483719600, 307.1790385117190000, 0.02000000000000000000 ) ) ;
#3688 = ORIENTED_EDGE ( 'NONE', *, *, #87, .F. ) ;
#3689 = CARTESIAN_POINT ( 'NONE',  ( -6218.332872483720200, 306.6190385117200200, 0.4800000000000000400 ) ) ;
#3690 = CARTESIAN_POINT ( 'NONE',  ( -6218.230086079220200, 306.1790385117200200, 0.0000000000000000000 ) ) ;
#3691 = DIRECTION ( 'NONE',  ( -0.0000000000000000000, -0.0000000000000000000, -1.000000000000000000 ) ) ;
#3692 = DIRECTION ( 'NONE',  ( 0.0000000000000000000, -1.000000000000000000, 0.0000000000000000000 ) ) ;
#3693 = DIRECTION ( 'NONE',  ( 3.641531520771100100E-013, -1.000000000000000000, -2.273733787118739100E-024 ) ) ;
#3694 = FACE_OUTER_BOUND ( 'NONE', #6515, .T. ) ;
#3695 = LINE ( 'NONE', #5849, #5082 ) ;
#3696 =( GEOMETRIC_REPRESENTATION_CONTEXT ( 3 ) GLOBAL_UNCERTAINTY_ASSIGNED_CONTEXT ( ( #9206 ) ) GLOBAL_UNIT_ASSIGNED_CONTEXT ( ( #9615, #10468, #478 ) ) REPRESENTATION_CONTEXT ( 'NONE', 'WORKASPACE' ) );
#3697 = LINE ( 'NONE', #3017, #10085 ) ;
#3698 = ORIENTED_EDGE ( 'NONE', *, *, #7980, .T. ) ;
#3699 = ORIENTED_EDGE ( 'NONE', *, *, #4405, .T. ) ;
#3700 = STYLED_ITEM ( 'NONE', ( #8025 ), #1700 ) ;
#3701 = SURFACE_SIDE_STYLE ('',( #655 ) ) ;
#3702 = DIRECTION ( 'NONE',  ( 2.304180778544495400E-017, 2.304180778564691500E-017, 1.000000000000000000 ) ) ;
#3703 = VERTEX_POINT ( 'NONE', #4959 ) ;
#3704 = CARTESIAN_POINT ( 'NONE',  ( -6220.832872483720200, 306.3739874859974700, 0.5000000000000000000 ) ) ;
#3705 = ADVANCED_FACE ( 'NONE', ( #10643 ), #11039, .T. ) ;
#3706 = VECTOR ( 'NONE', #8148, 1000.000000000000000 ) ;
#3707 =( NAMED_UNIT ( * ) PLANE_ANGLE_UNIT ( ) SI_UNIT ( $, .RADIAN. ) );
#3708 = VERTEX_POINT ( 'NONE', #6805 ) ;
#3709 = ORIENTED_EDGE ( 'NONE', *, *, #2914, .F. ) ;
#3710 = ADVANCED_FACE ( 'NONE', ( #1356 ), #9583, .T. ) ;
#3711 = EDGE_LOOP ( 'NONE', ( #7643, #8963, #2769, #10420 ) ) ;
#3712 = CARTESIAN_POINT ( 'NONE',  ( -6220.588084424261100, 306.4690385117199900, 0.4800000000000000400 ) ) ;
#3713 = CARTESIAN_POINT ( 'NONE',  ( -6220.617542500489400, 307.1790385117190000, 0.02000000000000000000 ) ) ;
#3714 = STYLED_ITEM ( 'NONE', ( #8728 ), #3523 ) ;
#3715 = EDGE_CURVE ( 'NONE', #9157, #2439, #11350, .T. ) ;
#3716 = DIRECTION ( 'NONE',  ( 0.0000000000000000000, 0.0000000000000000000, 1.000000000000000000 ) ) ;
#3717 = DIRECTION ( 'NONE',  ( -0.0000000000000000000, -1.000000000000000000, -0.0000000000000000000 ) ) ;
#3718 = CARTESIAN_POINT ( 'NONE',  ( -6220.532872483720000, 306.6790385117209900, 0.5000000000000000000 ) ) ;
#3719 = CLOSED_SHELL ( 'NONE', ( #1888, #5391, #2009, #1469, #2829, #10274, #9940, #10598, #5326, #6551, #1818, #8582, #10007 ) ) ;
#3720 = COLOUR_RGB ( '',0.7921568627450980000, 0.8196078431372548800, 0.9333333333333333500 ) ;
#3721 = VECTOR ( 'NONE', #7030, 1000.000000000000000 ) ;
#3722 = UNCERTAINTY_MEASURE_WITH_UNIT (LENGTH_MEASURE( 1.000000000000000100E-005 ), #6259, 'distance_accuracy_value', 'NONE');
#3723 = EDGE_LOOP ( 'NONE', ( #9403, #9800, #10295, #6664 ) ) ;
#3724 = DIRECTION ( 'NONE',  ( 1.000000000000000000, -0.0000000000000000000, 0.0000000000000000000 ) ) ;
#3725 = EDGE_CURVE ( 'NONE', #7639, #8151, #7210, .T. ) ;
#3726 = SURFACE_STYLE_USAGE ( .BOTH. , #1178 ) ;
#3727 = PLANE ( 'NONE',  #4041 ) ;
#3728 = UNCERTAINTY_MEASURE_WITH_UNIT (LENGTH_MEASURE( 1.000000000000000100E-005 ), #449, 'distance_accuracy_value', 'NONE');
#3729 = VECTOR ( 'NONE', #2703, 1000.000000000000000 ) ;
#3730 = DIRECTION ( 'NONE',  ( 0.0000000000000000000, -0.0000000000000000000, 1.000000000000000000 ) ) ;
#3731 = SURFACE_STYLE_USAGE ( .BOTH. , #5553 ) ;
#3732 = EDGE_CURVE ( 'NONE', #10677, #1858, #6651, .T. ) ;
#3733 = EDGE_LOOP ( 'NONE', ( #11310, #7870, #2393, #7987 ) ) ;
#3734 = LINE ( 'NONE', #6411, #9849 ) ;
#3735 = CARTESIAN_POINT ( 'NONE',  ( -6220.532872483720000, 306.6790385117209900, 0.5000000000000000000 ) ) ;
#3736 = STYLED_ITEM ( 'NONE', ( #11427 ), #7192 ) ;
#3737 = EDGE_CURVE ( 'NONE', #7379, #580, #10129, .T. ) ;
#3738 = VERTEX_POINT ( 'NONE', #7686 ) ;
#3739 = EDGE_CURVE ( 'NONE', #404, #7971, #10804, .T. ) ;
#3740 = UNCERTAINTY_MEASURE_WITH_UNIT (LENGTH_MEASURE( 1.000000000000000100E-005 ), #362, 'distance_accuracy_value', 'NONE');
#3741 = DIRECTION ( 'NONE',  ( -1.000000000000000000, 1.726396803292150000E-013, -4.547473508864640400E-012 ) ) ;
#3742 = CIRCLE ( 'NONE', #10307, 0.2499999999994173500 ) ;
#3743 = FILL_AREA_STYLE_COLOUR ( '', #7753 ) ;
#3744 =( NAMED_UNIT ( * ) SI_UNIT ( $, .STERADIAN. ) SOLID_ANGLE_UNIT ( ) );
#3745 = FACE_OUTER_BOUND ( 'NONE', #11289, .T. ) ;
#3746 = UNCERTAINTY_MEASURE_WITH_UNIT (LENGTH_MEASURE( 1.000000000000000100E-005 ), #10303, 'distance_accuracy_value', 'NONE');
#3747 = VERTEX_POINT ( 'NONE', #8671 ) ;
#3748 = SURFACE_SIDE_STYLE ('',( #1405 ) ) ;
#3749 = LINE ( 'NONE', #5562, #3453 ) ;
#3750 = PLANE ( 'NONE',  #1384 ) ;
#3751 = EDGE_LOOP ( 'NONE', ( #7840, #8852, #8615, #9449 ) ) ;
#3752 = MECHANICAL_DESIGN_GEOMETRIC_PRESENTATION_REPRESENTATION (  '', ( #5972 ), #1943 ) ;
#3753 =( GEOMETRIC_REPRESENTATION_CONTEXT ( 3 ) GLOBAL_UNCERTAINTY_ASSIGNED_CONTEXT ( ( #3722 ) ) GLOBAL_UNIT_ASSIGNED_CONTEXT ( ( #6259, #9873, #7186 ) ) REPRESENTATION_CONTEXT ( 'NONE', 'WORKASPACE' ) );
#3754 = LINE ( 'NONE', #11440, #5555 ) ;
#3755 = EDGE_CURVE ( 'NONE', #7594, #10034, #2473, .T. ) ;
#3756 = CARTESIAN_POINT ( 'NONE',  ( -6219.332872483720200, 307.1790385117200200, 0.4999999999991118200 ) ) ;
#3757 = DIRECTION ( 'NONE',  ( 0.0000000000000000000, -1.000000000000000000, -0.0000000000000000000 ) ) ;
#3758 = PRESENTATION_LAYER_ASSIGNMENT (  '', '', ( #8367 ) ) ;
#3759 =( NAMED_UNIT ( * ) PLANE_ANGLE_UNIT ( ) SI_UNIT ( $, .RADIAN. ) );
#3760 = ORIENTED_EDGE ( 'NONE', *, *, #210, .T. ) ;
#3761 = DIRECTION ( 'NONE',  ( 1.000000000000000000, 0.0000000000000000000, 0.0000000000000000000 ) ) ;
#3762 = VECTOR ( 'NONE', #4429, 1000.000000000000000 ) ;
#3763 = PRESENTATION_STYLE_ASSIGNMENT (( #3419 ) ) ;
#3764 = COLOUR_RGB ( '',0.7921568627450980000, 0.8196078431372548800, 0.9333333333333333500 ) ;
#3765 = SURFACE_STYLE_USAGE ( .BOTH. , #8189 ) ;
#3766 = VERTEX_POINT ( 'NONE', #10369 ) ;
#3767 = CARTESIAN_POINT ( 'NONE',  ( -6220.532872483720000, 306.8290385117210800, 0.4800000000000000400 ) ) ;
#3768 = ORIENTED_EDGE ( 'NONE', *, *, #7588, .T. ) ;
#3769 = VECTOR ( 'NONE', #4305, 1000.000000000000000 ) ;
#3770 =( GEOMETRIC_REPRESENTATION_CONTEXT ( 3 ) GLOBAL_UNCERTAINTY_ASSIGNED_CONTEXT ( ( #4589 ) ) GLOBAL_UNIT_ASSIGNED_CONTEXT ( ( #2741, #5701, #2970 ) ) REPRESENTATION_CONTEXT ( 'NONE', 'WORKASPACE' ) );
#3771 = VECTOR ( 'NONE', #824, 1000.000000000000000 ) ;
#3772 = CARTESIAN_POINT ( 'NONE',  ( -6220.832872483720200, 306.6190385117200200, 0.02000000000000000000 ) ) ;
#3773 = DIRECTION ( 'NONE',  ( 1.000000000000000000, 0.0000000000000000000, -0.0000000000000000000 ) ) ;
#3774 = CARTESIAN_POINT ( 'NONE',  ( -6218.332872483719300, 306.4690385117199900, 0.5000000000000000000 ) ) ;
#3775 = VERTEX_POINT ( 'NONE', #6839 ) ;
#3776 = AXIS2_PLACEMENT_3D ( 'NONE', #11407, #8841, #11494 ) ;
#3777 = FILL_AREA_STYLE_COLOUR ( '', #7320 ) ;
#3778 = ADVANCED_FACE ( 'NONE', ( #3745 ), #6052, .T. ) ;
#3779 = COLOUR_RGB ( '',0.7921568627450980000, 0.8196078431372548800, 0.9333333333333333500 ) ;
#3780 = FACE_OUTER_BOUND ( 'NONE', #6386, .T. ) ;
#3781 = CARTESIAN_POINT ( 'NONE',  ( -6220.532872483720000, 306.6790385117209900, 0.5000000000000000000 ) ) ;
#3782 = VECTOR ( 'NONE', #10812, 1000.000000000000000 ) ;
#3783 =( NAMED_UNIT ( * ) PLANE_ANGLE_UNIT ( ) SI_UNIT ( $, .RADIAN. ) );
#3784 = CARTESIAN_POINT ( 'NONE',  ( -6220.532872483720000, 306.8290385117210800, 0.5000000000000000000 ) ) ;
#3785 = VERTEX_POINT ( 'NONE', #1413 ) ;
#3786 = STYLED_ITEM ( 'NONE', ( #1790 ), #9759 ) ;
#3787 =( GEOMETRIC_REPRESENTATION_CONTEXT ( 3 ) GLOBAL_UNCERTAINTY_ASSIGNED_CONTEXT ( ( #5796 ) ) GLOBAL_UNIT_ASSIGNED_CONTEXT ( ( #6890, #9597, #3370 ) ) REPRESENTATION_CONTEXT ( 'NONE', 'WORKASPACE' ) );
#3788 = DIRECTION ( 'NONE',  ( 0.0000000000000000000, 0.0000000000000000000, -1.000000000000000000 ) ) ;
#3789 = MECHANICAL_DESIGN_GEOMETRIC_PRESENTATION_REPRESENTATION (  '', ( #1981 ), #6372 ) ;
#3790 = DIRECTION ( 'NONE',  ( 1.000000000000000000, -2.240568841575740000E-012, 0.0000000000000000000 ) ) ;
#3791 = CIRCLE ( 'NONE', #4597, 0.4500000000025039500 ) ;
#3792 = CYLINDRICAL_SURFACE ( 'NONE', #8809, 0.4499999999975079500 ) ;
#3793 = CARTESIAN_POINT ( 'NONE',  ( -6220.532872483720000, 306.6790385117209900, 0.4800000000000000400 ) ) ;
#3794 = AXIS2_PLACEMENT_3D ( 'NONE', #5371, #8094, #5417 ) ;
#3795 = COLOUR_RGB ( '',0.7921568627450980000, 0.8196078431372548800, 0.9333333333333333500 ) ;
#3796 = ORIENTED_EDGE ( 'NONE', *, *, #11432, .T. ) ;
#3797 = DIRECTION ( 'NONE',  ( 0.0000000000000000000, 0.0000000000000000000, -1.000000000000000000 ) ) ;
#3798 = LINE ( 'NONE', #439, #9070 ) ;
#3799 = VECTOR ( 'NONE', #2792, 1000.000000000000000 ) ;
#3800 = ORIENTED_EDGE ( 'NONE', *, *, #2230, .T. ) ;
#3801 = FACE_OUTER_BOUND ( 'NONE', #2784, .T. ) ;
#3802 = SURFACE_SIDE_STYLE ('',( #10315 ) ) ;
#3803 = ORIENTED_EDGE ( 'NONE', *, *, #6658, .T. ) ;
#3804 = STYLED_ITEM ( 'NONE', ( #8972 ), #4581 ) ;
#3805 = LINE ( 'NONE', #3874, #859 ) ;
#3806 = EDGE_LOOP ( 'NONE', ( #794, #2582, #2256, #7764 ) ) ;
#3807 = DIRECTION ( 'NONE',  ( 0.0000000000000000000, -1.000000000000000000, -0.0000000000000000000 ) ) ;
#3808 = UNCERTAINTY_MEASURE_WITH_UNIT (LENGTH_MEASURE( 1.000000000000000100E-005 ), #6373, 'distance_accuracy_value', 'NONE');
#3809 = DIRECTION ( 'NONE',  ( -4.547473508864339900E-012, 0.0000000000000000000, -1.000000000000000000 ) ) ;
#3810 =( LENGTH_UNIT ( ) NAMED_UNIT ( * ) SI_UNIT ( .MILLI., .METRE. ) );
#3811 = FILL_AREA_STYLE_COLOUR ( '', #3205 ) ;
#3812 = SURFACE_SIDE_STYLE ('',( #3029 ) ) ;
#3813 = FILL_AREA_STYLE_COLOUR ( '', #6618 ) ;
#3814 = SURFACE_STYLE_FILL_AREA ( #7611 ) ;
#3815 = SURFACE_STYLE_USAGE ( .BOTH. , #119 ) ;
#3816 = ORIENTED_EDGE ( 'NONE', *, *, #6037, .T. ) ;
#3817 = LINE ( 'NONE', #2786, #1431 ) ;
#3818 = VERTEX_POINT ( 'NONE', #5035 ) ;
#3819 = ORIENTED_EDGE ( 'NONE', *, *, #10955, .T. ) ;
#3820 =( GEOMETRIC_REPRESENTATION_CONTEXT ( 3 ) GLOBAL_UNCERTAINTY_ASSIGNED_CONTEXT ( ( #372 ) ) GLOBAL_UNIT_ASSIGNED_CONTEXT ( ( #8991, #1838, #10748 ) ) REPRESENTATION_CONTEXT ( 'NONE', 'WORKASPACE' ) );
#3821 = CARTESIAN_POINT ( 'NONE',  ( -6220.449167514880200, 307.1090385117199700, 0.4800000000000000400 ) ) ;
#3822 = CARTESIAN_POINT ( 'NONE',  ( -6220.617542500489400, 307.1790385117200200, 0.4800000000000000400 ) ) ;
#3823 = COLOUR_RGB ( '',0.7921568627450980000, 0.8196078431372548800, 0.9333333333333333500 ) ;
#3824 = EDGE_CURVE ( 'NONE', #11045, #8383, #4430, .T. ) ;
#3825 =( LENGTH_UNIT ( ) NAMED_UNIT ( * ) SI_UNIT ( .MILLI., .METRE. ) );
#3826 = STYLED_ITEM ( 'NONE', ( #11132 ), #209 ) ;
#3827 = DIRECTION ( 'NONE',  ( 0.0000000000000000000, -0.0000000000000000000, -1.000000000000000000 ) ) ;
#3828 = ORIENTED_EDGE ( 'NONE', *, *, #145, .F. ) ;
#3829 =( LENGTH_UNIT ( ) NAMED_UNIT ( * ) SI_UNIT ( .MILLI., .METRE. ) );
#3830 = ADVANCED_FACE ( 'NONE', ( #4551 ), #11188, .T. ) ;
#3831 = SURFACE_SIDE_STYLE ('',( #9861 ) ) ;
#3832 = SURFACE_SIDE_STYLE ('',( #2535 ) ) ;
#3833 = CARTESIAN_POINT ( 'NONE',  ( -6220.532872483720000, 306.6790385117209900, 0.4800000000000000400 ) ) ;
#3834 = FACE_OUTER_BOUND ( 'NONE', #5808, .T. ) ;
#3835 = PLANE ( 'NONE',  #5202 ) ;
#3836 = FACE_OUTER_BOUND ( 'NONE', #8933, .T. ) ;
#3837 = SURFACE_STYLE_USAGE ( .BOTH. , #3802 ) ;
#3838 = PRESENTATION_LAYER_ASSIGNMENT (  '', '', ( #10559 ) ) ;
#3839 = EDGE_LOOP ( 'NONE', ( #2943, #2763, #8660, #5847 ) ) ;
#3840 = AXIS2_PLACEMENT_3D ( 'NONE', #3094, #11122, #3132 ) ;
#3841 = PRESENTATION_STYLE_ASSIGNMENT (( #9286 ) ) ;
#3842 = EDGE_CURVE ( 'NONE', #180, #6546, #5129, .T. ) ;
#3843 = LINE ( 'NONE', #6761, #1457 ) ;
#3844 = CARTESIAN_POINT ( 'NONE',  ( -6219.132872483720300, 307.1790385117200200, 2.710699774709841100E-037 ) ) ;
#3845 = DIRECTION ( 'NONE',  ( 0.0000000000000000000, -0.0000000000000000000, -1.000000000000000000 ) ) ;
#3846 = ORIENTED_EDGE ( 'NONE', *, *, #8210, .F. ) ;
#3847 =( NAMED_UNIT ( * ) SI_UNIT ( $, .STERADIAN. ) SOLID_ANGLE_UNIT ( ) );
#3848 =( LENGTH_UNIT ( ) NAMED_UNIT ( * ) SI_UNIT ( .MILLI., .METRE. ) );
#3849 = VERTEX_POINT ( 'NONE', #5268 ) ;
#3850 =( GEOMETRIC_REPRESENTATION_CONTEXT ( 3 ) GLOBAL_UNCERTAINTY_ASSIGNED_CONTEXT ( ( #5787 ) ) GLOBAL_UNIT_ASSIGNED_CONTEXT ( ( #11103, #9304, #2219 ) ) REPRESENTATION_CONTEXT ( 'NONE', 'WORKASPACE' ) );
#3851 = VECTOR ( 'NONE', #59, 1000.000000000000000 ) ;
#3852 =( LENGTH_UNIT ( ) NAMED_UNIT ( * ) SI_UNIT ( .MILLI., .METRE. ) );
#3853 = AXIS2_PLACEMENT_3D ( 'NONE', #5469, #7330, #1023 ) ;
#3854 = EDGE_LOOP ( 'NONE', ( #5040, #7476, #1914, #10347 ) ) ;
#3855 = CARTESIAN_POINT ( 'NONE',  ( -6220.832872483720200, 306.1790385117190000, 0.0000000000000000000 ) ) ;
#3856 = PLANE ( 'NONE',  #3147 ) ;
#3857 = LINE ( 'NONE', #3488, #6763 ) ;
#3858 = SURFACE_SIDE_STYLE ('',( #5126 ) ) ;
#3859 =( NAMED_UNIT ( * ) PLANE_ANGLE_UNIT ( ) SI_UNIT ( $, .RADIAN. ) );
#3860 = STYLED_ITEM ( 'NONE', ( #6854 ), #6819 ) ;
#3861 = VERTEX_POINT ( 'NONE', #7650 ) ;
#3862 = PRESENTATION_LAYER_ASSIGNMENT (  '', '', ( #6393 ) ) ;
#3863 =( GEOMETRIC_REPRESENTATION_CONTEXT ( 3 ) GLOBAL_UNCERTAINTY_ASSIGNED_CONTEXT ( ( #3279 ) ) GLOBAL_UNIT_ASSIGNED_CONTEXT ( ( #1137, #3869, #4722 ) ) REPRESENTATION_CONTEXT ( 'NONE', 'WORKASPACE' ) );
#3864 = EDGE_CURVE ( 'NONE', #8601, #5737, #1500, .T. ) ;
#3865 = DIRECTION ( 'NONE',  ( 1.000000000000000000, 0.0000000000000000000, 0.0000000000000000000 ) ) ;
#3866 = DIRECTION ( 'NONE',  ( 1.000000000000000000, 0.0000000000000000000, -0.0000000000000000000 ) ) ;
#3867 = UNCERTAINTY_MEASURE_WITH_UNIT (LENGTH_MEASURE( 1.000000000000000100E-005 ), #5113, 'distance_accuracy_value', 'NONE');
#3868 = VERTEX_POINT ( 'NONE', #6949 ) ;
#3869 =( NAMED_UNIT ( * ) PLANE_ANGLE_UNIT ( ) SI_UNIT ( $, .RADIAN. ) );
#3870 = UNCERTAINTY_MEASURE_WITH_UNIT (LENGTH_MEASURE( 1.000000000000000100E-005 ), #8436, 'distance_accuracy_value', 'NONE');
#3871 = VECTOR ( 'NONE', #10152, 1000.000000000000000 ) ;
#3872 = DIRECTION ( 'NONE',  ( 0.0000000000000000000, -0.0000000000000000000, 1.000000000000000000 ) ) ;
#3873 = ORIENTED_EDGE ( 'NONE', *, *, #7052, .F. ) ;
#3874 = CARTESIAN_POINT ( 'NONE',  ( -6219.432737906850000, 307.1790385117200200, 0.02000000000000000000 ) ) ;
#3875 = PRESENTATION_STYLE_ASSIGNMENT (( #6597 ) ) ;
#3876 = EDGE_CURVE ( 'NONE', #11477, #10659, #3607, .T. ) ;
#3877 = VERTEX_POINT ( 'NONE', #7822 ) ;
#3878 = DIRECTION ( 'NONE',  ( -0.0000000000000000000, -0.0000000000000000000, -1.000000000000000000 ) ) ;
#3879 =( NAMED_UNIT ( * ) SI_UNIT ( $, .STERADIAN. ) SOLID_ANGLE_UNIT ( ) );
#3880 =( NAMED_UNIT ( * ) PLANE_ANGLE_UNIT ( ) SI_UNIT ( $, .RADIAN. ) );
#3881 = PRESENTATION_LAYER_ASSIGNMENT (  '', '', ( #9093 ) ) ;
#3882 = CARTESIAN_POINT ( 'NONE',  ( -6220.882872483854000, 307.2290385117709700, 0.4800000000000000400 ) ) ;
#3883 = EDGE_CURVE ( 'NONE', #6245, #5592, #1224, .T. ) ;
#3884 = FACE_OUTER_BOUND ( 'NONE', #3497, .T. ) ;
#3885 = SURFACE_STYLE_FILL_AREA ( #1233 ) ;
#3886 = DIRECTION ( 'NONE',  ( 1.150191053511989900E-012, -1.000000000000000000, -7.181671351997986300E-024 ) ) ;
#3887 = ADVANCED_FACE ( 'NONE', ( #8594 ), #7906, .T. ) ;
#3888 = DIRECTION ( 'NONE',  ( -1.000000000000000000, -3.641531520771100100E-013, 6.243894290491470000E-012 ) ) ;
#3889 = MECHANICAL_DESIGN_GEOMETRIC_PRESENTATION_REPRESENTATION (  '', ( #9612 ), #7812 ) ;
#3890 = VERTEX_POINT ( 'NONE', #10512 ) ;
#3891 = VECTOR ( 'NONE', #8862, 1000.000000000000000 ) ;
#3892 = EDGE_CURVE ( 'NONE', #7863, #6086, #7292, .T. ) ;
#3893 = ORIENTED_EDGE ( 'NONE', *, *, #10612, .F. ) ;
#3894 = FILL_AREA_STYLE ('',( #5527 ) ) ;
#3895 =( NAMED_UNIT ( * ) PLANE_ANGLE_UNIT ( ) SI_UNIT ( $, .RADIAN. ) );
#3896 = DIRECTION ( 'NONE',  ( -0.0000000000000000000, 0.0000000000000000000, -1.000000000000000000 ) ) ;
#3897 = FILL_AREA_STYLE_COLOUR ( '', #708 ) ;
#3898 = FILL_AREA_STYLE ('',( #4743 ) ) ;
#3899 = VECTOR ( 'NONE', #506, 1000.000000000000000 ) ;
#3900 =( NAMED_UNIT ( * ) SI_UNIT ( $, .STERADIAN. ) SOLID_ANGLE_UNIT ( ) );
#3901 = SURFACE_STYLE_FILL_AREA ( #10411 ) ;
#3902 = ORIENTED_EDGE ( 'NONE', *, *, #5741, .T. ) ;
#3904 = SURFACE_SIDE_STYLE ('',( #10146 ) ) ;
#3903 = PRESENTATION_LAYER_ASSIGNMENT (  '', '', ( #9328 ) ) ;
#3905 = DIRECTION ( 'NONE',  ( 0.0000000000000000000, 0.0000000000000000000, -1.000000000000000000 ) ) ;
#3906 =( GEOMETRIC_REPRESENTATION_CONTEXT ( 3 ) GLOBAL_UNCERTAINTY_ASSIGNED_CONTEXT ( ( #10122 ) ) GLOBAL_UNIT_ASSIGNED_CONTEXT ( ( #5909, #8684, #4269 ) ) REPRESENTATION_CONTEXT ( 'NONE', 'WORKASPACE' ) );
#3907 = CARTESIAN_POINT ( 'NONE',  ( -6220.832872483720200, 306.1790385117200200, 0.0000000000000000000 ) ) ;
#3908 = LINE ( 'NONE', #1466, #3199 ) ;
#3909 = SURFACE_STYLE_FILL_AREA ( #5888 ) ;
#3910 =( NAMED_UNIT ( * ) SI_UNIT ( $, .STERADIAN. ) SOLID_ANGLE_UNIT ( ) );
#3911 = CARTESIAN_POINT ( 'NONE',  ( -6220.637923509441000, 307.1790385117184900, 0.5000000000000000000 ) ) ;
#3912 = VERTEX_POINT ( 'NONE', #4303 ) ;
#3913 = SURFACE_SIDE_STYLE ('',( #4906 ) ) ;
#3914 = LINE ( 'NONE', #10474, #6395 ) ;
#3915 = LINE ( 'NONE', #9346, #7240 ) ;
#3916 =( NAMED_UNIT ( * ) SI_UNIT ( $, .STERADIAN. ) SOLID_ANGLE_UNIT ( ) );
#3917 = ORIENTED_EDGE ( 'NONE', *, *, #4858, .F. ) ;
#3918 = CARTESIAN_POINT ( 'NONE',  ( -6219.232872483719800, 307.1790385117195100, 0.02000000000000000000 ) ) ;
#3919 = SURFACE_STYLE_USAGE ( .BOTH. , #3988 ) ;
#3920 = ORIENTED_EDGE ( 'NONE', *, *, #7416, .F. ) ;
#3921 = DIRECTION ( 'NONE',  ( 1.000000000000000000, -8.433531650775099800E-013, -1.612325995262376000E-024 ) ) ;
#3922 = FILL_AREA_STYLE_COLOUR ( '', #4975 ) ;
#3923 = MECHANICAL_DESIGN_GEOMETRIC_PRESENTATION_REPRESENTATION (  '', ( #1517 ), #6866 ) ;
#3924 = FACE_OUTER_BOUND ( 'NONE', #791, .T. ) ;
#3925 = DIRECTION ( 'NONE',  ( 0.0000000000000000000, 0.0000000000000000000, -1.000000000000000000 ) ) ;
#3926 = EDGE_LOOP ( 'NONE', ( #1183, #3110, #4922, #6446 ) ) ;
#3927 = SURFACE_STYLE_FILL_AREA ( #5532 ) ;
#3928 = VERTEX_POINT ( 'NONE', #10629 ) ;
#3929 = SURFACE_STYLE_FILL_AREA ( #5333 ) ;
#3931 = LINE ( 'NONE', #2537, #7690 ) ;
#3930 = DIRECTION ( 'NONE',  ( 0.0000000000000000000, 0.0000000000000000000, -1.000000000000000000 ) ) ;
#3932 =( GEOMETRIC_REPRESENTATION_CONTEXT ( 3 ) GLOBAL_UNCERTAINTY_ASSIGNED_CONTEXT ( ( #11258 ) ) GLOBAL_UNIT_ASSIGNED_CONTEXT ( ( #2854, #1942, #1051 ) ) REPRESENTATION_CONTEXT ( 'NONE', 'WORKASPACE' ) );
#3933 = VECTOR ( 'NONE', #4691, 1000.000000000000000 ) ;
#3934 =( GEOMETRIC_REPRESENTATION_CONTEXT ( 3 ) GLOBAL_UNCERTAINTY_ASSIGNED_CONTEXT ( ( #4947 ) ) GLOBAL_UNIT_ASSIGNED_CONTEXT ( ( #7825, #3353, #9699 ) ) REPRESENTATION_CONTEXT ( 'NONE', 'WORKASPACE' ) );
#3935 = ORIENTED_EDGE ( 'NONE', *, *, #3208, .F. ) ;
#3936 = STYLED_ITEM ( 'NONE', ( #10941 ), #3578 ) ;
#3937 = AXIS2_PLACEMENT_3D ( 'NONE', #10986, #5617, #4127 ) ;
#3938 = LINE ( 'NONE', #5024, #4209 ) ;
#3939 = ADVANCED_FACE ( 'NONE', ( #1973 ), #2662, .T. ) ;
#3940 = ORIENTED_EDGE ( 'NONE', *, *, #1421, .F. ) ;
#3941 = PRESENTATION_STYLE_ASSIGNMENT (( #6325 ) ) ;
#3942 = FILL_AREA_STYLE_COLOUR ( '', #41 ) ;
#3943 = SURFACE_SIDE_STYLE ('',( #7592 ) ) ;
#3944 = EDGE_LOOP ( 'NONE', ( #7462, #298, #5917, #4125 ) ) ;
#3945 = ORIENTED_EDGE ( 'NONE', *, *, #4831, .T. ) ;
#3946 = EDGE_CURVE ( 'NONE', #397, #10135, #4944, .T. ) ;
#3947 = UNCERTAINTY_MEASURE_WITH_UNIT (LENGTH_MEASURE( 1.000000000000000100E-005 ), #3441, 'distance_accuracy_value', 'NONE');
#3948 = CARTESIAN_POINT ( 'NONE',  ( -6220.532872483720000, 306.6790385117209900, 0.5000000000000000000 ) ) ;
#3949 = LINE ( 'NONE', #10869, #10723 ) ;
#3950 = PRESENTATION_LAYER_ASSIGNMENT (  '', '', ( #6895 ) ) ;
#3951 = DIRECTION ( 'NONE',  ( -6.243894290491559700E-012, -0.0000000000000000000, -1.000000000000000000 ) ) ;
#3952 =( GEOMETRIC_REPRESENTATION_CONTEXT ( 3 ) GLOBAL_UNCERTAINTY_ASSIGNED_CONTEXT ( ( #8848 ) ) GLOBAL_UNIT_ASSIGNED_CONTEXT ( ( #3075, #5774, #5696 ) ) REPRESENTATION_CONTEXT ( 'NONE', 'WORKASPACE' ) );
#3953 = EDGE_CURVE ( 'NONE', #6844, #7534, #5834, .T. ) ;
#3954 = VECTOR ( 'NONE', #1757, 1000.000000000000000 ) ;
#3955 = LINE ( 'NONE', #5706, #9237 ) ;
#3956 = PLANE ( 'NONE',  #83 ) ;
#3957 = VERTEX_POINT ( 'NONE', #5184 ) ;
#3958 = VERTEX_POINT ( 'NONE', #10802 ) ;
#3959 = VERTEX_POINT ( 'NONE', #8066 ) ;
#3960 = CARTESIAN_POINT ( 'NONE',  ( -6220.532872483720000, 306.6790385117209900, 0.5000000000000000000 ) ) ;
#3961 = DIRECTION ( 'NONE',  ( -6.243894290491949900E-012, 0.0000000000000000000, -1.000000000000000000 ) ) ;
#3962 = SURFACE_SIDE_STYLE ('',( #9962 ) ) ;
#3963 =( NAMED_UNIT ( * ) SI_UNIT ( $, .STERADIAN. ) SOLID_ANGLE_UNIT ( ) );
#3964 = DIRECTION ( 'NONE',  ( 1.000000000000000000, 0.0000000000000000000, -0.0000000000000000000 ) ) ;
#3965 = VERTEX_POINT ( 'NONE', #9080 ) ;
#3966 =( NAMED_UNIT ( * ) PLANE_ANGLE_UNIT ( ) SI_UNIT ( $, .RADIAN. ) );
#3967 = MECHANICAL_DESIGN_GEOMETRIC_PRESENTATION_REPRESENTATION (  '', ( #5001 ), #6991 ) ;
#3968 = PRESENTATION_STYLE_ASSIGNMENT (( #3343 ) ) ;
#3969 = EDGE_CURVE ( 'NONE', #4541, #951, #2462, .T. ) ;
#3970 =( NAMED_UNIT ( * ) PLANE_ANGLE_UNIT ( ) SI_UNIT ( $, .RADIAN. ) );
#3971 = AXIS2_PLACEMENT_3D ( 'NONE', #6143, #7060, #810 ) ;
#3972 = LINE ( 'NONE', #10254, #5921 ) ;
#3973 = PRESENTATION_STYLE_ASSIGNMENT (( #8357 ) ) ;
#3974 = VERTEX_POINT ( 'NONE', #9933 ) ;
#3975 = FILL_AREA_STYLE ('',( #423 ) ) ;
#3976 = VERTEX_POINT ( 'NONE', #8107 ) ;
#3977 = CARTESIAN_POINT ( 'NONE',  ( -6220.532872483720000, 306.6790385117209900, 0.4800000000000000400 ) ) ;
#3978 = LINE ( 'NONE', #7346, #10764 ) ;
#3979 = FACE_OUTER_BOUND ( 'NONE', #6867, .T. ) ;
#3980 = LINE ( 'NONE', #6463, #5362 ) ;
#3981 = FILL_AREA_STYLE_COLOUR ( '', #9911 ) ;
#3982 =( GEOMETRIC_REPRESENTATION_CONTEXT ( 3 ) GLOBAL_UNCERTAINTY_ASSIGNED_CONTEXT ( ( #93 ) ) GLOBAL_UNIT_ASSIGNED_CONTEXT ( ( #6575, #1246, #7489 ) ) REPRESENTATION_CONTEXT ( 'NONE', 'WORKASPACE' ) );
#3983 = EDGE_LOOP ( 'NONE', ( #4896, #6722, #5799, #3800 ) ) ;
#3984 = CARTESIAN_POINT ( 'NONE',  ( -6220.382872483720300, 306.6790385117209900, 0.5000000000000000000 ) ) ;
#3985 = VERTEX_POINT ( 'NONE', #903 ) ;
#3986 = ORIENTED_EDGE ( 'NONE', *, *, #10193, .T. ) ;
#3987 = PLANE ( 'NONE',  #4099 ) ;
#3988 = SURFACE_SIDE_STYLE ('',( #6034 ) ) ;
#3989 =( NAMED_UNIT ( * ) SI_UNIT ( $, .STERADIAN. ) SOLID_ANGLE_UNIT ( ) );
#3990 =( NAMED_UNIT ( * ) PLANE_ANGLE_UNIT ( ) SI_UNIT ( $, .RADIAN. ) );
#3991 = DIRECTION ( 'NONE',  ( -6.243894290491949900E-012, 0.0000000000000000000, -1.000000000000000000 ) ) ;
#3992 = ORIENTED_EDGE ( 'NONE', *, *, #8793, .F. ) ;
#3993 = DIRECTION ( 'NONE',  ( -1.000000000000000000, 0.0000000000000000000, -0.0000000000000000000 ) ) ;
#3994 = ADVANCED_FACE ( 'NONE', ( #4837 ), #5542, .T. ) ;
#3995 = CARTESIAN_POINT ( 'NONE',  ( -6217.832872483720200, 306.7818249162190200, 0.01000000000000000000 ) ) ;
#3996 = VECTOR ( 'NONE', #1837, 1000.000000000000000 ) ;
#3997 = PRESENTATION_LAYER_ASSIGNMENT (  '', '', ( #7723 ) ) ;
#3998 = ORIENTED_EDGE ( 'NONE', *, *, #8181, .F. ) ;
#3999 = MECHANICAL_DESIGN_GEOMETRIC_PRESENTATION_REPRESENTATION (  '', ( #8175 ), #1011 ) ;
#4000 = PLANE ( 'NONE',  #10323 ) ;
#4001 =( GEOMETRIC_REPRESENTATION_CONTEXT ( 3 ) GLOBAL_UNCERTAINTY_ASSIGNED_CONTEXT ( ( #3078 ) ) GLOBAL_UNIT_ASSIGNED_CONTEXT ( ( #9030, #2852, #4672 ) ) REPRESENTATION_CONTEXT ( 'NONE', 'WORKASPACE' ) );
#4002 = UNCERTAINTY_MEASURE_WITH_UNIT (LENGTH_MEASURE( 1.000000000000000100E-005 ), #2791, 'distance_accuracy_value', 'NONE');
#4003 = CARTESIAN_POINT ( 'NONE',  ( -6218.392872483719700, 307.0721758150609700, 0.02000000000000000000 ) ) ;
#4004 = VECTOR ( 'NONE', #3678, 1000.000000000000000 ) ;
#4005 = CARTESIAN_POINT ( 'NONE',  ( -6219.132872483720300, 307.1790385117190000, 0.0000000000000000000 ) ) ;
#4006 = ORIENTED_EDGE ( 'NONE', *, *, #3495, .F. ) ;
#4007 = EDGE_CURVE ( 'NONE', #2048, #1304, #10792, .T. ) ;
#4008 = UNCERTAINTY_MEASURE_WITH_UNIT (LENGTH_MEASURE( 1.000000000000000100E-005 ), #2199, 'distance_accuracy_value', 'NONE');
#4009 = DIRECTION ( 'NONE',  ( 0.0000000000000000000, -0.0000000000000000000, -1.000000000000000000 ) ) ;
#4010 = ORIENTED_EDGE ( 'NONE', *, *, #2686, .F. ) ;
#4011 = AXIS2_PLACEMENT_3D ( 'NONE', #10171, #1424, #7581 ) ;
#4012 = MECHANICAL_DESIGN_GEOMETRIC_PRESENTATION_REPRESENTATION (  '', ( #2056 ), #9594 ) ;
#4013 = CARTESIAN_POINT ( 'NONE',  ( -6220.832872483720200, 306.7818249162190200, 0.0000000000000000000 ) ) ;
#4014 = PRESENTATION_LAYER_ASSIGNMENT (  '', '', ( #5051 ) ) ;
#4015 = EDGE_CURVE ( 'NONE', #5235, #4072, #11067, .T. ) ;
#4016 = VECTOR ( 'NONE', #4259, 1000.000000000000000 ) ;
#4017 = ORIENTED_EDGE ( 'NONE', *, *, #11064, .T. ) ;
#4018 = CARTESIAN_POINT ( 'NONE',  ( -6218.332872483720200, 307.1790385117200200, 0.5000000000000449600 ) ) ;
#4019 = VECTOR ( 'NONE', #9062, 1000.000000000000000 ) ;
#4020 = PRESENTATION_STYLE_ASSIGNMENT (( #2962 ) ) ;
#4021 = PLANE ( 'NONE',  #221 ) ;
#4022 = ORIENTED_EDGE ( 'NONE', *, *, #3356, .T. ) ;
#4023 = UNCERTAINTY_MEASURE_WITH_UNIT (LENGTH_MEASURE( 1.000000000000000100E-005 ), #9667, 'distance_accuracy_value', 'NONE');
#4024 = COLOUR_RGB ( '',0.7921568627450980000, 0.8196078431372548800, 0.9333333333333333500 ) ;
#4025 = FACE_OUTER_BOUND ( 'NONE', #420, .T. ) ;
#4026 = SURFACE_STYLE_USAGE ( .BOTH. , #7567 ) ;
#4027 = EDGE_CURVE ( 'NONE', #4072, #6688, #932, .T. ) ;
#4028 = ORIENTED_EDGE ( 'NONE', *, *, #7392, .F. ) ;
#4029 = EDGE_CURVE ( 'NONE', #7336, #6617, #11204, .T. ) ;
#4030 = CARTESIAN_POINT ( 'NONE',  ( -6217.782872483716300, 307.2290385117301000, 0.01999999999999999700 ) ) ;
#4031 = CIRCLE ( 'NONE', #7266, 0.4499999999975079500 ) ;
#4032 = DIRECTION ( 'NONE',  ( -0.0000000000000000000, 0.0000000000000000000, 1.000000000000000000 ) ) ;
#4033 = CARTESIAN_POINT ( 'NONE',  ( -6217.832872483720200, 306.6190385117200200, 0.0000000000000000000 ) ) ;
#4034 = ORIENTED_EDGE ( 'NONE', *, *, #10141, .T. ) ;
#4035 = AXIS2_PLACEMENT_3D ( 'NONE', #4741, #8326, #2985 ) ;
#4036 = DIRECTION ( 'NONE',  ( 1.000000000000000000, 0.0000000000000000000, 0.0000000000000000000 ) ) ;
#4037 = EDGE_CURVE ( 'NONE', #8398, #10013, #5953, .T. ) ;
#4038 =( NAMED_UNIT ( * ) SI_UNIT ( $, .STERADIAN. ) SOLID_ANGLE_UNIT ( ) );
#4039 = MECHANICAL_DESIGN_GEOMETRIC_PRESENTATION_REPRESENTATION (  '', ( #1420 ), #2020 ) ;
#4040 = EDGE_CURVE ( 'NONE', #7123, #5165, #6361, .T. ) ;
#4041 = AXIS2_PLACEMENT_3D ( 'NONE', #4620, #9091, #3773 ) ;
#4042 =( NAMED_UNIT ( * ) SI_UNIT ( $, .STERADIAN. ) SOLID_ANGLE_UNIT ( ) );
#4043 = ORIENTED_EDGE ( 'NONE', *, *, #2843, .T. ) ;
#4044 = LINE ( 'NONE', #1755, #11378 ) ;
#4045 = CARTESIAN_POINT ( 'NONE',  ( -6218.048202466950900, 306.1790385117200200, 0.01999999999999999700 ) ) ;
#4046 = VECTOR ( 'NONE', #11137, 1000.000000000000000 ) ;
#4047 = CIRCLE ( 'NONE', #1582, 0.4500000000620119100 ) ;
#4048 = ORIENTED_EDGE ( 'NONE', *, *, #9613, .T. ) ;
#4049 = MECHANICAL_DESIGN_GEOMETRIC_PRESENTATION_REPRESENTATION (  '', ( #3682 ), #11383 ) ;
#4050 = VECTOR ( 'NONE', #9943, 1000.000000000000000 ) ;
#4051 = ADVANCED_FACE ( 'NONE', ( #10113 ), #10837, .T. ) ;
#4052 = ORIENTED_EDGE ( 'NONE', *, *, #5277, .F. ) ;
#4053 = AXIS2_PLACEMENT_3D ( 'NONE', #191, #9055, #4353 ) ;
#4054 = CARTESIAN_POINT ( 'NONE',  ( -6219.232872483719800, 306.1790385117209900, 0.0000000000000000000 ) ) ;
#4055 = EDGE_CURVE ( 'NONE', #1672, #4545, #9560, .T. ) ;
#4056 = SURFACE_STYLE_FILL_AREA ( #2 ) ;
#4057 = ORIENTED_EDGE ( 'NONE', *, *, #1546, .T. ) ;
#4058 = CIRCLE ( 'NONE', #4035, 0.2700000000048774500 ) ;
#4059 = VECTOR ( 'NONE', #5146, 1000.000000000000000 ) ;
#4060 = SURFACE_STYLE_FILL_AREA ( #3448 ) ;
#4061 = ORIENTED_EDGE ( 'NONE', *, *, #5508, .T. ) ;
#4062 = CARTESIAN_POINT ( 'NONE',  ( -6218.392872483719700, 306.1790385117209900, 0.0000000000000000000 ) ) ;
#4063 = DIRECTION ( 'NONE',  ( -6.199485369506870100E-012, -0.0000000000000000000, -1.000000000000000000 ) ) ;
#4064 =( GEOMETRIC_REPRESENTATION_CONTEXT ( 3 ) GLOBAL_UNCERTAINTY_ASSIGNED_CONTEXT ( ( #3740 ) ) GLOBAL_UNIT_ASSIGNED_CONTEXT ( ( #362, #3073, #11060 ) ) REPRESENTATION_CONTEXT ( 'NONE', 'WORKASPACE' ) );
#4065 = SURFACE_SIDE_STYLE ('',( #11030 ) ) ;
#4066 = LINE ( 'NONE', #6984, #9481 ) ;
#4067 = FILL_AREA_STYLE_COLOUR ( '', #2790 ) ;
#4068 = AXIS2_PLACEMENT_3D ( 'NONE', #1678, #1794, #7032 ) ;
#4069 = VERTEX_POINT ( 'NONE', #1915 ) ;
#4070 = CARTESIAN_POINT ( 'NONE',  ( -6218.048202466950900, 306.1790385117200200, 0.02000000000000004600 ) ) ;
#4071 = FILL_AREA_STYLE ('',( #5976 ) ) ;
#4072 = VERTEX_POINT ( 'NONE', #4650 ) ;
#4073 = LINE ( 'NONE', #6929, #1835 ) ;
#4074 = ORIENTED_EDGE ( 'NONE', *, *, #2823, .T. ) ;
#4075 = DIRECTION ( 'NONE',  ( -0.0000000000000000000, 1.000000000000000000, 0.0000000000000000000 ) ) ;
#4076 = SURFACE_SIDE_STYLE ('',( #8459 ) ) ;
#4077 = MECHANICAL_DESIGN_GEOMETRIC_PRESENTATION_REPRESENTATION (  '', ( #10040 ), #4680 ) ;
#4078 = EDGE_CURVE ( 'NONE', #5488, #803, #5820, .T. ) ;
#4079 = AXIS2_PLACEMENT_3D ( 'NONE', #907, #6322, #6351 ) ;
#4080 = DIRECTION ( 'NONE',  ( 0.0000000000000000000, -1.000000000000000000, 0.0000000000000000000 ) ) ;
#4081 = EDGE_CURVE ( 'NONE', #806, #7226, #650, .T. ) ;
#4082 = ORIENTED_EDGE ( 'NONE', *, *, #11217, .F. ) ;
#4083 = FILL_AREA_STYLE_COLOUR ( '', #800 ) ;
#4084 = ORIENTED_EDGE ( 'NONE', *, *, #1112, .F. ) ;
#4085 = ORIENTED_EDGE ( 'NONE', *, *, #9444, .F. ) ;
#4086 = UNCERTAINTY_MEASURE_WITH_UNIT (LENGTH_MEASURE( 1.000000000000000100E-005 ), #11022, 'distance_accuracy_value', 'NONE');
#4087 = CARTESIAN_POINT ( 'NONE',  ( -6218.165489868230000, 306.9921758150600800, 0.01000000000000000000 ) ) ;
#4088 = LINE ( 'NONE', #3614, #9937 ) ;
#4089 = SURFACE_SIDE_STYLE ('',( #10886 ) ) ;
#4090 = FILL_AREA_STYLE ('',( #5996 ) ) ;
#4091 = COLOUR_RGB ( '',0.7921568627450980000, 0.8196078431372548800, 0.9333333333333333500 ) ;
#4092 = EDGE_CURVE ( 'NONE', #10388, #11352, #7488, .T. ) ;
#4093 = ORIENTED_EDGE ( 'NONE', *, *, #2059, .T. ) ;
#4094 = DIRECTION ( 'NONE',  ( 0.0000000000000000000, -0.0000000000000000000, 1.000000000000000000 ) ) ;
#4095 = MECHANICAL_DESIGN_GEOMETRIC_PRESENTATION_REPRESENTATION (  '', ( #6696 ), #7301 ) ;
#4096 = EDGE_CURVE ( 'NONE', #9285, #9032, #1072, .T. ) ;
#4097 = COLOUR_RGB ( '',0.7921568627450980000, 0.8196078431372548800, 0.9333333333333333500 ) ;
#4098 = SURFACE_STYLE_USAGE ( .BOTH. , #9571 ) ;
#4100 =( LENGTH_UNIT ( ) NAMED_UNIT ( * ) SI_UNIT ( .MILLI., .METRE. ) );
#4099 = AXIS2_PLACEMENT_3D ( 'NONE', #699, #4178, #7856 ) ;
#4101 = PRESENTATION_STYLE_ASSIGNMENT (( #11194 ) ) ;
#4102 = CARTESIAN_POINT ( 'NONE',  ( -6220.532872483720000, 306.6790385117209900, 0.5000000000000000000 ) ) ;
#4103 = EDGE_CURVE ( 'NONE', #10731, #9087, #3020, .T. ) ;
#4104 = SURFACE_STYLE_FILL_AREA ( #1389 ) ;
#4105 = FILL_AREA_STYLE ('',( #8534 ) ) ;
#4106 = DIRECTION ( 'NONE',  ( 2.273733787118790100E-024, 1.000000000000000000, -1.419695341148965300E-035 ) ) ;
#4107 = FILL_AREA_STYLE_COLOUR ( '', #5932 ) ;
#4108 = VERTEX_POINT ( 'NONE', #1206 ) ;
#4109 = DIRECTION ( 'NONE',  ( -0.0000000000000000000, 1.000000000000000000, 0.0000000000000000000 ) ) ;
#4110 = ADVANCED_FACE ( 'NONE', ( #10930 ), #7365, .T. ) ;
#4111 = VECTOR ( 'NONE', #7572, 1000.000000000000000 ) ;
#4112 = CIRCLE ( 'NONE', #4375, 0.2700000000057656300 ) ;
#4113 = DIRECTION ( 'NONE',  ( -0.0000000000000000000, 0.0000000000000000000, 1.000000000000000000 ) ) ;
#4114 = AXIS2_PLACEMENT_3D ( 'NONE', #5404, #10561, #6209 ) ;
#4115 = EDGE_LOOP ( 'NONE', ( #5410, #8096, #1801, #11278 ) ) ;
#4116 = VECTOR ( 'NONE', #7304, 1000.000000000000000 ) ;
#4117 = AXIS2_PLACEMENT_3D ( 'NONE', #8655, #10496, #4204 ) ;
#4118 = ORIENTED_EDGE ( 'NONE', *, *, #8046, .F. ) ;
#4119 =( NAMED_UNIT ( * ) SI_UNIT ( $, .STERADIAN. ) SOLID_ANGLE_UNIT ( ) );
#4120 = DIRECTION ( 'NONE',  ( -8.433531650775099800E-013, -1.000000000000000000, -1.911804048442970100E-012 ) ) ;
#4121 = PRESENTATION_LAYER_ASSIGNMENT (  '', '', ( #5913 ) ) ;
#4122 = LINE ( 'NONE', #8200, #2877 ) ;
#4123 =( NAMED_UNIT ( * ) PLANE_ANGLE_UNIT ( ) SI_UNIT ( $, .RADIAN. ) );
#4124 = PRESENTATION_STYLE_ASSIGNMENT (( #805 ) ) ;
#4125 = ORIENTED_EDGE ( 'NONE', *, *, #8271, .F. ) ;
#4126 = FILL_AREA_STYLE ('',( #6762 ) ) ;
#4127 = DIRECTION ( 'NONE',  ( -2.824407374646320000E-011, 0.0000000000000000000, -1.000000000000000000 ) ) ;
#4128 = CIRCLE ( 'NONE', #11267, 0.4500000000025039500 ) ;
#4129 = SURFACE_STYLE_USAGE ( .BOTH. , #1445 ) ;
#4130 =( GEOMETRIC_REPRESENTATION_CONTEXT ( 3 ) GLOBAL_UNCERTAINTY_ASSIGNED_CONTEXT ( ( #10967 ) ) GLOBAL_UNIT_ASSIGNED_CONTEXT ( ( #3008, #10919, #3879 ) ) REPRESENTATION_CONTEXT ( 'NONE', 'WORKASPACE' ) );
#4131 = VERTEX_POINT ( 'NONE', #2967 ) ;
#4132 = DIRECTION ( 'NONE',  ( 0.0000000000000000000, -0.0000000000000000000, 1.000000000000000000 ) ) ;
#4133 = COLOUR_RGB ( '',0.7921568627450980000, 0.8196078431372548800, 0.9333333333333333500 ) ;
#4134 = EDGE_LOOP ( 'NONE', ( #1920, #4271, #4118, #714 ) ) ;
#4135 = CARTESIAN_POINT ( 'NONE',  ( -6218.632872483720300, 307.1790385117200200, 0.0000000000000000000 ) ) ;
#4136 = COLOUR_RGB ( '',0.7921568627450980000, 0.8196078431372548800, 0.9333333333333333500 ) ;
#4137 = FILL_AREA_STYLE ('',( #1522 ) ) ;
#4138 = DIRECTION ( 'NONE',  ( -1.000000000000000000, 0.0000000000000000000, -0.0000000000000000000 ) ) ;
#4139 = UNCERTAINTY_MEASURE_WITH_UNIT (LENGTH_MEASURE( 1.000000000000000100E-005 ), #8741, 'distance_accuracy_value', 'NONE');
#4140 = LINE ( 'NONE', #422, #10645 ) ;
#4141 = SURFACE_STYLE_USAGE ( .BOTH. , #8568 ) ;
#4142 = SURFACE_STYLE_FILL_AREA ( #6571 ) ;
#4143 = DIRECTION ( 'NONE',  ( 0.0000000000000000000, 0.0000000000000000000, 1.000000000000000000 ) ) ;
#4144 =( GEOMETRIC_REPRESENTATION_CONTEXT ( 3 ) GLOBAL_UNCERTAINTY_ASSIGNED_CONTEXT ( ( #9936 ) ) GLOBAL_UNIT_ASSIGNED_CONTEXT ( ( #3413, #8689, #10427 ) ) REPRESENTATION_CONTEXT ( 'NONE', 'WORKASPACE' ) );
#4145 = EDGE_LOOP ( 'NONE', ( #4668, #567, #1620, #495 ) ) ;
#4146 = MECHANICAL_DESIGN_GEOMETRIC_PRESENTATION_REPRESENTATION (  '', ( #7352 ), #5179 ) ;
#4147 =( GEOMETRIC_REPRESENTATION_CONTEXT ( 3 ) GLOBAL_UNCERTAINTY_ASSIGNED_CONTEXT ( ( #1217 ) ) GLOBAL_UNIT_ASSIGNED_CONTEXT ( ( #6872, #10302, #11298 ) ) REPRESENTATION_CONTEXT ( 'NONE', 'WORKASPACE' ) );
#4148 = SURFACE_STYLE_FILL_AREA ( #10137 ) ;
#4149 = UNCERTAINTY_MEASURE_WITH_UNIT (LENGTH_MEASURE( 1.000000000000000100E-005 ), #9034, 'distance_accuracy_value', 'NONE');
#4150 = VERTEX_POINT ( 'NONE', #2063 ) ;
#4151 =( NAMED_UNIT ( * ) SI_UNIT ( $, .STERADIAN. ) SOLID_ANGLE_UNIT ( ) );
#4152 = SURFACE_STYLE_USAGE ( .BOTH. , #11309 ) ;
#4153 = FACE_OUTER_BOUND ( 'NONE', #6144, .T. ) ;
#4154 = SURFACE_SIDE_STYLE ('',( #3016 ) ) ;
#4155 = PLANE ( 'NONE',  #10199 ) ;
#4156 =( LENGTH_UNIT ( ) NAMED_UNIT ( * ) SI_UNIT ( .MILLI., .METRE. ) );
#4157 = ORIENTED_EDGE ( 'NONE', *, *, #5409, .F. ) ;
#4158 = DIRECTION ( 'NONE',  ( -1.000000000000000000, 9.459100169809020400E-012, -2.895461648217179800E-012 ) ) ;
#4159 = SURFACE_STYLE_FILL_AREA ( #6910 ) ;
#4160 = ORIENTED_EDGE ( 'NONE', *, *, #6409, .F. ) ;
#4161 = ADVANCED_FACE ( 'NONE', ( #9983 ), #328, .T. ) ;
#4162 = AXIS2_PLACEMENT_3D ( 'NONE', #3585, #970, #4475 ) ;
#4163 = SURFACE_SIDE_STYLE ('',( #7604 ) ) ;
#4164 = PRESENTATION_LAYER_ASSIGNMENT (  '', '', ( #369 ) ) ;
#4165 = EDGE_CURVE ( 'NONE', #5244, #1008, #248, .T. ) ;
#4166 = VECTOR ( 'NONE', #5247, 1000.000000000000000 ) ;
#4167 = SURFACE_STYLE_FILL_AREA ( #7068 ) ;
#4168 = CARTESIAN_POINT ( 'NONE',  ( -6218.632872483720300, 307.1790385117200200, 0.0000000000000000000 ) ) ;
#4169 = DIRECTION ( 'NONE',  ( 1.000000000000000000, 0.0000000000000000000, 0.0000000000000000000 ) ) ;
#4170 = ORIENTED_EDGE ( 'NONE', *, *, #2453, .T. ) ;
#4171 = SURFACE_STYLE_USAGE ( .BOTH. , #4985 ) ;
#4172 =( NAMED_UNIT ( * ) PLANE_ANGLE_UNIT ( ) SI_UNIT ( $, .RADIAN. ) );
#4173 = LINE ( 'NONE', #5254, #2064 ) ;
#4174 = PRESENTATION_STYLE_ASSIGNMENT (( #4819 ) ) ;
#4175 = ORIENTED_EDGE ( 'NONE', *, *, #4040, .T. ) ;
#4176 = FILL_AREA_STYLE ('',( #1553 ) ) ;
#4177 = LINE ( 'NONE', #8838, #11113 ) ;
#4178 = DIRECTION ( 'NONE',  ( 1.000000000000000000, 1.880717803722830600E-012, 5.362025623467860300E-024 ) ) ;
#4179 = VECTOR ( 'NONE', #3083, 1000.000000000000000 ) ;
#4180 =( NAMED_UNIT ( * ) PLANE_ANGLE_UNIT ( ) SI_UNIT ( $, .RADIAN. ) );
#4181 = VERTEX_POINT ( 'NONE', #11025 ) ;
#4182 = VECTOR ( 'NONE', #7787, 1000.000000000000000 ) ;
#4183 =( GEOMETRIC_REPRESENTATION_CONTEXT ( 3 ) GLOBAL_UNCERTAINTY_ASSIGNED_CONTEXT ( ( #2286 ) ) GLOBAL_UNIT_ASSIGNED_CONTEXT ( ( #9441, #10175, #4119 ) ) REPRESENTATION_CONTEXT ( 'NONE', 'WORKASPACE' ) );
#4184 = LINE ( 'NONE', #6455, #8492 ) ;
#4185 =( LENGTH_UNIT ( ) NAMED_UNIT ( * ) SI_UNIT ( .MILLI., .METRE. ) );
#4186 = EDGE_LOOP ( 'NONE', ( #9452, #9724, #9871, #10573 ) ) ;
#4187 =( GEOMETRIC_REPRESENTATION_CONTEXT ( 3 ) GLOBAL_UNCERTAINTY_ASSIGNED_CONTEXT ( ( #2996 ) ) GLOBAL_UNIT_ASSIGNED_CONTEXT ( ( #6868, #2451, #3266 ) ) REPRESENTATION_CONTEXT ( 'NONE', 'WORKASPACE' ) );
#4188 = EDGE_CURVE ( 'NONE', #6065, #2917, #2889, .T. ) ;
#4189 =( GEOMETRIC_REPRESENTATION_CONTEXT ( 3 ) GLOBAL_UNCERTAINTY_ASSIGNED_CONTEXT ( ( #9483 ) ) GLOBAL_UNIT_ASSIGNED_CONTEXT ( ( #7299, #4660, #6399 ) ) REPRESENTATION_CONTEXT ( 'NONE', 'WORKASPACE' ) );
#4190 = VECTOR ( 'NONE', #7450, 1000.000000000000000 ) ;
#4191 = DIRECTION ( 'NONE',  ( 0.0000000000000000000, -1.000000000000000000, -0.0000000000000000000 ) ) ;
#4192 = CIRCLE ( 'NONE', #10456, 0.4499999999874049200 ) ;
#4193 = LINE ( 'NONE', #11401, #4059 ) ;
#4194 = COLOUR_RGB ( '',0.7921568627450980000, 0.8196078431372548800, 0.9333333333333333500 ) ;
#4195 = ORIENTED_EDGE ( 'NONE', *, *, #5831, .T. ) ;
#4196 = CARTESIAN_POINT ( 'NONE',  ( -6220.532872483720000, 306.6790385117209900, 0.4800000000000000400 ) ) ;
#4197 = PRESENTATION_LAYER_ASSIGNMENT (  '', '', ( #4362 ) ) ;
#4198 = ORIENTED_EDGE ( 'NONE', *, *, #4254, .T. ) ;
#4199 = VECTOR ( 'NONE', #850, 1000.000000000000000 ) ;
#4200 = VERTEX_POINT ( 'NONE', #3911 ) ;
#4201 = VECTOR ( 'NONE', #6047, 1000.000000000000000 ) ;
#4202 = STYLED_ITEM ( 'NONE', ( #11203 ), #1584 ) ;
#4203 = COLOUR_RGB ( '',0.7921568627450980000, 0.8196078431372548800, 0.9333333333333333500 ) ;
#4204 = DIRECTION ( 'NONE',  ( -1.000000000000000000, 0.0000000000000000000, -0.0000000000000000000 ) ) ;
#4205 = CARTESIAN_POINT ( 'NONE',  ( -6219.432737906850000, 307.1790385117200200, 0.0000000000000000000 ) ) ;
#4206 = VERTEX_POINT ( 'NONE', #8298 ) ;
#4207 = DIRECTION ( 'NONE',  ( 0.0000000000000000000, -0.0000000000000000000, -1.000000000000000000 ) ) ;
#4208 =( NAMED_UNIT ( * ) PLANE_ANGLE_UNIT ( ) SI_UNIT ( $, .RADIAN. ) );
#4209 = VECTOR ( 'NONE', #3225, 1000.000000000000000 ) ;
#4210 = DIRECTION ( 'NONE',  ( 0.0000000000000000000, -1.000000000000000000, 2.509727251182229900E-017 ) ) ;
#4211 = SURFACE_STYLE_USAGE ( .BOTH. , #9533 ) ;
#4212 = CARTESIAN_POINT ( 'NONE',  ( -6219.432737906850000, 307.1790385117200200, 0.0000000000000000000 ) ) ;
#4213 = ORIENTED_EDGE ( 'NONE', *, *, #6103, .F. ) ;
#4214 = PRESENTATION_STYLE_ASSIGNMENT (( #4726 ) ) ;
#4215 = UNCERTAINTY_MEASURE_WITH_UNIT (LENGTH_MEASURE( 1.000000000000000100E-005 ), #2961, 'distance_accuracy_value', 'NONE');
#4216 = VERTEX_POINT ( 'NONE', #2145 ) ;
#4217 = FILL_AREA_STYLE_COLOUR ( '', #9629 ) ;
#4218 = PRESENTATION_LAYER_ASSIGNMENT (  '', '', ( #784 ) ) ;
#4219 = FILL_AREA_STYLE_COLOUR ( '', #4884 ) ;
#4220 = SURFACE_SIDE_STYLE ('',( #3400 ) ) ;
#4221 = AXIS2_PLACEMENT_3D ( 'NONE', #3260, #9230, #7520 ) ;
#4222 = COLOUR_RGB ( '',0.7921568627450980000, 0.8196078431372548800, 0.9333333333333333500 ) ;
#4223 = UNCERTAINTY_MEASURE_WITH_UNIT (LENGTH_MEASURE( 1.000000000000000100E-005 ), #6510, 'distance_accuracy_value', 'NONE');
#4224 = ADVANCED_FACE ( 'NONE', ( #7037 ), #3835, .T. ) ;
#4225 = CARTESIAN_POINT ( 'NONE',  ( -6218.392872483719700, 306.1790385117200200, 0.0000000000000000000 ) ) ;
#4226 = EDGE_LOOP ( 'NONE', ( #3640, #4513, #11016, #5178 ) ) ;
#4227 = EDGE_LOOP ( 'NONE', ( #3035, #1520, #5784, #539 ) ) ;
#4228 = UNCERTAINTY_MEASURE_WITH_UNIT (LENGTH_MEASURE( 1.000000000000000100E-005 ), #6168, 'distance_accuracy_value', 'NONE');
#4229 =( NAMED_UNIT ( * ) SI_UNIT ( $, .STERADIAN. ) SOLID_ANGLE_UNIT ( ) );
#4230 = PRESENTATION_LAYER_ASSIGNMENT (  '', '', ( #2430 ) ) ;
#4231 = STYLED_ITEM ( 'NONE', ( #11411 ), #11019 ) ;
#4232 = DIRECTION ( 'NONE',  ( 0.0000000000000000000, 0.0000000000000000000, 1.000000000000000000 ) ) ;
#4233 = PRESENTATION_LAYER_ASSIGNMENT (  '', '', ( #3409 ) ) ;
#4234 = CARTESIAN_POINT ( 'NONE',  ( -6220.532872483720000, 306.1790385117200200, 0.5050000000000000000 ) ) ;
#4235 = EDGE_CURVE ( 'NONE', #4206, #8262, #103, .T. ) ;
#4236 = UNCERTAINTY_MEASURE_WITH_UNIT (LENGTH_MEASURE( 1.000000000000000100E-005 ), #5734, 'distance_accuracy_value', 'NONE');
#4237 = CARTESIAN_POINT ( 'NONE',  ( -6218.392872483719700, 306.6290385117200100, 0.02000000000000000000 ) ) ;
#4238 = LINE ( 'NONE', #5793, #5916 ) ;
#4239 = ORIENTED_EDGE ( 'NONE', *, *, #6346, .T. ) ;
#4240 =( NAMED_UNIT ( * ) PLANE_ANGLE_UNIT ( ) SI_UNIT ( $, .RADIAN. ) );
#4241 = CARTESIAN_POINT ( 'NONE',  ( -6219.532872483720000, 306.1790385117200200, 0.02000000000000000000 ) ) ;
#4242 = DIRECTION ( 'NONE',  ( 0.0000000000000000000, 0.0000000000000000000, -1.000000000000000000 ) ) ;
#4243 = EDGE_CURVE ( 'NONE', #9470, #6628, #5104, .T. ) ;
#4244 = CARTESIAN_POINT ( 'NONE',  ( -6220.882872483719400, 307.2290385117180400, 0.4800000000000000400 ) ) ;
#4245 = CARTESIAN_POINT ( 'NONE',  ( -6220.882872484785400, 307.2290385118852800, 0.4800000000000000400 ) ) ;
#4246 = ORIENTED_EDGE ( 'NONE', *, *, #1479, .T. ) ;
#4247 = COLOUR_RGB ( '',0.7921568627450980000, 0.8196078431372548800, 0.9333333333333333500 ) ;
#4248 = STYLED_ITEM ( 'NONE', ( #8100 ), #5521 ) ;
#4249 = EDGE_CURVE ( 'NONE', #5621, #5695, #6882, .T. ) ;
#4250 = VERTEX_POINT ( 'NONE', #9307 ) ;
#4252 = MECHANICAL_DESIGN_GEOMETRIC_PRESENTATION_REPRESENTATION (  '', ( #9248 ), #8278 ) ;
#4251 = FILL_AREA_STYLE_COLOUR ( '', #1820 ) ;
#4253 = PRESENTATION_STYLE_ASSIGNMENT (( #10229 ) ) ;
#4254 = EDGE_CURVE ( 'NONE', #3045, #10600, #10103, .T. ) ;
#4255 = DIRECTION ( 'NONE',  ( -2.433478120425250100E-024, 1.000000000000000000, 1.106617728703371500E-035 ) ) ;
#4256 = EDGE_CURVE ( 'NONE', #7456, #5704, #7183, .T. ) ;
#4257 = DIRECTION ( 'NONE',  ( 0.0000000000000000000, -1.000000000000000000, 0.0000000000000000000 ) ) ;
#4258 = FACE_OUTER_BOUND ( 'NONE', #196, .T. ) ;
#4259 = DIRECTION ( 'NONE',  ( 0.0000000000000000000, 0.0000000000000000000, 1.000000000000000000 ) ) ;
#4260 =( NAMED_UNIT ( * ) PLANE_ANGLE_UNIT ( ) SI_UNIT ( $, .RADIAN. ) );
#4261 = VERTEX_POINT ( 'NONE', #7522 ) ;
#4262 = LINE ( 'NONE', #6550, #4116 ) ;
#4263 = FILL_AREA_STYLE_COLOUR ( '', #7590 ) ;
#4264 = ORIENTED_EDGE ( 'NONE', *, *, #7803, .F. ) ;
#4265 = COLOUR_RGB ( '',0.7921568627450980000, 0.8196078431372548800, 0.9333333333333333500 ) ;
#4266 = DIRECTION ( 'NONE',  ( 0.0000000000000000000, -1.000000000000000000, -0.0000000000000000000 ) ) ;
#4267 = SURFACE_STYLE_FILL_AREA ( #10688 ) ;
#4268 = VECTOR ( 'NONE', #10910, 1000.000000000000000 ) ;
#4269 =( NAMED_UNIT ( * ) SI_UNIT ( $, .STERADIAN. ) SOLID_ANGLE_UNIT ( ) );
#4270 = AXIS2_PLACEMENT_3D ( 'NONE', #1393, #3181, #9404 ) ;
#4271 = ORIENTED_EDGE ( 'NONE', *, *, #3508, .T. ) ;
#4272 = DIRECTION ( 'NONE',  ( 2.504160057532899900E-024, 1.000000000000000000, -1.138760152358706400E-035 ) ) ;
#4273 = COLOUR_RGB ( '',0.7921568627450980000, 0.8196078431372548800, 0.9333333333333333500 ) ;
#4274 = DIRECTION ( 'NONE',  ( 1.000000000000000000, 0.0000000000000000000, -0.0000000000000000000 ) ) ;
#4275 = FACE_OUTER_BOUND ( 'NONE', #1163, .T. ) ;
#4276 = DIRECTION ( 'NONE',  ( -0.0000000000000000000, 1.000000000000000000, 0.0000000000000000000 ) ) ;
#4277 = EDGE_LOOP ( 'NONE', ( #146, #1804, #10854, #619 ) ) ;
#4278 = EDGE_CURVE ( 'NONE', #1378, #11418, #4543, .T. ) ;
#4279 = ADVANCED_FACE ( 'NONE', ( #2743 ), #900, .T. ) ;
#4280 = FILL_AREA_STYLE ('',( #8060 ) ) ;
#4281 = ORIENTED_EDGE ( 'NONE', *, *, #1263, .F. ) ;
#4282 = FILL_AREA_STYLE_COLOUR ( '', #3610 ) ;
#4283 =( NAMED_UNIT ( * ) PLANE_ANGLE_UNIT ( ) SI_UNIT ( $, .RADIAN. ) );
#4284 = PRESENTATION_STYLE_ASSIGNMENT (( #9173 ) ) ;
#4285 = SURFACE_SIDE_STYLE ('',( #4056 ) ) ;
#4286 = ORIENTED_EDGE ( 'NONE', *, *, #9077, .F. ) ;
#4287 = MECHANICAL_DESIGN_GEOMETRIC_PRESENTATION_REPRESENTATION (  '', ( #1897 ), #4887 ) ;
#4288 =( LENGTH_UNIT ( ) NAMED_UNIT ( * ) SI_UNIT ( .MILLI., .METRE. ) );
#4289 = CARTESIAN_POINT ( 'NONE',  ( -6220.882872483716700, 306.1290385117284800, 0.02000000000000000700 ) ) ;
#4290 = STYLED_ITEM ( 'NONE', ( #7180 ), #1827 ) ;
#4291 = LINE ( 'NONE', #1182, #9301 ) ;
#4292 = DIRECTION ( 'NONE',  ( -0.0000000000000000000, 1.000000000000000000, 0.0000000000000000000 ) ) ;
#4293 = VECTOR ( 'NONE', #592, 1000.000000000000000 ) ;
#4294 = ORIENTED_EDGE ( 'NONE', *, *, #9767, .F. ) ;
#4295 = LINE ( 'NONE', #3784, #7354 ) ;
#4296 = CARTESIAN_POINT ( 'NONE',  ( -6218.077660543180200, 306.4690385117199900, 0.4800000000000000400 ) ) ;
#4297 = PLANE ( 'NONE',  #1081 ) ;
#4298 = VECTOR ( 'NONE', #135, 1000.000000000000000 ) ;
#4299 = CARTESIAN_POINT ( 'NONE',  ( -6218.048202466950000, 306.1790385117200200, 0.4800000000000000400 ) ) ;
#4300 = DIRECTION ( 'NONE',  ( 0.0000000000000000000, 0.0000000000000000000, -1.000000000000000000 ) ) ;
#4301 = UNCERTAINTY_MEASURE_WITH_UNIT (LENGTH_MEASURE( 1.000000000000000100E-005 ), #9787, 'distance_accuracy_value', 'NONE');
#4302 = ORIENTED_EDGE ( 'NONE', *, *, #5831, .F. ) ;
#4303 = CARTESIAN_POINT ( 'NONE',  ( -6218.230086079220200, 307.1790385117190000, 0.5000000000000000000 ) ) ;
#4304 = SURFACE_SIDE_STYLE ('',( #10678 ) ) ;
#4305 = DIRECTION ( 'NONE',  ( -1.880717803722830600E-012, 1.000000000000000000, 0.0000000000000000000 ) ) ;
#4306 = FILL_AREA_STYLE ('',( #2581 ) ) ;
#4307 = AXIS2_PLACEMENT_3D ( 'NONE', #7095, #7184, #6336 ) ;
#4308 = LINE ( 'NONE', #8929, #5843 ) ;
#4309 = STYLED_ITEM ( 'NONE', ( #10211 ), #10653 ) ;
#4310 = MECHANICAL_DESIGN_GEOMETRIC_PRESENTATION_REPRESENTATION (  '', ( #1160 ), #2350 ) ;
#4311 = EDGE_CURVE ( 'NONE', #10584, #11418, #2880, .T. ) ;
#4312 = ORIENTED_EDGE ( 'NONE', *, *, #10256, .F. ) ;
#4313 = LINE ( 'NONE', #2646, #10521 ) ;
#4314 = DIRECTION ( 'NONE',  ( 0.0000000000000000000, -0.0000000000000000000, 1.000000000000000000 ) ) ;
#4315 = ORIENTED_EDGE ( 'NONE', *, *, #1486, .F. ) ;
#4316 = CARTESIAN_POINT ( 'NONE',  ( -6220.332872483720200, 306.6190385117200200, 0.4800000000000000400 ) ) ;
#4317 = LINE ( 'NONE', #6135, #1385 ) ;
#4318 = COLOUR_RGB ( '',0.7921568627450980000, 0.8196078431372548800, 0.9333333333333333500 ) ;
#4319 = VECTOR ( 'NONE', #1525, 1000.000000000000000 ) ;
#4320 = LINE ( 'NONE', #2027, #1661 ) ;
#4321 =( GEOMETRIC_REPRESENTATION_CONTEXT ( 3 ) GLOBAL_UNCERTAINTY_ASSIGNED_CONTEXT ( ( #7586 ) ) GLOBAL_UNIT_ASSIGNED_CONTEXT ( ( #8093, #2693, #8052 ) ) REPRESENTATION_CONTEXT ( 'NONE', 'WORKASPACE' ) );
#4322 = EDGE_LOOP ( 'NONE', ( #9111, #7272, #2157, #7162 ) ) ;
#4323 = DIRECTION ( 'NONE',  ( -0.0000000000000000000, -0.0000000000000000000, -1.000000000000000000 ) ) ;
#4324 = MECHANICAL_DESIGN_GEOMETRIC_PRESENTATION_REPRESENTATION (  '', ( #10845 ), #301 ) ;
#4325 = EDGE_CURVE ( 'NONE', #1132, #7139, #1337, .T. ) ;
#4326 = PLANE ( 'NONE',  #4117 ) ;
#4327 = VECTOR ( 'NONE', #3562, 1000.000000000000000 ) ;
#4328 = SURFACE_STYLE_USAGE ( .BOTH. , #688 ) ;
#4329 = PRESENTATION_STYLE_ASSIGNMENT (( #11012 ) ) ;
#4330 = VECTOR ( 'NONE', #399, 1000.000000000000000 ) ;
#4331 = CARTESIAN_POINT ( 'NONE',  ( -6219.932872483718700, 306.9921758150609900, 0.02000000000000000000 ) ) ;
#4332 = EDGE_CURVE ( 'NONE', #6318, #10222, #2306, .T. ) ;
#4333 = VERTEX_POINT ( 'NONE', #2779 ) ;
#4334 = CARTESIAN_POINT ( 'NONE',  ( -6220.882872483722200, 307.2290385117201500, 0.5000000000000000000 ) ) ;
#4335 = VECTOR ( 'NONE', #7300, 1000.000000000000000 ) ;
#4336 = CARTESIAN_POINT ( 'NONE',  ( -6218.048202466950000, 306.1790385117200200, 0.01999999999999999700 ) ) ;
#4337 = DIRECTION ( 'NONE',  ( -0.0000000000000000000, -0.0000000000000000000, -1.000000000000000000 ) ) ;
#4338 = SURFACE_SIDE_STYLE ('',( #7708 ) ) ;
#4339 = COLOUR_RGB ( '',0.7921568627450980000, 0.8196078431372548800, 0.9333333333333333500 ) ;
#4340 = CARTESIAN_POINT ( 'NONE',  ( -6218.132872483720300, 306.1790385117200200, 0.5000000000000000000 ) ) ;
#4341 = STYLED_ITEM ( 'NONE', ( #2103 ), #5690 ) ;
#4342 =( LENGTH_UNIT ( ) NAMED_UNIT ( * ) SI_UNIT ( .MILLI., .METRE. ) );
#4343 = FILL_AREA_STYLE ('',( #8883 ) ) ;
#4344 = CARTESIAN_POINT ( 'NONE',  ( -6219.932872483718700, 306.8321758150610200, 0.02000000000000000000 ) ) ;
#4345 = ADVANCED_FACE ( 'NONE', ( #8706 ), #8880, .T. ) ;
#4346 = DIRECTION ( 'NONE',  ( 0.0000000000000000000, -1.000000000000000000, 0.0000000000000000000 ) ) ;
#4347 = AXIS2_PLACEMENT_3D ( 'NONE', #2883, #1085, #7313 ) ;
#4348 = SURFACE_STYLE_FILL_AREA ( #11074 ) ;
#4349 = EDGE_CURVE ( 'NONE', #8116, #304, #3150, .T. ) ;
#4350 = ORIENTED_EDGE ( 'NONE', *, *, #154, .T. ) ;
#4351 = DIRECTION ( 'NONE',  ( 1.000000000000000000, 0.0000000000000000000, -0.0000000000000000000 ) ) ;
#4352 = ADVANCED_FACE ( 'NONE', ( #10911 ), #7075, .T. ) ;
#4353 = DIRECTION ( 'NONE',  ( -1.000000000000000000, 0.0000000000000000000, -0.0000000000000000000 ) ) ;
#4354 = COLOUR_RGB ( '',0.7921568627450980000, 0.8196078431372548800, 0.9333333333333333500 ) ;
#4355 = FILL_AREA_STYLE ('',( #6928 ) ) ;
#4356 = DIRECTION ( 'NONE',  ( 0.0000000000000000000, -0.0000000000000000000, 1.000000000000000000 ) ) ;
#4357 = CARTESIAN_POINT ( 'NONE',  ( -6220.382872483720300, 306.6790385117209900, 0.4800000000000000400 ) ) ;
#4358 = DIRECTION ( 'NONE',  ( 0.0000000000000000000, 0.0000000000000000000, -1.000000000000000000 ) ) ;
#4359 = ORIENTED_EDGE ( 'NONE', *, *, #6828, .T. ) ;
#4360 = COLOUR_RGB ( '',0.7921568627450980000, 0.8196078431372548800, 0.9333333333333333500 ) ;
#4361 = ORIENTED_EDGE ( 'NONE', *, *, #6434, .F. ) ;
#4362 = STYLED_ITEM ( 'NONE', ( #8086 ), #9303 ) ;
#4363 = UNCERTAINTY_MEASURE_WITH_UNIT (LENGTH_MEASURE( 1.000000000000000100E-005 ), #1667, 'distance_accuracy_value', 'NONE');
#4364 = STYLED_ITEM ( 'NONE', ( #4548 ), #1566 ) ;
#4365 = SURFACE_STYLE_FILL_AREA ( #10948 ) ;
#4366 = VECTOR ( 'NONE', #10997, 1000.000000000000000 ) ;
#4367 = CARTESIAN_POINT ( 'NONE',  ( -6220.637923509441000, 307.1790385117184900, 0.0000000000000000000 ) ) ;
#4368 = ORIENTED_EDGE ( 'NONE', *, *, #2986, .F. ) ;
#4369 = UNCERTAINTY_MEASURE_WITH_UNIT (LENGTH_MEASURE( 1.000000000000000100E-005 ), #2933, 'distance_accuracy_value', 'NONE');
#4370 = ORIENTED_EDGE ( 'NONE', *, *, #822, .F. ) ;
#4371 = DIRECTION ( 'NONE',  ( 0.0000000000000000000, 1.000000000000000000, -0.0000000000000000000 ) ) ;
#4372 = EDGE_LOOP ( 'NONE', ( #7783, #5587, #8631, #6470, #10258, #11474, #7915, #2223, #10818, #6134, #3349, #1415 ) ) ;
#4373 = CARTESIAN_POINT ( 'NONE',  ( -6218.230086079220200, 307.1790385117190000, 0.0000000000000000000 ) ) ;
#4374 = AXIS2_PLACEMENT_3D ( 'NONE', #9031, #10003, #3631 ) ;
#4375 = AXIS2_PLACEMENT_3D ( 'NONE', #380, #3925, #4809 ) ;
#4376 =( LENGTH_UNIT ( ) NAMED_UNIT ( * ) SI_UNIT ( .MILLI., .METRE. ) );
#4377 = DIRECTION ( 'NONE',  ( 0.0000000000000000000, -0.0000000000000000000, -1.000000000000000000 ) ) ;
#4378 = DIRECTION ( 'NONE',  ( -4.547473508864600000E-012, 0.0000000000000000000, -1.000000000000000000 ) ) ;
#4379 = DIRECTION ( 'NONE',  ( -1.000000000000000000, -0.0000000000000000000, -0.0000000000000000000 ) ) ;
#4380 = ORIENTED_EDGE ( 'NONE', *, *, #4081, .T. ) ;
#4381 = DIRECTION ( 'NONE',  ( 0.0000000000000000000, -1.000000000000000000, 0.0000000000000000000 ) ) ;
#4382 = PRESENTATION_STYLE_ASSIGNMENT (( #14 ) ) ;
#4383 =( LENGTH_UNIT ( ) NAMED_UNIT ( * ) SI_UNIT ( .MILLI., .METRE. ) );
#4384 = VERTEX_POINT ( 'NONE', #8064 ) ;
#4385 = DIRECTION ( 'NONE',  ( 1.000000000000000000, 0.0000000000000000000, -0.0000000000000000000 ) ) ;
#4386 = DIRECTION ( 'NONE',  ( 1.000000000000000000, 0.0000000000000000000, -0.0000000000000000000 ) ) ;
#4387 = AXIS2_PLACEMENT_3D ( 'NONE', #8421, #10292, #4982 ) ;
#4388 =( NAMED_UNIT ( * ) PLANE_ANGLE_UNIT ( ) SI_UNIT ( $, .RADIAN. ) );
#4389 = EDGE_CURVE ( 'NONE', #5219, #5894, #5240, .T. ) ;
#4390 = PRESENTATION_STYLE_ASSIGNMENT (( #11003 ) ) ;
#4391 = COLOUR_RGB ( '',0.7921568627450980000, 0.8196078431372548800, 0.9333333333333333500 ) ;
#4392 = ORIENTED_EDGE ( 'NONE', *, *, #3077, .T. ) ;
#4393 = ADVANCED_FACE ( 'NONE', ( #7333 ), #4812, .T. ) ;
#4394 = LINE ( 'NONE', #8727, #4537 ) ;
#4395 = ORIENTED_EDGE ( 'NONE', *, *, #6771, .T. ) ;
#4396 = CARTESIAN_POINT ( 'NONE',  ( -6218.230086079220200, 307.1790385117200200, 0.4800000000000042000 ) ) ;
#4397 = FACE_OUTER_BOUND ( 'NONE', #5958, .T. ) ;
#4398 = DIRECTION ( 'NONE',  ( -0.0000000000000000000, 0.0000000000000000000, -1.000000000000000000 ) ) ;
#4399 = FILL_AREA_STYLE_COLOUR ( '', #4339 ) ;
#4400 = CARTESIAN_POINT ( 'NONE',  ( -6218.392872483719700, 306.6290385117190500, 0.02000000000000000000 ) ) ;
#4401 =( GEOMETRIC_REPRESENTATION_CONTEXT ( 3 ) GLOBAL_UNCERTAINTY_ASSIGNED_CONTEXT ( ( #865 ) ) GLOBAL_UNIT_ASSIGNED_CONTEXT ( ( #3432, #8713, #862 ) ) REPRESENTATION_CONTEXT ( 'NONE', 'WORKASPACE' ) );
#4402 = ORIENTED_EDGE ( 'NONE', *, *, #3508, .F. ) ;
#4404 =( LENGTH_UNIT ( ) NAMED_UNIT ( * ) SI_UNIT ( .MILLI., .METRE. ) );
#4403 = MECHANICAL_DESIGN_GEOMETRIC_PRESENTATION_REPRESENTATION (  '', ( #5833 ), #1193 ) ;
#4405 = EDGE_CURVE ( 'NONE', #10222, #4991, #7024, .T. ) ;
#4406 = AXIS2_PLACEMENT_3D ( 'NONE', #544, #10359, #1509 ) ;
#4407 = DIRECTION ( 'NONE',  ( -1.000000000000000000, 0.0000000000000000000, 0.0000000000000000000 ) ) ;
#4408 = CARTESIAN_POINT ( 'NONE',  ( -6220.832872483720200, 306.6190385117200200, 0.5000000000000000000 ) ) ;
#4409 = DIRECTION ( 'NONE',  ( -0.0000000000000000000, 1.000000000000000000, 0.0000000000000000000 ) ) ;
#4410 = LINE ( 'NONE', #4237, #5819 ) ;
#4411 = CARTESIAN_POINT ( 'NONE',  ( -6220.832872483720200, 306.1790385117190000, 0.02000000000000000000 ) ) ;
#4412 = FILL_AREA_STYLE ('',( #3642 ) ) ;
#4413 = ORIENTED_EDGE ( 'NONE', *, *, #5251, .T. ) ;
#4414 = FACE_OUTER_BOUND ( 'NONE', #3292, .T. ) ;
#4415 = ORIENTED_EDGE ( 'NONE', *, *, #7467, .F. ) ;
#4416 = LINE ( 'NONE', #4525, #3290 ) ;
#4417 = PRESENTATION_LAYER_ASSIGNMENT (  '', '', ( #3682 ) ) ;
#4418 = FILL_AREA_STYLE ('',( #3393 ) ) ;
#4419 = LINE ( 'NONE', #5861, #9845 ) ;
#4420 = CARTESIAN_POINT ( 'NONE',  ( -6220.382872483720300, 306.8290385117210800, 0.5000000000000000000 ) ) ;
#4421 = FILL_AREA_STYLE_COLOUR ( '', #11255 ) ;
#4422 =( GEOMETRIC_REPRESENTATION_CONTEXT ( 3 ) GLOBAL_UNCERTAINTY_ASSIGNED_CONTEXT ( ( #6713 ) ) GLOBAL_UNIT_ASSIGNED_CONTEXT ( ( #10883, #5596, #7381 ) ) REPRESENTATION_CONTEXT ( 'NONE', 'WORKASPACE' ) );
#4423 = ORIENTED_EDGE ( 'NONE', *, *, #8703, .T. ) ;
#4424 = CARTESIAN_POINT ( 'NONE',  ( -6217.782872483697200, 307.2290385117324300, 0.02000000000000000000 ) ) ;
#4425 = EDGE_CURVE ( 'NONE', #4679, #1152, #7316, .T. ) ;
#4426 = ORIENTED_EDGE ( 'NONE', *, *, #1629, .T. ) ;
#4427 = CARTESIAN_POINT ( 'NONE',  ( -6220.617542500490300, 307.1790385117200200, 0.02000000000000000000 ) ) ;
#4428 = DIRECTION ( 'NONE',  ( -1.000000000000000000, 0.0000000000000000000, 0.0000000000000000000 ) ) ;
#4429 = DIRECTION ( 'NONE',  ( -1.000000000000000000, 3.606920118125129800E-026, 5.806504356003770200E-040 ) ) ;
#4430 = LINE ( 'NONE', #2415, #11338 ) ;
#4431 = ORIENTED_EDGE ( 'NONE', *, *, #7601, .T. ) ;
#4432 =( NAMED_UNIT ( * ) PLANE_ANGLE_UNIT ( ) SI_UNIT ( $, .RADIAN. ) );
#4433 = VECTOR ( 'NONE', #11434, 1000.000000000000000 ) ;
#4434 = AXIS2_PLACEMENT_3D ( 'NONE', #2183, #7481, #5729 ) ;
#4435 =( LENGTH_UNIT ( ) NAMED_UNIT ( * ) SI_UNIT ( .MILLI., .METRE. ) );
#4436 = LINE ( 'NONE', #6033, #9447 ) ;
#4437 = UNCERTAINTY_MEASURE_WITH_UNIT (LENGTH_MEASURE( 1.000000000000000100E-005 ), #3848, 'distance_accuracy_value', 'NONE');
#4438 = CARTESIAN_POINT ( 'NONE',  ( -6220.832872483720200, 306.7818249162186200, 0.0000000000000000000 ) ) ;
#4439 = EDGE_LOOP ( 'NONE', ( #10060, #760, #9808, #658 ) ) ;
#4440 = AXIS2_PLACEMENT_3D ( 'NONE', #11156, #5859, #7533 ) ;
#4441 = FILL_AREA_STYLE ('',( #858 ) ) ;
#4442 = PRESENTATION_STYLE_ASSIGNMENT (( #764 ) ) ;
#4443 = DIRECTION ( 'NONE',  ( 0.0000000000000000000, 0.0000000000000000000, 1.000000000000000000 ) ) ;
#4444 = DIRECTION ( 'NONE',  ( -6.243894290492210000E-012, -0.0000000000000000000, -1.000000000000000000 ) ) ;
#4445 = SURFACE_SIDE_STYLE ('',( #8016 ) ) ;
#4446 = DIRECTION ( 'NONE',  ( 1.000000000000000000, 0.0000000000000000000, 0.0000000000000000000 ) ) ;
#4447 = CARTESIAN_POINT ( 'NONE',  ( -6219.132872483720300, 306.1790385117196800, 0.0000000000000000000 ) ) ;
#4448 = ADVANCED_FACE ( 'NONE', ( #7469 ), #9851, .T. ) ;
#4449 = VERTEX_POINT ( 'NONE', #4753 ) ;
#4450 = MECHANICAL_DESIGN_GEOMETRIC_PRESENTATION_REPRESENTATION (  '', ( #3860 ), #5874 ) ;
#4451 = STYLED_ITEM ( 'NONE', ( #7408 ), #11408 ) ;
#4452 = FACE_OUTER_BOUND ( 'NONE', #3733, .T. ) ;
#4453 = VECTOR ( 'NONE', #6695, 1000.000000000000000 ) ;
#4454 = SURFACE_STYLE_USAGE ( .BOTH. , #6246 ) ;
#4455 = ORIENTED_EDGE ( 'NONE', *, *, #6692, .F. ) ;
#4456 = DIRECTION ( 'NONE',  ( -1.000000000000000000, 0.0000000000000000000, -0.0000000000000000000 ) ) ;
#4457 = FACE_OUTER_BOUND ( 'NONE', #6561, .T. ) ;
#4458 = VECTOR ( 'NONE', #8670, 1000.000000000000000 ) ;
#4459 = CARTESIAN_POINT ( 'NONE',  ( -6218.332872483720200, 306.4690385117199900, 0.4800000000000000400 ) ) ;
#4460 = DIRECTION ( 'NONE',  ( 0.0000000000000000000, 1.000000000000000000, 0.0000000000000000000 ) ) ;
#4461 = CARTESIAN_POINT ( 'NONE',  ( -6218.230086079220200, 306.1790385117200200, 0.0000000000000000000 ) ) ;
#4462 = ORIENTED_EDGE ( 'NONE', *, *, #10567, .F. ) ;
#4463 = DIRECTION ( 'NONE',  ( -0.0000000000000000000, 1.000000000000000000, 0.0000000000000000000 ) ) ;
#4464 = FILL_AREA_STYLE ('',( #9867 ) ) ;
#4465 = VECTOR ( 'NONE', #4795, 1000.000000000000000 ) ;
#4466 = EDGE_CURVE ( 'NONE', #3649, #10109, #2167, .T. ) ;
#4467 = SURFACE_STYLE_FILL_AREA ( #929 ) ;
#4468 = ORIENTED_EDGE ( 'NONE', *, *, #2403, .F. ) ;
#4469 = PRESENTATION_LAYER_ASSIGNMENT (  '', '', ( #6696 ) ) ;
#4470 = EDGE_CURVE ( 'NONE', #4497, #2310, #8835, .T. ) ;
#4471 = VECTOR ( 'NONE', #1631, 1000.000000000000000 ) ;
#4472 = DIRECTION ( 'NONE',  ( 1.000000000000000000, -0.0000000000000000000, 0.0000000000000000000 ) ) ;
#4473 = DIRECTION ( 'NONE',  ( -0.0000000000000000000, 0.0000000000000000000, -1.000000000000000000 ) ) ;
#4474 = AXIS2_PLACEMENT_3D ( 'NONE', #7995, #7953, #10640 ) ;
#4475 = DIRECTION ( 'NONE',  ( -1.880717803723720000E-012, 1.000000000000000000, 0.0000000000000000000 ) ) ;
#4476 = EDGE_CURVE ( 'NONE', #11146, #3307, #9124, .T. ) ;
#4477 =( LENGTH_UNIT ( ) NAMED_UNIT ( * ) SI_UNIT ( .MILLI., .METRE. ) );
#4478 = VERTEX_POINT ( 'NONE', #8297 ) ;
#4479 = SURFACE_STYLE_FILL_AREA ( #918 ) ;
#4480 = ORIENTED_EDGE ( 'NONE', *, *, #1791, .T. ) ;
#4481 =( NAMED_UNIT ( * ) SI_UNIT ( $, .STERADIAN. ) SOLID_ANGLE_UNIT ( ) );
#4482 = FILL_AREA_STYLE_COLOUR ( '', #5658 ) ;
#4483 =( LENGTH_UNIT ( ) NAMED_UNIT ( * ) SI_UNIT ( .MILLI., .METRE. ) );
#4484 = DIRECTION ( 'NONE',  ( -1.000000000000000000, -0.0000000000000000000, 0.0000000000000000000 ) ) ;
#4485 = COLOUR_RGB ( '',0.7921568627450980000, 0.8196078431372548800, 0.9333333333333333500 ) ;
#4486 = CARTESIAN_POINT ( 'NONE',  ( -6218.230086079220200, 307.1790385117190000, 0.4800000000000000400 ) ) ;
#4487 = PRESENTATION_LAYER_ASSIGNMENT (  '', '', ( #8139 ) ) ;
#4488 = VECTOR ( 'NONE', #11107, 1000.000000000000000 ) ;
#4489 = PRESENTATION_LAYER_ASSIGNMENT (  '', '', ( #7836 ) ) ;
#4490 = ORIENTED_EDGE ( 'NONE', *, *, #2301, .T. ) ;
#4491 = VERTEX_POINT ( 'NONE', #2860 ) ;
#4492 =( NAMED_UNIT ( * ) PLANE_ANGLE_UNIT ( ) SI_UNIT ( $, .RADIAN. ) );
#4493 = ORIENTED_EDGE ( 'NONE', *, *, #3737, .F. ) ;
#4494 =( NAMED_UNIT ( * ) SI_UNIT ( $, .STERADIAN. ) SOLID_ANGLE_UNIT ( ) );
#4495 = CARTESIAN_POINT ( 'NONE',  ( -6218.632872483720300, 306.7290385117200300, 0.0000000000000000000 ) ) ;
#4496 = CARTESIAN_POINT ( 'NONE',  ( -6220.382872483720300, 306.8290385117210800, 0.5000000000000000000 ) ) ;
#4497 = VERTEX_POINT ( 'NONE', #5618 ) ;
#4498 = FACE_OUTER_BOUND ( 'NONE', #11416, .T. ) ;
#4499 = UNCERTAINTY_MEASURE_WITH_UNIT (LENGTH_MEASURE( 1.000000000000000100E-005 ), #7536, 'distance_accuracy_value', 'NONE');
#4500 = PRESENTATION_LAYER_ASSIGNMENT (  '', '', ( #3464 ) ) ;
#4501 = VERTEX_POINT ( 'NONE', #1059 ) ;
#4502 = ADVANCED_FACE ( 'NONE', ( #8441 ), #7286, .T. ) ;
#4503 =( GEOMETRIC_REPRESENTATION_CONTEXT ( 3 ) GLOBAL_UNCERTAINTY_ASSIGNED_CONTEXT ( ( #11315 ) ) GLOBAL_UNIT_ASSIGNED_CONTEXT ( ( #5319, #6206, #7999 ) ) REPRESENTATION_CONTEXT ( 'NONE', 'WORKASPACE' ) );
#4504 = VECTOR ( 'NONE', #4647, 1000.000000000000000 ) ;
#4505 = FILL_AREA_STYLE_COLOUR ( '', #7903 ) ;
#4506 =( LENGTH_UNIT ( ) NAMED_UNIT ( * ) SI_UNIT ( .MILLI., .METRE. ) );
#4507 = VECTOR ( 'NONE', #5366, 1000.000000000000000 ) ;
#4508 = FILL_AREA_STYLE_COLOUR ( '', #7528 ) ;
#4509 = CARTESIAN_POINT ( 'NONE',  ( -6218.282872483720000, 307.1790385117200200, 0.5050000000000000000 ) ) ;
#4510 = PRESENTATION_STYLE_ASSIGNMENT (( #6677 ) ) ;
#4511 = ADVANCED_FACE ( 'NONE', ( #5229 ), #6871, .T. ) ;
#4512 = CARTESIAN_POINT ( 'NONE',  ( -6220.532872483720000, 306.6790385117209900, 0.4800000000000000400 ) ) ;
#4513 = ORIENTED_EDGE ( 'NONE', *, *, #10612, .T. ) ;
#4514 = STYLED_ITEM ( 'NONE', ( #3620 ), #9698 ) ;
#4515 = AXIS2_PLACEMENT_3D ( 'NONE', #8470, #3133, #10964 ) ;
#4516 = CARTESIAN_POINT ( 'NONE',  ( -6219.932872483719600, 306.8321758150610200, 6.442568668748301500E-037 ) ) ;
#4517 = PRESENTATION_LAYER_ASSIGNMENT (  '', '', ( #3936 ) ) ;
#4518 = FILL_AREA_STYLE_COLOUR ( '', #5339 ) ;
#4519 = VECTOR ( 'NONE', #4323, 1000.000000000000000 ) ;
#4520 = SURFACE_STYLE_FILL_AREA ( #4879 ) ;
#4521 =( LENGTH_UNIT ( ) NAMED_UNIT ( * ) SI_UNIT ( .MILLI., .METRE. ) );
#4522 = STYLED_ITEM ( 'NONE', ( #3494 ), #2839 ) ;
#4523 = LINE ( 'NONE', #5561, #1879 ) ;
#4524 = ORIENTED_EDGE ( 'NONE', *, *, #1044, .T. ) ;
#4525 = CARTESIAN_POINT ( 'NONE',  ( -6220.832872483720200, 307.1090385117199700, 0.5000000000000000000 ) ) ;
#4526 = VECTOR ( 'NONE', #6055, 1000.000000000000000 ) ;
#4527 =( NAMED_UNIT ( * ) PLANE_ANGLE_UNIT ( ) SI_UNIT ( $, .RADIAN. ) );
#4528 = ORIENTED_EDGE ( 'NONE', *, *, #11176, .F. ) ;
#4529 = VECTOR ( 'NONE', #9014, 1000.000000000000000 ) ;
#4530 = EDGE_CURVE ( 'NONE', #5120, #5219, #2727, .T. ) ;
#4531 = COLOUR_RGB ( '',0.7921568627450980000, 0.8196078431372548800, 0.9333333333333333500 ) ;
#4532 =( NAMED_UNIT ( * ) SI_UNIT ( $, .STERADIAN. ) SOLID_ANGLE_UNIT ( ) );
#4533 = ORIENTED_EDGE ( 'NONE', *, *, #9903, .T. ) ;
#4534 = FILL_AREA_STYLE ('',( #6359 ) ) ;
#4535 = PRODUCT_DEFINITION ( 'UNKNOWN', '', #10683, #6063 ) ;
#4536 = DIRECTION ( 'NONE',  ( -2.639666263348779900E-011, 0.0000000000000000000, 1.000000000000000000 ) ) ;
#4537 = VECTOR ( 'NONE', #10057, 1000.000000000000000 ) ;
#4538 =( GEOMETRIC_REPRESENTATION_CONTEXT ( 3 ) GLOBAL_UNCERTAINTY_ASSIGNED_CONTEXT ( ( #4369 ) ) GLOBAL_UNIT_ASSIGNED_CONTEXT ( ( #2933, #9037, #1993 ) ) REPRESENTATION_CONTEXT ( 'NONE', 'WORKASPACE' ) );
#4539 = DIRECTION ( 'NONE',  ( 1.000000000000000000, 0.0000000000000000000, -0.0000000000000000000 ) ) ;
#4540 = EDGE_CURVE ( 'NONE', #4889, #9848, #10898, .T. ) ;
#4541 = VERTEX_POINT ( 'NONE', #10045 ) ;
#4542 = CARTESIAN_POINT ( 'NONE',  ( -6220.382872483720300, 306.6790385117209900, 0.4800000000000000400 ) ) ;
#4543 = LINE ( 'NONE', #2510, #2318 ) ;
#4544 = FILL_AREA_STYLE_COLOUR ( '', #2011 ) ;
#4545 = VERTEX_POINT ( 'NONE', #2031 ) ;
#4546 = PLANE ( 'NONE',  #2544 ) ;
#4547 = DIRECTION ( 'NONE',  ( 1.000000000000000000, 0.0000000000000000000, 0.0000000000000000000 ) ) ;
#4548 = PRESENTATION_STYLE_ASSIGNMENT (( #10350 ) ) ;
#4549 = SURFACE_SIDE_STYLE ('',( #808 ) ) ;
#4550 = STYLED_ITEM ( 'NONE', ( #7539 ), #5809 ) ;
#4551 = FACE_OUTER_BOUND ( 'NONE', #1171, .T. ) ;
#4552 = VECTOR ( 'NONE', #1796, 1000.000000000000000 ) ;
#4554 = PRESENTATION_LAYER_ASSIGNMENT (  '', '', ( #2850 ) ) ;
#4553 = CARTESIAN_POINT ( 'NONE',  ( -6218.392872483719700, 306.1790385117203600, 0.01999999999999999700 ) ) ;
#4555 = ORIENTED_EDGE ( 'NONE', *, *, #2844, .F. ) ;
#4556 = EDGE_CURVE ( 'NONE', #3586, #2310, #3980, .T. ) ;
#4557 = FILL_AREA_STYLE ('',( #8103 ) ) ;
#4558 = CARTESIAN_POINT ( 'NONE',  ( -6220.832872483720200, 306.6190385117200200, 0.4800000000000000400 ) ) ;
#4559 = MECHANICAL_DESIGN_GEOMETRIC_PRESENTATION_REPRESENTATION (  '', ( #3529 ), #7910 ) ;
#4560 = CIRCLE ( 'NONE', #10861, 0.2699999999937197100 ) ;
#4561 =( LENGTH_UNIT ( ) NAMED_UNIT ( * ) SI_UNIT ( .MILLI., .METRE. ) );
#4562 = CARTESIAN_POINT ( 'NONE',  ( -6218.332872483720200, 306.9590385117189700, 0.4800000000000000400 ) ) ;
#4563 = ORIENTED_EDGE ( 'NONE', *, *, #4760, .F. ) ;
#4564 =( LENGTH_UNIT ( ) NAMED_UNIT ( * ) SI_UNIT ( .MILLI., .METRE. ) );
#4565 =( LENGTH_UNIT ( ) NAMED_UNIT ( * ) SI_UNIT ( .MILLI., .METRE. ) );
#4566 = ORIENTED_EDGE ( 'NONE', *, *, #5733, .F. ) ;
#4567 = UNCERTAINTY_MEASURE_WITH_UNIT (LENGTH_MEASURE( 1.000000000000000100E-005 ), #9912, 'distance_accuracy_value', 'NONE');
#4568 = DIRECTION ( 'NONE',  ( 6.243894290492210000E-012, 0.0000000000000000000, 1.000000000000000000 ) ) ;
#4569 = COLOUR_RGB ( '',0.7921568627450980000, 0.8196078431372548800, 0.9333333333333333500 ) ;
#4570 = ADVANCED_FACE ( 'NONE', ( #1587 ), #4720, .T. ) ;
#4571 = ORIENTED_EDGE ( 'NONE', *, *, #4278, .T. ) ;
#4572 = PRESENTATION_LAYER_ASSIGNMENT (  '', '', ( #9715 ) ) ;
#4573 = CARTESIAN_POINT ( 'NONE',  ( -6220.435658888220100, 306.1790385117200200, 0.4800000000000001500 ) ) ;
#4574 = FILL_AREA_STYLE_COLOUR ( '', #11458 ) ;
#4575 = UNCERTAINTY_MEASURE_WITH_UNIT (LENGTH_MEASURE( 1.000000000000000100E-005 ), #1813, 'distance_accuracy_value', 'NONE');
#4576 = PLANE ( 'NONE',  #2168 ) ;
#4577 = CARTESIAN_POINT ( 'NONE',  ( -6218.632872483720300, 306.7290385117190100, 0.0000000000000000000 ) ) ;
#4578 =( GEOMETRIC_REPRESENTATION_CONTEXT ( 3 ) GLOBAL_UNCERTAINTY_ASSIGNED_CONTEXT ( ( #10134 ) ) GLOBAL_UNIT_ASSIGNED_CONTEXT ( ( #485, #10273, #2271 ) ) REPRESENTATION_CONTEXT ( 'NONE', 'WORKASPACE' ) );
#4579 = PRESENTATION_STYLE_ASSIGNMENT (( #3674 ) ) ;
#4580 = CARTESIAN_POINT ( 'NONE',  ( -6218.142872483719700, 306.9590385117200000, 0.4799999999999999800 ) ) ;
#4581 = ADVANCED_FACE ( 'NONE', ( #10750 ), #4910, .T. ) ;
#4582 =( LENGTH_UNIT ( ) NAMED_UNIT ( * ) SI_UNIT ( .MILLI., .METRE. ) );
#4583 = ORIENTED_EDGE ( 'NONE', *, *, #1098, .T. ) ;
#4584 = CIRCLE ( 'NONE', #8644, 0.2700000000093183400 ) ;
#4585 = UNCERTAINTY_MEASURE_WITH_UNIT (LENGTH_MEASURE( 1.000000000000000100E-005 ), #4404, 'distance_accuracy_value', 'NONE');
#4586 = VERTEX_POINT ( 'NONE', #7603 ) ;
#4587 = DIRECTION ( 'NONE',  ( -0.0000000000000000000, -1.000000000000000000, -0.0000000000000000000 ) ) ;
#4588 = SURFACE_SIDE_STYLE ('',( #3463 ) ) ;
#4589 = UNCERTAINTY_MEASURE_WITH_UNIT (LENGTH_MEASURE( 1.000000000000000100E-005 ), #2741, 'distance_accuracy_value', 'NONE');
#4590 = CIRCLE ( 'NONE', #6356, 0.4500000000016157700 ) ;
#4591 = PRESENTATION_LAYER_ASSIGNMENT (  '', '', ( #7352 ) ) ;
#4592 = AXIS2_PLACEMENT_3D ( 'NONE', #8366, #3025, #9258 ) ;
#4593 = CARTESIAN_POINT ( 'NONE',  ( -6220.532872483720000, 306.8290385117200000, 0.5000000000000000000 ) ) ;
#4594 = ORIENTED_EDGE ( 'NONE', *, *, #10393, .F. ) ;
#4595 = PRESENTATION_STYLE_ASSIGNMENT (( #5156 ) ) ;
#4596 = SURFACE_SIDE_STYLE ('',( #5979 ) ) ;
#4597 = AXIS2_PLACEMENT_3D ( 'NONE', #7355, #8980, #128 ) ;
#4598 = LINE ( 'NONE', #8563, #5991 ) ;
#4599 = EDGE_LOOP ( 'NONE', ( #4413, #1539, #4195, #7560, #10130, #9985 ) ) ;
#4600 = SURFACE_SIDE_STYLE ('',( #5716 ) ) ;
#4601 = EDGE_CURVE ( 'NONE', #5133, #4501, #11032, .T. ) ;
#4602 =( NAMED_UNIT ( * ) PLANE_ANGLE_UNIT ( ) SI_UNIT ( $, .RADIAN. ) );
#4603 = DIRECTION ( 'NONE',  ( 1.000000000000000000, 0.0000000000000000000, 0.0000000000000000000 ) ) ;
#4604 = DIRECTION ( 'NONE',  ( 0.0000000000000000000, -0.0000000000000000000, 1.000000000000000000 ) ) ;
#4605 = VECTOR ( 'NONE', #750, 1000.000000000000000 ) ;
#4606 = CARTESIAN_POINT ( 'NONE',  ( -6220.882872483715800, 307.2290385117060500, 0.0000000000000000000 ) ) ;
#4607 = SURFACE_SIDE_STYLE ('',( #3592 ) ) ;
#4608 = ORIENTED_EDGE ( 'NONE', *, *, #8483, .T. ) ;
#4609 = FILL_AREA_STYLE_COLOUR ( '', #11276 ) ;
#4610 = STYLED_ITEM ( 'NONE', ( #4510 ), #7120 ) ;
#4611 = LINE ( 'NONE', #10581, #7934 ) ;
#4612 = COLOUR_RGB ( '',0.7921568627450980000, 0.8196078431372548800, 0.9333333333333333500 ) ;
#4613 = STYLED_ITEM ( 'NONE', ( #7688 ), #11192 ) ;
#4614 = ORIENTED_EDGE ( 'NONE', *, *, #5998, .F. ) ;
#4615 = MECHANICAL_DESIGN_GEOMETRIC_PRESENTATION_REPRESENTATION (  '', ( #1030 ), #10594 ) ;
#4616 = EDGE_CURVE ( 'NONE', #7973, #5145, #10083, .T. ) ;
#4617 = SURFACE_STYLE_USAGE ( .BOTH. , #9818 ) ;
#4618 = DIRECTION ( 'NONE',  ( 1.000000000000000000, 0.0000000000000000000, -0.0000000000000000000 ) ) ;
#4619 = DIRECTION ( 'NONE',  ( 0.0000000000000000000, -0.0000000000000000000, -1.000000000000000000 ) ) ;
#4620 = CARTESIAN_POINT ( 'NONE',  ( -6220.832872483720200, 306.1790385117200200, 0.02000000000000000000 ) ) ;
#4621 = ORIENTED_EDGE ( 'NONE', *, *, #10361, .F. ) ;
#4622 = FILL_AREA_STYLE_COLOUR ( '', #2814 ) ;
#4623 = CARTESIAN_POINT ( 'NONE',  ( -6220.532872483720000, 306.8290385117210800, 0.4800000000000000400 ) ) ;
#4624 = VERTEX_POINT ( 'NONE', #470 ) ;
#4625 = EDGE_CURVE ( 'NONE', #3703, #5045, #3695, .T. ) ;
#4626 = DIRECTION ( 'NONE',  ( -1.000000000000000000, -1.150191053511340100E-012, 6.243894290492210000E-012 ) ) ;
#4627 = PRESENTATION_LAYER_ASSIGNMENT (  '', '', ( #7228 ) ) ;
#4628 = EDGE_CURVE ( 'NONE', #10801, #4541, #7846, .T. ) ;
#4629 = LINE ( 'NONE', #9310, #1005 ) ;
#4631 = FACE_OUTER_BOUND ( 'NONE', #4277, .T. ) ;
#4630 = FILL_AREA_STYLE ('',( #4707 ) ) ;
#4632 =( GEOMETRIC_REPRESENTATION_CONTEXT ( 3 ) GLOBAL_UNCERTAINTY_ASSIGNED_CONTEXT ( ( #6634 ) ) GLOBAL_UNIT_ASSIGNED_CONTEXT ( ( #7197, #7977, #9802 ) ) REPRESENTATION_CONTEXT ( 'NONE', 'WORKASPACE' ) );
#4633 = ORIENTED_EDGE ( 'NONE', *, *, #4556, .T. ) ;
#4634 = SURFACE_STYLE_FILL_AREA ( #7415 ) ;
#4635 = SURFACE_STYLE_FILL_AREA ( #5720 ) ;
#4636 = EDGE_CURVE ( 'NONE', #8163, #9232, #3972, .T. ) ;
#4637 = ORIENTED_EDGE ( 'NONE', *, *, #5074, .T. ) ;
#4638 = CARTESIAN_POINT ( 'NONE',  ( -6220.382872483720300, 306.6790385117200200, 0.4800000000000000400 ) ) ;
#4639 = STYLED_ITEM ( 'NONE', ( #10785 ), #156 ) ;
#4640 = COLOUR_RGB ( '',0.7921568627450980000, 0.8196078431372548800, 0.9333333333333333500 ) ;
#4641 = CARTESIAN_POINT ( 'NONE',  ( -6220.832872483720200, 306.6190385117200200, 0.4800000000000000400 ) ) ;
#4642 = COLOUR_RGB ( '',0.7921568627450980000, 0.8196078431372548800, 0.9333333333333333500 ) ;
#4643 = ADVANCED_FACE ( 'NONE', ( #2720 ), #9231, .T. ) ;
#4644 = DIRECTION ( 'NONE',  ( 1.000000000000000000, 0.0000000000000000000, 0.0000000000000000000 ) ) ;
#4645 = EDGE_LOOP ( 'NONE', ( #3935, #1810, #3113, #11205 ) ) ;
#4646 = LINE ( 'NONE', #5195, #9101 ) ;
#4647 = DIRECTION ( 'NONE',  ( -0.0000000000000000000, 1.000000000000000000, 0.0000000000000000000 ) ) ;
#4648 = SURFACE_STYLE_USAGE ( .BOTH. , #9968 ) ;
#4649 = ORIENTED_EDGE ( 'NONE', *, *, #10182, .F. ) ;
#4650 = CARTESIAN_POINT ( 'NONE',  ( -6218.332872483721100, 306.4690385117199900, 0.4800000000000000400 ) ) ;
#4651 = ORIENTED_EDGE ( 'NONE', *, *, #9833, .F. ) ;
#4652 =( NAMED_UNIT ( * ) SI_UNIT ( $, .STERADIAN. ) SOLID_ANGLE_UNIT ( ) );
#4653 = STYLED_ITEM ( 'NONE', ( #3573 ), #1018 ) ;
#4654 = LINE ( 'NONE', #2973, #7837 ) ;
#4655 = EDGE_CURVE ( 'NONE', #8112, #5253, #6191, .T. ) ;
#4656 = UNCERTAINTY_MEASURE_WITH_UNIT (LENGTH_MEASURE( 1.000000000000000100E-005 ), #6329, 'distance_accuracy_value', 'NONE');
#4657 = CARTESIAN_POINT ( 'NONE',  ( -6220.617542500490300, 307.1790385117200200, 0.0000000000000000000 ) ) ;
#4658 = ORIENTED_EDGE ( 'NONE', *, *, #5210, .F. ) ;
#4659 = FILL_AREA_STYLE ('',( #4574 ) ) ;
#4660 =( NAMED_UNIT ( * ) PLANE_ANGLE_UNIT ( ) SI_UNIT ( $, .RADIAN. ) );
#4661 = CARTESIAN_POINT ( 'NONE',  ( -6220.617542500490300, 307.1790385117200200, 0.0000000000000000000 ) ) ;
#4662 = VECTOR ( 'NONE', #11445, 1000.000000000000000 ) ;
#4663 = CARTESIAN_POINT ( 'NONE',  ( -6220.332872483720200, 306.6190385117200200, 0.5000000000000000000 ) ) ;
#4664 = COLOUR_RGB ( '',0.7921568627450980000, 0.8196078431372548800, 0.9333333333333333500 ) ;
#4665 = PRESENTATION_LAYER_ASSIGNMENT (  '', '', ( #5032 ) ) ;
#4666 = LINE ( 'NONE', #8434, #4182 ) ;
#4667 = DIRECTION ( 'NONE',  ( -0.0000000000000000000, -1.000000000000000000, 0.0000000000000000000 ) ) ;
#4668 = ORIENTED_EDGE ( 'NONE', *, *, #9314, .T. ) ;
#4669 =( GEOMETRIC_REPRESENTATION_CONTEXT ( 3 ) GLOBAL_UNCERTAINTY_ASSIGNED_CONTEXT ( ( #1504 ) ) GLOBAL_UNIT_ASSIGNED_CONTEXT ( ( #5112, #10368, #1639 ) ) REPRESENTATION_CONTEXT ( 'NONE', 'WORKASPACE' ) );
#4670 = DIRECTION ( 'NONE',  ( -2.304180778374998500E-017, -2.304180778384502400E-017, -1.000000000000000000 ) ) ;
#4671 = LINE ( 'NONE', #3200, #72 ) ;
#4672 =( NAMED_UNIT ( * ) SI_UNIT ( $, .STERADIAN. ) SOLID_ANGLE_UNIT ( ) );
#4673 = LINE ( 'NONE', #4876, #2294 ) ;
#4674 = VECTOR ( 'NONE', #3761, 1000.000000000000000 ) ;
#4675 = SURFACE_STYLE_USAGE ( .BOTH. , #4596 ) ;
#4676 = VERTEX_POINT ( 'NONE', #5731 ) ;
#4677 = PRESENTATION_STYLE_ASSIGNMENT (( #7463 ) ) ;
#4678 = FILL_AREA_STYLE_COLOUR ( '', #2089 ) ;
#4679 = VERTEX_POINT ( 'NONE', #1242 ) ;
#4680 =( GEOMETRIC_REPRESENTATION_CONTEXT ( 3 ) GLOBAL_UNCERTAINTY_ASSIGNED_CONTEXT ( ( #10398 ) ) GLOBAL_UNIT_ASSIGNED_CONTEXT ( ( #7925, #9677, #2558 ) ) REPRESENTATION_CONTEXT ( 'NONE', 'WORKASPACE' ) );
#4681 = EDGE_CURVE ( 'NONE', #2439, #4, #5645, .T. ) ;
#4682 = MECHANICAL_DESIGN_GEOMETRIC_PRESENTATION_REPRESENTATION (  '', ( #6879 ), #9294 ) ;
#4683 = ORIENTED_EDGE ( 'NONE', *, *, #11000, .T. ) ;
#4684 =( GEOMETRIC_REPRESENTATION_CONTEXT ( 3 ) GLOBAL_UNCERTAINTY_ASSIGNED_CONTEXT ( ( #3506 ) ) GLOBAL_UNIT_ASSIGNED_CONTEXT ( ( #2498, #6916, #9773 ) ) REPRESENTATION_CONTEXT ( 'NONE', 'WORKASPACE' ) );
#4685 = EDGE_CURVE ( 'NONE', #4333, #3785, #3843, .T. ) ;
#4686 = DIRECTION ( 'NONE',  ( 1.000000000000000000, 0.0000000000000000000, -0.0000000000000000000 ) ) ;
#4687 = PRESENTATION_STYLE_ASSIGNMENT (( #1037 ) ) ;
#4688 = SURFACE_STYLE_FILL_AREA ( #1523 ) ;
#4689 = DIRECTION ( 'NONE',  ( -0.0000000000000000000, -0.0000000000000000000, 1.000000000000000000 ) ) ;
#4690 = ORIENTED_EDGE ( 'NONE', *, *, #9364, .T. ) ;
#4691 = DIRECTION ( 'NONE',  ( 0.0000000000000000000, -0.0000000000000000000, 1.000000000000000000 ) ) ;
#4692 = EDGE_CURVE ( 'NONE', #7630, #7276, #902, .T. ) ;
#4693 = CARTESIAN_POINT ( 'NONE',  ( -6218.230086079220200, 307.1790385117190000, 0.4800000000000000400 ) ) ;
#4694 = SURFACE_SIDE_STYLE ('',( #1407 ) ) ;
#4695 =( LENGTH_UNIT ( ) NAMED_UNIT ( * ) SI_UNIT ( .MILLI., .METRE. ) );
#4696 = EDGE_CURVE ( 'NONE', #3877, #8224, #6324, .T. ) ;
#4697 = VERTEX_POINT ( 'NONE', #2291 ) ;
#4698 = ADVANCED_FACE ( 'NONE', ( #8006 ), #9418, .T. ) ;
#4699 = LINE ( 'NONE', #6813, #6630 ) ;
#4700 = CARTESIAN_POINT ( 'NONE',  ( -6218.732872483719800, 306.9921758150609900, 0.0000000000000000000 ) ) ;
#4701 = PRESENTATION_LAYER_ASSIGNMENT (  '', '', ( #9248 ) ) ;
#4702 = LINE ( 'NONE', #6716, #2325 ) ;
#4703 = ORIENTED_EDGE ( 'NONE', *, *, #5676, .T. ) ;
#4704 = EDGE_CURVE ( 'NONE', #7888, #3965, #8961, .T. ) ;
#4705 = LINE ( 'NONE', #7864, #8869 ) ;
#4706 = DIRECTION ( 'NONE',  ( 0.0000000000000000000, 0.0000000000000000000, 1.000000000000000000 ) ) ;
#4707 = FILL_AREA_STYLE_COLOUR ( '', #9015 ) ;
#4708 = ORIENTED_EDGE ( 'NONE', *, *, #11135, .T. ) ;
#4709 = DIRECTION ( 'NONE',  ( -1.000000000000000000, 0.0000000000000000000, -0.0000000000000000000 ) ) ;
#4710 = PRESENTATION_STYLE_ASSIGNMENT (( #2923 ) ) ;
#4711 = CARTESIAN_POINT ( 'NONE',  ( -6219.432737906850000, 306.1790385117200200, 0.0000000000000000000 ) ) ;
#4712 = VERTEX_POINT ( 'NONE', #9821 ) ;
#4713 = PRESENTATION_LAYER_ASSIGNMENT (  '', '', ( #8944 ) ) ;
#4714 = MANIFOLD_SOLID_BREP ( '6-1-solid1', #5334 ) ;
#4716 =( NAMED_UNIT ( * ) PLANE_ANGLE_UNIT ( ) SI_UNIT ( $, .RADIAN. ) );
#4715 = STYLED_ITEM ( 'NONE', ( #8890 ), #8315 ) ;
#4717 =( LENGTH_UNIT ( ) NAMED_UNIT ( * ) SI_UNIT ( .MILLI., .METRE. ) );
#4718 = FILL_AREA_STYLE ('',( #4752 ) ) ;
#4719 = ORIENTED_EDGE ( 'NONE', *, *, #1570, .T. ) ;
#4720 = PLANE ( 'NONE',  #6897 ) ;
#4721 = UNCERTAINTY_MEASURE_WITH_UNIT (LENGTH_MEASURE( 1.000000000000000100E-005 ), #4521, 'distance_accuracy_value', 'NONE');
#4722 =( NAMED_UNIT ( * ) SI_UNIT ( $, .STERADIAN. ) SOLID_ANGLE_UNIT ( ) );
#4723 = CIRCLE ( 'NONE', #10634, 0.2700000000068758500 ) ;
#4724 = ORIENTED_EDGE ( 'NONE', *, *, #2151, .F. ) ;
#4725 = VECTOR ( 'NONE', #10463, 1000.000000000000000 ) ;
#4726 = SURFACE_STYLE_USAGE ( .BOTH. , #2072 ) ;
#4727 = VECTOR ( 'NONE', #1744, 1000.000000000000000 ) ;
#4728 =( NAMED_UNIT ( * ) SI_UNIT ( $, .STERADIAN. ) SOLID_ANGLE_UNIT ( ) );
#4729 = CARTESIAN_POINT ( 'NONE',  ( -6220.382872483720300, 306.8290385117210800, 0.4800000000000000400 ) ) ;
#4730 = ORIENTED_EDGE ( 'NONE', *, *, #7610, .F. ) ;
#4731 = AXIS2_PLACEMENT_3D ( 'NONE', #6173, #1732, #7959 ) ;
#4732 =( LENGTH_UNIT ( ) NAMED_UNIT ( * ) SI_UNIT ( .MILLI., .METRE. ) );
#4733 = FILL_AREA_STYLE ('',( #8353 ) ) ;
#4734 = ADVANCED_FACE ( 'NONE', ( #10607 ), #6286, .T. ) ;
#4735 = SURFACE_STYLE_USAGE ( .BOTH. , #8282 ) ;
#4736 = DIRECTION ( 'NONE',  ( -1.879187445469791900E-014, -3.626463086647982900E-015, 1.000000000000000000 ) ) ;
#4737 = DIRECTION ( 'NONE',  ( -1.000000000000000000, -0.0000000000000000000, -0.0000000000000000000 ) ) ;
#4738 = ORIENTED_EDGE ( 'NONE', *, *, #10406, .F. ) ;
#4739 = AXIS2_PLACEMENT_3D ( 'NONE', #6340, #205, #7277 ) ;
#4740 = MECHANICAL_DESIGN_GEOMETRIC_PRESENTATION_REPRESENTATION (  '', ( #10308 ), #9955 ) ;
#4741 = CARTESIAN_POINT ( 'NONE',  ( -6220.882872483722200, 307.2290385117262300, 0.4800000000000000400 ) ) ;
#4742 = STYLED_ITEM ( 'NONE', ( #10380 ), #3588 ) ;
#4743 = FILL_AREA_STYLE_COLOUR ( '', #5445 ) ;
#4744 = LINE ( 'NONE', #5470, #10690 ) ;
#4745 = FILL_AREA_STYLE_COLOUR ( '', #6498 ) ;
#4746 = EDGE_LOOP ( 'NONE', ( #3428, #6195, #6054, #6167 ) ) ;
#4747 = SURFACE_SIDE_STYLE ('',( #8067 ) ) ;
#4748 = ADVANCED_FACE ( 'NONE', ( #3834 ), #1730, .T. ) ;
#4749 = ORIENTED_EDGE ( 'NONE', *, *, #10567, .T. ) ;
#4750 =( NAMED_UNIT ( * ) PLANE_ANGLE_UNIT ( ) SI_UNIT ( $, .RADIAN. ) );
#4751 =( NAMED_UNIT ( * ) SI_UNIT ( $, .STERADIAN. ) SOLID_ANGLE_UNIT ( ) );
#4752 = FILL_AREA_STYLE_COLOUR ( '', #4640 ) ;
#4753 = CARTESIAN_POINT ( 'NONE',  ( -6218.165489868230000, 306.9921758150600800, 4.235164736271501700E-019 ) ) ;
#4754 = CARTESIAN_POINT ( 'NONE',  ( -6220.382872483720300, 306.1790385117200200, 0.5050000000000000000 ) ) ;
#4755 = PRESENTATION_STYLE_ASSIGNMENT (( #813 ) ) ;
#4756 = DIRECTION ( 'NONE',  ( -0.0000000000000000000, -0.0000000000000000000, 1.000000000000000000 ) ) ;
#4757 = ORIENTED_EDGE ( 'NONE', *, *, #6251, .T. ) ;
#4758 = MECHANICAL_DESIGN_GEOMETRIC_PRESENTATION_REPRESENTATION (  '', ( #6895 ), #10915 ) ;
#4759 = FILL_AREA_STYLE ('',( #3679 ) ) ;
#4760 = EDGE_CURVE ( 'NONE', #3738, #2464, #745, .T. ) ;
#4761 = VECTOR ( 'NONE', #3807, 1000.000000000000000 ) ;
#4762 = PRESENTATION_STYLE_ASSIGNMENT (( #532 ) ) ;
#4763 = VERTEX_POINT ( 'NONE', #9006 ) ;
#4764 = DIRECTION ( 'NONE',  ( 0.0000000000000000000, 0.0000000000000000000, 1.000000000000000000 ) ) ;
#4765 = DIRECTION ( 'NONE',  ( 2.304180778374998500E-017, 2.304180778384502400E-017, 1.000000000000000000 ) ) ;
#4766 = CARTESIAN_POINT ( 'NONE',  ( -6219.532872483720000, 307.1790385117193400, 0.0000000000000000000 ) ) ;
#4767 = PRESENTATION_STYLE_ASSIGNMENT (( #8894 ) ) ;
#4768 = FILL_AREA_STYLE ('',( #5556 ) ) ;
#4769 = LINE ( 'NONE', #5073, #1554 ) ;
#4770 = ORIENTED_EDGE ( 'NONE', *, *, #8181, .T. ) ;
#4771 = ORIENTED_EDGE ( 'NONE', *, *, #3732, .F. ) ;
#4772 = ORIENTED_EDGE ( 'NONE', *, *, #4681, .T. ) ;
#4773 = PLANE ( 'NONE',  #1765 ) ;
#4774 = PRESENTATION_STYLE_ASSIGNMENT (( #9078 ) ) ;
#4775 = CARTESIAN_POINT ( 'NONE',  ( -6218.632872483720300, 307.0721758150600100, 0.02000000000000000000 ) ) ;
#4776 =( GEOMETRIC_REPRESENTATION_CONTEXT ( 3 ) GLOBAL_UNCERTAINTY_ASSIGNED_CONTEXT ( ( #9917 ) ) GLOBAL_UNIT_ASSIGNED_CONTEXT ( ( #10978, #10940, #2138 ) ) REPRESENTATION_CONTEXT ( 'NONE', 'WORKASPACE' ) );
#4778 = EDGE_CURVE ( 'NONE', #6914, #6712, #3387, .T. ) ;
#4777 = FILL_AREA_STYLE_COLOUR ( '', #7413 ) ;
#4779 = STYLED_ITEM ( 'NONE', ( #10933 ), #197 ) ;
#4780 = ORIENTED_EDGE ( 'NONE', *, *, #9384, .T. ) ;
#4781 = PRESENTATION_STYLE_ASSIGNMENT (( #1762 ) ) ;
#4782 = CARTESIAN_POINT ( 'NONE',  ( -6220.588084424261100, 306.4690385117199900, 0.5000000000000000000 ) ) ;
#4783 = ORIENTED_EDGE ( 'NONE', *, *, #5452, .T. ) ;
#4784 = CARTESIAN_POINT ( 'NONE',  ( -6218.048202466950000, 306.1790385117200200, 0.01999999999999999700 ) ) ;
#4785 = LINE ( 'NONE', #10626, #1578 ) ;
#4786 = CARTESIAN_POINT ( 'NONE',  ( -6220.532872483720000, 306.6790385117200200, 0.4800000000000000400 ) ) ;
#4787 =( NAMED_UNIT ( * ) SI_UNIT ( $, .STERADIAN. ) SOLID_ANGLE_UNIT ( ) );
#4788 = SURFACE_STYLE_FILL_AREA ( #4306 ) ;
#4789 = PRESENTATION_STYLE_ASSIGNMENT (( #8850 ) ) ;
#4790 =( NAMED_UNIT ( * ) SI_UNIT ( $, .STERADIAN. ) SOLID_ANGLE_UNIT ( ) );
#4791 = UNCERTAINTY_MEASURE_WITH_UNIT (LENGTH_MEASURE( 1.000000000000000100E-005 ), #58, 'distance_accuracy_value', 'NONE');
#4792 = SURFACE_SIDE_STYLE ('',( #5190 ) ) ;
#4793 = MECHANICAL_DESIGN_GEOMETRIC_PRESENTATION_REPRESENTATION (  '', ( #1367 ), #3000 ) ;
#4794 = VERTEX_POINT ( 'NONE', #4573 ) ;
#4795 = DIRECTION ( 'NONE',  ( 1.000000000000000000, 0.0000000000000000000, 0.0000000000000000000 ) ) ;
#4796 = AXIS2_PLACEMENT_3D ( 'NONE', #2460, #5187, #2501 ) ;
#4797 = PRESENTATION_STYLE_ASSIGNMENT (( #10300 ) ) ;
#4798 = DIRECTION ( 'NONE',  ( 2.811263607986866200E-024, -8.526512829271129700E-013, 1.000000000000000000 ) ) ;
#4799 = EDGE_CURVE ( 'NONE', #10010, #2917, #4088, .T. ) ;
#4800 = LINE ( 'NONE', #5955, #7591 ) ;
#4801 = DIRECTION ( 'NONE',  ( 0.0000000000000000000, -0.0000000000000000000, 1.000000000000000000 ) ) ;
#4802 = LINE ( 'NONE', #1004, #2155 ) ;
#4803 = DIRECTION ( 'NONE',  ( -0.0000000000000000000, 0.0000000000000000000, -1.000000000000000000 ) ) ;
#4804 = EDGE_LOOP ( 'NONE', ( #9834, #774, #9740, #7700 ) ) ;
#4805 = CARTESIAN_POINT ( 'NONE',  ( -6219.532872483720000, 307.1790385117203600, 0.02000000000000000000 ) ) ;
#4806 = ORIENTED_EDGE ( 'NONE', *, *, #6326, .T. ) ;
#4807 = SURFACE_SIDE_STYLE ('',( #1326 ) ) ;
#4808 = ADVANCED_FACE ( 'NONE', ( #8134 ), #28, .T. ) ;
#4809 = DIRECTION ( 'NONE',  ( -1.000000000000000000, 0.0000000000000000000, 0.0000000000000000000 ) ) ;
#4810 = AXIS2_PLACEMENT_3D ( 'NONE', #4424, #2596, #8813 ) ;
#4811 = SURFACE_STYLE_FILL_AREA ( #3658 ) ;
#4812 = CYLINDRICAL_SURFACE ( 'NONE', #3574, 0.4500000001383952500 ) ;
#4813 = DIRECTION ( 'NONE',  ( 1.000000000000000000, 1.046092669195530000E-023, -9.094947017728610300E-012 ) ) ;
#4814 = MECHANICAL_DESIGN_GEOMETRIC_PRESENTATION_REPRESENTATION (  '', ( #9209 ), #11189 ) ;
#4815 = ORIENTED_EDGE ( 'NONE', *, *, #7308, .T. ) ;
#4816 = CARTESIAN_POINT ( 'NONE',  ( -6220.832872483720200, 306.7818249162199900, 0.4800000000000000400 ) ) ;
#4817 = DIRECTION ( 'NONE',  ( -0.0000000000000000000, 1.000000000000000000, 0.0000000000000000000 ) ) ;
#4818 = ORIENTED_EDGE ( 'NONE', *, *, #9451, .T. ) ;
#4819 = SURFACE_STYLE_USAGE ( .BOTH. , #5827 ) ;
#4820 = VERTEX_POINT ( 'NONE', #9048 ) ;
#4821 = DIRECTION ( 'NONE',  ( 1.000000000000000000, -1.480297366088517500E-012, 0.0000000000000000000 ) ) ;
#4822 = LINE ( 'NONE', #3772, #10908 ) ;
#4823 = SURFACE_STYLE_FILL_AREA ( #9931 ) ;
#4824 = PLANE ( 'NONE',  #8290 ) ;
#4825 = MECHANICAL_DESIGN_GEOMETRIC_PRESENTATION_REPRESENTATION (  '', ( #2430 ), #6093 ) ;
#4826 = ORIENTED_EDGE ( 'NONE', *, *, #3223, .T. ) ;
#4827 = AXIS2_PLACEMENT_3D ( 'NONE', #9274, #10257, #10990 ) ;
#4828 = LINE ( 'NONE', #8643, #107 ) ;
#4829 = CARTESIAN_POINT ( 'NONE',  ( -6220.382872483720300, 306.8290385117200000, 0.4800000000000000400 ) ) ;
#4830 = MECHANICAL_DESIGN_GEOMETRIC_PRESENTATION_REPRESENTATION (  '', ( #3249 ), #3863 ) ;
#4831 = EDGE_CURVE ( 'NONE', #4954, #8230, #9107, .T. ) ;
#4832 = FILL_AREA_STYLE ('',( #3942 ) ) ;
#4833 = DIRECTION ( 'NONE',  ( 0.0000000000000000000, -1.000000000000000000, -0.0000000000000000000 ) ) ;
#4834 = ORIENTED_EDGE ( 'NONE', *, *, #1862, .F. ) ;
#4835 = FILL_AREA_STYLE_COLOUR ( '', #2598 ) ;
#4836 = SURFACE_STYLE_FILL_AREA ( #3252 ) ;
#4837 = FACE_OUTER_BOUND ( 'NONE', #57, .T. ) ;
#4838 = CARTESIAN_POINT ( 'NONE',  ( -6220.617542500490300, 307.1790385117200200, 0.4800000000000000400 ) ) ;
#4839 = ORIENTED_EDGE ( 'NONE', *, *, #3953, .T. ) ;
#4840 = PRESENTATION_STYLE_ASSIGNMENT (( #5798 ) ) ;
#4841 = CARTESIAN_POINT ( 'NONE',  ( -6220.617542500490300, 307.1790385117200200, 0.0000000000000000000 ) ) ;
#4842 = EDGE_CURVE ( 'NONE', #9367, #11013, #9651, .T. ) ;
#4843 = CYLINDRICAL_SURFACE ( 'NONE', #7625, 0.4500000000025039500 ) ;
#4844 = ORIENTED_EDGE ( 'NONE', *, *, #6332, .F. ) ;
#4845 = DIRECTION ( 'NONE',  ( -0.0000000000000000000, 0.0000000000000000000, -1.000000000000000000 ) ) ;
#4846 = PLANE ( 'NONE',  #6806 ) ;
#4847 = CARTESIAN_POINT ( 'NONE',  ( -6220.532872483720000, 306.6790385117209900, 0.4800000000000000400 ) ) ;
#4848 = PRESENTATION_LAYER_ASSIGNMENT (  '', '', ( #10340 ) ) ;
#4849 = CARTESIAN_POINT ( 'NONE',  ( -6219.232872483719800, 306.1790385117200200, 0.02000000000000000000 ) ) ;
#4850 = EDGE_CURVE ( 'NONE', #397, #10394, #3540, .T. ) ;
#4851 = FACE_OUTER_BOUND ( 'NONE', #1214, .T. ) ;
#4852 = VECTOR ( 'NONE', #2810, 1000.000000000000000 ) ;
#4853 = CARTESIAN_POINT ( 'NONE',  ( -6220.435658888220100, 307.1790385117200200, 0.5000000000000000000 ) ) ;
#4854 =( GEOMETRIC_REPRESENTATION_CONTEXT ( 3 ) GLOBAL_UNCERTAINTY_ASSIGNED_CONTEXT ( ( #5449 ) ) GLOBAL_UNIT_ASSIGNED_CONTEXT ( ( #9459, #1482, #8498 ) ) REPRESENTATION_CONTEXT ( 'NONE', 'WORKASPACE' ) );
#4855 = ORIENTED_EDGE ( 'NONE', *, *, #3737, .T. ) ;
#4856 = EDGE_CURVE ( 'NONE', #1122, #9972, #7430, .T. ) ;
#4857 = CYLINDRICAL_SURFACE ( 'NONE', #9116, 0.4499999999980630600 ) ;
#4858 = EDGE_CURVE ( 'NONE', #10394, #6345, #5627, .T. ) ;
#4859 = ORIENTED_EDGE ( 'NONE', *, *, #5446, .T. ) ;
#4860 = MANIFOLD_SOLID_BREP ( '9-1-solid1', #1218 ) ;
#4861 = CARTESIAN_POINT ( 'NONE',  ( -6220.532872483720000, 306.6790385117209900, 0.4800000000000000400 ) ) ;
#4862 = CARTESIAN_POINT ( 'NONE',  ( -6218.230086079220200, 306.1790385117200200, 0.5000000000000000000 ) ) ;
#4863 = VECTOR ( 'NONE', #4463, 1000.000000000000000 ) ;
#4864 = VECTOR ( 'NONE', #9723, 1000.000000000000000 ) ;
#4865 = PLANE ( 'NONE',  #445 ) ;
#4866 = DIRECTION ( 'NONE',  ( 0.0000000000000000000, -1.000000000000000000, 0.0000000000000000000 ) ) ;
#4867 = VERTEX_POINT ( 'NONE', #7338 ) ;
#4868 = UNCERTAINTY_MEASURE_WITH_UNIT (LENGTH_MEASURE( 1.000000000000000100E-005 ), #8466, 'distance_accuracy_value', 'NONE');
#4869 = CARTESIAN_POINT ( 'NONE',  ( -6220.882872483718500, 307.2290385117166200, 0.5000000000000000000 ) ) ;
#4870 = FACE_OUTER_BOUND ( 'NONE', #1402, .T. ) ;
#4871 = SURFACE_STYLE_FILL_AREA ( #3164 ) ;
#4872 = ORIENTED_EDGE ( 'NONE', *, *, #513, .F. ) ;
#4874 = CARTESIAN_POINT ( 'NONE',  ( -6218.048202466950900, 306.1790385117200200, 0.4800000000000000400 ) ) ;
#4873 =( GEOMETRIC_REPRESENTATION_CONTEXT ( 3 ) GLOBAL_UNCERTAINTY_ASSIGNED_CONTEXT ( ( #2885 ) ) GLOBAL_UNIT_ASSIGNED_CONTEXT ( ( #2614, #97, #980 ) ) REPRESENTATION_CONTEXT ( 'NONE', 'WORKASPACE' ) );
#4875 = ADVANCED_FACE ( 'NONE', ( #3118 ), #10084, .T. ) ;
#4876 = CARTESIAN_POINT ( 'NONE',  ( -6219.932872483719600, 306.8321758150600000, 0.02000000000000000000 ) ) ;
#4877 = COLOUR_RGB ( '',0.7921568627450980000, 0.8196078431372548800, 0.9333333333333333500 ) ;
#4878 = FACE_OUTER_BOUND ( 'NONE', #536, .T. ) ;
#4879 = FILL_AREA_STYLE ('',( #9306 ) ) ;
#4880 = FILL_AREA_STYLE_COLOUR ( '', #11196 ) ;
#4881 = ORIENTED_EDGE ( 'NONE', *, *, #3332, .F. ) ;
#4882 = EDGE_CURVE ( 'NONE', #6270, #2512, #4654, .T. ) ;
#4883 = UNCERTAINTY_MEASURE_WITH_UNIT (LENGTH_MEASURE( 1.000000000000000100E-005 ), #7696, 'distance_accuracy_value', 'NONE');
#4884 = COLOUR_RGB ( '',0.7921568627450980000, 0.8196078431372548800, 0.9333333333333333500 ) ;
#4885 = DIRECTION ( 'NONE',  ( -0.0000000000000000000, 1.000000000000000000, 0.0000000000000000000 ) ) ;
#4886 = DIRECTION ( 'NONE',  ( -0.0000000000000000000, -0.0000000000000000000, 1.000000000000000000 ) ) ;
#4887 =( GEOMETRIC_REPRESENTATION_CONTEXT ( 3 ) GLOBAL_UNCERTAINTY_ASSIGNED_CONTEXT ( ( #8286 ) ) GLOBAL_UNIT_ASSIGNED_CONTEXT ( ( #403, #2303, #9079 ) ) REPRESENTATION_CONTEXT ( 'NONE', 'WORKASPACE' ) );
#4888 = SURFACE_STYLE_USAGE ( .BOTH. , #3128 ) ;
#4889 = VERTEX_POINT ( 'NONE', #5590 ) ;
#4890 = FILL_AREA_STYLE_COLOUR ( '', #2500 ) ;
#4891 = CARTESIAN_POINT ( 'NONE',  ( -6220.382872483720300, 306.6790385117190000, 0.4800000000000000400 ) ) ;
#4892 = SURFACE_SIDE_STYLE ('',( #3566 ) ) ;
#4893 = PLANE ( 'NONE',  #9440 ) ;
#4894 = COLOUR_RGB ( '',0.7921568627450980000, 0.8196078431372548800, 0.9333333333333333500 ) ;
#4895 = CARTESIAN_POINT ( 'NONE',  ( -6220.637923509440000, 307.1790385117190000, 0.4800000000000000400 ) ) ;
#4896 = ORIENTED_EDGE ( 'NONE', *, *, #6478, .F. ) ;
#4897 = CARTESIAN_POINT ( 'NONE',  ( -6220.532872483720000, 306.8290385117210800, 0.4800000000000000400 ) ) ;
#4898 =( GEOMETRIC_REPRESENTATION_CONTEXT ( 3 ) GLOBAL_UNCERTAINTY_ASSIGNED_CONTEXT ( ( #6986 ) ) GLOBAL_UNIT_ASSIGNED_CONTEXT ( ( #5919, #11174, #8654 ) ) REPRESENTATION_CONTEXT ( 'NONE', 'WORKASPACE' ) );
#4899 = AXIS2_PLACEMENT_3D ( 'NONE', #1800, #10633, #8069 ) ;
#4900 = ORIENTED_EDGE ( 'NONE', *, *, #5218, .T. ) ;
#4901 = AXIS2_PLACEMENT_3D ( 'NONE', #1967, #6439, #229 ) ;
#4902 = PLANE ( 'NONE',  #1226 ) ;
#4903 = EDGE_CURVE ( 'NONE', #10235, #1024, #6993, .T. ) ;
#4904 = DIRECTION ( 'NONE',  ( -0.0000000000000000000, 1.000000000000000000, 0.0000000000000000000 ) ) ;
#4905 = VECTOR ( 'NONE', #5514, 1000.000000000000000 ) ;
#4906 = SURFACE_STYLE_FILL_AREA ( #510 ) ;
#4907 = PLANE ( 'NONE',  #10379 ) ;
#4908 = VERTEX_POINT ( 'NONE', #2076 ) ;
#4909 = LINE ( 'NONE', #1961, #9354 ) ;
#4910 = PLANE ( 'NONE',  #8342 ) ;
#4911 = ORIENTED_EDGE ( 'NONE', *, *, #3500, .F. ) ;
#4912 = ORIENTED_EDGE ( 'NONE', *, *, #7548, .T. ) ;
#4913 = EDGE_CURVE ( 'NONE', #1343, #8486, #5492, .T. ) ;
#4914 = DIRECTION ( 'NONE',  ( 0.0000000000000000000, 1.000000000000000000, 0.0000000000000000000 ) ) ;
#4915 = SURFACE_STYLE_USAGE ( .BOTH. , #6619 ) ;
#4916 = AXIS2_PLACEMENT_3D ( 'NONE', #6738, #1519, #10338 ) ;
#4917 = EDGE_CURVE ( 'NONE', #7534, #9756, #5761, .T. ) ;
#4918 = CIRCLE ( 'NONE', #5981, 0.2499999999985291800 ) ;
#4919 = FACE_OUTER_BOUND ( 'NONE', #10716, .T. ) ;
#4921 = MECHANICAL_DESIGN_GEOMETRIC_PRESENTATION_REPRESENTATION (  '', ( #3736 ), #2589 ) ;
#4920 = SURFACE_SIDE_STYLE ('',( #2679 ) ) ;
#4922 = ORIENTED_EDGE ( 'NONE', *, *, #8035, .T. ) ;
#4923 = VERTEX_POINT ( 'NONE', #2039 ) ;
#4924 =( NAMED_UNIT ( * ) SI_UNIT ( $, .STERADIAN. ) SOLID_ANGLE_UNIT ( ) );
#4925 = ORIENTED_EDGE ( 'NONE', *, *, #7234, .T. ) ;
#4926 = EDGE_CURVE ( 'NONE', #4908, #5583, #11412, .T. ) ;
#4927 = CARTESIAN_POINT ( 'NONE',  ( -6220.832872483720200, 306.9590385117189700, 0.4800000000000000400 ) ) ;
#4928 = DIRECTION ( 'NONE',  ( -1.000000000000000000, -0.0000000000000000000, -0.0000000000000000000 ) ) ;
#4929 = CARTESIAN_POINT ( 'NONE',  ( -6220.435658888220100, 306.1790385117190000, 0.5000000000000000000 ) ) ;
#4930 = FILL_AREA_STYLE_COLOUR ( '', #7458 ) ;
#4931 = ADVANCED_FACE ( 'NONE', ( #4919 ), #7566, .T. ) ;
#4932 = DIRECTION ( 'NONE',  ( 0.0000000000000000000, -0.0000000000000000000, -1.000000000000000000 ) ) ;
#4933 = SURFACE_STYLE_FILL_AREA ( #5272 ) ;
#4934 = UNCERTAINTY_MEASURE_WITH_UNIT (LENGTH_MEASURE( 1.000000000000000100E-005 ), #9883, 'distance_accuracy_value', 'NONE');
#4935 =( GEOMETRIC_REPRESENTATION_CONTEXT ( 3 ) GLOBAL_UNCERTAINTY_ASSIGNED_CONTEXT ( ( #1573 ) ) GLOBAL_UNIT_ASSIGNED_CONTEXT ( ( #10603, #10528, #5246 ) ) REPRESENTATION_CONTEXT ( 'NONE', 'WORKASPACE' ) );
#4936 = VERTEX_POINT ( 'NONE', #2197 ) ;
#4937 = CYLINDRICAL_SURFACE ( 'NONE', #5420, 0.2700000000048774500 ) ;
#4938 = EDGE_CURVE ( 'NONE', #10186, #9756, #192, .T. ) ;
#4939 = CARTESIAN_POINT ( 'NONE',  ( -6220.435658888220100, 307.1790385117200200, 0.4899999999999999900 ) ) ;
#4940 =( GEOMETRIC_REPRESENTATION_CONTEXT ( 3 ) GLOBAL_UNCERTAINTY_ASSIGNED_CONTEXT ( ( #6 ) ) GLOBAL_UNIT_ASSIGNED_CONTEXT ( ( #10433, #10572, #5172 ) ) REPRESENTATION_CONTEXT ( 'NONE', 'WORKASPACE' ) );
#4941 = CYLINDRICAL_SURFACE ( 'NONE', #2053, 0.4500000000486892300 ) ;
#4942 = SURFACE_STYLE_FILL_AREA ( #2630 ) ;
#4943 = FILL_AREA_STYLE ('',( #4083 ) ) ;
#4944 = LINE ( 'NONE', #9695, #5771 ) ;
#4945 = ORIENTED_EDGE ( 'NONE', *, *, #5606, .T. ) ;
#4946 = DIRECTION ( 'NONE',  ( 1.000000000000000000, 0.0000000000000000000, -0.0000000000000000000 ) ) ;
#4947 = UNCERTAINTY_MEASURE_WITH_UNIT (LENGTH_MEASURE( 1.000000000000000100E-005 ), #7825, 'distance_accuracy_value', 'NONE');
#4948 = COLOUR_RGB ( '',0.7921568627450980000, 0.8196078431372548800, 0.9333333333333333500 ) ;
#4949 = DIRECTION ( 'NONE',  ( -0.0000000000000000000, -0.0000000000000000000, -1.000000000000000000 ) ) ;
#4950 = SURFACE_STYLE_USAGE ( .BOTH. , #2146 ) ;
#4951 = STYLED_ITEM ( 'NONE', ( #8623 ), #9247 ) ;
#4952 = ORIENTED_EDGE ( 'NONE', *, *, #6251, .F. ) ;
#4953 = CARTESIAN_POINT ( 'NONE',  ( -6218.132872483720300, 306.1790385117200200, 0.5000000000000000000 ) ) ;
#4954 = VERTEX_POINT ( 'NONE', #5666 ) ;
#4955 = FILL_AREA_STYLE_COLOUR ( '', #4203 ) ;
#4956 = CARTESIAN_POINT ( 'NONE',  ( -6220.532872483720000, 306.6790385117209900, 0.5000000000000000000 ) ) ;
#4957 = DIRECTION ( 'NONE',  ( 0.0000000000000000000, -1.000000000000000000, 0.0000000000000000000 ) ) ;
#4958 = VECTOR ( 'NONE', #7154, 1000.000000000000000 ) ;
#4959 = CARTESIAN_POINT ( 'NONE',  ( -6217.832872483720200, 306.3739874859971900, 0.5000000000000000000 ) ) ;
#4960 = ORIENTED_EDGE ( 'NONE', *, *, #10840, .F. ) ;
#4961 = DIRECTION ( 'NONE',  ( 2.542410726391769500E-013, -1.000000000000000000, -1.156154542692005800E-024 ) ) ;
#4962 =( LENGTH_UNIT ( ) NAMED_UNIT ( * ) SI_UNIT ( .MILLI., .METRE. ) );
#4963 = AXIS2_PLACEMENT_3D ( 'NONE', #1016, #6377, #10860 ) ;
#4964 = STYLED_ITEM ( 'NONE', ( #8168 ), #10274 ) ;
#4965 = LINE ( 'NONE', #8769, #10627 ) ;
#4966 = SURFACE_STYLE_USAGE ( .BOTH. , #1264 ) ;
#4967 = COLOUR_RGB ( '',0.7921568627450980000, 0.8196078431372548800, 0.9333333333333333500 ) ;
#4968 = ORIENTED_EDGE ( 'NONE', *, *, #10056, .T. ) ;
#4969 = PRESENTATION_STYLE_ASSIGNMENT (( #5163 ) ) ;
#4970 = DIRECTION ( 'NONE',  ( -7.495138761178035000E-016, -3.939484632289041300E-016, -1.000000000000000000 ) ) ;
#4971 = LINE ( 'NONE', #4516, #2746 ) ;
#4972 = SURFACE_STYLE_USAGE ( .BOTH. , #11138 ) ;
#4973 = VERTEX_POINT ( 'NONE', #8502 ) ;
#4974 =( GEOMETRIC_REPRESENTATION_CONTEXT ( 3 ) GLOBAL_UNCERTAINTY_ASSIGNED_CONTEXT ( ( #8373 ) ) GLOBAL_UNIT_ASSIGNED_CONTEXT ( ( #5840, #11165, #2314 ) ) REPRESENTATION_CONTEXT ( 'NONE', 'WORKASPACE' ) );
#4975 = COLOUR_RGB ( '',0.7921568627450980000, 0.8196078431372548800, 0.9333333333333333500 ) ;
#4976 = VECTOR ( 'NONE', #1272, 1000.000000000000000 ) ;
#4977 = ADVANCED_FACE ( 'NONE', ( #1987 ), #11034, .T. ) ;
#4978 = SURFACE_STYLE_USAGE ( .BOTH. , #4163 ) ;
#4979 =( GEOMETRIC_REPRESENTATION_CONTEXT ( 3 ) GLOBAL_UNCERTAINTY_ASSIGNED_CONTEXT ( ( #8624 ) ) GLOBAL_UNIT_ASSIGNED_CONTEXT ( ( #5318, #7087, #4494 ) ) REPRESENTATION_CONTEXT ( 'NONE', 'WORKASPACE' ) );
#4980 = EDGE_CURVE ( 'NONE', #874, #4867, #3376, .T. ) ;
#4981 = ORIENTED_EDGE ( 'NONE', *, *, #7674, .F. ) ;
#4982 = DIRECTION ( 'NONE',  ( 1.000000000000000000, 0.0000000000000000000, 0.0000000000000000000 ) ) ;
#4983 = COLOUR_RGB ( '',0.7921568627450980000, 0.8196078431372548800, 0.9333333333333333500 ) ;
#4984 =( NAMED_UNIT ( * ) PLANE_ANGLE_UNIT ( ) SI_UNIT ( $, .RADIAN. ) );
#4985 = SURFACE_SIDE_STYLE ('',( #6961 ) ) ;
#4986 = EDGE_LOOP ( 'NONE', ( #2826, #1830, #10251, #7319 ) ) ;
#4987 = CARTESIAN_POINT ( 'NONE',  ( -6219.432737906850000, 306.1790385117200200, 2.099331933451452800E-038 ) ) ;
#4988 = PRESENTATION_STYLE_ASSIGNMENT (( #10055 ) ) ;
#4989 =( LENGTH_UNIT ( ) NAMED_UNIT ( * ) SI_UNIT ( .MILLI., .METRE. ) );
#4990 = DIRECTION ( 'NONE',  ( 1.000000000000000000, -2.467162276955411700E-013, -7.228014483267808200E-016 ) ) ;
#4991 = VERTEX_POINT ( 'NONE', #373 ) ;
#4992 = LINE ( 'NONE', #5138, #11223 ) ;
#4993 = DIRECTION ( 'NONE',  ( 0.0000000000000000000, 0.0000000000000000000, 1.000000000000000000 ) ) ;
#4994 = EDGE_LOOP ( 'NONE', ( #4082, #3945, #7297, #9894 ) ) ;
#4995 = STYLED_ITEM ( 'NONE', ( #8239 ), #5398 ) ;
#4996 = DIRECTION ( 'NONE',  ( 8.809998589507969600E-025, -1.000000000000000000, -4.006323519892198200E-036 ) ) ;
#4997 = DIRECTION ( 'NONE',  ( 4.547473508864600000E-012, -0.0000000000000000000, 1.000000000000000000 ) ) ;
#4998 = MANIFOLD_SOLID_BREP ( '21-1-solid1', #9908 ) ;
#4999 = DIRECTION ( 'NONE',  ( 0.0000000000000000000, -0.0000000000000000000, 1.000000000000000000 ) ) ;
#5000 = CARTESIAN_POINT ( 'NONE',  ( -6220.882872483723100, 306.1290385117123400, 0.02000000000000000700 ) ) ;
#5001 = STYLED_ITEM ( 'NONE', ( #9737 ), #8129 ) ;
#5002 = EDGE_CURVE ( 'NONE', #3480, #5558, #3955, .T. ) ;
#5003 = PRESENTATION_LAYER_ASSIGNMENT (  '', '', ( #3826 ) ) ;
#5004 = ORIENTED_EDGE ( 'NONE', *, *, #8005, .T. ) ;
#5005 = UNCERTAINTY_MEASURE_WITH_UNIT (LENGTH_MEASURE( 1.000000000000000100E-005 ), #7664, 'distance_accuracy_value', 'NONE');
#5006 = CARTESIAN_POINT ( 'NONE',  ( -6219.932872483719600, 306.1790385117200200, 0.0000000000000000000 ) ) ;
#5007 = PRESENTATION_STYLE_ASSIGNMENT (( #1235 ) ) ;
#5008 = SURFACE_SIDE_STYLE ('',( #1759 ) ) ;
#5009 = VERTEX_POINT ( 'NONE', #2231 ) ;
#5010 = PRESENTATION_STYLE_ASSIGNMENT (( #6917 ) ) ;
#5011 = DIRECTION ( 'NONE',  ( 4.547473508864640400E-012, -0.0000000000000000000, -1.000000000000000000 ) ) ;
#5012 = DIRECTION ( 'NONE',  ( 1.000000000000000000, 0.0000000000000000000, 0.0000000000000000000 ) ) ;
#5013 = SURFACE_STYLE_FILL_AREA ( #1429 ) ;
#5014 = FACE_OUTER_BOUND ( 'NONE', #11351, .T. ) ;
#5015 = DIRECTION ( 'NONE',  ( 1.000000000000000000, 0.0000000000000000000, 0.0000000000000000000 ) ) ;
#5016 = ORIENTED_EDGE ( 'NONE', *, *, #6782, .F. ) ;
#5017 =( GEOMETRIC_REPRESENTATION_CONTEXT ( 3 ) GLOBAL_UNCERTAINTY_ASSIGNED_CONTEXT ( ( #4934 ) ) GLOBAL_UNIT_ASSIGNED_CONTEXT ( ( #9883, #6313, #10671 ) ) REPRESENTATION_CONTEXT ( 'NONE', 'WORKASPACE' ) );
#5018 = ORIENTED_EDGE ( 'NONE', *, *, #3044, .F. ) ;
#5019 =( GEOMETRIC_REPRESENTATION_CONTEXT ( 3 ) GLOBAL_UNCERTAINTY_ASSIGNED_CONTEXT ( ( #163 ) ) GLOBAL_UNIT_ASSIGNED_CONTEXT ( ( #10305, #6742, #10203 ) ) REPRESENTATION_CONTEXT ( 'NONE', 'WORKASPACE' ) );
#5020 = SURFACE_STYLE_FILL_AREA ( #10695 ) ;
#5021 = SURFACE_STYLE_FILL_AREA ( #4759 ) ;
#5022 = EDGE_CURVE ( 'NONE', #5038, #1318, #2129, .T. ) ;
#5023 = CARTESIAN_POINT ( 'NONE',  ( -6218.392872483719700, 307.0721758150609700, 0.02000000000000000000 ) ) ;
#5024 = CARTESIAN_POINT ( 'NONE',  ( -6218.077660543180200, 306.4690385117199900, 0.5000000000000000000 ) ) ;
#5025 = LINE ( 'NONE', #737, #11251 ) ;
#5026 = VERTEX_POINT ( 'NONE', #9386 ) ;
#5027 = PLANE ( 'NONE',  #2395 ) ;
#5028 = PRESENTATION_STYLE_ASSIGNMENT (( #4026 ) ) ;
#5029 = LINE ( 'NONE', #6175, #5314 ) ;
#5030 = VERTEX_POINT ( 'NONE', #10956 ) ;
#5031 =( NAMED_UNIT ( * ) SI_UNIT ( $, .STERADIAN. ) SOLID_ANGLE_UNIT ( ) );
#5032 = STYLED_ITEM ( 'NONE', ( #10269 ), #6201 ) ;
#5033 = DIRECTION ( 'NONE',  ( 0.0000000000000000000, 0.0000000000000000000, 1.000000000000000000 ) ) ;
#5034 = LINE ( 'NONE', #2726, #307 ) ;
#5035 = CARTESIAN_POINT ( 'NONE',  ( -6220.435658888220100, 307.1790385117190000, 4.235164736271501700E-019 ) ) ;
#5036 = SURFACE_STYLE_USAGE ( .BOTH. , #4220 ) ;
#5037 = PRESENTATION_LAYER_ASSIGNMENT (  '', '', ( #2418 ) ) ;
#5038 = VERTEX_POINT ( 'NONE', #6544 ) ;
#5039 = PRESENTATION_STYLE_ASSIGNMENT (( #7705 ) ) ;
#5040 = ORIENTED_EDGE ( 'NONE', *, *, #145, .T. ) ;
#5041 =( NAMED_UNIT ( * ) SI_UNIT ( $, .STERADIAN. ) SOLID_ANGLE_UNIT ( ) );
#5042 = ADVANCED_FACE ( 'NONE', ( #8947 ), #6702, .T. ) ;
#5043 = FACE_OUTER_BOUND ( 'NONE', #3112, .T. ) ;
#5044 = COLOUR_RGB ( '',0.7921568627450980000, 0.8196078431372548800, 0.9333333333333333500 ) ;
#5045 = VERTEX_POINT ( 'NONE', #1219 ) ;
#5046 = FILL_AREA_STYLE_COLOUR ( '', #8814 ) ;
#5047 = LINE ( 'NONE', #9824, #9362 ) ;
#5048 =( GEOMETRIC_REPRESENTATION_CONTEXT ( 3 ) GLOBAL_UNCERTAINTY_ASSIGNED_CONTEXT ( ( #10755 ) ) GLOBAL_UNIT_ASSIGNED_CONTEXT ( ( #5772, #9224, #10107 ) ) REPRESENTATION_CONTEXT ( 'NONE', 'WORKASPACE' ) );
#5049 = VECTOR ( 'NONE', #11154, 1000.000000000000000 ) ;
#5050 = PRESENTATION_LAYER_ASSIGNMENT (  '', '', ( #4451 ) ) ;
#5051 = STYLED_ITEM ( 'NONE', ( #3033 ), #3830 ) ;
#5052 =( NAMED_UNIT ( * ) SI_UNIT ( $, .STERADIAN. ) SOLID_ANGLE_UNIT ( ) );
#5053 = ORIENTED_EDGE ( 'NONE', *, *, #6474, .T. ) ;
#5054 = DIRECTION ( 'NONE',  ( 1.000000000000000000, 1.046092669195530000E-023, -9.094947017728610300E-012 ) ) ;
#5055 = ORIENTED_EDGE ( 'NONE', *, *, #10865, .T. ) ;
#5056 = VECTOR ( 'NONE', #213, 1000.000000000000000 ) ;
#5057 = FILL_AREA_STYLE ('',( #6821 ) ) ;
#5058 = CARTESIAN_POINT ( 'NONE',  ( -6220.382872483720300, 306.8290385117200000, 0.4800000000000000400 ) ) ;
#5059 =( LENGTH_UNIT ( ) NAMED_UNIT ( * ) SI_UNIT ( .MILLI., .METRE. ) );
#5060 = SURFACE_STYLE_FILL_AREA ( #3242 ) ;
#5061 = EDGE_CURVE ( 'NONE', #9316, #5045, #2120, .T. ) ;
#5062 =( NAMED_UNIT ( * ) PLANE_ANGLE_UNIT ( ) SI_UNIT ( $, .RADIAN. ) );
#5063 = EDGE_CURVE ( 'NONE', #6166, #7019, #3365, .T. ) ;
#5064 = ORIENTED_EDGE ( 'NONE', *, *, #5409, .T. ) ;
#5065 = SURFACE_SIDE_STYLE ('',( #542 ) ) ;
#5066 = AXIS2_PLACEMENT_3D ( 'NONE', #7817, #5223, #7902 ) ;
#5067 = EDGE_CURVE ( 'NONE', #3928, #8151, #4769, .T. ) ;
#5069 = AXIS2_PLACEMENT_3D ( 'NONE', #8390, #2972, #5703 ) ;
#5068 = CARTESIAN_POINT ( 'NONE',  ( -6220.532872483720000, 306.6790385117209900, 0.5000000000000000000 ) ) ;
#5070 = VECTOR ( 'NONE', #830, 1000.000000000000000 ) ;
#5071 = CIRCLE ( 'NONE', #4307, 0.4500000001375070700 ) ;
#5072 = UNCERTAINTY_MEASURE_WITH_UNIT (LENGTH_MEASURE( 1.000000000000000100E-005 ), #10080, 'distance_accuracy_value', 'NONE');
#5073 = CARTESIAN_POINT ( 'NONE',  ( -6219.232872483719800, 306.1790385117200200, 0.02000000000000000000 ) ) ;
#5074 = EDGE_CURVE ( 'NONE', #8019, #6065, #6964, .T. ) ;
#5075 = PLANE ( 'NONE',  #7194 ) ;
#5076 = DIRECTION ( 'NONE',  ( -0.0000000000000000000, 1.000000000000000000, 0.0000000000000000000 ) ) ;
#5077 =( LENGTH_UNIT ( ) NAMED_UNIT ( * ) SI_UNIT ( .MILLI., .METRE. ) );
#5078 = EDGE_LOOP ( 'NONE', ( #3515, #4633, #2338, #1247 ) ) ;
#5079 = CARTESIAN_POINT ( 'NONE',  ( -6218.332872483719300, 306.9590385117189700, 0.5000000000000000000 ) ) ;
#5080 = UNCERTAINTY_MEASURE_WITH_UNIT (LENGTH_MEASURE( 1.000000000000000100E-005 ), #5494, 'distance_accuracy_value', 'NONE');
#5081 = DIRECTION ( 'NONE',  ( 1.000000000000000000, 0.0000000000000000000, 0.0000000000000000000 ) ) ;
#5082 = VECTOR ( 'NONE', #9336, 1000.000000000000000 ) ;
#5083 = SURFACE_STYLE_USAGE ( .BOTH. , #10311 ) ;
#5084 = VERTEX_POINT ( 'NONE', #7779 ) ;
#5085 = CARTESIAN_POINT ( 'NONE',  ( -6220.532872483720000, 306.6790385117200200, 0.5000000000000000000 ) ) ;
#5086 = PRESENTATION_LAYER_ASSIGNMENT (  '', '', ( #754 ) ) ;
#5087 = ORIENTED_EDGE ( 'NONE', *, *, #11428, .F. ) ;
#5088 = FILL_AREA_STYLE ('',( #1538 ) ) ;
#5089 = SURFACE_SIDE_STYLE ('',( #5013 ) ) ;
#5090 = AXIS2_PLACEMENT_3D ( 'NONE', #1537, #11343, #3282 ) ;
#5091 = UNCERTAINTY_MEASURE_WITH_UNIT (LENGTH_MEASURE( 1.000000000000000100E-005 ), #7823, 'distance_accuracy_value', 'NONE');
#5092 = SURFACE_STYLE_FILL_AREA ( #1220 ) ;
#5093 =( NAMED_UNIT ( * ) PLANE_ANGLE_UNIT ( ) SI_UNIT ( $, .RADIAN. ) );
#5094 = PRESENTATION_STYLE_ASSIGNMENT (( #3815 ) ) ;
#5095 = ORIENTED_EDGE ( 'NONE', *, *, #10786, .F. ) ;
#5096 = ADVANCED_FACE ( 'NONE', ( #9913 ), #7712, .T. ) ;
#5097 = FILL_AREA_STYLE_COLOUR ( '', #8424 ) ;
#5098 = ORIENTED_EDGE ( 'NONE', *, *, #11095, .F. ) ;
#5099 =( NAMED_UNIT ( * ) PLANE_ANGLE_UNIT ( ) SI_UNIT ( $, .RADIAN. ) );
#5100 = FILL_AREA_STYLE ('',( #8620 ) ) ;
#5101 = VERTEX_POINT ( 'NONE', #4102 ) ;
#5102 = PRESENTATION_LAYER_ASSIGNMENT (  '', '', ( #9646 ) ) ;
#5103 = PLANE ( 'NONE',  #6526 ) ;
#5104 = LINE ( 'NONE', #6614, #3579 ) ;
#5105 =( LENGTH_UNIT ( ) NAMED_UNIT ( * ) SI_UNIT ( .MILLI., .METRE. ) );
#5106 = ORIENTED_EDGE ( 'NONE', *, *, #8514, .F. ) ;
#5107 = PRESENTATION_STYLE_ASSIGNMENT (( #4152 ) ) ;
#5108 = DIRECTION ( 'NONE',  ( 1.000000000000000000, 0.0000000000000000000, 0.0000000000000000000 ) ) ;
#5109 = LINE ( 'NONE', #1426, #3163 ) ;
#5110 = ORIENTED_EDGE ( 'NONE', *, *, #3257, .F. ) ;
#5111 = DIRECTION ( 'NONE',  ( 1.000000000000000000, -6.167905692388529000E-013, -7.228014483267808200E-016 ) ) ;
#5112 =( LENGTH_UNIT ( ) NAMED_UNIT ( * ) SI_UNIT ( .MILLI., .METRE. ) );
#5113 =( LENGTH_UNIT ( ) NAMED_UNIT ( * ) SI_UNIT ( .MILLI., .METRE. ) );
#5114 = FILL_AREA_STYLE ('',( #8566 ) ) ;
#5115 = SURFACE_SIDE_STYLE ('',( #501 ) ) ;
#5116 = LINE ( 'NONE', #538, #6637 ) ;
#5117 =( NAMED_UNIT ( * ) SI_UNIT ( $, .STERADIAN. ) SOLID_ANGLE_UNIT ( ) );
#5118 = CARTESIAN_POINT ( 'NONE',  ( -6219.232872483719800, 306.1790385117200200, 0.02000000000000000000 ) ) ;
#5119 = MECHANICAL_DESIGN_GEOMETRIC_PRESENTATION_REPRESENTATION (  '', ( #3311 ), #6151 ) ;
#5120 = VERTEX_POINT ( 'NONE', #6772 ) ;
#5121 =( GEOMETRIC_REPRESENTATION_CONTEXT ( 3 ) GLOBAL_UNCERTAINTY_ASSIGNED_CONTEXT ( ( #10743 ) ) GLOBAL_UNIT_ASSIGNED_CONTEXT ( ( #11339, #2463, #11302 ) ) REPRESENTATION_CONTEXT ( 'NONE', 'WORKASPACE' ) );
#5122 =( GEOMETRIC_REPRESENTATION_CONTEXT ( 3 ) GLOBAL_UNCERTAINTY_ASSIGNED_CONTEXT ( ( #1154 ) ) GLOBAL_UNIT_ASSIGNED_CONTEXT ( ( #9129, #6402, #3053 ) ) REPRESENTATION_CONTEXT ( 'NONE', 'WORKASPACE' ) );
#5123 = FACE_OUTER_BOUND ( 'NONE', #555, .T. ) ;
#5124 = ORIENTED_EDGE ( 'NONE', *, *, #9997, .F. ) ;
#5125 = CARTESIAN_POINT ( 'NONE',  ( -6219.432737906850000, 307.1790385117200200, 0.02000000000000000000 ) ) ;
#5126 = SURFACE_STYLE_FILL_AREA ( #2177 ) ;
#5127 = CARTESIAN_POINT ( 'NONE',  ( -6220.588084424261100, 306.4690385117199900, 0.5000000000000000000 ) ) ;
#5128 =( NAMED_UNIT ( * ) SI_UNIT ( $, .STERADIAN. ) SOLID_ANGLE_UNIT ( ) );
#5129 = LINE ( 'NONE', #10551, #10658 ) ;
#5130 = ORIENTED_EDGE ( 'NONE', *, *, #8483, .F. ) ;
#5131 = FILL_AREA_STYLE ('',( #11239 ) ) ;
#5132 = EDGE_CURVE ( 'NONE', #5950, #5778, #7810, .T. ) ;
#5133 = VERTEX_POINT ( 'NONE', #1448 ) ;
#5134 = PLANE ( 'NONE',  #5273 ) ;
#5135 =( GEOMETRIC_REPRESENTATION_CONTEXT ( 3 ) GLOBAL_UNCERTAINTY_ASSIGNED_CONTEXT ( ( #8501 ) ) GLOBAL_UNIT_ASSIGNED_CONTEXT ( ( #139, #1795, #2739 ) ) REPRESENTATION_CONTEXT ( 'NONE', 'WORKASPACE' ) );
#5136 = EDGE_CURVE ( 'NONE', #404, #4889, #10316, .T. ) ;
#5137 = VECTOR ( 'NONE', #8136, 1000.000000000000000 ) ;
#5138 = CARTESIAN_POINT ( 'NONE',  ( -6220.832872483720200, 306.9637085284920200, 0.4800000000000000400 ) ) ;
#5139 = CARTESIAN_POINT ( 'NONE',  ( -6220.832872483720200, 306.3739874859974700, 1.850371707708595100E-019 ) ) ;
#5140 = ORIENTED_EDGE ( 'NONE', *, *, #4926, .F. ) ;
#5141 = LINE ( 'NONE', #10255, #10144 ) ;
#5142 = DIRECTION ( 'NONE',  ( 1.000000000000000000, 0.0000000000000000000, -0.0000000000000000000 ) ) ;
#5143 = VECTOR ( 'NONE', #9693, 1000.000000000000000 ) ;
#5144 =( NAMED_UNIT ( * ) PLANE_ANGLE_UNIT ( ) SI_UNIT ( $, .RADIAN. ) );
#5145 = VERTEX_POINT ( 'NONE', #5969 ) ;
#5146 = DIRECTION ( 'NONE',  ( -2.273733787119150100E-024, -1.000000000000000000, 1.419695341149144600E-035 ) ) ;
#5147 = LINE ( 'NONE', #9711, #10276 ) ;
#5148 = DIRECTION ( 'NONE',  ( 1.000000000000000000, 0.0000000000000000000, 0.0000000000000000000 ) ) ;
#5149 = FILL_AREA_STYLE_COLOUR ( '', #9319 ) ;
#5150 = FILL_AREA_STYLE ('',( #1596 ) ) ;
#5151 =( LENGTH_UNIT ( ) NAMED_UNIT ( * ) SI_UNIT ( .MILLI., .METRE. ) );
#5152 = UNCERTAINTY_MEASURE_WITH_UNIT (LENGTH_MEASURE( 1.000000000000000100E-005 ), #4288, 'distance_accuracy_value', 'NONE');
#5153 = STYLED_ITEM ( 'NONE', ( #2655 ), #5975 ) ;
#5154 = LINE ( 'NONE', #1907, #976 ) ;
#5155 = SURFACE_STYLE_FILL_AREA ( #11079 ) ;
#5156 = SURFACE_STYLE_USAGE ( .BOTH. , #10415 ) ;
#5157 = ADVANCED_FACE ( 'NONE', ( #1150 ), #322, .F. ) ;
#5158 = CARTESIAN_POINT ( 'NONE',  ( -6220.670740449360900, 306.8321758150600000, 4.235164736271501700E-019 ) ) ;
#5159 = VERTEX_POINT ( 'NONE', #8831 ) ;
#5160 = EDGE_CURVE ( 'NONE', #3139, #693, #9222, .T. ) ;
#5161 = CARTESIAN_POINT ( 'NONE',  ( -6220.435658888220100, 306.1790385117190000, 0.5000000000000000000 ) ) ;
#5162 = EDGE_LOOP ( 'NONE', ( #6342, #7525, #1493, #5908 ) ) ;
#5163 = SURFACE_STYLE_USAGE ( .BOTH. , #5008 ) ;
#5164 = SURFACE_STYLE_FILL_AREA ( #8058 ) ;
#5165 = VERTEX_POINT ( 'NONE', #9727 ) ;
#5166 = DIRECTION ( 'NONE',  ( 0.0000000000000000000, -0.0000000000000000000, 1.000000000000000000 ) ) ;
#5167 = DIRECTION ( 'NONE',  ( 0.0000000000000000000, -1.000000000000000000, 0.0000000000000000000 ) ) ;
#5168 = VECTOR ( 'NONE', #241, 1000.000000000000000 ) ;
#5169 = DIRECTION ( 'NONE',  ( 1.000000000000000000, 7.401486830793192900E-013, 0.0000000000000000000 ) ) ;
#5170 =( GEOMETRIC_REPRESENTATION_CONTEXT ( 3 ) GLOBAL_UNCERTAINTY_ASSIGNED_CONTEXT ( ( #8075 ) ) GLOBAL_UNIT_ASSIGNED_CONTEXT ( ( #9430, #11191, #5901 ) ) REPRESENTATION_CONTEXT ( 'NONE', 'WORKASPACE' ) );
#5171 = DIRECTION ( 'NONE',  ( -2.895461648217179800E-012, 2.738846176832663200E-023, 1.000000000000000000 ) ) ;
#5172 =( NAMED_UNIT ( * ) SI_UNIT ( $, .STERADIAN. ) SOLID_ANGLE_UNIT ( ) );
#5173 = EDGE_LOOP ( 'NONE', ( #2044, #11362, #1780, #11252 ) ) ;
#5174 = DIRECTION ( 'NONE',  ( 1.000000000000000000, -1.603655480058999700E-012, 0.0000000000000000000 ) ) ;
#5175 = DIRECTION ( 'NONE',  ( 1.000000000000000000, 0.0000000000000000000, 0.0000000000000000000 ) ) ;
#5176 = VECTOR ( 'NONE', #4371, 1000.000000000000000 ) ;
#5177 = COLOUR_RGB ( '',0.7921568627450980000, 0.8196078431372548800, 0.9333333333333333500 ) ;
#5178 = ORIENTED_EDGE ( 'NONE', *, *, #11363, .F. ) ;
#5179 =( GEOMETRIC_REPRESENTATION_CONTEXT ( 3 ) GLOBAL_UNCERTAINTY_ASSIGNED_CONTEXT ( ( #950 ) ) GLOBAL_UNIT_ASSIGNED_CONTEXT ( ( #8043, #2681, #10605 ) ) REPRESENTATION_CONTEXT ( 'NONE', 'WORKASPACE' ) );
#5180 = VERTEX_POINT ( 'NONE', #10582 ) ;
#5181 =( GEOMETRIC_REPRESENTATION_CONTEXT ( 3 ) GLOBAL_UNCERTAINTY_ASSIGNED_CONTEXT ( ( #7053 ) ) GLOBAL_UNIT_ASSIGNED_CONTEXT ( ( #7477, #8407, #2249 ) ) REPRESENTATION_CONTEXT ( 'NONE', 'WORKASPACE' ) );
#5182 = ORIENTED_EDGE ( 'NONE', *, *, #9674, .F. ) ;
#5183 =( LENGTH_UNIT ( ) NAMED_UNIT ( * ) SI_UNIT ( .MILLI., .METRE. ) );
#5184 = CARTESIAN_POINT ( 'NONE',  ( -6219.532872483720000, 306.1790385117200200, 0.0000000000000000000 ) ) ;
#5185 = STYLED_ITEM ( 'NONE', ( #10710 ), #2586 ) ;
#5186 = FACE_OUTER_BOUND ( 'NONE', #3571, .T. ) ;
#5187 = DIRECTION ( 'NONE',  ( 0.0000000000000000000, 0.0000000000000000000, 1.000000000000000000 ) ) ;
#5188 = SURFACE_SIDE_STYLE ('',( #4788 ) ) ;
#5189 = COLOUR_RGB ( '',0.7921568627450980000, 0.8196078431372548800, 0.9333333333333333500 ) ;
#5190 = SURFACE_STYLE_FILL_AREA ( #6730 ) ;
#5191 = EDGE_CURVE ( 'NONE', #11111, #4889, #11002, .T. ) ;
#5192 = ORIENTED_EDGE ( 'NONE', *, *, #10065, .F. ) ;
#5193 = LINE ( 'NONE', #2549, #1288 ) ;
#5194 = ORIENTED_EDGE ( 'NONE', *, *, #8503, .T. ) ;
#5195 = CARTESIAN_POINT ( 'NONE',  ( -6218.132872483720300, 307.1790385117200200, 0.5000000000000000000 ) ) ;
#5196 = ORIENTED_EDGE ( 'NONE', *, *, #755, .F. ) ;
#5197 = FILL_AREA_STYLE ('',( #9906 ) ) ;
#5198 = PRESENTATION_LAYER_ASSIGNMENT (  '', '', ( #3736 ) ) ;
#5199 = FILL_AREA_STYLE_COLOUR ( '', #1207 ) ;
#5200 = MECHANICAL_DESIGN_GEOMETRIC_PRESENTATION_REPRESENTATION (  '', ( #6393 ), #10180 ) ;
#5201 = CARTESIAN_POINT ( 'NONE',  ( -6220.832872483720200, 306.1790385117200200, 0.4800000000000000400 ) ) ;
#5202 = AXIS2_PLACEMENT_3D ( 'NONE', #10046, #5620, #291 ) ;
#5203 = FILL_AREA_STYLE_COLOUR ( '', #1789 ) ;
#5204 = EDGE_CURVE ( 'NONE', #9087, #8898, #9495, .T. ) ;
#5205 = CARTESIAN_POINT ( 'NONE',  ( -6218.392872483719700, 307.0721758150609700, 0.0000000000000000000 ) ) ;
#5206 = ORIENTED_EDGE ( 'NONE', *, *, #5191, .T. ) ;
#5207 = ADVANCED_FACE ( 'NONE', ( #4631 ), #1266, .T. ) ;
#5208 = VECTOR ( 'NONE', #11224, 1000.000000000000000 ) ;
#5209 = FILL_AREA_STYLE ('',( #9718 ) ) ;
#5210 = EDGE_CURVE ( 'NONE', #8153, #6115, #8789, .T. ) ;
#5211 = UNCERTAINTY_MEASURE_WITH_UNIT (LENGTH_MEASURE( 1.000000000000000100E-005 ), #1073, 'distance_accuracy_value', 'NONE');
#5212 = DIRECTION ( 'NONE',  ( 0.0000000000000000000, 0.0000000000000000000, -1.000000000000000000 ) ) ;
#5213 = EDGE_CURVE ( 'NONE', #1045, #9169, #3931, .T. ) ;
#5214 =( NAMED_UNIT ( * ) PLANE_ANGLE_UNIT ( ) SI_UNIT ( $, .RADIAN. ) );
#5215 = FACE_OUTER_BOUND ( 'NONE', #10288, .T. ) ;
#5216 =( NAMED_UNIT ( * ) PLANE_ANGLE_UNIT ( ) SI_UNIT ( $, .RADIAN. ) );
#5217 = MECHANICAL_DESIGN_GEOMETRIC_PRESENTATION_REPRESENTATION (  '', ( #7228 ), #7615 ) ;
#5218 = EDGE_CURVE ( 'NONE', #9285, #8230, #6016, .T. ) ;
#5219 = VERTEX_POINT ( 'NONE', #7859 ) ;
#5220 = MECHANICAL_DESIGN_GEOMETRIC_PRESENTATION_REPRESENTATION (  '', ( #597 ), #11161 ) ;
#5221 = LINE ( 'NONE', #226, #9817 ) ;
#5222 = EDGE_CURVE ( 'NONE', #11013, #5948, #3513, .T. ) ;
#5223 = DIRECTION ( 'NONE',  ( 0.0000000000000000000, 0.0000000000000000000, -1.000000000000000000 ) ) ;
#5224 = DIRECTION ( 'NONE',  ( 1.000000000000000000, -2.328692793324230100E-013, -2.117933757585229900E-024 ) ) ;
#5225 = EDGE_CURVE ( 'NONE', #3708, #8762, #311, .T. ) ;
#5226 = FILL_AREA_STYLE ('',( #8879 ) ) ;
#5227 = CIRCLE ( 'NONE', #6521, 0.4500000000025039500 ) ;
#5228 = CYLINDRICAL_SURFACE ( 'NONE', #4434, 0.2499999999985291800 ) ;
#5229 = FACE_OUTER_BOUND ( 'NONE', #3680, .T. ) ;
#5230 =( NAMED_UNIT ( * ) PLANE_ANGLE_UNIT ( ) SI_UNIT ( $, .RADIAN. ) );
#5231 = ORIENTED_EDGE ( 'NONE', *, *, #6037, .F. ) ;
#5232 = PLANE ( 'NONE',  #3776 ) ;
#5233 = FACE_OUTER_BOUND ( 'NONE', #4645, .T. ) ;
#5234 = DIRECTION ( 'NONE',  ( -0.0000000000000000000, 1.000000000000000000, 0.0000000000000000000 ) ) ;
#5235 = VERTEX_POINT ( 'NONE', #4296 ) ;
#5236 = FACE_OUTER_BOUND ( 'NONE', #8092, .T. ) ;
#5237 = SURFACE_STYLE_USAGE ( .BOTH. , #10557 ) ;
#5238 = PRESENTATION_STYLE_ASSIGNMENT (( #7178 ) ) ;
#5239 = SURFACE_STYLE_FILL_AREA ( #4280 ) ;
#5240 = LINE ( 'NONE', #8836, #5933 ) ;
#5241 = CARTESIAN_POINT ( 'NONE',  ( -6220.382872483720300, 306.6790385117209900, 0.4800000000000000400 ) ) ;
#5242 =( GEOMETRIC_REPRESENTATION_CONTEXT ( 3 ) GLOBAL_UNCERTAINTY_ASSIGNED_CONTEXT ( ( #1803 ) ) GLOBAL_UNIT_ASSIGNED_CONTEXT ( ( #5077, #1414, #9467 ) ) REPRESENTATION_CONTEXT ( 'NONE', 'WORKASPACE' ) );
#5243 = DIRECTION ( 'NONE',  ( 1.000000000000000000, -0.0000000000000000000, 0.0000000000000000000 ) ) ;
#5244 = VERTEX_POINT ( 'NONE', #3471 ) ;
#5245 = SURFACE_STYLE_USAGE ( .BOTH. , #6022 ) ;
#5246 =( NAMED_UNIT ( * ) SI_UNIT ( $, .STERADIAN. ) SOLID_ANGLE_UNIT ( ) );
#5247 = DIRECTION ( 'NONE',  ( 1.000000000000000000, 0.0000000000000000000, 0.0000000000000000000 ) ) ;
#5248 =( NAMED_UNIT ( * ) SI_UNIT ( $, .STERADIAN. ) SOLID_ANGLE_UNIT ( ) );
#5249 = VERTEX_POINT ( 'NONE', #10467 ) ;
#5250 = SURFACE_STYLE_FILL_AREA ( #5439 ) ;
#5251 = EDGE_CURVE ( 'NONE', #10659, #5936, #6429, .T. ) ;
#5252 = VECTOR ( 'NONE', #645, 1000.000000000000000 ) ;
#5253 = VERTEX_POINT ( 'NONE', #56 ) ;
#5254 = CARTESIAN_POINT ( 'NONE',  ( -6219.432737906850000, 306.1790385117198000, 0.02000000000000000000 ) ) ;
#5255 = LINE ( 'NONE', #9360, #6633 ) ;
#5256 = ORIENTED_EDGE ( 'NONE', *, *, #3251, .F. ) ;
#5257 = MECHANICAL_DESIGN_GEOMETRIC_PRESENTATION_REPRESENTATION (  '', ( #8821 ), #3850 ) ;
#5258 =( GEOMETRIC_REPRESENTATION_CONTEXT ( 3 ) GLOBAL_UNCERTAINTY_ASSIGNED_CONTEXT ( ( #3589 ) ) GLOBAL_UNIT_ASSIGNED_CONTEXT ( ( #9887, #6349, #8145 ) ) REPRESENTATION_CONTEXT ( 'NONE', 'WORKASPACE' ) );
#5259 = LINE ( 'NONE', #2115, #5951 ) ;
#5260 = SURFACE_STYLE_FILL_AREA ( #8287 ) ;
#5261 = FILL_AREA_STYLE ('',( #1834 ) ) ;
#5262 = VERTEX_POINT ( 'NONE', #5264 ) ;
#5263 = SURFACE_STYLE_FILL_AREA ( #349 ) ;
#5264 = CARTESIAN_POINT ( 'NONE',  ( -6220.382872483720300, 306.8290385117200000, 0.4800000000000000400 ) ) ;
#5265 = VECTOR ( 'NONE', #5453, 1000.000000000000000 ) ;
#5266 =( NAMED_UNIT ( * ) PLANE_ANGLE_UNIT ( ) SI_UNIT ( $, .RADIAN. ) );
#5267 = ORIENTED_EDGE ( 'NONE', *, *, #8439, .T. ) ;
#5268 = CARTESIAN_POINT ( 'NONE',  ( -6220.617542500489400, 306.1790385117200200, 0.02000000000000000400 ) ) ;
#5269 =( NAMED_UNIT ( * ) SI_UNIT ( $, .STERADIAN. ) SOLID_ANGLE_UNIT ( ) );
#5270 = SURFACE_STYLE_USAGE ( .BOTH. , #3478 ) ;
#5271 = ADVANCED_FACE ( 'NONE', ( #5043 ), #7155, .T. ) ;
#5272 = FILL_AREA_STYLE ('',( #1684 ) ) ;
#5273 = AXIS2_PLACEMENT_3D ( 'NONE', #7800, #8696, #3373 ) ;
#5274 = SURFACE_STYLE_FILL_AREA ( #6210 ) ;
#5275 = PRESENTATION_LAYER_ASSIGNMENT (  '', '', ( #1311 ) ) ;
#5276 = STYLED_ITEM ( 'NONE', ( #8872 ), #4051 ) ;
#5277 = EDGE_CURVE ( 'NONE', #4712, #2169, #5738, .T. ) ;
#5278 = ORIENTED_EDGE ( 'NONE', *, *, #5538, .F. ) ;
#5279 = CARTESIAN_POINT ( 'NONE',  ( -6217.832872483720200, 306.7818249162190200, 0.4800000000000000400 ) ) ;
#5280 = COLOUR_RGB ( '',0.7921568627450980000, 0.8196078431372548800, 0.9333333333333333500 ) ;
#5281 = FACE_OUTER_BOUND ( 'NONE', #8575, .T. ) ;
#5282 =( NAMED_UNIT ( * ) PLANE_ANGLE_UNIT ( ) SI_UNIT ( $, .RADIAN. ) );
#5283 = ORIENTED_EDGE ( 'NONE', *, *, #11283, .T. ) ;
#5284 = CARTESIAN_POINT ( 'NONE',  ( -6220.532872483720000, 306.6790385117209900, 0.5000000000000000000 ) ) ;
#5285 = CARTESIAN_POINT ( 'NONE',  ( -6220.382872483720300, 306.1790385117200200, 0.5000000000000000000 ) ) ;
#5286 = LINE ( 'NONE', #10399, #4725 ) ;
#5287 = DIRECTION ( 'NONE',  ( 0.0000000000000000000, -1.000000000000000000, -0.0000000000000000000 ) ) ;
#5288 = EDGE_CURVE ( 'NONE', #6856, #6018, #997, .T. ) ;
#5289 = ORIENTED_EDGE ( 'NONE', *, *, #1257, .T. ) ;
#5290 = ORIENTED_EDGE ( 'NONE', *, *, #888, .F. ) ;
#5291 =( NAMED_UNIT ( * ) SI_UNIT ( $, .STERADIAN. ) SOLID_ANGLE_UNIT ( ) );
#5292 =( GEOMETRIC_REPRESENTATION_CONTEXT ( 3 ) GLOBAL_UNCERTAINTY_ASSIGNED_CONTEXT ( ( #10062 ) ) GLOBAL_UNIT_ASSIGNED_CONTEXT ( ( #6204, #113, #2673 ) ) REPRESENTATION_CONTEXT ( 'NONE', 'WORKASPACE' ) );
#5293 = EDGE_CURVE ( 'NONE', #5936, #335, #3352, .T. ) ;
#5294 =( NAMED_UNIT ( * ) SI_UNIT ( $, .STERADIAN. ) SOLID_ANGLE_UNIT ( ) );
#5295 = FACE_OUTER_BOUND ( 'NONE', #2028, .T. ) ;
#5296 =( GEOMETRIC_REPRESENTATION_CONTEXT ( 3 ) GLOBAL_UNCERTAINTY_ASSIGNED_CONTEXT ( ( #7124 ) ) GLOBAL_UNIT_ASSIGNED_CONTEXT ( ( #11459, #6129, #9780 ) ) REPRESENTATION_CONTEXT ( 'NONE', 'WORKASPACE' ) );
#5297 = VECTOR ( 'NONE', #621, 1000.000000000000000 ) ;
#5298 = CARTESIAN_POINT ( 'NONE',  ( -6218.392872483719700, 307.1790385117200200, 0.02000000000000000000 ) ) ;
#5299 = EDGE_CURVE ( 'NONE', #1141, #4908, #8926, .T. ) ;
#5300 = VERTEX_POINT ( 'NONE', #3713 ) ;
#5301 = UNCERTAINTY_MEASURE_WITH_UNIT (LENGTH_MEASURE( 1.000000000000000100E-005 ), #2913, 'distance_accuracy_value', 'NONE');
#5302 = FACE_OUTER_BOUND ( 'NONE', #3253, .T. ) ;
#5303 = VECTOR ( 'NONE', #4300, 1000.000000000000000 ) ;
#5304 = ORIENTED_EDGE ( 'NONE', *, *, #472, .F. ) ;
#5305 = DIRECTION ( 'NONE',  ( 0.0000000000000000000, -0.0000000000000000000, 1.000000000000000000 ) ) ;
#5306 = CARTESIAN_POINT ( 'NONE',  ( -6220.522872483719800, 306.9590385117200000, 0.4899999999999999900 ) ) ;
#5307 =( NAMED_UNIT ( * ) SI_UNIT ( $, .STERADIAN. ) SOLID_ANGLE_UNIT ( ) );
#5308 = CARTESIAN_POINT ( 'NONE',  ( -6218.332872483720200, 306.7818249162199900, 0.4800000000000000400 ) ) ;
#5309 = AXIS2_PLACEMENT_3D ( 'NONE', #10684, #1854, #7173 ) ;
#5310 = ORIENTED_EDGE ( 'NONE', *, *, #3427, .T. ) ;
#5311 = SURFACE_SIDE_STYLE ('',( #9556 ) ) ;
#5312 = SURFACE_STYLE_FILL_AREA ( #6522 ) ;
#5313 = AXIS2_PLACEMENT_3D ( 'NONE', #8619, #687, #9794 ) ;
#5314 = VECTOR ( 'NONE', #7962, 1000.000000000000000 ) ;
#5315 = VERTEX_POINT ( 'NONE', #9884 ) ;
#5316 = STYLED_ITEM ( 'NONE', ( #8889 ), #426 ) ;
#5317 = CARTESIAN_POINT ( 'NONE',  ( -6218.632872483720300, 306.1790385117190000, 0.02000000000000000000 ) ) ;
#5318 =( LENGTH_UNIT ( ) NAMED_UNIT ( * ) SI_UNIT ( .MILLI., .METRE. ) );
#5319 =( LENGTH_UNIT ( ) NAMED_UNIT ( * ) SI_UNIT ( .MILLI., .METRE. ) );
#5320 = SURFACE_STYLE_FILL_AREA ( #2701 ) ;
#5321 =( NAMED_UNIT ( * ) PLANE_ANGLE_UNIT ( ) SI_UNIT ( $, .RADIAN. ) );
#5322 = CIRCLE ( 'NONE', #7231, 0.4500000010061455700 ) ;
#5323 =( NAMED_UNIT ( * ) PLANE_ANGLE_UNIT ( ) SI_UNIT ( $, .RADIAN. ) );
#5324 = EDGE_LOOP ( 'NONE', ( #6014, #10253, #4246, #2705 ) ) ;
#5325 = LINE ( 'NONE', #2141, #2960 ) ;
#5326 = ADVANCED_FACE ( 'NONE', ( #857 ), #6347, .T. ) ;
#5327 = FILL_AREA_STYLE_COLOUR ( '', #346 ) ;
#5328 = PRESENTATION_LAYER_ASSIGNMENT (  '', '', ( #3700 ) ) ;
#5329 = VECTOR ( 'NONE', #4689, 1000.000000000000000 ) ;
#5330 = CARTESIAN_POINT ( 'NONE',  ( -6218.632872483720300, 307.1790385117190000, 0.02000000000000000000 ) ) ;
#5331 = FILL_AREA_STYLE ('',( #10615 ) ) ;
#5332 = ORIENTED_EDGE ( 'NONE', *, *, #11217, .T. ) ;
#5333 = FILL_AREA_STYLE ('',( #1707 ) ) ;
#5334 = CLOSED_SHELL ( 'NONE', ( #2893, #2767, #3830, #7192, #209, #3456 ) ) ;
#5335 = DIRECTION ( 'NONE',  ( 0.0000000000000000000, -1.000000000000000000, 0.0000000000000000000 ) ) ;
#5336 = ORIENTED_EDGE ( 'NONE', *, *, #8117, .F. ) ;
#5337 = ADVANCED_FACE ( 'NONE', ( #2381 ), #8184, .T. ) ;
#5338 = FILL_AREA_STYLE_COLOUR ( '', #11094 ) ;
#5339 = COLOUR_RGB ( '',0.7921568627450980000, 0.8196078431372548800, 0.9333333333333333500 ) ;
#5340 =( GEOMETRIC_REPRESENTATION_CONTEXT ( 3 ) GLOBAL_UNCERTAINTY_ASSIGNED_CONTEXT ( ( #7841 ) ) GLOBAL_UNIT_ASSIGNED_CONTEXT ( ( #3069, #9219, #7478 ) ) REPRESENTATION_CONTEXT ( 'NONE', 'WORKASPACE' ) );
#5341 = FILL_AREA_STYLE_COLOUR ( '', #10856 ) ;
#5342 = DIRECTION ( 'NONE',  ( 0.0000000000000000000, -1.000000000000000000, 0.0000000000000000000 ) ) ;
#5343 =( LENGTH_UNIT ( ) NAMED_UNIT ( * ) SI_UNIT ( .MILLI., .METRE. ) );
#5344 = DIRECTION ( 'NONE',  ( -0.0000000000000000000, 1.000000000000000000, 0.0000000000000000000 ) ) ;
#5345 = CLOSED_SHELL ( 'NONE', ( #4875, #2239, #707, #10324, #1940, #5042 ) ) ;
#5346 = PRESENTATION_LAYER_ASSIGNMENT (  '', '', ( #4522 ) ) ;
#5347 =( NAMED_UNIT ( * ) SI_UNIT ( $, .STERADIAN. ) SOLID_ANGLE_UNIT ( ) );
#5348 = DIRECTION ( 'NONE',  ( 6.243894290491559700E-012, 0.0000000000000000000, 1.000000000000000000 ) ) ;
#5349 = PRESENTATION_STYLE_ASSIGNMENT (( #11376 ) ) ;
#5350 = CARTESIAN_POINT ( 'NONE',  ( -6220.532872483720000, 306.6790385117209900, 0.4800000000000000400 ) ) ;
#5351 = ORIENTED_EDGE ( 'NONE', *, *, #1250, .T. ) ;
#5352 = UNCERTAINTY_MEASURE_WITH_UNIT (LENGTH_MEASURE( 1.000000000000000100E-005 ), #10782, 'distance_accuracy_value', 'NONE');
#5353 =( NAMED_UNIT ( * ) PLANE_ANGLE_UNIT ( ) SI_UNIT ( $, .RADIAN. ) );
#5354 = DIRECTION ( 'NONE',  ( 1.000000000000000000, 0.0000000000000000000, 0.0000000000000000000 ) ) ;
#5355 = DIRECTION ( 'NONE',  ( 0.0000000000000000000, 0.0000000000000000000, 1.000000000000000000 ) ) ;
#5356 = AXIS2_PLACEMENT_3D ( 'NONE', #9889, #326, #4686 ) ;
#5357 = SURFACE_STYLE_USAGE ( .BOTH. , #880 ) ;
#5358 = EDGE_CURVE ( 'NONE', #8942, #5120, #3082, .T. ) ;
#5359 = CARTESIAN_POINT ( 'NONE',  ( -6220.882872483718500, 306.1290385117214900, 0.4800000000000003700 ) ) ;
#5360 = SURFACE_STYLE_FILL_AREA ( #3013 ) ;
#5361 = LINE ( 'NONE', #10390, #757 ) ;
#5362 = VECTOR ( 'NONE', #7445, 1000.000000000000000 ) ;
#5363 = UNCERTAINTY_MEASURE_WITH_UNIT (LENGTH_MEASURE( 1.000000000000000100E-005 ), #3490, 'distance_accuracy_value', 'NONE');
#5364 = ORIENTED_EDGE ( 'NONE', *, *, #10000, .T. ) ;
#5365 = FACE_OUTER_BOUND ( 'NONE', #4746, .T. ) ;
#5366 = DIRECTION ( 'NONE',  ( -1.000000000000000000, -0.0000000000000000000, -0.0000000000000000000 ) ) ;
#5367 = ORIENTED_EDGE ( 'NONE', *, *, #6627, .F. ) ;
#5368 = DIRECTION ( 'NONE',  ( -3.641531520770709800E-013, -1.000000000000000000, -2.694196649601316500E-024 ) ) ;
#5369 = CARTESIAN_POINT ( 'NONE',  ( -6217.782872483716300, 307.2290385117301000, 0.4800000000000000400 ) ) ;
#5370 =( NAMED_UNIT ( * ) PLANE_ANGLE_UNIT ( ) SI_UNIT ( $, .RADIAN. ) );
#5371 = CARTESIAN_POINT ( 'NONE',  ( -6219.232872483719800, 306.1790385117200200, 0.02000000000000000000 ) ) ;
#5372 = PRESENTATION_STYLE_ASSIGNMENT (( #8037 ) ) ;
#5373 = PRESENTATION_STYLE_ASSIGNMENT (( #7115 ) ) ;
#5374 = DIRECTION ( 'NONE',  ( 1.000000000000000000, 0.0000000000000000000, 0.0000000000000000000 ) ) ;
#5375 = PRESENTATION_LAYER_ASSIGNMENT (  '', '', ( #9609 ) ) ;
#5376 = EDGE_LOOP ( 'NONE', ( #5505, #2110, #2677, #11040 ) ) ;
#5377 = COLOUR_RGB ( '',0.7921568627450980000, 0.8196078431372548800, 0.9333333333333333500 ) ;
#5379 = AXIS2_PLACEMENT_3D ( 'NONE', #8020, #1748, #7028 ) ;
#5378 = CARTESIAN_POINT ( 'NONE',  ( -6220.617542500489400, 307.1790385117190000, 0.4800000000000000400 ) ) ;
#5380 = VERTEX_POINT ( 'NONE', #9267 ) ;
#5381 = EDGE_CURVE ( 'NONE', #6328, #6104, #2519, .T. ) ;
#5382 = ORIENTED_EDGE ( 'NONE', *, *, #2021, .F. ) ;
#5383 = FILL_AREA_STYLE ('',( #8949 ) ) ;
#5384 =( NAMED_UNIT ( * ) PLANE_ANGLE_UNIT ( ) SI_UNIT ( $, .RADIAN. ) );
#5385 = MECHANICAL_DESIGN_GEOMETRIC_PRESENTATION_REPRESENTATION (  '', ( #2242 ), #2988 ) ;
#5386 = FILL_AREA_STYLE ('',( #2619 ) ) ;
#5387 = COLOUR_RGB ( '',0.7921568627450980000, 0.8196078431372548800, 0.9333333333333333500 ) ;
#5388 =( NAMED_UNIT ( * ) SI_UNIT ( $, .STERADIAN. ) SOLID_ANGLE_UNIT ( ) );
#5389 = CARTESIAN_POINT ( 'NONE',  ( -6218.027821457999400, 306.1790385117200200, 0.0000000000000000000 ) ) ;
#5390 = DIRECTION ( 'NONE',  ( 0.0000000000000000000, 0.0000000000000000000, 1.000000000000000000 ) ) ;
#5391 = ADVANCED_FACE ( 'NONE', ( #9341 ), #7328, .T. ) ;
#5392 = VECTOR ( 'NONE', #2997, 1000.000000000000000 ) ;
#5393 = SURFACE_STYLE_USAGE ( .BOTH. , #3524 ) ;
#5394 = ORIENTED_EDGE ( 'NONE', *, *, #727, .T. ) ;
#5395 = VERTEX_POINT ( 'NONE', #1990 ) ;
#5396 = FILL_AREA_STYLE_COLOUR ( '', #3676 ) ;
#5397 = LINE ( 'NONE', #2624, #2606 ) ;
#5398 = ADVANCED_FACE ( 'NONE', ( #9916 ), #7353, .T. ) ;
#5399 = AXIS2_PLACEMENT_3D ( 'NONE', #3590, #2529, #5374 ) ;
#5400 =( NAMED_UNIT ( * ) PLANE_ANGLE_UNIT ( ) SI_UNIT ( $, .RADIAN. ) );
#5401 = DIRECTION ( 'NONE',  ( -0.0000000000000000000, -0.0000000000000000000, -1.000000000000000000 ) ) ;
#5402 =( LENGTH_UNIT ( ) NAMED_UNIT ( * ) SI_UNIT ( .MILLI., .METRE. ) );
#5403 = VECTOR ( 'NONE', #7204, 1000.000000000000000 ) ;
#5404 = CARTESIAN_POINT ( 'NONE',  ( -6219.532872483720000, 306.1790385117200200, 0.0000000000000000000 ) ) ;
#5405 =( LENGTH_UNIT ( ) NAMED_UNIT ( * ) SI_UNIT ( .MILLI., .METRE. ) );
#5406 = MECHANICAL_DESIGN_GEOMETRIC_PRESENTATION_REPRESENTATION (  '', ( #681 ), #4422 ) ;
#5407 = EDGE_LOOP ( 'NONE', ( #10622, #264, #9320, #4017 ) ) ;
#5408 = SURFACE_STYLE_USAGE ( .BOTH. , #7966 ) ;
#5409 = EDGE_CURVE ( 'NONE', #8906, #5607, #5873, .T. ) ;
#5410 = ORIENTED_EDGE ( 'NONE', *, *, #8142, .T. ) ;
#5411 = CARTESIAN_POINT ( 'NONE',  ( -6219.532872483720000, 306.1790385117209900, 0.0000000000000000000 ) ) ;
#5412 = CARTESIAN_POINT ( 'NONE',  ( -6220.532872483720000, 306.6790385117209900, 0.5000000000000000000 ) ) ;
#5413 = ORIENTED_EDGE ( 'NONE', *, *, #5676, .F. ) ;
#5414 = AXIS2_PLACEMENT_3D ( 'NONE', #6818, #5054, #6930 ) ;
#5415 = VECTOR ( 'NONE', #10033, 1000.000000000000000 ) ;
#5416 = STYLED_ITEM ( 'NONE', ( #143 ), #3398 ) ;
#5417 = DIRECTION ( 'NONE',  ( 1.000000000000000000, 1.123337534104020000E-012, 0.0000000000000000000 ) ) ;
#5418 = LINE ( 'NONE', #4786, #1638 ) ;
#5419 = EDGE_LOOP ( 'NONE', ( #11202, #8543, #386, #7571 ) ) ;
#5420 = AXIS2_PLACEMENT_3D ( 'NONE', #7743, #2413, #3305 ) ;
#5421 = SURFACE_SIDE_STYLE ('',( #5164 ) ) ;
#5422 = PLANE ( 'NONE',  #7007 ) ;
#5423 = DIRECTION ( 'NONE',  ( -2.811263607986866200E-024, 8.526512829271129700E-013, -1.000000000000000000 ) ) ;
#5424 = CARTESIAN_POINT ( 'NONE',  ( -6218.332872483720200, 306.1790385117200200, 0.5000000000000000000 ) ) ;
#5425 = DIRECTION ( 'NONE',  ( 0.0000000000000000000, 0.0000000000000000000, 1.000000000000000000 ) ) ;
#5426 = SURFACE_STYLE_USAGE ( .BOTH. , #60 ) ;
#5427 = VECTOR ( 'NONE', #9220, 1000.000000000000000 ) ;
#5428 = LINE ( 'NONE', #1640, #5143 ) ;
#5429 = ORIENTED_EDGE ( 'NONE', *, *, #11304, .T. ) ;
#5430 = MECHANICAL_DESIGN_GEOMETRIC_PRESENTATION_REPRESENTATION (  '', ( #8258 ), #10830 ) ;
#5431 = PRESENTATION_LAYER_ASSIGNMENT (  '', '', ( #1239 ) ) ;
#5432 = EDGE_CURVE ( 'NONE', #6914, #693, #4058, .T. ) ;
#5433 = UNCERTAINTY_MEASURE_WITH_UNIT (LENGTH_MEASURE( 1.000000000000000100E-005 ), #4100, 'distance_accuracy_value', 'NONE');
#5434 = FILL_AREA_STYLE_COLOUR ( '', #5895 ) ;
#5435 = ORIENTED_EDGE ( 'NONE', *, *, #10076, .T. ) ;
#5436 = FACE_OUTER_BOUND ( 'NONE', #6030, .T. ) ;
#5437 = SURFACE_STYLE_USAGE ( .BOTH. , #4089 ) ;
#5438 = LINE ( 'NONE', #1129, #9468 ) ;
#5439 = FILL_AREA_STYLE ('',( #3650 ) ) ;
#5440 = DIRECTION ( 'NONE',  ( -0.0000000000000000000, 1.000000000000000000, 0.0000000000000000000 ) ) ;
#5441 = UNCERTAINTY_MEASURE_WITH_UNIT (LENGTH_MEASURE( 1.000000000000000100E-005 ), #7012, 'distance_accuracy_value', 'NONE');
#5442 = CARTESIAN_POINT ( 'NONE',  ( -6220.382872483720300, 306.6790385117200200, 0.4800000000000000400 ) ) ;
#5443 = ORIENTED_EDGE ( 'NONE', *, *, #3077, .F. ) ;
#5444 = FILL_AREA_STYLE ('',( #998 ) ) ;
#5445 = COLOUR_RGB ( '',0.7921568627450980000, 0.8196078431372548800, 0.9333333333333333500 ) ;
#5446 = EDGE_CURVE ( 'NONE', #9232, #6934, #7273, .T. ) ;
#5447 = LINE ( 'NONE', #5662, #8369 ) ;
#5448 = ORIENTED_EDGE ( 'NONE', *, *, #8218, .T. ) ;
#5449 = UNCERTAINTY_MEASURE_WITH_UNIT (LENGTH_MEASURE( 1.000000000000000100E-005 ), #9459, 'distance_accuracy_value', 'NONE');
#5450 = DIRECTION ( 'NONE',  ( 0.0000000000000000000, -1.000000000000000000, 7.228014483329330500E-016 ) ) ;
#5451 = MECHANICAL_DESIGN_GEOMETRIC_PRESENTATION_REPRESENTATION (  '', ( #9609 ), #3426 ) ;
#5452 = EDGE_CURVE ( 'NONE', #4712, #2048, #5463, .T. ) ;
#5453 = DIRECTION ( 'NONE',  ( -1.046092669195530000E-023, 1.000000000000000000, 9.514157401967647900E-035 ) ) ;
#5454 = FILL_AREA_STYLE ('',( #10734 ) ) ;
#5455 = UNCERTAINTY_MEASURE_WITH_UNIT (LENGTH_MEASURE( 1.000000000000000100E-005 ), #8865, 'distance_accuracy_value', 'NONE');
#5456 = EDGE_CURVE ( 'NONE', #8662, #10010, #7259, .T. ) ;
#5457 = PLANE ( 'NONE',  #8598 ) ;
#5458 = MECHANICAL_DESIGN_GEOMETRIC_PRESENTATION_REPRESENTATION (  '', ( #3598 ), #9770 ) ;
#5459 = VECTOR ( 'NONE', #10696, 1000.000000000000000 ) ;
#5460 = ADVANCED_FACE ( 'NONE', ( #10296 ), #3023, .T. ) ;
#5461 =( NAMED_UNIT ( * ) SI_UNIT ( $, .STERADIAN. ) SOLID_ANGLE_UNIT ( ) );
#5462 = LINE ( 'NONE', #6038, #2949 ) ;
#5463 = LINE ( 'NONE', #5643, #9900 ) ;
#5464 = CARTESIAN_POINT ( 'NONE',  ( -6220.435658888220100, 307.1790385117200200, 0.4800000000000000400 ) ) ;
#5465 = FACE_OUTER_BOUND ( 'NONE', #5407, .T. ) ;
#5466 = ADVANCED_FACE ( 'NONE', ( #7109 ), #4865, .T. ) ;
#5467 = ORIENTED_EDGE ( 'NONE', *, *, #11054, .F. ) ;
#5468 =( NAMED_UNIT ( * ) PLANE_ANGLE_UNIT ( ) SI_UNIT ( $, .RADIAN. ) );
#5469 = CARTESIAN_POINT ( 'NONE',  ( -6217.782872483720900, 306.1290385117165400, 0.0000000000000000000 ) ) ;
#5470 = CARTESIAN_POINT ( 'NONE',  ( -6218.732872483719800, 306.1790385117190000, 0.0000000000000000000 ) ) ;
#5471 =( NAMED_UNIT ( * ) SI_UNIT ( $, .STERADIAN. ) SOLID_ANGLE_UNIT ( ) );
#5472 = AXIS2_PLACEMENT_3D ( 'NONE', #7059, #3516, #2454 ) ;
#5473 =( GEOMETRIC_REPRESENTATION_CONTEXT ( 3 ) GLOBAL_UNCERTAINTY_ASSIGNED_CONTEXT ( ( #9878 ) ) GLOBAL_UNIT_ASSIGNED_CONTEXT ( ( #11382, #2838, #6403 ) ) REPRESENTATION_CONTEXT ( 'NONE', 'WORKASPACE' ) );
#5474 = ORIENTED_EDGE ( 'NONE', *, *, #1098, .F. ) ;
#5475 = ORIENTED_EDGE ( 'NONE', *, *, #2220, .F. ) ;
#5476 = EDGE_LOOP ( 'NONE', ( #1189, #4160, #11190, #1994 ) ) ;
#5477 = EDGE_CURVE ( 'NONE', #10659, #6371, #8254, .T. ) ;
#5478 = FILL_AREA_STYLE ('',( #916 ) ) ;
#5479 = CARTESIAN_POINT ( 'NONE',  ( -6220.832872483720200, 306.9637085284920200, 0.02000000000000000000 ) ) ;
#5480 = CARTESIAN_POINT ( 'NONE',  ( -6220.382872483720300, 306.6790385117190000, 0.4800000000000000400 ) ) ;
#5481 = CARTESIAN_POINT ( 'NONE',  ( -6220.382872483720300, 306.8290385117200000, 0.4800000000000000400 ) ) ;
#5482 = VECTOR ( 'NONE', #8267, 1000.000000000000000 ) ;
#5483 = SURFACE_SIDE_STYLE ('',( #1341 ) ) ;
#5484 = CARTESIAN_POINT ( 'NONE',  ( -6220.832872483720200, 306.7818249162197600, 0.5000000000000000000 ) ) ;
#5485 = ORIENTED_EDGE ( 'NONE', *, *, #4628, .F. ) ;
#5486 = ORIENTED_EDGE ( 'NONE', *, *, #5022, .F. ) ;
#5487 = AXIS2_PLACEMENT_3D ( 'NONE', #8225, #1056, #4644 ) ;
#5488 = VERTEX_POINT ( 'NONE', #7877 ) ;
#5489 = AXIS2_PLACEMENT_3D ( 'NONE', #5591, #9242, #8392 ) ;
#5490 = CARTESIAN_POINT ( 'NONE',  ( -6220.382872483720300, 306.8290385117210800, 0.4800000000000000400 ) ) ;
#5491 = VECTOR ( 'NONE', #8842, 1000.000000000000000 ) ;
#5492 = LINE ( 'NONE', #7254, #2401 ) ;
#5493 = CARTESIAN_POINT ( 'NONE',  ( -6220.532872483720000, 306.6790385117209900, 0.5000000000000000000 ) ) ;
#5494 =( LENGTH_UNIT ( ) NAMED_UNIT ( * ) SI_UNIT ( .MILLI., .METRE. ) );
#5495 = EDGE_LOOP ( 'NONE', ( #10499, #10816, #5486, #9150 ) ) ;
#5496 = DIRECTION ( 'NONE',  ( 0.0000000000000000000, -0.0000000000000000000, 1.000000000000000000 ) ) ;
#5497 = PRESENTATION_LAYER_ASSIGNMENT (  '', '', ( #3860 ) ) ;
#5498 =( GEOMETRIC_REPRESENTATION_CONTEXT ( 3 ) GLOBAL_UNCERTAINTY_ASSIGNED_CONTEXT ( ( #931 ) ) GLOBAL_UNIT_ASSIGNED_CONTEXT ( ( #4962, #559, #5902 ) ) REPRESENTATION_CONTEXT ( 'NONE', 'WORKASPACE' ) );
#5499 = AXIS2_PLACEMENT_3D ( 'NONE', #10272, #11159, #4036 ) ;
#5500 = EDGE_CURVE ( 'NONE', #8230, #6628, #4073, .T. ) ;
#5501 = PLANE ( 'NONE',  #4221 ) ;
#5502 = DIRECTION ( 'NONE',  ( 1.000000000000000000, 0.0000000000000000000, 0.0000000000000000000 ) ) ;
#5503 = FILL_AREA_STYLE ('',( #3603 ) ) ;
#5504 = ORIENTED_EDGE ( 'NONE', *, *, #2021, .T. ) ;
#5505 = ORIENTED_EDGE ( 'NONE', *, *, #1175, .F. ) ;
#5506 = SURFACE_STYLE_FILL_AREA ( #8562 ) ;
#5507 =( LENGTH_UNIT ( ) NAMED_UNIT ( * ) SI_UNIT ( .MILLI., .METRE. ) );
#5508 = EDGE_CURVE ( 'NONE', #5803, #3675, #2384, .T. ) ;
#5509 = ADVANCED_FACE ( 'NONE', ( #5605 ), #721, .T. ) ;
#5510 = UNCERTAINTY_MEASURE_WITH_UNIT (LENGTH_MEASURE( 1.000000000000000100E-005 ), #828, 'distance_accuracy_value', 'NONE');
#5511 =( LENGTH_UNIT ( ) NAMED_UNIT ( * ) SI_UNIT ( .MILLI., .METRE. ) );
#5512 = SURFACE_STYLE_USAGE ( .BOTH. , #7298 ) ;
#5513 = ORIENTED_EDGE ( 'NONE', *, *, #6126, .F. ) ;
#5514 = DIRECTION ( 'NONE',  ( -0.0000000000000000000, 1.000000000000000000, 0.0000000000000000000 ) ) ;
#5515 =( GEOMETRIC_REPRESENTATION_CONTEXT ( 3 ) GLOBAL_UNCERTAINTY_ASSIGNED_CONTEXT ( ( #10761 ) ) GLOBAL_UNIT_ASSIGNED_CONTEXT ( ( #2764, #5370, #8013 ) ) REPRESENTATION_CONTEXT ( 'NONE', 'WORKASPACE' ) );
#5516 = MECHANICAL_DESIGN_GEOMETRIC_PRESENTATION_REPRESENTATION (  '', ( #9093 ), #5292 ) ;
#5517 = DIRECTION ( 'NONE',  ( 0.0000000000000000000, 0.0000000000000000000, -1.000000000000000000 ) ) ;
#5518 = EDGE_CURVE ( 'NONE', #4697, #977, #1269, .T. ) ;
#5519 = ORIENTED_EDGE ( 'NONE', *, *, #7453, .F. ) ;
#5520 = FILL_AREA_STYLE_COLOUR ( '', #919 ) ;
#5521 = ADVANCED_FACE ( 'NONE', ( #6558 ), #4155, .T. ) ;
#5522 = DIRECTION ( 'NONE',  ( 1.000000000000000000, 0.0000000000000000000, -0.0000000000000000000 ) ) ;
#5523 = PRESENTATION_LAYER_ASSIGNMENT (  '', '', ( #8999 ) ) ;
#5524 = LINE ( 'NONE', #4693, #8449 ) ;
#5525 = EDGE_CURVE ( 'NONE', #3179, #7379, #9086, .T. ) ;
#5526 = COLOUR_RGB ( '',0.7921568627450980000, 0.8196078431372548800, 0.9333333333333333500 ) ;
#5527 = FILL_AREA_STYLE_COLOUR ( '', #7455 ) ;
#5528 = VERTEX_POINT ( 'NONE', #10487 ) ;
#5529 = VECTOR ( 'NONE', #7832, 1000.000000000000000 ) ;
#5530 = DIRECTION ( 'NONE',  ( 1.000000000000000000, 0.0000000000000000000, 0.0000000000000000000 ) ) ;
#5531 = VERTEX_POINT ( 'NONE', #9630 ) ;
#5532 = FILL_AREA_STYLE ('',( #2886 ) ) ;
#5533 = FILL_AREA_STYLE_COLOUR ( '', #2773 ) ;
#5534 = MECHANICAL_DESIGN_GEOMETRIC_PRESENTATION_REPRESENTATION (  '', ( #2540 ), #975 ) ;
#5535 = COLOUR_RGB ( '',0.7921568627450980000, 0.8196078431372548800, 0.9333333333333333500 ) ;
#5536 = SURFACE_STYLE_USAGE ( .BOTH. , #208 ) ;
#5537 = ORIENTED_EDGE ( 'NONE', *, *, #1689, .T. ) ;
#5538 = EDGE_CURVE ( 'NONE', #5009, #7474, #2680, .T. ) ;
#5539 = COLOUR_RGB ( '',0.7921568627450980000, 0.8196078431372548800, 0.9333333333333333500 ) ;
#5540 = CARTESIAN_POINT ( 'NONE',  ( -6220.532872483720000, 306.6790385117200200, 0.5000000000000000000 ) ) ;
#5541 = ORIENTED_EDGE ( 'NONE', *, *, #8571, .T. ) ;
#5542 = PLANE ( 'NONE',  #8417 ) ;
#5543 = CARTESIAN_POINT ( 'NONE',  ( -6220.532872483720000, 306.6790385117200200, 0.5000000000000000000 ) ) ;
#5544 = SURFACE_STYLE_FILL_AREA ( #5114 ) ;
#5545 = VECTOR ( 'NONE', #4009, 1000.000000000000000 ) ;
#5546 = VERTEX_POINT ( 'NONE', #2631 ) ;
#5547 = LINE ( 'NONE', #1157, #9998 ) ;
#5548 = VECTOR ( 'NONE', #287, 1000.000000000000000 ) ;
#5549 = ORIENTED_EDGE ( 'NONE', *, *, #4831, .F. ) ;
#5550 = MECHANICAL_DESIGN_GEOMETRIC_PRESENTATION_REPRESENTATION (  '', ( #4362 ), #6574 ) ;
#5551 =( NAMED_UNIT ( * ) SI_UNIT ( $, .STERADIAN. ) SOLID_ANGLE_UNIT ( ) );
#5552 = DIRECTION ( 'NONE',  ( -0.0000000000000000000, 1.000000000000000000, 0.0000000000000000000 ) ) ;
#5553 = SURFACE_SIDE_STYLE ('',( #1222 ) ) ;
#5554 =( GEOMETRIC_REPRESENTATION_CONTEXT ( 3 ) GLOBAL_UNCERTAINTY_ASSIGNED_CONTEXT ( ( #8776 ) ) GLOBAL_UNIT_ASSIGNED_CONTEXT ( ( #1611, #4984, #8937 ) ) REPRESENTATION_CONTEXT ( 'NONE', 'WORKASPACE' ) );
#5555 = VECTOR ( 'NONE', #853, 1000.000000000000000 ) ;
#5556 = FILL_AREA_STYLE_COLOUR ( '', #6343 ) ;
#5557 = DIRECTION ( 'NONE',  ( -9.094947017728610300E-012, 0.0000000000000000000, -1.000000000000000000 ) ) ;
#5558 = VERTEX_POINT ( 'NONE', #879 ) ;
#5559 = FACE_OUTER_BOUND ( 'NONE', #6750, .T. ) ;
#5560 = ORIENTED_EDGE ( 'NONE', *, *, #2613, .T. ) ;
#5561 = CARTESIAN_POINT ( 'NONE',  ( -6219.432737906850000, 307.1790385117200200, 0.0000000000000000000 ) ) ;
#5562 = CARTESIAN_POINT ( 'NONE',  ( -6218.132872483720300, 306.1790385117200200, 0.5000000000000000000 ) ) ;
#5563 =( LENGTH_UNIT ( ) NAMED_UNIT ( * ) SI_UNIT ( .MILLI., .METRE. ) );
#5564 = AXIS2_PLACEMENT_3D ( 'NONE', #4400, #3467, #7025 ) ;
#5565 = FACE_OUTER_BOUND ( 'NONE', #10216, .T. ) ;
#5566 = STYLED_ITEM ( 'NONE', ( #9526 ), #10475 ) ;
#5567 = DIRECTION ( 'NONE',  ( 0.0000000000000000000, 0.0000000000000000000, -1.000000000000000000 ) ) ;
#5568 = AXIS2_PLACEMENT_3D ( 'NONE', #5949, #4970, #9515 ) ;
#5569 = DIRECTION ( 'NONE',  ( 1.000000000000000000, -0.0000000000000000000, 0.0000000000000000000 ) ) ;
#5570 = ORIENTED_EDGE ( 'NONE', *, *, #3510, .F. ) ;
#5571 = PRESENTATION_STYLE_ASSIGNMENT (( #4328 ) ) ;
#5572 = CARTESIAN_POINT ( 'NONE',  ( -6220.637923509440000, 307.1790385117190000, 0.5000000000000000000 ) ) ;
#5573 = MECHANICAL_DESIGN_GEOMETRIC_PRESENTATION_REPRESENTATION (  '', ( #9146 ), #9512 ) ;
#5574 = PRESENTATION_STYLE_ASSIGNMENT (( #2414 ) ) ;
#5575 = ORIENTED_EDGE ( 'NONE', *, *, #8218, .F. ) ;
#5576 = FILL_AREA_STYLE_COLOUR ( '', #8758 ) ;
#5577 = ADVANCED_FACE ( 'NONE', ( #9766 ), #70, .T. ) ;
#5578 = DIRECTION ( 'NONE',  ( 0.0000000000000000000, -1.000000000000000000, 0.0000000000000000000 ) ) ;
#5579 = FILL_AREA_STYLE ('',( #4518 ) ) ;
#5580 = VECTOR ( 'NONE', #1406, 1000.000000000000000 ) ;
#5581 =( NAMED_UNIT ( * ) PLANE_ANGLE_UNIT ( ) SI_UNIT ( $, .RADIAN. ) );
#5582 = UNCERTAINTY_MEASURE_WITH_UNIT (LENGTH_MEASURE( 1.000000000000000100E-005 ), #5511, 'distance_accuracy_value', 'NONE');
#5583 = VERTEX_POINT ( 'NONE', #1498 ) ;
#5584 = SURFACE_SIDE_STYLE ('',( #1148 ) ) ;
#5585 = MECHANICAL_DESIGN_GEOMETRIC_PRESENTATION_REPRESENTATION (  '', ( #7206 ), #11500 ) ;
#5586 = VECTOR ( 'NONE', #3961, 1000.000000000000000 ) ;
#5587 = ORIENTED_EDGE ( 'NONE', *, *, #74, .T. ) ;
#5588 = STYLED_ITEM ( 'NONE', ( #4789 ), #4714 ) ;
#5589 = LINE ( 'NONE', #1161, #7799 ) ;
#5590 = CARTESIAN_POINT ( 'NONE',  ( -6220.532872483720000, 306.6790385117209900, 0.5000000000000000000 ) ) ;
#5591 = CARTESIAN_POINT ( 'NONE',  ( -6219.932872483719600, 306.8321758150600000, 0.0000000000000000000 ) ) ;
#5592 = VERTEX_POINT ( 'NONE', #838 ) ;
#5593 = DIRECTION ( 'NONE',  ( -1.000000000000000000, 1.887379141862840000E-014, -2.639666263348779900E-011 ) ) ;
#5594 = CARTESIAN_POINT ( 'NONE',  ( -6217.832872483720200, 306.7290385117199800, 0.0000000000000000000 ) ) ;
#5595 = SURFACE_STYLE_FILL_AREA ( #7811 ) ;
#5596 =( NAMED_UNIT ( * ) PLANE_ANGLE_UNIT ( ) SI_UNIT ( $, .RADIAN. ) );
#5597 =( NAMED_UNIT ( * ) SI_UNIT ( $, .STERADIAN. ) SOLID_ANGLE_UNIT ( ) );
#5598 = EDGE_LOOP ( 'NONE', ( #8422, #10718, #2974, #4826 ) ) ;
#5599 = DIRECTION ( 'NONE',  ( 1.000000000000000000, 0.0000000000000000000, -0.0000000000000000000 ) ) ;
#5600 = VERTEX_POINT ( 'NONE', #1771 ) ;
#5602 = VECTOR ( 'NONE', #2776, 1000.000000000000000 ) ;
#5601 =( LENGTH_UNIT ( ) NAMED_UNIT ( * ) SI_UNIT ( .MILLI., .METRE. ) );
#5603 = PRESENTATION_LAYER_ASSIGNMENT (  '', '', ( #5001 ) ) ;
#5604 = COLOUR_RGB ( '',0.7921568627450980000, 0.8196078431372548800, 0.9333333333333333500 ) ;
#5605 = FACE_OUTER_BOUND ( 'NONE', #310, .T. ) ;
#5606 = EDGE_CURVE ( 'NONE', #2846, #6546, #2369, .T. ) ;
#5607 = VERTEX_POINT ( 'NONE', #9710 ) ;
#5608 = MECHANICAL_DESIGN_GEOMETRIC_PRESENTATION_REPRESENTATION (  '', ( #3826 ), #6189 ) ;
#5609 = COLOUR_RGB ( '',0.7921568627450980000, 0.8196078431372548800, 0.9333333333333333500 ) ;
#5610 =( NAMED_UNIT ( * ) PLANE_ANGLE_UNIT ( ) SI_UNIT ( $, .RADIAN. ) );
#5611 = SURFACE_STYLE_FILL_AREA ( #8853 ) ;
#5612 = VECTOR ( 'NONE', #10803, 1000.000000000000000 ) ;
#5613 = PRESENTATION_STYLE_ASSIGNMENT (( #11185 ) ) ;
#5614 = CARTESIAN_POINT ( 'NONE',  ( -6220.832872483720200, 306.8321758150610200, 0.02000000000000000000 ) ) ;
#5615 = SURFACE_STYLE_USAGE ( .BOTH. , #3832 ) ;
#5616 = VERTEX_POINT ( 'NONE', #7916 ) ;
#5617 = DIRECTION ( 'NONE',  ( 1.000000000000000000, 7.972573434809300300E-024, -2.824407374646320000E-011 ) ) ;
#5618 = CARTESIAN_POINT ( 'NONE',  ( -6220.532872483720000, 306.6790385117200200, 0.4800000000000000400 ) ) ;
#5619 = VERTEX_POINT ( 'NONE', #4357 ) ;
#5620 = DIRECTION ( 'NONE',  ( -0.0000000000000000000, 1.000000000000000000, 0.0000000000000000000 ) ) ;
#5621 = VERTEX_POINT ( 'NONE', #4496 ) ;
#5622 = DIRECTION ( 'NONE',  ( -6.243894290491559700E-012, -0.0000000000000000000, -1.000000000000000000 ) ) ;
#5623 = STYLED_ITEM ( 'NONE', ( #913 ), #8885 ) ;
#5624 = LINE ( 'NONE', #9035, #5056 ) ;
#5625 = AXIS2_PLACEMENT_3D ( 'NONE', #3309, #7720, #8674 ) ;
#5626 = PRESENTATION_STYLE_ASSIGNMENT (( #8152 ) ) ;
#5627 = LINE ( 'NONE', #9126, #10328 ) ;
#5628 =( NAMED_UNIT ( * ) PLANE_ANGLE_UNIT ( ) SI_UNIT ( $, .RADIAN. ) );
#5629 =( NAMED_UNIT ( * ) PLANE_ANGLE_UNIT ( ) SI_UNIT ( $, .RADIAN. ) );
#5630 = VERTEX_POINT ( 'NONE', #7133 ) ;
#5631 = DIRECTION ( 'NONE',  ( -1.000000000000000000, -0.0000000000000000000, -0.0000000000000000000 ) ) ;
#5632 =( NAMED_UNIT ( * ) PLANE_ANGLE_UNIT ( ) SI_UNIT ( $, .RADIAN. ) );
#5633 = PRESENTATION_STYLE_ASSIGNMENT (( #6947 ) ) ;
#5634 = CARTESIAN_POINT ( 'NONE',  ( -6217.832872483720200, 306.7290385117200300, 0.0000000000000000000 ) ) ;
#5635 = ADVANCED_FACE ( 'NONE', ( #6698 ), #8000, .T. ) ;
#5636 = SURFACE_STYLE_USAGE ( .BOTH. , #7500 ) ;
#5637 = COLOUR_RGB ( '',0.7921568627450980000, 0.8196078431372548800, 0.9333333333333333500 ) ;
#5638 = MECHANICAL_DESIGN_GEOMETRIC_PRESENTATION_REPRESENTATION (  '', ( #7847 ), #6223 ) ;
#5639 = CARTESIAN_POINT ( 'NONE',  ( -6220.382872483720300, 306.6790385117209900, 0.5000000000000000000 ) ) ;
#5640 = ORIENTED_EDGE ( 'NONE', *, *, #2748, .F. ) ;
#5641 = PRESENTATION_LAYER_ASSIGNMENT (  '', '', ( #2046 ) ) ;
#5642 = SURFACE_SIDE_STYLE ('',( #9029 ) ) ;
#5643 = CARTESIAN_POINT ( 'NONE',  ( -6217.832872483720200, 306.5762521072200000, 0.0000000000000000000 ) ) ;
#5644 = FILL_AREA_STYLE_COLOUR ( '', #7530 ) ;
#5645 = LINE ( 'NONE', #9271, #3259 ) ;
#5646 = SURFACE_STYLE_FILL_AREA ( #10888 ) ;
#5647 = EDGE_LOOP ( 'NONE', ( #6528, #10208, #10176, #6884, #6454, #2321, #10767 ) ) ;
#5648 = PRESENTATION_STYLE_ASSIGNMENT (( #2162 ) ) ;
#5649 = ORIENTED_EDGE ( 'NONE', *, *, #11006, .F. ) ;
#5650 = PRESENTATION_LAYER_ASSIGNMENT (  '', '', ( #6021 ) ) ;
#5651 = MECHANICAL_DESIGN_GEOMETRIC_PRESENTATION_REPRESENTATION (  '', ( #4451 ), #11346 ) ;
#5652 =( NAMED_UNIT ( * ) PLANE_ANGLE_UNIT ( ) SI_UNIT ( $, .RADIAN. ) );
#5653 = STYLED_ITEM ( 'NONE', ( #1467 ), #4345 ) ;
#5654 = EDGE_CURVE ( 'NONE', #5101, #3652, #2246, .T. ) ;
#5655 = DIRECTION ( 'NONE',  ( -1.000000000000000000, 0.0000000000000000000, -0.0000000000000000000 ) ) ;
#5656 = LINE ( 'NONE', #4729, #7602 ) ;
#5657 = DIRECTION ( 'NONE',  ( -0.0000000000000000000, 1.000000000000000000, 0.0000000000000000000 ) ) ;
#5658 = COLOUR_RGB ( '',0.7921568627450980000, 0.8196078431372548800, 0.9333333333333333500 ) ;
#5659 = UNCERTAINTY_MEASURE_WITH_UNIT (LENGTH_MEASURE( 1.000000000000000100E-005 ), #10632, 'distance_accuracy_value', 'NONE');
#5660 = VERTEX_POINT ( 'NONE', #4461 ) ;
#5661 = FACE_OUTER_BOUND ( 'NONE', #6891, .T. ) ;
#5662 = CARTESIAN_POINT ( 'NONE',  ( -6218.282872483720000, 306.1790385117200200, 0.5000000000000000000 ) ) ;
#5663 = ORIENTED_EDGE ( 'NONE', *, *, #8698, .F. ) ;
#5664 = EDGE_CURVE ( 'NONE', #9848, #1045, #7801, .T. ) ;
#5665 = EDGE_CURVE ( 'NONE', #7630, #1627, #5029, .T. ) ;
#5666 = CARTESIAN_POINT ( 'NONE',  ( -6218.392872483719700, 307.0721758150600100, 0.02000000000000000000 ) ) ;
#5667 = DIRECTION ( 'NONE',  ( 0.0000000000000000000, 1.000000000000000000, -4.015563601695903800E-016 ) ) ;
#5668 = PLANE ( 'NONE',  #7694 ) ;
#5669 = STYLED_ITEM ( 'NONE', ( #8646 ), #5207 ) ;
#5670 = SURFACE_STYLE_USAGE ( .BOTH. , #3812 ) ;
#5671 = ORIENTED_EDGE ( 'NONE', *, *, #242, .T. ) ;
#5672 = CARTESIAN_POINT ( 'NONE',  ( -6220.532872483720000, 306.8290385117210800, 0.4800000000000000400 ) ) ;
#5673 = SURFACE_STYLE_USAGE ( .BOTH. , #1185 ) ;
#5674 =( GEOMETRIC_REPRESENTATION_CONTEXT ( 3 ) GLOBAL_UNCERTAINTY_ASSIGNED_CONTEXT ( ( #8355 ) ) GLOBAL_UNIT_ASSIGNED_CONTEXT ( ( #8460, #5824, #7681 ) ) REPRESENTATION_CONTEXT ( 'NONE', 'WORKASPACE' ) );
#5675 = EDGE_LOOP ( 'NONE', ( #6475, #4651, #5519, #3893 ) ) ;
#5676 = EDGE_CURVE ( 'NONE', #260, #4250, #2667, .T. ) ;
#5677 = LINE ( 'NONE', #6953, #2902 ) ;
#5678 =( NAMED_UNIT ( * ) SI_UNIT ( $, .STERADIAN. ) SOLID_ANGLE_UNIT ( ) );
#5679 = LINE ( 'NONE', #246, #4976 ) ;
#5680 = PLANE ( 'NONE',  #9626 ) ;
#5681 = VECTOR ( 'NONE', #1060, 1000.000000000000000 ) ;
#5682 = SURFACE_STYLE_USAGE ( .BOTH. , #5642 ) ;
#5683 = ORIENTED_EDGE ( 'NONE', *, *, #6697, .F. ) ;
#5684 =( NAMED_UNIT ( * ) SI_UNIT ( $, .STERADIAN. ) SOLID_ANGLE_UNIT ( ) );
#5685 = CARTESIAN_POINT ( 'NONE',  ( -6220.382872483720300, 306.8290385117210800, 0.4800000000000000400 ) ) ;
#5686 = ORIENTED_EDGE ( 'NONE', *, *, #10261, .F. ) ;
#5688 = DIRECTION ( 'NONE',  ( 1.000000000000000000, 0.0000000000000000000, 0.0000000000000000000 ) ) ;
#5687 = MECHANICAL_DESIGN_GEOMETRIC_PRESENTATION_REPRESENTATION (  '', ( #3525 ), #9924 ) ;
#5689 = COLOUR_RGB ( '',0.7921568627450980000, 0.8196078431372548800, 0.9333333333333333500 ) ;
#5690 = ADVANCED_FACE ( 'NONE', ( #6955 ), #9748, .T. ) ;
#5691 = FILL_AREA_STYLE ('',( #3116 ) ) ;
#5692 = DIRECTION ( 'NONE',  ( 2.717825964282370000E-011, -0.0000000000000000000, -1.000000000000000000 ) ) ;
#5693 = PRESENTATION_STYLE_ASSIGNMENT (( #3203 ) ) ;
#5694 = AXIS2_PLACEMENT_3D ( 'NONE', #2551, #3692, #9946 ) ;
#5695 = VERTEX_POINT ( 'NONE', #3572 ) ;
#5696 =( NAMED_UNIT ( * ) SI_UNIT ( $, .STERADIAN. ) SOLID_ANGLE_UNIT ( ) );
#5697 = DIRECTION ( 'NONE',  ( 0.0000000000000000000, -0.0000000000000000000, 1.000000000000000000 ) ) ;
#5698 = VECTOR ( 'NONE', #5368, 1000.000000000000000 ) ;
#5699 =( NAMED_UNIT ( * ) PLANE_ANGLE_UNIT ( ) SI_UNIT ( $, .RADIAN. ) );
#5700 = ORIENTED_EDGE ( 'NONE', *, *, #10268, .F. ) ;
#5701 =( NAMED_UNIT ( * ) PLANE_ANGLE_UNIT ( ) SI_UNIT ( $, .RADIAN. ) );
#5702 = LINE ( 'NONE', #91, #3313 ) ;
#5703 = DIRECTION ( 'NONE',  ( -6.243894290491639700E-012, 0.0000000000000000000, -1.000000000000000000 ) ) ;
#5704 = VERTEX_POINT ( 'NONE', #3690 ) ;
#5705 = COLOUR_RGB ( '',0.7921568627450980000, 0.8196078431372548800, 0.9333333333333333500 ) ;
#5706 = CARTESIAN_POINT ( 'NONE',  ( -6220.382872483720300, 306.6790385117209900, 0.5000000000000000000 ) ) ;
#5707 = MECHANICAL_DESIGN_GEOMETRIC_PRESENTATION_REPRESENTATION (  '', ( #9646 ), #480 ) ;
#5708 = FILL_AREA_STYLE ('',( #2079 ) ) ;
#5709 = ORIENTED_EDGE ( 'NONE', *, *, #8194, .T. ) ;
#5710 = PRESENTATION_LAYER_ASSIGNMENT (  '', '', ( #1742 ) ) ;
#5711 =( NAMED_UNIT ( * ) PLANE_ANGLE_UNIT ( ) SI_UNIT ( $, .RADIAN. ) );
#5712 = LINE ( 'NONE', #4939, #4046 ) ;
#5713 = CLOSED_SHELL ( 'NONE', ( #6092, #2839, #9469, #5157, #7897, #5207, #3939, #7721, #5809, #6875, #7127, #8934, #4352, #1526, #11140, #2586, #1237, #1014, #4393, #8824, #2707, #8259 ) ) ;
#5714 = LINE ( 'NONE', #6842, #4319 ) ;
#5715 = FILL_AREA_STYLE ('',( #8542 ) ) ;
#5716 = SURFACE_STYLE_FILL_AREA ( #8098 ) ;
#5717 = SURFACE_SIDE_STYLE ('',( #1215 ) ) ;
#5718 = ORIENTED_EDGE ( 'NONE', *, *, #5814, .F. ) ;
#5719 =( GEOMETRIC_REPRESENTATION_CONTEXT ( 3 ) GLOBAL_UNCERTAINTY_ASSIGNED_CONTEXT ( ( #6303 ) ) GLOBAL_UNIT_ASSIGNED_CONTEXT ( ( #8983, #2729, #974 ) ) REPRESENTATION_CONTEXT ( 'NONE', 'WORKASPACE' ) );
#5720 = FILL_AREA_STYLE ('',( #1096 ) ) ;
#5721 = STYLED_ITEM ( 'NONE', ( #531 ), #3496 ) ;
#5722 = DIRECTION ( 'NONE',  ( -0.0000000000000000000, -0.0000000000000000000, -1.000000000000000000 ) ) ;
#5723 = UNCERTAINTY_MEASURE_WITH_UNIT (LENGTH_MEASURE( 1.000000000000000100E-005 ), #10906, 'distance_accuracy_value', 'NONE');
#5724 = PLANE ( 'NONE',  #200 ) ;
#5725 = ORIENTED_EDGE ( 'NONE', *, *, #4256, .F. ) ;
#5726 = CARTESIAN_POINT ( 'NONE',  ( -6218.332872483720200, 306.6190385117200200, 0.4800000000000000400 ) ) ;
#5727 = UNCERTAINTY_MEASURE_WITH_UNIT (LENGTH_MEASURE( 1.000000000000000100E-005 ), #3067, 'distance_accuracy_value', 'NONE');
#5728 = ORIENTED_EDGE ( 'NONE', *, *, #3332, .T. ) ;
#5729 = DIRECTION ( 'NONE',  ( 1.000000000000000000, 0.0000000000000000000, 0.0000000000000000000 ) ) ;
#5730 =( NAMED_UNIT ( * ) SI_UNIT ( $, .STERADIAN. ) SOLID_ANGLE_UNIT ( ) );
#5731 = CARTESIAN_POINT ( 'NONE',  ( -6220.435658888220100, 307.1790385117190000, 0.01999999999999999700 ) ) ;
#5732 = FILL_AREA_STYLE ('',( #1243 ) ) ;
#5733 = EDGE_CURVE ( 'NONE', #6308, #5630, #7261, .T. ) ;
#5734 =( LENGTH_UNIT ( ) NAMED_UNIT ( * ) SI_UNIT ( .MILLI., .METRE. ) );
#5735 = ORIENTED_EDGE ( 'NONE', *, *, #3715, .T. ) ;
#5736 = COLOUR_RGB ( '',0.7921568627450980000, 0.8196078431372548800, 0.9333333333333333500 ) ;
#5737 = VERTEX_POINT ( 'NONE', #1035 ) ;
#5738 = CIRCLE ( 'NONE', #10778, 0.4500000000033921300 ) ;
#5739 = DIRECTION ( 'NONE',  ( -0.0000000000000000000, -0.0000000000000000000, -1.000000000000000000 ) ) ;
#5740 = MECHANICAL_DESIGN_GEOMETRIC_PRESENTATION_REPRESENTATION (  '', ( #9974 ), #802 ) ;
#5741 = EDGE_CURVE ( 'NONE', #1304, #7888, #1687, .T. ) ;
#5742 = LINE ( 'NONE', #7607, #3355 ) ;
#5743 =( NAMED_UNIT ( * ) PLANE_ANGLE_UNIT ( ) SI_UNIT ( $, .RADIAN. ) );
#5744 = VERTEX_POINT ( 'NONE', #10725 ) ;
#5745 =( LENGTH_UNIT ( ) NAMED_UNIT ( * ) SI_UNIT ( .MILLI., .METRE. ) );
#5746 =( LENGTH_UNIT ( ) NAMED_UNIT ( * ) SI_UNIT ( .MILLI., .METRE. ) );
#5747 = DIRECTION ( 'NONE',  ( -1.000000000000000000, 0.0000000000000000000, 0.0000000000000000000 ) ) ;
#5748 = VECTOR ( 'NONE', #5175, 1000.000000000000000 ) ;
#5749 = FILL_AREA_STYLE_COLOUR ( '', #9709 ) ;
#5750 = PRESENTATION_STYLE_ASSIGNMENT (( #3651 ) ) ;
#5751 = DIRECTION ( 'NONE',  ( 0.0000000000000000000, -0.0000000000000000000, -1.000000000000000000 ) ) ;
#5752 = ADVANCED_FACE ( 'NONE', ( #8779 ), #4576, .T. ) ;
#5753 = CARTESIAN_POINT ( 'NONE',  ( -6220.882872483721300, 306.1290385117168900, 0.02000000000000000000 ) ) ;
#5754 = VERTEX_POINT ( 'NONE', #5442 ) ;
#5755 = LINE ( 'NONE', #6578, #9497 ) ;
#5756 = ORIENTED_EDGE ( 'NONE', *, *, #10787, .F. ) ;
#5757 = DIRECTION ( 'NONE',  ( -1.000000000000000000, -0.0000000000000000000, -0.0000000000000000000 ) ) ;
#5758 =( NAMED_UNIT ( * ) PLANE_ANGLE_UNIT ( ) SI_UNIT ( $, .RADIAN. ) );
#5759 = CARTESIAN_POINT ( 'NONE',  ( -6220.500255099210300, 306.9921758150609900, 0.0000000000000000000 ) ) ;
#5760 = AXIS2_PLACEMENT_3D ( 'NONE', #5330, #967, #8901 ) ;
#5761 = CIRCLE ( 'NONE', #11070, 0.2700000000093183400 ) ;
#5763 = EDGE_CURVE ( 'NONE', #329, #3818, #10980, .T. ) ;
#5762 = DIRECTION ( 'NONE',  ( 0.0000000000000000000, 0.0000000000000000000, -1.000000000000000000 ) ) ;
#5764 = SURFACE_SIDE_STYLE ('',( #6273 ) ) ;
#5765 = VERTEX_POINT ( 'NONE', #9984 ) ;
#5766 = SURFACE_STYLE_FILL_AREA ( #9088 ) ;
#5767 =( NAMED_UNIT ( * ) PLANE_ANGLE_UNIT ( ) SI_UNIT ( $, .RADIAN. ) );
#5768 = EDGE_LOOP ( 'NONE', ( #3698, #8617, #10588, #4528 ) ) ;
#5769 = ORIENTED_EDGE ( 'NONE', *, *, #4103, .T. ) ;
#5770 = DIRECTION ( 'NONE',  ( -1.000000000000000000, -0.0000000000000000000, -0.0000000000000000000 ) ) ;
#5771 = VECTOR ( 'NONE', #9620, 1000.000000000000000 ) ;
#5772 =( LENGTH_UNIT ( ) NAMED_UNIT ( * ) SI_UNIT ( .MILLI., .METRE. ) );
#5773 = PRESENTATION_STYLE_ASSIGNMENT (( #10711 ) ) ;
#5774 =( NAMED_UNIT ( * ) PLANE_ANGLE_UNIT ( ) SI_UNIT ( $, .RADIAN. ) );
#5775 = ORIENTED_EDGE ( 'NONE', *, *, #8860, .T. ) ;
#5776 =( LENGTH_UNIT ( ) NAMED_UNIT ( * ) SI_UNIT ( .MILLI., .METRE. ) );
#5777 = AXIS2_PLACEMENT_3D ( 'NONE', #8108, #10991, #7117 ) ;
#5778 = VERTEX_POINT ( 'NONE', #3774 ) ;
#5779 = MECHANICAL_DESIGN_GEOMETRIC_PRESENTATION_REPRESENTATION (  '', ( #7411 ), #999 ) ;
#5780 = FACE_OUTER_BOUND ( 'NONE', #7080, .T. ) ;
#5781 = VERTEX_POINT ( 'NONE', #2872 ) ;
#5782 =( NAMED_UNIT ( * ) PLANE_ANGLE_UNIT ( ) SI_UNIT ( $, .RADIAN. ) );
#5783 = CARTESIAN_POINT ( 'NONE',  ( -6218.632872483720300, 307.0721758150600100, 0.02000000000000000000 ) ) ;
#5784 = ORIENTED_EDGE ( 'NONE', *, *, #1240, .F. ) ;
#5785 = DIRECTION ( 'NONE',  ( 8.526008663628240100E-025, 1.000000000000000000, -2.338424099093922300E-035 ) ) ;
#5786 = SURFACE_STYLE_FILL_AREA ( #8273 ) ;
#5787 = UNCERTAINTY_MEASURE_WITH_UNIT (LENGTH_MEASURE( 1.000000000000000100E-005 ), #11103, 'distance_accuracy_value', 'NONE');
#5788 =( GEOMETRIC_REPRESENTATION_CONTEXT ( 3 ) GLOBAL_UNCERTAINTY_ASSIGNED_CONTEXT ( ( #3351 ) ) GLOBAL_UNIT_ASSIGNED_CONTEXT ( ( #409, #2121, #2202 ) ) REPRESENTATION_CONTEXT ( 'NONE', 'WORKASPACE' ) );
#5789 = STYLED_ITEM ( 'NONE', ( #4329 ), #3115 ) ;
#5790 = LINE ( 'NONE', #6405, #2422 ) ;
#5791 = FACE_OUTER_BOUND ( 'NONE', #11308, .T. ) ;
#5792 = COLOUR_RGB ( '',0.7921568627450980000, 0.8196078431372548800, 0.9333333333333333500 ) ;
#5793 = CARTESIAN_POINT ( 'NONE',  ( -6220.532872483720000, 306.8290385117210800, 0.4800000000000000400 ) ) ;
#5794 = PRESENTATION_LAYER_ASSIGNMENT (  '', '', ( #3563 ) ) ;
#5795 = ORIENTED_EDGE ( 'NONE', *, *, #10457, .F. ) ;
#5796 = UNCERTAINTY_MEASURE_WITH_UNIT (LENGTH_MEASURE( 1.000000000000000100E-005 ), #6890, 'distance_accuracy_value', 'NONE');
#5797 = DIRECTION ( 'NONE',  ( 0.0000000000000000000, 0.0000000000000000000, -1.000000000000000000 ) ) ;
#5798 = SURFACE_STYLE_USAGE ( .BOTH. , #5717 ) ;
#5799 = ORIENTED_EDGE ( 'NONE', *, *, #6243, .T. ) ;
#5800 = DIRECTION ( 'NONE',  ( 1.000000000000000000, 0.0000000000000000000, -0.0000000000000000000 ) ) ;
#5801 = EDGE_CURVE ( 'NONE', #5583, #1653, #7935, .T. ) ;
#5802 =( NAMED_UNIT ( * ) SI_UNIT ( $, .STERADIAN. ) SOLID_ANGLE_UNIT ( ) );
#5803 = VERTEX_POINT ( 'NONE', #7260 ) ;
#5804 = DIRECTION ( 'NONE',  ( 1.000000000000000000, 0.0000000000000000000, 0.0000000000000000000 ) ) ;
#5805 = LINE ( 'NONE', #7051, #8704 ) ;
#5806 = UNCERTAINTY_MEASURE_WITH_UNIT (LENGTH_MEASURE( 1.000000000000000100E-005 ), #144, 'distance_accuracy_value', 'NONE');
#5807 = PRESENTATION_LAYER_ASSIGNMENT (  '', '', ( #2820 ) ) ;
#5808 = EDGE_LOOP ( 'NONE', ( #5140, #1592, #7920, #11213 ) ) ;
#5809 = ADVANCED_FACE ( 'NONE', ( #10164 ), #8202, .T. ) ;
#5810 =( GEOMETRIC_REPRESENTATION_CONTEXT ( 3 ) GLOBAL_UNCERTAINTY_ASSIGNED_CONTEXT ( ( #7519 ) ) GLOBAL_UNIT_ASSIGNED_CONTEXT ( ( #657, #5962, #5886 ) ) REPRESENTATION_CONTEXT ( 'NONE', 'WORKASPACE' ) );
#5811 = VECTOR ( 'NONE', #2796, 1000.000000000000000 ) ;
#5812 = DIRECTION ( 'NONE',  ( 1.000000000000000000, 0.0000000000000000000, 0.0000000000000000000 ) ) ;
#5813 = MECHANICAL_DESIGN_GEOMETRIC_PRESENTATION_REPRESENTATION (  '', ( #3409 ), #9442 ) ;
#5814 = EDGE_CURVE ( 'NONE', #4069, #845, #6133, .T. ) ;
#5815 = UNCERTAINTY_MEASURE_WITH_UNIT (LENGTH_MEASURE( 1.000000000000000100E-005 ), #511, 'distance_accuracy_value', 'NONE');
#5816 = VERTEX_POINT ( 'NONE', #3655 ) ;
#5817 = LINE ( 'NONE', #7089, #8716 ) ;
#5818 = DIRECTION ( 'NONE',  ( 0.0000000000000000000, 0.0000000000000000000, 1.000000000000000000 ) ) ;
#5819 = VECTOR ( 'NONE', #7731, 1000.000000000000000 ) ;
#5820 = LINE ( 'NONE', #217, #5403 ) ;
#5821 = CARTESIAN_POINT ( 'NONE',  ( -6220.532872483720000, 306.8290385117210800, 0.4800000000000000400 ) ) ;
#5822 = ORIENTED_EDGE ( 'NONE', *, *, #9018, .F. ) ;
#5823 = CARTESIAN_POINT ( 'NONE',  ( -6220.588084424261100, 306.4690385117199900, 0.4800000000000001500 ) ) ;
#5824 =( NAMED_UNIT ( * ) PLANE_ANGLE_UNIT ( ) SI_UNIT ( $, .RADIAN. ) );
#5825 = EDGE_CURVE ( 'NONE', #3775, #4108, #6689, .T. ) ;
#5826 = ORIENTED_EDGE ( 'NONE', *, *, #8418, .T. ) ;
#5827 = SURFACE_SIDE_STYLE ('',( #1798 ) ) ;
#5828 = DIRECTION ( 'NONE',  ( 1.000000000000000000, -7.130592608383149400E-024, -6.199485369506210100E-012 ) ) ;
#5829 = SURFACE_SIDE_STYLE ('',( #7 ) ) ;
#5830 =( NAMED_UNIT ( * ) PLANE_ANGLE_UNIT ( ) SI_UNIT ( $, .RADIAN. ) );
#5831 = EDGE_CURVE ( 'NONE', #10245, #6328, #5864, .T. ) ;
#5832 = SURFACE_STYLE_FILL_AREA ( #7616 ) ;
#5833 = STYLED_ITEM ( 'NONE', ( #1391 ), #8074 ) ;
#5834 = LINE ( 'NONE', #11371, #1212 ) ;
#5835 = ORIENTED_EDGE ( 'NONE', *, *, #2683, .F. ) ;
#5836 = EDGE_CURVE ( 'NONE', #5038, #1378, #10545, .T. ) ;
#5837 = AXIS2_PLACEMENT_3D ( 'NONE', #8555, #7736, #8587 ) ;
#5838 = VECTOR ( 'NONE', #199, 1000.000000000000000 ) ;
#5839 = EDGE_LOOP ( 'NONE', ( #9196, #7967, #7728, #6973 ) ) ;
#5840 =( LENGTH_UNIT ( ) NAMED_UNIT ( * ) SI_UNIT ( .MILLI., .METRE. ) );
#5841 = DIRECTION ( 'NONE',  ( -1.000000000000000000, -0.0000000000000000000, 0.0000000000000000000 ) ) ;
#5842 = CARTESIAN_POINT ( 'NONE',  ( -6220.532872483720000, 306.8290385117210800, 0.4800000000000000400 ) ) ;
#5843 = VECTOR ( 'NONE', #7175, 1000.000000000000000 ) ;
#5844 = SURFACE_SIDE_STYLE ('',( #6128 ) ) ;
#5845 = EDGE_LOOP ( 'NONE', ( #6452, #7323, #6781, #6847 ) ) ;
#5846 =( LENGTH_UNIT ( ) NAMED_UNIT ( * ) SI_UNIT ( .MILLI., .METRE. ) );
#5847 = ORIENTED_EDGE ( 'NONE', *, *, #11432, .F. ) ;
#5848 = MECHANICAL_DESIGN_GEOMETRIC_PRESENTATION_REPRESENTATION (  '', ( #9632 ), #11021 ) ;
#5849 = CARTESIAN_POINT ( 'NONE',  ( -6217.832872483720200, 306.3739874859970200, 0.0000000000000000000 ) ) ;
#5850 = EDGE_CURVE ( 'NONE', #8916, #11045, #8232, .T. ) ;
#5851 =( NAMED_UNIT ( * ) SI_UNIT ( $, .STERADIAN. ) SOLID_ANGLE_UNIT ( ) );
#5852 = LINE ( 'NONE', #11057, #5427 ) ;
#5853 = SURFACE_STYLE_FILL_AREA ( #5927 ) ;
#5854 = PLANE ( 'NONE',  #9941 ) ;
#5855 = ORIENTED_EDGE ( 'NONE', *, *, #5213, .F. ) ;
#5856 = LINE ( 'NONE', #9696, #4327 ) ;
#5857 = FILL_AREA_STYLE ('',( #7683 ) ) ;
#5858 = AXIS2_PLACEMENT_3D ( 'NONE', #8753, #4337, #7781 ) ;
#5859 = DIRECTION ( 'NONE',  ( 0.0000000000000000000, 0.0000000000000000000, 1.000000000000000000 ) ) ;
#5860 = CARTESIAN_POINT ( 'NONE',  ( -6217.832872483720200, 306.9637085284920200, 0.0000000000000000000 ) ) ;
#5861 = CARTESIAN_POINT ( 'NONE',  ( -6220.532872483720000, 306.8290385117210800, 0.5000000000000000000 ) ) ;
#5862 = AXIS2_PLACEMENT_3D ( 'NONE', #747, #5033, #6912 ) ;
#5863 = PRESENTATION_STYLE_ASSIGNMENT (( #11442 ) ) ;
#5864 = LINE ( 'NONE', #10880, #8505 ) ;
#5865 = CARTESIAN_POINT ( 'NONE',  ( -6219.232872483719800, 306.1790385117200200, 0.0000000000000000000 ) ) ;
#5866 = ADVANCED_FACE ( 'NONE', ( #3487 ), #2114, .T. ) ;
#5867 = SURFACE_SIDE_STYLE ('',( #2010 ) ) ;
#5868 = ORIENTED_EDGE ( 'NONE', *, *, #242, .F. ) ;
#5869 = VECTOR ( 'NONE', #4997, 1000.000000000000000 ) ;
#5870 = UNCERTAINTY_MEASURE_WITH_UNIT (LENGTH_MEASURE( 1.000000000000000100E-005 ), #1335, 'distance_accuracy_value', 'NONE');
#5871 = DIRECTION ( 'NONE',  ( -1.000000000000000000, 0.0000000000000000000, -0.0000000000000000000 ) ) ;
#5872 = EDGE_LOOP ( 'NONE', ( #1751, #10810, #4952, #5756, #4006, #10917 ) ) ;
#5873 = LINE ( 'NONE', #2131, #5168 ) ;
#5874 =( GEOMETRIC_REPRESENTATION_CONTEXT ( 3 ) GLOBAL_UNCERTAINTY_ASSIGNED_CONTEXT ( ( #1651 ) ) GLOBAL_UNIT_ASSIGNED_CONTEXT ( ( #966, #2802, #10777 ) ) REPRESENTATION_CONTEXT ( 'NONE', 'WORKASPACE' ) );
#5875 = PRESENTATION_STYLE_ASSIGNMENT (( #9092 ) ) ;
#5876 = STYLED_ITEM ( 'NONE', ( #8405 ), #10849 ) ;
#5877 = SURFACE_SIDE_STYLE ('',( #3220 ) ) ;
#5878 = ORIENTED_EDGE ( 'NONE', *, *, #10256, .T. ) ;
#5879 = STYLED_ITEM ( 'NONE', ( #9830 ), #4224 ) ;
#5880 = FILL_AREA_STYLE ('',( #7759 ) ) ;
#5881 = ORIENTED_EDGE ( 'NONE', *, *, #9965, .T. ) ;
#5882 = DIRECTION ( 'NONE',  ( -1.880717803723720000E-012, 1.000000000000000000, 0.0000000000000000000 ) ) ;
#5883 = CARTESIAN_POINT ( 'NONE',  ( -6220.588084424260200, 306.4690385117205000, 0.5000000000000001100 ) ) ;
#5884 = ORIENTED_EDGE ( 'NONE', *, *, #2908, .F. ) ;
#5885 = EDGE_CURVE ( 'NONE', #5660, #1343, #7669, .T. ) ;
#5886 =( NAMED_UNIT ( * ) SI_UNIT ( $, .STERADIAN. ) SOLID_ANGLE_UNIT ( ) );
#5887 = FACE_OUTER_BOUND ( 'NONE', #11088, .T. ) ;
#5888 = FILL_AREA_STYLE ('',( #9312 ) ) ;
#5889 = STYLED_ITEM ( 'NONE', ( #6179 ), #4860 ) ;
#5890 = EDGE_CURVE ( 'NONE', #8898, #5120, #697, .T. ) ;
#5891 = CARTESIAN_POINT ( 'NONE',  ( -6219.532872483720000, 306.1790385117200200, 0.02000000000000000000 ) ) ;
#5893 = AXIS2_PLACEMENT_3D ( 'NONE', #8115, #1886, #10717 ) ;
#5892 = CARTESIAN_POINT ( 'NONE',  ( -6218.230086079220200, 306.1790385117200200, 0.5000000000000000000 ) ) ;
#5894 = VERTEX_POINT ( 'NONE', #300 ) ;
#5895 = COLOUR_RGB ( '',0.7921568627450980000, 0.8196078431372548800, 0.9333333333333333500 ) ;
#5896 = ORIENTED_EDGE ( 'NONE', *, *, #5957, .T. ) ;
#5897 =( LENGTH_UNIT ( ) NAMED_UNIT ( * ) SI_UNIT ( .MILLI., .METRE. ) );
#5898 = EDGE_CURVE ( 'NONE', #8019, #10010, #2803, .T. ) ;
#5899 = CARTESIAN_POINT ( 'NONE',  ( -6219.232872483719800, 306.1790385117200200, 0.5000000000000000000 ) ) ;
#5900 = SURFACE_STYLE_USAGE ( .BOTH. , #7687 ) ;
#5901 =( NAMED_UNIT ( * ) SI_UNIT ( $, .STERADIAN. ) SOLID_ANGLE_UNIT ( ) );
#5902 =( NAMED_UNIT ( * ) SI_UNIT ( $, .STERADIAN. ) SOLID_ANGLE_UNIT ( ) );
#5903 = LINE ( 'NONE', #987, #9506 ) ;
#5904 = EDGE_LOOP ( 'NONE', ( #392, #905, #10417, #10616, #8807, #8590, #3216 ) ) ;
#5905 = VECTOR ( 'NONE', #4191, 1000.000000000000000 ) ;
#5906 = DIRECTION ( 'NONE',  ( -1.000000000000000000, -0.0000000000000000000, 0.0000000000000000000 ) ) ;
#5907 = PRESENTATION_LAYER_ASSIGNMENT (  '', '', ( #4550 ) ) ;
#5908 = ORIENTED_EDGE ( 'NONE', *, *, #6635, .F. ) ;
#5909 =( LENGTH_UNIT ( ) NAMED_UNIT ( * ) SI_UNIT ( .MILLI., .METRE. ) );
#5910 =( GEOMETRIC_REPRESENTATION_CONTEXT ( 3 ) GLOBAL_UNCERTAINTY_ASSIGNED_CONTEXT ( ( #7838 ) ) GLOBAL_UNIT_ASSIGNED_CONTEXT ( ( #10391, #5099, #11286 ) ) REPRESENTATION_CONTEXT ( 'NONE', 'WORKASPACE' ) );
#5911 = DIRECTION ( 'NONE',  ( -4.547473508864640400E-012, 0.0000000000000000000, 1.000000000000000000 ) ) ;
#5912 =( NAMED_UNIT ( * ) PLANE_ANGLE_UNIT ( ) SI_UNIT ( $, .RADIAN. ) );
#5913 = STYLED_ITEM ( 'NONE', ( #8744 ), #486 ) ;
#5914 = COLOUR_RGB ( '',0.7921568627450980000, 0.8196078431372548800, 0.9333333333333333500 ) ;
#5915 = FILL_AREA_STYLE_COLOUR ( '', #4967 ) ;
#5916 = VECTOR ( 'NONE', #6594, 1000.000000000000000 ) ;
#5917 = ORIENTED_EDGE ( 'NONE', *, *, #6265, .T. ) ;
#5918 = ADVANCED_FACE ( 'NONE', ( #159 ), #8310, .T. ) ;
#5919 =( LENGTH_UNIT ( ) NAMED_UNIT ( * ) SI_UNIT ( .MILLI., .METRE. ) );
#5920 = CARTESIAN_POINT ( 'NONE',  ( -6220.832872483720200, 306.6190385117200200, 0.4800000000000000400 ) ) ;
#5921 = VECTOR ( 'NONE', #6569, 1000.000000000000000 ) ;
#5922 = CARTESIAN_POINT ( 'NONE',  ( -6220.532872483720000, 306.8290385117210800, 0.5000000000000000000 ) ) ;
#5923 = FILL_AREA_STYLE_COLOUR ( '', #4485 ) ;
#5924 = ORIENTED_EDGE ( 'NONE', *, *, #5225, .F. ) ;
#5925 =( NAMED_UNIT ( * ) SI_UNIT ( $, .STERADIAN. ) SOLID_ANGLE_UNIT ( ) );
#5926 = ORIENTED_EDGE ( 'NONE', *, *, #8554, .F. ) ;
#5927 = FILL_AREA_STYLE ('',( #3228 ) ) ;
#5928 = DIRECTION ( 'NONE',  ( -9.094947017728610300E-012, 0.0000000000000000000, -1.000000000000000000 ) ) ;
#5929 = UNCERTAINTY_MEASURE_WITH_UNIT (LENGTH_MEASURE( 1.000000000000000100E-005 ), #3201, 'distance_accuracy_value', 'NONE');
#5930 =( NAMED_UNIT ( * ) SI_UNIT ( $, .STERADIAN. ) SOLID_ANGLE_UNIT ( ) );
#5931 = DIRECTION ( 'NONE',  ( 3.606920118125129800E-026, 1.000000000000000000, 1.609823385559750100E-014 ) ) ;
#5932 = COLOUR_RGB ( '',0.7921568627450980000, 0.8196078431372548800, 0.9333333333333333500 ) ;
#5933 = VECTOR ( 'NONE', #1720, 1000.000000000000000 ) ;
#5934 = CARTESIAN_POINT ( 'NONE',  ( -6220.532872483720000, 306.8290385117210800, 0.4800000000000000400 ) ) ;
#5935 = DIRECTION ( 'NONE',  ( 0.0000000000000000000, -0.0000000000000000000, -1.000000000000000000 ) ) ;
#5936 = VERTEX_POINT ( 'NONE', #2159 ) ;
#5937 = CARTESIAN_POINT ( 'NONE',  ( -6217.832872483720200, 306.6290385117199500, 0.0000000000000000000 ) ) ;
#5938 = UNCERTAINTY_MEASURE_WITH_UNIT (LENGTH_MEASURE( 1.000000000000000100E-005 ), #8603, 'distance_accuracy_value', 'NONE');
#5939 = SURFACE_STYLE_FILL_AREA ( #796 ) ;
#5940 = DIRECTION ( 'NONE',  ( 0.0000000000000000000, -1.000000000000000000, 2.509727251063035800E-017 ) ) ;
#5941 = PRESENTATION_LAYER_ASSIGNMENT (  '', '', ( #9505 ) ) ;
#5942 = AXIS2_PLACEMENT_3D ( 'NONE', #3735, #9098, #9948 ) ;
#5943 = ORIENTED_EDGE ( 'NONE', *, *, #9546, .T. ) ;
#5944 = CARTESIAN_POINT ( 'NONE',  ( -6217.782872483711800, 307.2290385117812000, 0.0000000000000000000 ) ) ;
#5945 =( GEOMETRIC_REPRESENTATION_CONTEXT ( 3 ) GLOBAL_UNCERTAINTY_ASSIGNED_CONTEXT ( ( #2574 ) ) GLOBAL_UNIT_ASSIGNED_CONTEXT ( ( #4435, #1745, #971 ) ) REPRESENTATION_CONTEXT ( 'NONE', 'WORKASPACE' ) );
#5946 = FACE_OUTER_BOUND ( 'NONE', #11102, .T. ) ;
#5947 = FILL_AREA_STYLE_COLOUR ( '', #1901 ) ;
#5948 = VERTEX_POINT ( 'NONE', #4805 ) ;
#5949 = CARTESIAN_POINT ( 'NONE',  ( -6220.882872483718500, 306.1290385117214900, 0.5000000000000003300 ) ) ;
#5950 = VERTEX_POINT ( 'NONE', #339 ) ;
#5951 = VECTOR ( 'NONE', #10999, 1000.000000000000000 ) ;
#5952 = VECTOR ( 'NONE', #1433, 1000.000000000000000 ) ;
#5953 = LINE ( 'NONE', #7116, #3729 ) ;
#5954 =( GEOMETRIC_REPRESENTATION_CONTEXT ( 3 ) GLOBAL_UNCERTAINTY_ASSIGNED_CONTEXT ( ( #1369 ) ) GLOBAL_UNIT_ASSIGNED_CONTEXT ( ( #1381, #11121, #3055 ) ) REPRESENTATION_CONTEXT ( 'NONE', 'WORKASPACE' ) );
#5955 = CARTESIAN_POINT ( 'NONE',  ( -6220.832872483720200, 306.9637085284920200, 3.700743415417190200E-019 ) ) ;
#5956 = MECHANICAL_DESIGN_GEOMETRIC_PRESENTATION_REPRESENTATION (  '', ( #5653 ), #7526 ) ;
#5957 = EDGE_CURVE ( 'NONE', #4491, #5244, #1245, .T. ) ;
#5958 = EDGE_LOOP ( 'NONE', ( #664, #7880, #5382, #120 ) ) ;
#5959 = DIRECTION ( 'NONE',  ( 1.000000000000000000, 1.446715679903189900E-022, -1.529443238714110200E-011 ) ) ;
#5960 = LINE ( 'NONE', #11167, #3024 ) ;
#5961 = SURFACE_SIDE_STYLE ('',( #6785 ) ) ;
#5962 =( NAMED_UNIT ( * ) PLANE_ANGLE_UNIT ( ) SI_UNIT ( $, .RADIAN. ) );
#5963 = ORIENTED_EDGE ( 'NONE', *, *, #10115, .T. ) ;
#5964 = SURFACE_STYLE_USAGE ( .BOTH. , #5065 ) ;
#5965 = PLANE ( 'NONE',  #9995 ) ;
#5966 = VECTOR ( 'NONE', #6158, 1000.000000000000000 ) ;
#5967 = ORIENTED_EDGE ( 'NONE', *, *, #9047, .T. ) ;
#5968 = COLOUR_RGB ( '',0.7921568627450980000, 0.8196078431372548800, 0.9333333333333333500 ) ;
#5969 = CARTESIAN_POINT ( 'NONE',  ( -6220.532872483720000, 306.6790385117209900, 0.5000000000000000000 ) ) ;
#5970 = CARTESIAN_POINT ( 'NONE',  ( -6219.932872483719600, 306.8321758150600000, 0.02000000000000000000 ) ) ;
#5971 = ORIENTED_EDGE ( 'NONE', *, *, #10687, .F. ) ;
#5972 = STYLED_ITEM ( 'NONE', ( #712 ), #5635 ) ;
#5973 = SURFACE_SIDE_STYLE ('',( #6244 ) ) ;
#5974 = SURFACE_STYLE_USAGE ( .BOTH. , #10414 ) ;
#5975 = ADVANCED_FACE ( 'NONE', ( #2090 ), #5668, .T. ) ;
#5976 = FILL_AREA_STYLE_COLOUR ( '', #4664 ) ;
#5977 = MECHANICAL_DESIGN_GEOMETRIC_PRESENTATION_REPRESENTATION (  '', ( #2850 ), #9764 ) ;
#5978 = LINE ( 'NONE', #7964, #3619 ) ;
#5979 = SURFACE_STYLE_FILL_AREA ( #7193 ) ;
#5980 = EDGE_CURVE ( 'NONE', #7534, #2846, #1524, .T. ) ;
#5981 = AXIS2_PLACEMENT_3D ( 'NONE', #10768, #2676, #5354 ) ;
#5982 = ORIENTED_EDGE ( 'NONE', *, *, #4078, .F. ) ;
#5983 = VECTOR ( 'NONE', #2482, 1000.000000000000000 ) ;
#5984 =( NAMED_UNIT ( * ) SI_UNIT ( $, .STERADIAN. ) SOLID_ANGLE_UNIT ( ) );
#5985 = ORIENTED_EDGE ( 'NONE', *, *, #2914, .T. ) ;
#5986 = LINE ( 'NONE', #6053, #10282 ) ;
#5987 = DIRECTION ( 'NONE',  ( -9.094947017728610300E-012, 0.0000000000000000000, -1.000000000000000000 ) ) ;
#5988 = LINE ( 'NONE', #3122, #4179 ) ;
#5989 = DIRECTION ( 'NONE',  ( 6.243894290492210000E-012, 0.0000000000000000000, 1.000000000000000000 ) ) ;
#5990 = SURFACE_STYLE_FILL_AREA ( #2345 ) ;
#5991 = VECTOR ( 'NONE', #11157, 1000.000000000000000 ) ;
#5992 = ORIENTED_EDGE ( 'NONE', *, *, #8046, .T. ) ;
#5993 = PLANE ( 'NONE',  #1685 ) ;
#5994 = AXIS2_PLACEMENT_3D ( 'NONE', #10092, #7540, #5751 ) ;
#5995 = DIRECTION ( 'NONE',  ( 0.0000000000000000000, 1.000000000000000000, -3.639104514036913000E-016 ) ) ;
#5996 = FILL_AREA_STYLE_COLOUR ( '', #2530 ) ;
#5997 = PRESENTATION_STYLE_ASSIGNMENT (( #7235 ) ) ;
#5998 = EDGE_CURVE ( 'NONE', #5219, #9509, #2361, .T. ) ;
#5999 = PLANE ( 'NONE',  #6965 ) ;
#6000 = DIRECTION ( 'NONE',  ( -1.000000000000000000, -1.150191053511340100E-012, 6.243894290492210000E-012 ) ) ;
#6001 = VECTOR ( 'NONE', #3507, 1000.000000000000000 ) ;
#6002 = DIRECTION ( 'NONE',  ( 1.000000000000000000, 0.0000000000000000000, 0.0000000000000000000 ) ) ;
#6003 = LINE ( 'NONE', #8873, #3644 ) ;
#6004 = ORIENTED_EDGE ( 'NONE', *, *, #4685, .F. ) ;
#6005 = FILL_AREA_STYLE_COLOUR ( '', #9746 ) ;
#6006 = CARTESIAN_POINT ( 'NONE',  ( -6220.882872483718500, 306.1290385117214900, 0.4800000000000003700 ) ) ;
#6007 = MECHANICAL_DESIGN_GEOMETRIC_PRESENTATION_REPRESENTATION (  '', ( #6156 ), #11332 ) ;
#6008 = CARTESIAN_POINT ( 'NONE',  ( -6220.500255099210300, 306.9921758150609900, 0.01000000000000000000 ) ) ;
#6009 = UNCERTAINTY_MEASURE_WITH_UNIT (LENGTH_MEASURE( 1.000000000000000100E-005 ), #7129, 'distance_accuracy_value', 'NONE');
#6010 = DIRECTION ( 'NONE',  ( 1.000000000000000000, 0.0000000000000000000, -0.0000000000000000000 ) ) ;
#6011 =( GEOMETRIC_REPRESENTATION_CONTEXT ( 3 ) GLOBAL_UNCERTAINTY_ASSIGNED_CONTEXT ( ( #10002 ) ) GLOBAL_UNIT_ASSIGNED_CONTEXT ( ( #7820, #3392, #7782 ) ) REPRESENTATION_CONTEXT ( 'NONE', 'WORKASPACE' ) );
#6012 = VERTEX_POINT ( 'NONE', #2307 ) ;
#6013 = COLOUR_RGB ( '',0.7921568627450980000, 0.8196078431372548800, 0.9333333333333333500 ) ;
#6014 = ORIENTED_EDGE ( 'NONE', *, *, #10201, .F. ) ;
#6015 = CARTESIAN_POINT ( 'NONE',  ( -6220.382872483720300, 306.6790385117200200, 0.4800000000000000400 ) ) ;
#6016 = LINE ( 'NONE', #8876, #1418 ) ;
#6017 = COLOUR_RGB ( '',0.7921568627450980000, 0.8196078431372548800, 0.9333333333333333500 ) ;
#6018 = VERTEX_POINT ( 'NONE', #6704 ) ;
#6019 = SURFACE_SIDE_STYLE ('',( #5060 ) ) ;
#6020 = SURFACE_STYLE_FILL_AREA ( #4090 ) ;
#6021 = STYLED_ITEM ( 'NONE', ( #224 ), #6609 ) ;
#6022 = SURFACE_SIDE_STYLE ('',( #7407 ) ) ;
#6023 = PRESENTATION_LAYER_ASSIGNMENT (  '', '', ( #10758 ) ) ;
#6024 = AXIS2_PLACEMENT_3D ( 'NONE', #7862, #6997, #4378 ) ;
#6025 = CARTESIAN_POINT ( 'NONE',  ( -6217.832872483720200, 306.3943684949480800, 0.4800000000000000400 ) ) ;
#6026 = EDGE_CURVE ( 'NONE', #5380, #6466, #4598, .T. ) ;
#6027 = ORIENTED_EDGE ( 'NONE', *, *, #4055, .F. ) ;
#6028 = VECTOR ( 'NONE', #3724, 1000.000000000000000 ) ;
#6029 = ORIENTED_EDGE ( 'NONE', *, *, #74, .F. ) ;
#6030 = EDGE_LOOP ( 'NONE', ( #9277, #2267, #7719, #5683 ) ) ;
#6031 = ADVANCED_FACE ( 'NONE', ( #1944 ), #10339, .T. ) ;
#6032 = CARTESIAN_POINT ( 'NONE',  ( -6217.782872483720900, 307.2290385117171400, 0.5000000000000000000 ) ) ;
#6034 = SURFACE_STYLE_FILL_AREA ( #6582 ) ;
#6033 = CARTESIAN_POINT ( 'NONE',  ( -6218.332872483722000, 306.4690385117199900, 0.4800000000000000400 ) ) ;
#6035 = ORIENTED_EDGE ( 'NONE', *, *, #4389, .F. ) ;
#6036 = FACE_OUTER_BOUND ( 'NONE', #3751, .T. ) ;
#6037 = EDGE_CURVE ( 'NONE', #1002, #8816, #1808, .T. ) ;
#6038 = CARTESIAN_POINT ( 'NONE',  ( -6219.432737906850000, 307.1790385117209900, 6.297995800354359300E-038 ) ) ;
#6039 = ORIENTED_EDGE ( 'NONE', *, *, #4913, .F. ) ;
#6040 = CARTESIAN_POINT ( 'NONE',  ( -6220.500255099210300, 306.9921758150609900, 0.01999999999999999700 ) ) ;
#6041 = VERTEX_POINT ( 'NONE', #8465 ) ;
#6042 = MECHANICAL_DESIGN_GEOMETRIC_PRESENTATION_REPRESENTATION (  '', ( #4248 ), #6625 ) ;
#6043 = EDGE_CURVE ( 'NONE', #2787, #8019, #3915, .T. ) ;
#6044 = PRESENTATION_LAYER_ASSIGNMENT (  '', '', ( #1864 ) ) ;
#6045 = LINE ( 'NONE', #8802, #5491 ) ;
#6046 = EDGE_CURVE ( 'NONE', #803, #2696, #10155, .T. ) ;
#6047 = DIRECTION ( 'NONE',  ( 0.0000000000000000000, -1.000000000000000000, -0.0000000000000000000 ) ) ;
#6048 = PRESENTATION_LAYER_ASSIGNMENT (  '', '', ( #2242 ) ) ;
#6049 = EDGE_LOOP ( 'NONE', ( #1516, #3418, #10266, #8609, #6539, #10385, #10004, #609 ) ) ;
#6050 = LINE ( 'NONE', #8476, #7447 ) ;
#6051 = CARTESIAN_POINT ( 'NONE',  ( -6220.532872483720000, 306.8290385117210800, 0.4800000000000000400 ) ) ;
#6052 = PLANE ( 'NONE',  #2058 ) ;
#6053 = CARTESIAN_POINT ( 'NONE',  ( -6220.532872483720000, 306.8290385117210800, 0.4800000000000000400 ) ) ;
#6054 = ORIENTED_EDGE ( 'NONE', *, *, #10619, .F. ) ;
#6055 = DIRECTION ( 'NONE',  ( 1.000000000000000000, 0.0000000000000000000, -0.0000000000000000000 ) ) ;
#6056 = PLANE ( 'NONE',  #1094 ) ;
#6057 = LINE ( 'NONE', #4299, #476 ) ;
#6058 = LINE ( 'NONE', #4087, #7158 ) ;
#6059 = VECTOR ( 'NONE', #7521, 1000.000000000000000 ) ;
#6060 =( NAMED_UNIT ( * ) PLANE_ANGLE_UNIT ( ) SI_UNIT ( $, .RADIAN. ) );
#6061 = ORIENTED_EDGE ( 'NONE', *, *, #6892, .F. ) ;
#6062 = DIRECTION ( 'NONE',  ( 5.362025623467860300E-024, 1.008445705407401300E-035, -1.000000000000000000 ) ) ;
#6063 = PRODUCT_DEFINITION_CONTEXT ( 'detailed design', #10125, 'design' ) ;
#6064 = PRESENTATION_LAYER_ASSIGNMENT (  '', '', ( #6793 ) ) ;
#6065 = VERTEX_POINT ( 'NONE', #3345 ) ;
#6066 = CARTESIAN_POINT ( 'NONE',  ( -6220.382872483720300, 306.6790385117209900, 0.4800000000000000400 ) ) ;
#6067 = DIRECTION ( 'NONE',  ( -1.000000000000000000, -5.467848396278829700E-014, -2.717825964282370000E-011 ) ) ;
#6068 = SURFACE_SIDE_STYLE ('',( #10992 ) ) ;
#6069 = CARTESIAN_POINT ( 'NONE',  ( -6220.382872483720300, 306.6790385117209900, 0.4800000000000000400 ) ) ;
#6070 =( GEOMETRIC_REPRESENTATION_CONTEXT ( 3 ) GLOBAL_UNCERTAINTY_ASSIGNED_CONTEXT ( ( #1379 ) ) GLOBAL_UNIT_ASSIGNED_CONTEXT ( ( #4383, #6960, #1895 ) ) REPRESENTATION_CONTEXT ( 'NONE', 'WORKASPACE' ) );
#6071 = FILL_AREA_STYLE ('',( #7879 ) ) ;
#6072 = EDGE_CURVE ( 'NONE', #11352, #4586, #11374, .T. ) ;
#6073 = MANIFOLD_SOLID_BREP ( '22-1-solid1', #3719 ) ;
#6074 = ORIENTED_EDGE ( 'NONE', *, *, #7153, .F. ) ;
#6075 = SURFACE_STYLE_FILL_AREA ( #8242 ) ;
#6076 = SURFACE_SIDE_STYLE ('',( #2153 ) ) ;
#6077 = DIRECTION ( 'NONE',  ( 1.000000000000000000, 1.110223024619855400E-012, 0.0000000000000000000 ) ) ;
#6078 = SURFACE_SIDE_STYLE ('',( #3316 ) ) ;
#6079 = VECTOR ( 'NONE', #10053, 1000.000000000000000 ) ;
#6080 = UNCERTAINTY_MEASURE_WITH_UNIT (LENGTH_MEASURE( 1.000000000000000100E-005 ), #6531, 'distance_accuracy_value', 'NONE');
#6081 = CARTESIAN_POINT ( 'NONE',  ( -6220.532872483720000, 306.8290385117210800, 0.4800000000000000400 ) ) ;
#6082 = SURFACE_STYLE_USAGE ( .BOTH. , #3297 ) ;
#6083 = PRESENTATION_STYLE_ASSIGNMENT (( #6212 ) ) ;
#6084 = PRESENTATION_STYLE_ASSIGNMENT (( #1202 ) ) ;
#6085 = AXIS2_PLACEMENT_3D ( 'NONE', #4495, #1962, #4619 ) ;
#6086 = VERTEX_POINT ( 'NONE', #4340 ) ;
#6087 =( NAMED_UNIT ( * ) SI_UNIT ( $, .STERADIAN. ) SOLID_ANGLE_UNIT ( ) );
#6088 = LINE ( 'NONE', #5306, #1615 ) ;
#6089 = CARTESIAN_POINT ( 'NONE',  ( -6217.782872483697200, 307.2290385117324300, 0.0000000000000000000 ) ) ;
#6090 = SURFACE_SIDE_STYLE ('',( #6511 ) ) ;
#6091 = PLANE ( 'NONE',  #608 ) ;
#6092 = ADVANCED_FACE ( 'NONE', ( #9049 ), #748, .T. ) ;
#6093 =( GEOMETRIC_REPRESENTATION_CONTEXT ( 3 ) GLOBAL_UNCERTAINTY_ASSIGNED_CONTEXT ( ( #102 ) ) GLOBAL_UNIT_ASSIGNED_CONTEXT ( ( #2684, #8899, #6299 ) ) REPRESENTATION_CONTEXT ( 'NONE', 'WORKASPACE' ) );
#6094 = ORIENTED_EDGE ( 'NONE', *, *, #6797, .T. ) ;
#6095 = MECHANICAL_DESIGN_GEOMETRIC_PRESENTATION_REPRESENTATION (  '', ( #2503 ), #3934 ) ;
#6096 = MECHANICAL_DESIGN_GEOMETRIC_PRESENTATION_REPRESENTATION (  '', ( #3714 ), #8327 ) ;
#6097 = ORIENTED_EDGE ( 'NONE', *, *, #8438, .T. ) ;
#6098 = DIRECTION ( 'NONE',  ( -0.0000000000000000000, 1.000000000000000000, 0.0000000000000000000 ) ) ;
#6099 = SURFACE_SIDE_STYLE ('',( #9415 ) ) ;
#6100 = SURFACE_SIDE_STYLE ('',( #1067 ) ) ;
#6101 = CARTESIAN_POINT ( 'NONE',  ( -6218.077660543180200, 306.4690385117199900, 0.5000000000000000000 ) ) ;
#6102 = ORIENTED_EDGE ( 'NONE', *, *, #9309, .T. ) ;
#6103 = EDGE_CURVE ( 'NONE', #4545, #1899, #5428, .T. ) ;
#6104 = VERTEX_POINT ( 'NONE', #3474 ) ;
#6105 =( LENGTH_UNIT ( ) NAMED_UNIT ( * ) SI_UNIT ( .MILLI., .METRE. ) );
#6106 = EDGE_CURVE ( 'NONE', #3877, #874, #7656, .T. ) ;
#6107 = FILL_AREA_STYLE ('',( #3333 ) ) ;
#6108 = ORIENTED_EDGE ( 'NONE', *, *, #9663, .T. ) ;
#6109 = LINE ( 'NONE', #968, #3762 ) ;
#6110 = FILL_AREA_STYLE_COLOUR ( '', #8109 ) ;
#6111 = EDGE_CURVE ( 'NONE', #3552, #3877, #1662, .T. ) ;
#6112 = COLOUR_RGB ( '',0.7921568627450980000, 0.8196078431372548800, 0.9333333333333333500 ) ;
#6113 = FACE_OUTER_BOUND ( 'NONE', #815, .T. ) ;
#6114 = PLANE ( 'NONE',  #5564 ) ;
#6115 = VERTEX_POINT ( 'NONE', #7861 ) ;
#6116 =( NAMED_UNIT ( * ) PLANE_ANGLE_UNIT ( ) SI_UNIT ( $, .RADIAN. ) );
#6117 = EDGE_LOOP ( 'NONE', ( #7027, #7054, #4170, #1321 ) ) ;
#6118 = SURFACE_SIDE_STYLE ('',( #11242 ) ) ;
#6119 = SURFACE_STYLE_FILL_AREA ( #9541 ) ;
#6120 =( GEOMETRIC_REPRESENTATION_CONTEXT ( 3 ) GLOBAL_UNCERTAINTY_ASSIGNED_CONTEXT ( ( #3149 ) ) GLOBAL_UNIT_ASSIGNED_CONTEXT ( ( #8080, #228, #2834 ) ) REPRESENTATION_CONTEXT ( 'NONE', 'WORKASPACE' ) );
#6121 = DIRECTION ( 'NONE',  ( 0.0000000000000000000, -0.0000000000000000000, 1.000000000000000000 ) ) ;
#6122 = PRESENTATION_STYLE_ASSIGNMENT (( #7744 ) ) ;
#6123 = DIRECTION ( 'NONE',  ( -8.271806125530269700E-023, 1.000000000000000000, 0.0000000000000000000 ) ) ;
#6124 = EDGE_LOOP ( 'NONE', ( #3709, #9637, #7924, #7099 ) ) ;
#6125 = AXIS2_PLACEMENT_3D ( 'NONE', #6410, #4736, #1046 ) ;
#6126 = EDGE_CURVE ( 'NONE', #10109, #5528, #1392, .T. ) ;
#6127 = MECHANICAL_DESIGN_GEOMETRIC_PRESENTATION_REPRESENTATION (  '', ( #8951 ), #4940 ) ;
#6128 = SURFACE_STYLE_FILL_AREA ( #11237 ) ;
#6129 =( NAMED_UNIT ( * ) PLANE_ANGLE_UNIT ( ) SI_UNIT ( $, .RADIAN. ) );
#6130 = UNCERTAINTY_MEASURE_WITH_UNIT (LENGTH_MEASURE( 1.000000000000000100E-005 ), #6557, 'distance_accuracy_value', 'NONE');
#6131 = ORIENTED_EDGE ( 'NONE', *, *, #4254, .F. ) ;
#6132 = DIRECTION ( 'NONE',  ( 8.589123698990169800E-026, 1.000000000000000000, -2.267075416283530000E-012 ) ) ;
#6133 = LINE ( 'NONE', #1925, #4050 ) ;
#6134 = ORIENTED_EDGE ( 'NONE', *, *, #7309, .T. ) ;
#6135 = CARTESIAN_POINT ( 'NONE',  ( -6219.132872483720300, 307.1790385117190000, 0.0000000000000000000 ) ) ;
#6136 = STYLED_ITEM ( 'NONE', ( #9189 ), #9350 ) ;
#6137 = FACE_OUTER_BOUND ( 'NONE', #8292, .T. ) ;
#6138 = ORIENTED_EDGE ( 'NONE', *, *, #2386, .T. ) ;
#6139 = ADVANCED_FACE ( 'NONE', ( #8493 ), #11296, .T. ) ;
#6140 = PLANE ( 'NONE',  #9438 ) ;
#6141 = MECHANICAL_DESIGN_GEOMETRIC_PRESENTATION_REPRESENTATION (  '', ( #4364 ), #5554 ) ;
#6142 = CARTESIAN_POINT ( 'NONE',  ( -6218.282872483720000, 306.1790385117200200, 0.5050000000000000000 ) ) ;
#6143 = CARTESIAN_POINT ( 'NONE',  ( -6218.632872483720300, 307.1790385117190000, 0.0000000000000000000 ) ) ;
#6144 = EDGE_LOOP ( 'NONE', ( #8007, #4614, #7741, #2417 ) ) ;
#6145 = CARTESIAN_POINT ( 'NONE',  ( -6218.332872483720200, 307.1090385117199700, 0.4800000000000000400 ) ) ;
#6146 = SURFACE_SIDE_STYLE ('',( #7404 ) ) ;
#6147 = ADVANCED_FACE ( 'NONE', ( #677 ), #8388, .T. ) ;
#6148 = UNCERTAINTY_MEASURE_WITH_UNIT (LENGTH_MEASURE( 1.000000000000000100E-005 ), #3810, 'distance_accuracy_value', 'NONE');
#6149 = LINE ( 'NONE', #1924, #179 ) ;
#6150 = DIRECTION ( 'NONE',  ( 1.000000000000000000, 0.0000000000000000000, 0.0000000000000000000 ) ) ;
#6151 =( GEOMETRIC_REPRESENTATION_CONTEXT ( 3 ) GLOBAL_UNCERTAINTY_ASSIGNED_CONTEXT ( ( #6992 ) ) GLOBAL_UNIT_ASSIGNED_CONTEXT ( ( #9959, #3707, #5461 ) ) REPRESENTATION_CONTEXT ( 'NONE', 'WORKASPACE' ) );
#6152 = AXIS2_PLACEMENT_3D ( 'NONE', #5205, #724, #9672 ) ;
#6153 = ORIENTED_EDGE ( 'NONE', *, *, #2259, .F. ) ;
#6154 = CARTESIAN_POINT ( 'NONE',  ( -6220.382872483720300, 307.1790385117200200, 0.5000000000000000000 ) ) ;
#6155 = CARTESIAN_POINT ( 'NONE',  ( -6220.532872483720000, 306.6790385117209900, 0.4800000000000000400 ) ) ;
#6156 = STYLED_ITEM ( 'NONE', ( #7084 ), #3173 ) ;
#6157 = DIRECTION ( 'NONE',  ( -1.000000000000000000, 0.0000000000000000000, -0.0000000000000000000 ) ) ;
#6158 = DIRECTION ( 'NONE',  ( 3.641531520770750200E-013, -1.000000000000000000, -2.273733787118517200E-024 ) ) ;
#6159 = FILL_AREA_STYLE_COLOUR ( '', #11235 ) ;
#6160 = AXIS2_PLACEMENT_3D ( 'NONE', #3034, #9269, #5142 ) ;
#6161 = VECTOR ( 'NONE', #3382, 1000.000000000000000 ) ;
#6162 = FILL_AREA_STYLE ('',( #11264 ) ) ;
#6163 = CARTESIAN_POINT ( 'NONE',  ( -6220.532872483720000, 306.6790385117209900, 0.5000000000000000000 ) ) ;
#6164 = COLOUR_RGB ( '',0.7921568627450980000, 0.8196078431372548800, 0.9333333333333333500 ) ;
#6165 = VECTOR ( 'NONE', #1143, 1000.000000000000000 ) ;
#6166 = VERTEX_POINT ( 'NONE', #5823 ) ;
#6167 = ORIENTED_EDGE ( 'NONE', *, *, #306, .F. ) ;
#6168 =( LENGTH_UNIT ( ) NAMED_UNIT ( * ) SI_UNIT ( .MILLI., .METRE. ) );
#6169 = VERTEX_POINT ( 'NONE', #3161 ) ;
#6170 = CARTESIAN_POINT ( 'NONE',  ( -6220.382872483720300, 306.6790385117209900, 0.4800000000000000400 ) ) ;
#6171 = DIRECTION ( 'NONE',  ( -0.0000000000000000000, -1.000000000000000000, -0.0000000000000000000 ) ) ;
#6172 = STYLED_ITEM ( 'NONE', ( #8548 ), #7067 ) ;
#6173 = CARTESIAN_POINT ( 'NONE',  ( -6218.732872483719800, 306.8321758150610200, 0.02000000000000000000 ) ) ;
#6174 = PRESENTATION_STYLE_ASSIGNMENT (( #8954 ) ) ;
#6175 = CARTESIAN_POINT ( 'NONE',  ( -6220.382872483720300, 306.6790385117209900, 0.5000000000000000000 ) ) ;
#6176 = MECHANICAL_DESIGN_GEOMETRIC_PRESENTATION_REPRESENTATION (  '', ( #2753 ), #9372 ) ;
#6177 = PLANE ( 'NONE',  #10833 ) ;
#6178 = EDGE_CURVE ( 'NONE', #1627, #7171, #964, .T. ) ;
#6179 = PRESENTATION_STYLE_ASSIGNMENT (( #9161 ) ) ;
#6180 = DIRECTION ( 'NONE',  ( 1.000000000000000000, 0.0000000000000000000, -7.228014483267808200E-016 ) ) ;
#6181 = COLOUR_RGB ( '',0.7921568627450980000, 0.8196078431372548800, 0.9333333333333333500 ) ;
#6182 = VERTEX_POINT ( 'NONE', #6542 ) ;
#6183 = DIRECTION ( 'NONE',  ( -1.000000000000000000, -1.150191053511989900E-012, 6.243894290491559700E-012 ) ) ;
#6184 = PRESENTATION_STYLE_ASSIGNMENT (( #79 ) ) ;
#6185 =( GEOMETRIC_REPRESENTATION_CONTEXT ( 3 ) GLOBAL_UNCERTAINTY_ASSIGNED_CONTEXT ( ( #1930 ) ) GLOBAL_UNIT_ASSIGNED_CONTEXT ( ( #9257, #10972, #5684 ) ) REPRESENTATION_CONTEXT ( 'NONE', 'WORKASPACE' ) );
#6186 = ORIENTED_EDGE ( 'NONE', *, *, #5022, .T. ) ;
#6187 = COLOUR_RGB ( '',0.7921568627450980000, 0.8196078431372548800, 0.9333333333333333500 ) ;
#6188 = DIRECTION ( 'NONE',  ( -0.0000000000000000000, -2.267075416283530000E-012, -1.000000000000000000 ) ) ;
#6189 =( GEOMETRIC_REPRESENTATION_CONTEXT ( 3 ) GLOBAL_UNCERTAINTY_ASSIGNED_CONTEXT ( ( #6205 ) ) GLOBAL_UNIT_ASSIGNED_CONTEXT ( ( #9419, #3154, #9450 ) ) REPRESENTATION_CONTEXT ( 'NONE', 'WORKASPACE' ) );
#6190 = FACE_OUTER_BOUND ( 'NONE', #171, .T. ) ;
#6191 = CIRCLE ( 'NONE', #4387, 0.4500000001375070700 ) ;
#6192 = CARTESIAN_POINT ( 'NONE',  ( -6220.332872483720200, 306.6190385117200200, 0.4800000000000000400 ) ) ;
#6193 = SURFACE_STYLE_USAGE ( .BOTH. , #8798 ) ;
#6194 = DIRECTION ( 'NONE',  ( 1.000000000000000000, 0.0000000000000000000, 0.0000000000000000000 ) ) ;
#6195 = ORIENTED_EDGE ( 'NONE', *, *, #9909, .F. ) ;
#6196 = SURFACE_STYLE_USAGE ( .BOTH. , #5311 ) ;
#6197 = ADVANCED_FACE ( 'NONE', ( #10532 ), #8527, .T. ) ;
#6198 = CARTESIAN_POINT ( 'NONE',  ( -6217.782872483721800, 306.1290385117200700, 0.4800000000000000400 ) ) ;
#6199 = ORIENTED_EDGE ( 'NONE', *, *, #7881, .T. ) ;
#6200 = CARTESIAN_POINT ( 'NONE',  ( -6220.532872483720000, 306.8290385117200000, 0.4800000000000000400 ) ) ;
#6201 = ADVANCED_FACE ( 'NONE', ( #9722 ), #4297, .T. ) ;
#6202 = FACE_OUTER_BOUND ( 'NONE', #2730, .T. ) ;
#6203 = STYLED_ITEM ( 'NONE', ( #5372 ), #8934 ) ;
#6204 =( LENGTH_UNIT ( ) NAMED_UNIT ( * ) SI_UNIT ( .MILLI., .METRE. ) );
#6205 = UNCERTAINTY_MEASURE_WITH_UNIT (LENGTH_MEASURE( 1.000000000000000100E-005 ), #9419, 'distance_accuracy_value', 'NONE');
#6206 =( NAMED_UNIT ( * ) PLANE_ANGLE_UNIT ( ) SI_UNIT ( $, .RADIAN. ) );
#6207 = VERTEX_POINT ( 'NONE', #7818 ) ;
#6208 = DIRECTION ( 'NONE',  ( 0.0000000000000000000, 0.0000000000000000000, 1.000000000000000000 ) ) ;
#6209 = DIRECTION ( 'NONE',  ( 0.0000000000000000000, 0.0000000000000000000, -1.000000000000000000 ) ) ;
#6210 = FILL_AREA_STYLE ('',( #8855 ) ) ;
#6211 = MECHANICAL_DESIGN_GEOMETRIC_PRESENTATION_REPRESENTATION (  '', ( #6576 ), #1368 ) ;
#6212 = SURFACE_STYLE_USAGE ( .BOTH. , #921 ) ;
#6213 = ORIENTED_EDGE ( 'NONE', *, *, #9927, .T. ) ;
#6214 = LINE ( 'NONE', #958, #9420 ) ;
#6215 = EDGE_CURVE ( 'NONE', #6546, #1024, #4031, .T. ) ;
#6216 = UNCERTAINTY_MEASURE_WITH_UNIT (LENGTH_MEASURE( 1.000000000000000100E-005 ), #5151, 'distance_accuracy_value', 'NONE');
#6217 = FACE_OUTER_BOUND ( 'NONE', #8896, .T. ) ;
#6218 = ORIENTED_EDGE ( 'NONE', *, *, #4616, .T. ) ;
#6219 = CARTESIAN_POINT ( 'NONE',  ( -6220.382872483720300, 306.6790385117209900, 0.4800000000000000400 ) ) ;
#6220 = SURFACE_STYLE_FILL_AREA ( #2319 ) ;
#6221 =( LENGTH_UNIT ( ) NAMED_UNIT ( * ) SI_UNIT ( .MILLI., .METRE. ) );
#6222 = ORIENTED_EDGE ( 'NONE', *, *, #6178, .F. ) ;
#6223 =( GEOMETRIC_REPRESENTATION_CONTEXT ( 3 ) GLOBAL_UNCERTAINTY_ASSIGNED_CONTEXT ( ( #4149 ) ) GLOBAL_UNIT_ASSIGNED_CONTEXT ( ( #9034, #4602, #6384 ) ) REPRESENTATION_CONTEXT ( 'NONE', 'WORKASPACE' ) );
#6224 = SURFACE_STYLE_USAGE ( .BOTH. , #1783 ) ;
#6225 = CARTESIAN_POINT ( 'NONE',  ( -6218.732872483719800, 306.9921758150600800, 0.02000000000000000000 ) ) ;
#6226 = MECHANICAL_DESIGN_GEOMETRIC_PRESENTATION_REPRESENTATION (  '', ( #10370 ), #10969 ) ;
#6227 = SURFACE_STYLE_FILL_AREA ( #11080 ) ;
#6228 = FACE_OUTER_BOUND ( 'NONE', #6512, .T. ) ;
#6229 = PRESENTATION_STYLE_ASSIGNMENT (( #9272 ) ) ;
#6230 =( NAMED_UNIT ( * ) SI_UNIT ( $, .STERADIAN. ) SOLID_ANGLE_UNIT ( ) );
#6231 = ORIENTED_EDGE ( 'NONE', *, *, #7523, .T. ) ;
#6232 = PRESENTATION_STYLE_ASSIGNMENT (( #8362 ) ) ;
#6233 = DIRECTION ( 'NONE',  ( -0.0000000000000000000, 0.0000000000000000000, 1.000000000000000000 ) ) ;
#6234 = SURFACE_STYLE_USAGE ( .BOTH. , #12 ) ;
#6235 = FACE_OUTER_BOUND ( 'NONE', #243, .T. ) ;
#6236 = CARTESIAN_POINT ( 'NONE',  ( -6220.532872483720000, 306.6790385117200200, 0.5000000000000000000 ) ) ;
#6237 = ORIENTED_EDGE ( 'NONE', *, *, #3145, .F. ) ;
#6238 = DIRECTION ( 'NONE',  ( 0.0000000000000000000, -0.0000000000000000000, 1.000000000000000000 ) ) ;
#6239 = DIRECTION ( 'NONE',  ( -1.000000000000000000, 6.017408793466909600E-013, -9.094947017729450400E-012 ) ) ;
#6240 = CARTESIAN_POINT ( 'NONE',  ( -6220.532872483720000, 306.8290385117210800, 0.4800000000000000400 ) ) ;
#6241 = AXIS2_PLACEMENT_3D ( 'NONE', #9561, #7703, #8618 ) ;
#6242 =( GEOMETRIC_REPRESENTATION_CONTEXT ( 3 ) GLOBAL_UNCERTAINTY_ASSIGNED_CONTEXT ( ( #7772 ) ) GLOBAL_UNIT_ASSIGNED_CONTEXT ( ( #4342, #1723, #8718 ) ) REPRESENTATION_CONTEXT ( 'NONE', 'WORKASPACE' ) );
#6243 = EDGE_CURVE ( 'NONE', #2920, #10105, #2065, .T. ) ;
#6244 = SURFACE_STYLE_FILL_AREA ( #8602 ) ;
#6245 = VERTEX_POINT ( 'NONE', #9729 ) ;
#6246 = SURFACE_SIDE_STYLE ('',( #6443 ) ) ;
#6247 = ORIENTED_EDGE ( 'NONE', *, *, #10996, .F. ) ;
#6248 = SURFACE_SIDE_STYLE ('',( #2979 ) ) ;
#6249 = CARTESIAN_POINT ( 'NONE',  ( -6219.532872483720000, 307.1790385117196800, 0.02000000000000000000 ) ) ;
#6250 = SURFACE_STYLE_USAGE ( .BOTH. , #2833 ) ;
#6251 = EDGE_CURVE ( 'NONE', #4216, #897, #9448, .T. ) ;
#6252 = ORIENTED_EDGE ( 'NONE', *, *, #2697, .F. ) ;
#6253 = LINE ( 'NONE', #9564, #5983 ) ;
#6254 = COLOUR_RGB ( '',0.7921568627450980000, 0.8196078431372548800, 0.9333333333333333500 ) ;
#6255 = ADVANCED_FACE ( 'NONE', ( #5559 ), #10746, .T. ) ;
#6256 = VERTEX_POINT ( 'NONE', #6735 ) ;
#6257 = PRESENTATION_LAYER_ASSIGNMENT (  '', '', ( #5669 ) ) ;
#6258 = EDGE_CURVE ( 'NONE', #2429, #3139, #1933, .T. ) ;
#6259 =( LENGTH_UNIT ( ) NAMED_UNIT ( * ) SI_UNIT ( .MILLI., .METRE. ) );
#6260 = CARTESIAN_POINT ( 'NONE',  ( -6218.282872483720000, 307.1790385117200200, 0.5050000000000000000 ) ) ;
#6261 = COLOUR_RGB ( '',0.7921568627450980000, 0.8196078431372548800, 0.9333333333333333500 ) ;
#6262 = VECTOR ( 'NONE', #9276, 1000.000000000000000 ) ;
#6263 = SURFACE_SIDE_STYLE ('',( #4467 ) ) ;
#6264 = CARTESIAN_POINT ( 'NONE',  ( -6220.882872483719400, 306.1290385117194400, 0.5000000000000000000 ) ) ;
#6265 = EDGE_CURVE ( 'NONE', #6041, #3289, #2488, .T. ) ;
#6266 = ORIENTED_EDGE ( 'NONE', *, *, #3892, .T. ) ;
#6267 = ADVANCED_FACE ( 'NONE', ( #6113 ), #9132, .T. ) ;
#6268 = COLOUR_RGB ( '',0.7921568627450980000, 0.8196078431372548800, 0.9333333333333333500 ) ;
#6269 = SURFACE_STYLE_USAGE ( .BOTH. , #4549 ) ;
#6270 = VERTEX_POINT ( 'NONE', #10797 ) ;
#6271 = SURFACE_SIDE_STYLE ('',( #8374 ) ) ;
#6272 = DIRECTION ( 'NONE',  ( 1.570965579637770000E-013, 1.000000000000000000, 0.0000000000000000000 ) ) ;
#6273 = SURFACE_STYLE_FILL_AREA ( #10100 ) ;
#6274 = PRESENTATION_STYLE_ASSIGNMENT (( #5426 ) ) ;
#6275 = CARTESIAN_POINT ( 'NONE',  ( -6220.382872483720300, 306.8290385117210800, 0.4800000000000000400 ) ) ;
#6276 = FACE_OUTER_BOUND ( 'NONE', #9424, .T. ) ;
#6277 = ORIENTED_EDGE ( 'NONE', *, *, #6383, .T. ) ;
#6278 = FILL_AREA_STYLE_COLOUR ( '', #3823 ) ;
#6279 =( GEOMETRIC_REPRESENTATION_CONTEXT ( 3 ) GLOBAL_UNCERTAINTY_ASSIGNED_CONTEXT ( ( #2144 ) ) GLOBAL_UNIT_ASSIGNED_CONTEXT ( ( #3375, #9681, #9601 ) ) REPRESENTATION_CONTEXT ( 'NONE', 'WORKASPACE' ) );
#6280 = PRESENTATION_STYLE_ASSIGNMENT (( #9202 ) ) ;
#6281 = ORIENTED_EDGE ( 'NONE', *, *, #1117, .F. ) ;
#6282 = PRESENTATION_LAYER_ASSIGNMENT (  '', '', ( #4653 ) ) ;
#6283 = UNCERTAINTY_MEASURE_WITH_UNIT (LENGTH_MEASURE( 1.000000000000000100E-005 ), #8291, 'distance_accuracy_value', 'NONE');
#6284 = DIRECTION ( 'NONE',  ( 1.000000000000000000, 0.0000000000000000000, 0.0000000000000000000 ) ) ;
#6285 = PRESENTATION_STYLE_ASSIGNMENT (( #9999 ) ) ;
#6286 = PLANE ( 'NONE',  #2300 ) ;
#6287 = SURFACE_STYLE_FILL_AREA ( #2443 ) ;
#6288 = FILL_AREA_STYLE ('',( #187 ) ) ;
#6289 = DIRECTION ( 'NONE',  ( 0.0000000000000000000, -0.0000000000000000000, 1.000000000000000000 ) ) ;
#6290 = ORIENTED_EDGE ( 'NONE', *, *, #3120, .T. ) ;
#6291 = UNCERTAINTY_MEASURE_WITH_UNIT (LENGTH_MEASURE( 1.000000000000000100E-005 ), #5846, 'distance_accuracy_value', 'NONE');
#6292 = DIRECTION ( 'NONE',  ( 1.000000000000000000, 0.0000000000000000000, -0.0000000000000000000 ) ) ;
#6293 = VECTOR ( 'NONE', #334, 1000.000000000000000 ) ;
#6294 = PLANE ( 'NONE',  #562 ) ;
#6295 = ORIENTED_EDGE ( 'NONE', *, *, #2087, .T. ) ;
#6296 = AXIS2_PLACEMENT_3D ( 'NONE', #7821, #2539, #4377 ) ;
#6297 = CIRCLE ( 'NONE', #944, 0.4499999999942327900 ) ;
#6298 = UNCERTAINTY_MEASURE_WITH_UNIT (LENGTH_MEASURE( 1.000000000000000100E-005 ), #6846, 'distance_accuracy_value', 'NONE');
#6299 =( NAMED_UNIT ( * ) SI_UNIT ( $, .STERADIAN. ) SOLID_ANGLE_UNIT ( ) );
#6300 = MECHANICAL_DESIGN_GEOMETRIC_PRESENTATION_REPRESENTATION (  '', ( #1742 ), #1298 ) ;
#6301 = CARTESIAN_POINT ( 'NONE',  ( -6220.532872483720000, 306.8290385117189800, 0.4800000000000000400 ) ) ;
#6302 =( NAMED_UNIT ( * ) PLANE_ANGLE_UNIT ( ) SI_UNIT ( $, .RADIAN. ) );
#6303 = UNCERTAINTY_MEASURE_WITH_UNIT (LENGTH_MEASURE( 1.000000000000000100E-005 ), #8983, 'distance_accuracy_value', 'NONE');
#6304 = VECTOR ( 'NONE', #4798, 1000.000000000000000 ) ;
#6305 = CARTESIAN_POINT ( 'NONE',  ( 0.0000000000000000000, 0.0000000000000000000, 0.0000000000000000000 ) ) ;
#6306 = ORIENTED_EDGE ( 'NONE', *, *, #3883, .F. ) ;
#6307 =( LENGTH_UNIT ( ) NAMED_UNIT ( * ) SI_UNIT ( .MILLI., .METRE. ) );
#6308 = VERTEX_POINT ( 'NONE', #7327 ) ;
#6309 = DIRECTION ( 'NONE',  ( 1.000000000000000000, 0.0000000000000000000, 0.0000000000000000000 ) ) ;
#6310 = CARTESIAN_POINT ( 'NONE',  ( -6220.532872483720000, 306.8290385117210800, 0.4800000000000000400 ) ) ;
#6311 = PRESENTATION_LAYER_ASSIGNMENT (  '', '', ( #7722 ) ) ;
#6312 = PRESENTATION_LAYER_ASSIGNMENT (  '', '', ( #5876 ) ) ;
#6313 =( NAMED_UNIT ( * ) PLANE_ANGLE_UNIT ( ) SI_UNIT ( $, .RADIAN. ) );
#6314 = SURFACE_SIDE_STYLE ('',( #10049 ) ) ;
#6315 = MECHANICAL_DESIGN_GEOMETRIC_PRESENTATION_REPRESENTATION (  '', ( #2897 ), #2736 ) ;
#6316 = EDGE_LOOP ( 'NONE', ( #10857, #5878, #5448, #10730 ) ) ;
#6317 = CARTESIAN_POINT ( 'NONE',  ( -6220.832872483720200, 306.6190385117200200, 3.700743415417190200E-019 ) ) ;
#6318 = VERTEX_POINT ( 'NONE', #2816 ) ;
#6319 = CARTESIAN_POINT ( 'NONE',  ( -6217.832872483720200, 306.7818249162190200, 0.0000000000000000000 ) ) ;
#6320 = DIRECTION ( 'NONE',  ( -0.0000000000000000000, -1.000000000000000000, -0.0000000000000000000 ) ) ;
#6321 = ORIENTED_EDGE ( 'NONE', *, *, #7283, .F. ) ;
#6322 = DIRECTION ( 'NONE',  ( 0.0000000000000000000, 0.0000000000000000000, -1.000000000000000000 ) ) ;
#6323 = PRESENTATION_STYLE_ASSIGNMENT (( #7950 ) ) ;
#6324 = LINE ( 'NONE', #6728, #892 ) ;
#6325 = SURFACE_STYLE_USAGE ( .BOTH. , #8235 ) ;
#6326 = EDGE_CURVE ( 'NONE', #3738, #7594, #7648, .T. ) ;
#6327 = ADVANCED_FACE ( 'NONE', ( #5281 ), #2907, .T. ) ;
#6328 = VERTEX_POINT ( 'NONE', #6420 ) ;
#6329 =( LENGTH_UNIT ( ) NAMED_UNIT ( * ) SI_UNIT ( .MILLI., .METRE. ) );
#6330 = FILL_AREA_STYLE_COLOUR ( '', #4194 ) ;
#6331 = CARTESIAN_POINT ( 'NONE',  ( -6220.382872483720300, 306.6790385117209900, 0.5000000000000000000 ) ) ;
#6332 = EDGE_CURVE ( 'NONE', #5180, #8032, #10663, .T. ) ;
#6333 = DIRECTION ( 'NONE',  ( 4.547473508864709900E-012, 0.0000000000000000000, 1.000000000000000000 ) ) ;
#6334 = VECTOR ( 'NONE', #4833, 1000.000000000000000 ) ;
#6335 = ORIENTED_EDGE ( 'NONE', *, *, #1791, .F. ) ;
#6336 = DIRECTION ( 'NONE',  ( 1.000000000000000000, 0.0000000000000000000, 0.0000000000000000000 ) ) ;
#6337 = CLOSED_SHELL ( 'NONE', ( #6255, #2642, #4977, #7766, #11244, #378 ) ) ;
#6338 = CARTESIAN_POINT ( 'NONE',  ( -6220.832872483720200, 306.9921758150609900, 0.02000000000000000000 ) ) ;
#6339 = VECTOR ( 'NONE', #254, 1000.000000000000000 ) ;
#6340 = CARTESIAN_POINT ( 'NONE',  ( -6220.532872483720000, 306.6790385117209900, 0.5000000000000000000 ) ) ;
#6341 = PRESENTATION_LAYER_ASSIGNMENT (  '', '', ( #1124 ) ) ;
#6342 = ORIENTED_EDGE ( 'NONE', *, *, #979, .F. ) ;
#6343 = COLOUR_RGB ( '',0.7921568627450980000, 0.8196078431372548800, 0.9333333333333333500 ) ;
#6344 = AXIS2_PLACEMENT_3D ( 'NONE', #3855, #5797, #7471 ) ;
#6345 = VERTEX_POINT ( 'NONE', #8183 ) ;
#6346 = EDGE_CURVE ( 'NONE', #1480, #9122, #7763, .T. ) ;
#6347 = PLANE ( 'NONE',  #1628 ) ;
#6348 = AXIS2_PLACEMENT_3D ( 'NONE', #5369, #890, #1823 ) ;
#6349 =( NAMED_UNIT ( * ) PLANE_ANGLE_UNIT ( ) SI_UNIT ( $, .RADIAN. ) );
#6350 = FILL_AREA_STYLE_COLOUR ( '', #1618 ) ;
#6351 = DIRECTION ( 'NONE',  ( -1.000000000000000000, 0.0000000000000000000, -0.0000000000000000000 ) ) ;
#6352 = CLOSED_SHELL ( 'NONE', ( #7824, #7382, #4224, #10106, #4279, #7253 ) ) ;
#6353 = ORIENTED_EDGE ( 'NONE', *, *, #1988, .T. ) ;
#6354 = DIRECTION ( 'NONE',  ( -0.0000000000000000000, -0.0000000000000000000, -1.000000000000000000 ) ) ;
#6355 = UNCERTAINTY_MEASURE_WITH_UNIT (LENGTH_MEASURE( 1.000000000000000100E-005 ), #643, 'distance_accuracy_value', 'NONE');
#6356 = AXIS2_PLACEMENT_3D ( 'NONE', #4334, #3511, #11398 ) ;
#6357 =( LENGTH_UNIT ( ) NAMED_UNIT ( * ) SI_UNIT ( .MILLI., .METRE. ) );
#6358 =( LENGTH_UNIT ( ) NAMED_UNIT ( * ) SI_UNIT ( .MILLI., .METRE. ) );
#6359 = FILL_AREA_STYLE_COLOUR ( '', #9348 ) ;
#6360 = PRESENTATION_STYLE_ASSIGNMENT (( #1616 ) ) ;
#6361 = LINE ( 'NONE', #8996, #8321 ) ;
#6362 =( NAMED_UNIT ( * ) PLANE_ANGLE_UNIT ( ) SI_UNIT ( $, .RADIAN. ) );
#6363 = CARTESIAN_POINT ( 'NONE',  ( -6219.932872483719600, 307.1790385117200200, 0.0000000000000000000 ) ) ;
#6364 = MECHANICAL_DESIGN_GEOMETRIC_PRESENTATION_REPRESENTATION (  '', ( #2559 ), #5019 ) ;
#6365 = VERTEX_POINT ( 'NONE', #8260 ) ;
#6366 = FACE_OUTER_BOUND ( 'NONE', #6124, .T. ) ;
#6367 = VERTEX_POINT ( 'NONE', #172 ) ;
#6368 = SURFACE_STYLE_USAGE ( .BOTH. , #10654 ) ;
#6369 = SURFACE_STYLE_FILL_AREA ( #3026 ) ;
#6370 = FILL_AREA_STYLE ('',( #1936 ) ) ;
#6371 = VERTEX_POINT ( 'NONE', #2856 ) ;
#6372 =( GEOMETRIC_REPRESENTATION_CONTEXT ( 3 ) GLOBAL_UNCERTAINTY_ASSIGNED_CONTEXT ( ( #8442 ) ) GLOBAL_UNIT_ASSIGNED_CONTEXT ( ( #4156, #5912, #5052 ) ) REPRESENTATION_CONTEXT ( 'NONE', 'WORKASPACE' ) );
#6373 =( LENGTH_UNIT ( ) NAMED_UNIT ( * ) SI_UNIT ( .MILLI., .METRE. ) );
#6374 = LINE ( 'NONE', #7927, #3038 ) ;
#6375 = VECTOR ( 'NONE', #10866, 1000.000000000000000 ) ;
#6376 = ADVANCED_FACE ( 'NONE', ( #3039 ), #10001, .F. ) ;
#6377 = DIRECTION ( 'NONE',  ( 0.0000000000000000000, 0.0000000000000000000, -1.000000000000000000 ) ) ;
#6378 = EDGE_LOOP ( 'NONE', ( #11225, #5967, #8777, #4361 ) ) ;
#6379 = AXIS2_PLACEMENT_3D ( 'NONE', #1203, #1279, #6798 ) ;
#6380 = COLOUR_RGB ( '',0.7921568627450980000, 0.8196078431372548800, 0.9333333333333333500 ) ;
#6381 = VECTOR ( 'NONE', #896, 1000.000000000000000 ) ;
#6382 = ADVANCED_FACE ( 'NONE', ( #6911 ), #10832, .T. ) ;
#6383 = EDGE_CURVE ( 'NONE', #4206, #1724, #10133, .T. ) ;
#6384 =( NAMED_UNIT ( * ) SI_UNIT ( $, .STERADIAN. ) SOLID_ANGLE_UNIT ( ) );
#6385 =( LENGTH_UNIT ( ) NAMED_UNIT ( * ) SI_UNIT ( .MILLI., .METRE. ) );
#6386 = EDGE_LOOP ( 'NONE', ( #5364, #10439, #3301, #5367 ) ) ;
#6387 = FILL_AREA_STYLE_COLOUR ( '', #7860 ) ;
#6388 = VECTOR ( 'NONE', #11511, 1000.000000000000000 ) ;
#6389 = DIRECTION ( 'NONE',  ( 6.017408793466909600E-013, 1.000000000000000000, 5.472801416060083700E-024 ) ) ;
#6390 = DIRECTION ( 'NONE',  ( 0.0000000000000000000, -1.000000000000000000, 0.0000000000000000000 ) ) ;
#6391 = EDGE_LOOP ( 'NONE', ( #4368, #10477, #4281, #9233 ) ) ;
#6392 =( GEOMETRIC_REPRESENTATION_CONTEXT ( 3 ) GLOBAL_UNCERTAINTY_ASSIGNED_CONTEXT ( ( #1294 ) ) GLOBAL_UNIT_ASSIGNED_CONTEXT ( ( #9510, #6060, #10377 ) ) REPRESENTATION_CONTEXT ( 'NONE', 'WORKASPACE' ) );
#6393 = STYLED_ITEM ( 'NONE', ( #2253 ), #11244 ) ;
#6394 = STYLED_ITEM ( 'NONE', ( #7900 ), #3887 ) ;
#6395 = VECTOR ( 'NONE', #3350, 1000.000000000000000 ) ;
#6396 = CARTESIAN_POINT ( 'NONE',  ( -6220.382872483720300, 306.6790385117209900, 0.5000000000000000000 ) ) ;
#6397 = SURFACE_STYLE_FILL_AREA ( #10039 ) ;
#6398 = SURFACE_SIDE_STYLE ('',( #9548 ) ) ;
#6399 =( NAMED_UNIT ( * ) SI_UNIT ( $, .STERADIAN. ) SOLID_ANGLE_UNIT ( ) );
#6400 = FILL_AREA_STYLE ('',( #4622 ) ) ;
#6401 = ORIENTED_EDGE ( 'NONE', *, *, #731, .T. ) ;
#6402 =( NAMED_UNIT ( * ) PLANE_ANGLE_UNIT ( ) SI_UNIT ( $, .RADIAN. ) );
#6403 =( NAMED_UNIT ( * ) SI_UNIT ( $, .STERADIAN. ) SOLID_ANGLE_UNIT ( ) );
#6404 = FACE_OUTER_BOUND ( 'NONE', #2732, .T. ) ;
#6405 = CARTESIAN_POINT ( 'NONE',  ( -6217.832872483720200, 306.3943684949470000, 0.2500000000000000000 ) ) ;
#6406 = EDGE_CURVE ( 'NONE', #6256, #272, #6657, .T. ) ;
#6407 = CARTESIAN_POINT ( 'NONE',  ( -6219.132872483720300, 307.1790385117190000, 0.02000000000000000000 ) ) ;
#6408 = AXIS2_PLACEMENT_3D ( 'NONE', #7243, #7282, #8950 ) ;
#6409 = EDGE_CURVE ( 'NONE', #4763, #5754, #5418, .T. ) ;
#6410 = CARTESIAN_POINT ( 'NONE',  ( -6217.782872482725900, 307.2290385118782900, 0.4800000000000085900 ) ) ;
#6411 = CARTESIAN_POINT ( 'NONE',  ( -6220.500255099210300, 306.9921758150600800, 0.0000000000000000000 ) ) ;
#6412 = AXIS2_PLACEMENT_3D ( 'NONE', #1319, #10148, #2180 ) ;
#6413 = EDGE_CURVE ( 'NONE', #9859, #3890, #9579, .T. ) ;
#6414 = DIRECTION ( 'NONE',  ( 1.000000000000000000, -0.0000000000000000000, 0.0000000000000000000 ) ) ;
#6415 = EDGE_CURVE ( 'NONE', #5607, #6308, #8197, .T. ) ;
#6416 = SURFACE_STYLE_FILL_AREA ( #7022 ) ;
#6417 = MANIFOLD_SOLID_BREP ( '24-1-solid1', #5713 ) ;
#6418 = ORIENTED_EDGE ( 'NONE', *, *, #9992, .T. ) ;
#6419 = ORIENTED_EDGE ( 'NONE', *, *, #8055, .T. ) ;
#6420 = CARTESIAN_POINT ( 'NONE',  ( -6218.392872483719700, 306.6290385117190500, 0.02000000000000000000 ) ) ;
#6421 = DIRECTION ( 'NONE',  ( -0.0000000000000000000, 1.000000000000000000, 0.0000000000000000000 ) ) ;
#6422 = CARTESIAN_POINT ( 'NONE',  ( -6220.637923509440000, 306.1790385117190000, 0.5000000000000000000 ) ) ;
#6423 =( NAMED_UNIT ( * ) SI_UNIT ( $, .STERADIAN. ) SOLID_ANGLE_UNIT ( ) );
#6424 = UNCERTAINTY_MEASURE_WITH_UNIT (LENGTH_MEASURE( 1.000000000000000100E-005 ), #2062, 'distance_accuracy_value', 'NONE');
#6425 = SURFACE_SIDE_STYLE ('',( #2446 ) ) ;
#6426 = CIRCLE ( 'NONE', #2577, 0.4500000010763116600 ) ;
#6427 = MECHANICAL_DESIGN_GEOMETRIC_PRESENTATION_REPRESENTATION (  '', ( #10559 ), #9042 ) ;
#6428 = VECTOR ( 'NONE', #10111, 1000.000000000000000 ) ;
#6429 = LINE ( 'NONE', #11444, #11265 ) ;
#6430 = PRESENTATION_LAYER_ASSIGNMENT (  '', '', ( #9632 ) ) ;
#6431 = ORIENTED_EDGE ( 'NONE', *, *, #5288, .T. ) ;
#6432 = VECTOR ( 'NONE', #7294, 1000.000000000000000 ) ;
#6433 = EDGE_LOOP ( 'NONE', ( #2557, #47, #3099, #9128 ) ) ;
#6434 = EDGE_CURVE ( 'NONE', #10452, #5262, #6504, .T. ) ;
#6435 = FILL_AREA_STYLE_COLOUR ( '', #881 ) ;
#6436 = DIRECTION ( 'NONE',  ( 0.0000000000000000000, -1.000000000000000000, 2.509727251182229900E-017 ) ) ;
#6437 = PRESENTATION_STYLE_ASSIGNMENT (( #6082 ) ) ;
#6438 = CARTESIAN_POINT ( 'NONE',  ( -6218.282872483720000, 307.1790385117200200, 0.5000000000000000000 ) ) ;
#6439 = DIRECTION ( 'NONE',  ( 0.0000000000000000000, 0.0000000000000000000, 1.000000000000000000 ) ) ;
#6440 = CARTESIAN_POINT ( 'NONE',  ( -6220.382872483720300, 306.6790385117209900, 0.5000000000000000000 ) ) ;
#6441 = ADVANCED_FACE ( 'NONE', ( #1770 ), #5228, .F. ) ;
#6442 = ORIENTED_EDGE ( 'NONE', *, *, #3969, .F. ) ;
#6443 = SURFACE_STYLE_FILL_AREA ( #795 ) ;
#6444 = ORIENTED_EDGE ( 'NONE', *, *, #7136, .T. ) ;
#6445 = AXIS2_PLACEMENT_3D ( 'NONE', #3756, #9115, #10008 ) ;
#6446 = ORIENTED_EDGE ( 'NONE', *, *, #8858, .T. ) ;
#6447 =( NAMED_UNIT ( * ) PLANE_ANGLE_UNIT ( ) SI_UNIT ( $, .RADIAN. ) );
#6448 = DIRECTION ( 'NONE',  ( -0.0000000000000000000, -1.000000000000000000, -0.0000000000000000000 ) ) ;
#6449 = DIRECTION ( 'NONE',  ( 0.0000000000000000000, -0.0000000000000000000, -1.000000000000000000 ) ) ;
#6450 = SURFACE_STYLE_FILL_AREA ( #4412 ) ;
#6451 =( LENGTH_UNIT ( ) NAMED_UNIT ( * ) SI_UNIT ( .MILLI., .METRE. ) );
#6452 = ORIENTED_EDGE ( 'NONE', *, *, #2083, .T. ) ;
#6453 = FILL_AREA_STYLE_COLOUR ( '', #10929 ) ;
#6454 = ORIENTED_EDGE ( 'NONE', *, *, #819, .T. ) ;
#6455 = CARTESIAN_POINT ( 'NONE',  ( -6220.532872483720000, 306.8290385117200000, 0.4800000000000000400 ) ) ;
#6456 = STYLED_ITEM ( 'NONE', ( #1179 ), #6875 ) ;
#6457 = PRESENTATION_STYLE_ASSIGNMENT (( #8634 ) ) ;
#6458 = MECHANICAL_DESIGN_GEOMETRIC_PRESENTATION_REPRESENTATION (  '', ( #1311 ), #2218 ) ;
#6459 = CARTESIAN_POINT ( 'NONE',  ( -6220.832872483720200, 306.1790385117190000, 0.02000000000000000000 ) ) ;
#6460 =( GEOMETRIC_REPRESENTATION_CONTEXT ( 3 ) GLOBAL_UNCERTAINTY_ASSIGNED_CONTEXT ( ( #9345 ) ) GLOBAL_UNIT_ASSIGNED_CONTEXT ( ( #10011, #6496, #9151 ) ) REPRESENTATION_CONTEXT ( 'NONE', 'WORKASPACE' ) );
#6461 = EDGE_CURVE ( 'NONE', #4867, #8816, #4673, .T. ) ;
#6462 = DIRECTION ( 'NONE',  ( -1.000000000000000000, -0.0000000000000000000, 0.0000000000000000000 ) ) ;
#6463 = CARTESIAN_POINT ( 'NONE',  ( -6220.382872483720300, 306.6790385117200200, 0.4800000000000000400 ) ) ;
#6464 =( NAMED_UNIT ( * ) PLANE_ANGLE_UNIT ( ) SI_UNIT ( $, .RADIAN. ) );
#6465 = FILL_AREA_STYLE_COLOUR ( '', #43 ) ;
#6466 = VERTEX_POINT ( 'NONE', #8454 ) ;
#6467 = SURFACE_STYLE_FILL_AREA ( #6837 ) ;
#6468 = EDGE_CURVE ( 'NONE', #9668, #1741, #767, .T. ) ;
#6469 = SURFACE_STYLE_USAGE ( .BOTH. , #7496 ) ;
#6470 = ORIENTED_EDGE ( 'NONE', *, *, #7416, .T. ) ;
#6471 = PRESENTATION_STYLE_ASSIGNMENT (( #342 ) ) ;
#6472 = STYLED_ITEM ( 'NONE', ( #5613 ), #5157 ) ;
#6473 =( LENGTH_UNIT ( ) NAMED_UNIT ( * ) SI_UNIT ( .MILLI., .METRE. ) );
#6474 = EDGE_CURVE ( 'NONE', #4449, #5616, #3558, .T. ) ;
#6475 = ORIENTED_EDGE ( 'NONE', *, *, #2479, .F. ) ;
#6476 =( NAMED_UNIT ( * ) PLANE_ANGLE_UNIT ( ) SI_UNIT ( $, .RADIAN. ) );
#6477 =( GEOMETRIC_REPRESENTATION_CONTEXT ( 3 ) GLOBAL_UNCERTAINTY_ASSIGNED_CONTEXT ( ( #9935 ) ) GLOBAL_UNIT_ASSIGNED_CONTEXT ( ( #9742, #7003, #1690 ) ) REPRESENTATION_CONTEXT ( 'NONE', 'WORKASPACE' ) );
#6478 = EDGE_CURVE ( 'NONE', #2429, #2621, #8982, .T. ) ;
#6479 = VECTOR ( 'NONE', #3693, 1000.000000000000000 ) ;
#6480 = SURFACE_STYLE_USAGE ( .BOTH. , #276 ) ;
#6481 = ORIENTED_EDGE ( 'NONE', *, *, #7295, .T. ) ;
#6482 = CARTESIAN_POINT ( 'NONE',  ( -6220.670740449360000, 306.8321758150600000, 0.02000000000000000000 ) ) ;
#6483 = ORIENTED_EDGE ( 'NONE', *, *, #10760, .F. ) ;
#6484 = SURFACE_STYLE_USAGE ( .BOTH. , #2925 ) ;
#6485 = VECTOR ( 'NONE', #798, 1000.000000000000000 ) ;
#6486 = SURFACE_STYLE_USAGE ( .BOTH. , #6603 ) ;
#6487 =( GEOMETRIC_REPRESENTATION_CONTEXT ( 3 ) GLOBAL_UNCERTAINTY_ASSIGNED_CONTEXT ( ( #571 ) ) GLOBAL_UNIT_ASSIGNED_CONTEXT ( ( #7457, #3990, #8349 ) ) REPRESENTATION_CONTEXT ( 'NONE', 'WORKASPACE' ) );
#6488 = PRESENTATION_STYLE_ASSIGNMENT (( #9721 ) ) ;
#6489 = MECHANICAL_DESIGN_GEOMETRIC_PRESENTATION_REPRESENTATION (  '', ( #7321 ), #3753 ) ;
#6490 = ORIENTED_EDGE ( 'NONE', *, *, #5452, .F. ) ;
#6491 = ADVANCED_FACE ( 'NONE', ( #5791 ), #4907, .T. ) ;
#6492 = FACE_OUTER_BOUND ( 'NONE', #8888, .T. ) ;
#6493 =( LENGTH_UNIT ( ) NAMED_UNIT ( * ) SI_UNIT ( .MILLI., .METRE. ) );
#6494 = PRESENTATION_LAYER_ASSIGNMENT (  '', '', ( #8951 ) ) ;
#6495 = ORIENTED_EDGE ( 'NONE', *, *, #8280, .T. ) ;
#6496 =( NAMED_UNIT ( * ) PLANE_ANGLE_UNIT ( ) SI_UNIT ( $, .RADIAN. ) );
#6497 = UNCERTAINTY_MEASURE_WITH_UNIT (LENGTH_MEASURE( 1.000000000000000100E-005 ), #2472, 'distance_accuracy_value', 'NONE');
#6498 = COLOUR_RGB ( '',0.7921568627450980000, 0.8196078431372548800, 0.9333333333333333500 ) ;
#6499 = VECTOR ( 'NONE', #5657, 1000.000000000000000 ) ;
#6500 = DIRECTION ( 'NONE',  ( -4.547473508864640400E-012, 0.0000000000000000000, 1.000000000000000000 ) ) ;
#6501 = ORIENTED_EDGE ( 'NONE', *, *, #6658, .F. ) ;
#6502 = LINE ( 'NONE', #7388, #1351 ) ;
#6503 = SURFACE_STYLE_FILL_AREA ( #3140 ) ;
#6504 = LINE ( 'NONE', #4829, #11209 ) ;
#6505 = ORIENTED_EDGE ( 'NONE', *, *, #979, .T. ) ;
#6506 =( NAMED_UNIT ( * ) SI_UNIT ( $, .STERADIAN. ) SOLID_ANGLE_UNIT ( ) );
#6507 = DIRECTION ( 'NONE',  ( -1.000000000000000000, -0.0000000000000000000, -0.0000000000000000000 ) ) ;
#6508 = MECHANICAL_DESIGN_GEOMETRIC_PRESENTATION_REPRESENTATION (  '', ( #4290 ), #6673 ) ;
#6509 =( NAMED_UNIT ( * ) SI_UNIT ( $, .STERADIAN. ) SOLID_ANGLE_UNIT ( ) );
#6510 =( LENGTH_UNIT ( ) NAMED_UNIT ( * ) SI_UNIT ( .MILLI., .METRE. ) );
#6511 = SURFACE_STYLE_FILL_AREA ( #4137 ) ;
#6512 = EDGE_LOOP ( 'NONE', ( #11117, #8400, #1307, #762 ) ) ;
#6513 = SURFACE_STYLE_FILL_AREA ( #5331 ) ;
#6514 = FACE_OUTER_BOUND ( 'NONE', #8742, .T. ) ;
#6515 = EDGE_LOOP ( 'NONE', ( #4286, #474, #1064, #3222 ) ) ;
#6516 = DIRECTION ( 'NONE',  ( 6.243894290492210000E-012, 0.0000000000000000000, 1.000000000000000000 ) ) ;
#6517 =( NAMED_UNIT ( * ) SI_UNIT ( $, .STERADIAN. ) SOLID_ANGLE_UNIT ( ) );
#6518 = SURFACE_STYLE_USAGE ( .BOTH. , #3626 ) ;
#6519 = PRESENTATION_LAYER_ASSIGNMENT (  '', '', ( #132 ) ) ;
#6520 = CYLINDRICAL_SURFACE ( 'NONE', #7108, 0.4500000010763116600 ) ;
#6521 = AXIS2_PLACEMENT_3D ( 'NONE', #5753, #11084, #3095 ) ;
#6522 = FILL_AREA_STYLE ('',( #3897 ) ) ;
#6523 = MECHANICAL_DESIGN_GEOMETRIC_PRESENTATION_REPRESENTATION (  '', ( #10446 ), #715 ) ;
#6524 = DIRECTION ( 'NONE',  ( -1.000000000000000000, -0.0000000000000000000, -0.0000000000000000000 ) ) ;
#6525 = DIRECTION ( 'NONE',  ( -1.000000000000000000, -0.0000000000000000000, -0.0000000000000000000 ) ) ;
#6526 = AXIS2_PLACEMENT_3D ( 'NONE', #2487, #6000, #7737 ) ;
#6527 = VECTOR ( 'NONE', #360, 1000.000000000000000 ) ;
#6528 = ORIENTED_EDGE ( 'NONE', *, *, #10191, .F. ) ;
#6529 = CARTESIAN_POINT ( 'NONE',  ( -6218.632872483720300, 306.1790385117200200, 0.02000000000000000000 ) ) ;
#6530 = SURFACE_STYLE_FILL_AREA ( #5880 ) ;
#6531 =( LENGTH_UNIT ( ) NAMED_UNIT ( * ) SI_UNIT ( .MILLI., .METRE. ) );
#6532 = CARTESIAN_POINT ( 'NONE',  ( -6218.392872483719700, 306.6290385117200100, 0.02000000000000000000 ) ) ;
#6533 = EDGE_LOOP ( 'NONE', ( #4462, #11291 ) ) ;
#6534 = ADVANCED_FACE ( 'NONE', ( #9675 ), #11020, .T. ) ;
#6535 = CARTESIAN_POINT ( 'NONE',  ( -6219.932872483718700, 307.1790385117190000, 0.0000000000000000000 ) ) ;
#6536 = VECTOR ( 'NONE', #9775, 1000.000000000000000 ) ;
#6537 = VECTOR ( 'NONE', #2342, 1000.000000000000000 ) ;
#6538 =( NAMED_UNIT ( * ) SI_UNIT ( $, .STERADIAN. ) SOLID_ANGLE_UNIT ( ) );
#6539 = ORIENTED_EDGE ( 'NONE', *, *, #11283, .F. ) ;
#6540 = PRESENTATION_LAYER_ASSIGNMENT (  '', '', ( #1404 ) ) ;
#6541 = EDGE_CURVE ( 'NONE', #7971, #11111, #2166, .T. ) ;
#6542 = CARTESIAN_POINT ( 'NONE',  ( -6220.382872483720300, 306.8290385117210800, 0.5000000000000000000 ) ) ;
#6543 = FILL_AREA_STYLE_COLOUR ( '', #5604 ) ;
#6544 = CARTESIAN_POINT ( 'NONE',  ( -6218.332872483719300, 307.1090385117190100, 0.5000000000000000000 ) ) ;
#6545 = FILL_AREA_STYLE_COLOUR ( '', #3412 ) ;
#6546 = VERTEX_POINT ( 'NONE', #11282 ) ;
#6547 = CARTESIAN_POINT ( 'NONE',  ( -6218.332872483720200, 307.1090385117199700, 0.4800000000000000400 ) ) ;
#6548 = CARTESIAN_POINT ( 'NONE',  ( -6220.532872483720000, 306.8290385117200000, 0.4800000000000000400 ) ) ;
#6549 = SURFACE_STYLE_FILL_AREA ( #5708 ) ;
#6550 = CARTESIAN_POINT ( 'NONE',  ( -6220.532872483720000, 306.6790385117209900, 0.5000000000000000000 ) ) ;
#6551 = ADVANCED_FACE ( 'NONE', ( #6190 ), #5993, .T. ) ;
#6552 = DIRECTION ( 'NONE',  ( 0.0000000000000000000, -0.0000000000000000000, -1.000000000000000000 ) ) ;
#6553 = ORIENTED_EDGE ( 'NONE', *, *, #6541, .T. ) ;
#6554 = MECHANICAL_DESIGN_GEOMETRIC_PRESENTATION_REPRESENTATION (  '', ( #2927 ), #6715 ) ;
#6555 = ORIENTED_EDGE ( 'NONE', *, *, #716, .T. ) ;
#6556 = LINE ( 'NONE', #6081, #4199 ) ;
#6557 =( LENGTH_UNIT ( ) NAMED_UNIT ( * ) SI_UNIT ( .MILLI., .METRE. ) );
#6558 = FACE_OUTER_BOUND ( 'NONE', #10756, .T. ) ;
#6560 = EDGE_CURVE ( 'NONE', #6104, #11166, #10470, .T. ) ;
#6559 = CARTESIAN_POINT ( 'NONE',  ( -6220.832872483720200, 306.9637085284920200, 0.02000000000000000000 ) ) ;
#6561 = EDGE_LOOP ( 'NONE', ( #11152, #9862, #1118, #3357, #4043, #698 ) ) ;
#6562 = AXIS2_PLACEMENT_3D ( 'NONE', #878, #8040, #2716 ) ;
#6563 = UNCERTAINTY_MEASURE_WITH_UNIT (LENGTH_MEASURE( 1.000000000000000100E-005 ), #7169, 'distance_accuracy_value', 'NONE');
#6564 =( LENGTH_UNIT ( ) NAMED_UNIT ( * ) SI_UNIT ( .MILLI., .METRE. ) );
#6565 = PLANE ( 'NONE',  #6412 ) ;
#6566 = VECTOR ( 'NONE', #3616, 1000.000000000000000 ) ;
#6567 = VECTOR ( 'NONE', #6188, 1000.000000000000000 ) ;
#6568 = PLANE ( 'NONE',  #6379 ) ;
#6569 = DIRECTION ( 'NONE',  ( 0.0000000000000000000, 0.0000000000000000000, 1.000000000000000000 ) ) ;
#6570 = ORIENTED_EDGE ( 'NONE', *, *, #7531, .F. ) ;
#6571 = FILL_AREA_STYLE ('',( #1841 ) ) ;
#6572 = ORIENTED_EDGE ( 'NONE', *, *, #11163, .T. ) ;
#6573 = SURFACE_STYLE_USAGE ( .BOTH. , #4792 ) ;
#6574 =( GEOMETRIC_REPRESENTATION_CONTEXT ( 3 ) GLOBAL_UNCERTAINTY_ASSIGNED_CONTEXT ( ( #1657 ) ) GLOBAL_UNIT_ASSIGNED_CONTEXT ( ( #10951, #10079, #6538 ) ) REPRESENTATION_CONTEXT ( 'NONE', 'WORKASPACE' ) );
#6575 =( LENGTH_UNIT ( ) NAMED_UNIT ( * ) SI_UNIT ( .MILLI., .METRE. ) );
#6576 = STYLED_ITEM ( 'NONE', ( #1488 ), #1469 ) ;
#6577 = SURFACE_STYLE_FILL_AREA ( #7454 ) ;
#6578 = CARTESIAN_POINT ( 'NONE',  ( -6220.637923509440000, 306.1790385117190000, 0.5000000000000000000 ) ) ;
#6579 = ORIENTED_EDGE ( 'NONE', *, *, #4188, .F. ) ;
#6580 = VECTOR ( 'NONE', #4113, 1000.000000000000000 ) ;
#6581 = EDGE_CURVE ( 'NONE', #5488, #3473, #2866, .T. ) ;
#6582 = FILL_AREA_STYLE ('',( #9280 ) ) ;
#6583 = ORIENTED_EDGE ( 'NONE', *, *, #6265, .F. ) ;
#6584 = CARTESIAN_POINT ( 'NONE',  ( -6220.832872483720200, 306.9590385117200000, 0.5000000000000000000 ) ) ;
#6585 = CARTESIAN_POINT ( 'NONE',  ( -6220.382872483720300, 306.1790385117200200, 0.5000000000000000000 ) ) ;
#6586 = CARTESIAN_POINT ( 'NONE',  ( -6218.392872483719700, 306.1790385117200200, 0.02000000000000000000 ) ) ;
#6587 = CYLINDRICAL_SURFACE ( 'NONE', #3853, 0.4500000000016157700 ) ;
#6588 = CARTESIAN_POINT ( 'NONE',  ( -6217.782872483719100, 307.2290385117264600, 0.4800000000000000400 ) ) ;
#6589 =( NAMED_UNIT ( * ) PLANE_ANGLE_UNIT ( ) SI_UNIT ( $, .RADIAN. ) );
#6590 = VECTOR ( 'NONE', #9863, 1000.000000000000000 ) ;
#6591 = AXIS2_PLACEMENT_3D ( 'NONE', #9323, #3888, #8394 ) ;
#6592 = PRESENTATION_LAYER_ASSIGNMENT (  '', '', ( #6156 ) ) ;
#6593 = VECTOR ( 'NONE', #3964, 1000.000000000000000 ) ;
#6594 = DIRECTION ( 'NONE',  ( -1.000000000000000000, -0.0000000000000000000, -0.0000000000000000000 ) ) ;
#6595 = ORIENTED_EDGE ( 'NONE', *, *, #4636, .F. ) ;
#6596 = PRESENTATION_LAYER_ASSIGNMENT (  '', '', ( #9429 ) ) ;
#6597 = SURFACE_STYLE_USAGE ( .BOTH. , #348 ) ;
#6598 = CARTESIAN_POINT ( 'NONE',  ( -6220.382872483720300, 306.8290385117200000, 0.5000000000000000000 ) ) ;
#6599 = VECTOR ( 'NONE', #6773, 1000.000000000000000 ) ;
#6600 = DIRECTION ( 'NONE',  ( 1.150191053511340100E-012, -1.000000000000000000, -7.181671351994675900E-024 ) ) ;
#6601 = SURFACE_STYLE_FILL_AREA ( #2272 ) ;
#6602 = SURFACE_STYLE_FILL_AREA ( #3417 ) ;
#6603 = SURFACE_SIDE_STYLE ('',( #3885 ) ) ;
#6604 = VECTOR ( 'NONE', #198, 1000.000000000000000 ) ;
#6605 = ORIENTED_EDGE ( 'NONE', *, *, #9702, .F. ) ;
#6606 = DIRECTION ( 'NONE',  ( 1.937339177970949900E-013, 1.000000000000000000, -8.809998589508821900E-025 ) ) ;
#6607 = VERTEX_POINT ( 'NONE', #2327 ) ;
#6608 =( GEOMETRIC_REPRESENTATION_CONTEXT ( 3 ) GLOBAL_UNCERTAINTY_ASSIGNED_CONTEXT ( ( #6298 ) ) GLOBAL_UNIT_ASSIGNED_CONTEXT ( ( #6846, #675, #6881 ) ) REPRESENTATION_CONTEXT ( 'NONE', 'WORKASPACE' ) );
#6609 = ADVANCED_FACE ( 'NONE', ( #3979 ), #4941, .F. ) ;
#6610 = AXIS2_PLACEMENT_3D ( 'NONE', #9191, #7334, #1997 ) ;
#6611 = FILL_AREA_STYLE_COLOUR ( '', #490 ) ;
#6612 = AXIS2_PLACEMENT_3D ( 'NONE', #11226, #628, #6010 ) ;
#6613 = DIRECTION ( 'NONE',  ( -0.0000000000000000000, -1.000000000000000000, -0.0000000000000000000 ) ) ;
#6614 = CARTESIAN_POINT ( 'NONE',  ( -6218.392872483719700, 307.1790385117190000, 0.02000000000000000000 ) ) ;
#6615 = LINE ( 'NONE', #10884, #2436 ) ;
#6616 = FILL_AREA_STYLE_COLOUR ( '', #4354 ) ;
#6617 = VERTEX_POINT ( 'NONE', #1438 ) ;
#6618 = COLOUR_RGB ( '',0.7921568627450980000, 0.8196078431372548800, 0.9333333333333333500 ) ;
#6619 = SURFACE_SIDE_STYLE ('',( #3909 ) ) ;
#6620 = VERTEX_POINT ( 'NONE', #1403 ) ;
#6621 = DIRECTION ( 'NONE',  ( -1.000000000000000000, -0.0000000000000000000, 0.0000000000000000000 ) ) ;
#6622 = EDGE_CURVE ( 'NONE', #2124, #8398, #354, .T. ) ;
#6623 = DIRECTION ( 'NONE',  ( -0.0000000000000000000, 1.000000000000000000, 0.0000000000000000000 ) ) ;
#6624 = DIRECTION ( 'NONE',  ( 1.552091788446439900E-012, -1.000000000000000000, -0.0000000000000000000 ) ) ;
#6625 =( GEOMETRIC_REPRESENTATION_CONTEXT ( 3 ) GLOBAL_UNCERTAINTY_ASSIGNED_CONTEXT ( ( #11380 ) ) GLOBAL_UNIT_ASSIGNED_CONTEXT ( ( #8731, #10451, #10351 ) ) REPRESENTATION_CONTEXT ( 'NONE', 'WORKASPACE' ) );
#6626 = FILL_AREA_STYLE ('',( #3922 ) ) ;
#6627 = EDGE_CURVE ( 'NONE', #2394, #3959, #5361, .T. ) ;
#6628 = VERTEX_POINT ( 'NONE', #11246 ) ;
#6629 = CARTESIAN_POINT ( 'NONE',  ( -6220.382872483720300, 306.6790385117190000, 0.5000000000000000000 ) ) ;
#6630 = VECTOR ( 'NONE', #6883, 1000.000000000000000 ) ;
#6631 = DIRECTION ( 'NONE',  ( 0.0000000000000000000, 0.0000000000000000000, 1.000000000000000000 ) ) ;
#6632 = STYLED_ITEM ( 'NONE', ( #3231 ), #7426 ) ;
#6633 = VECTOR ( 'NONE', #11010, 1000.000000000000000 ) ;
#6634 = UNCERTAINTY_MEASURE_WITH_UNIT (LENGTH_MEASURE( 1.000000000000000100E-005 ), #7197, 'distance_accuracy_value', 'NONE');
#6635 = EDGE_CURVE ( 'NONE', #4449, #6957, #6058, .T. ) ;
#6636 = EDGE_CURVE ( 'NONE', #8453, #8163, #4800, .T. ) ;
#6637 = VECTOR ( 'NONE', #10212, 1000.000000000000000 ) ;
#6638 = UNCERTAINTY_MEASURE_WITH_UNIT (LENGTH_MEASURE( 1.000000000000000100E-005 ), #6564, 'distance_accuracy_value', 'NONE');
#6639 = CARTESIAN_POINT ( 'NONE',  ( -6220.382872483720300, 306.8290385117210800, 0.4800000000000000400 ) ) ;
#6640 = VECTOR ( 'NONE', #1877, 1000.000000000000000 ) ;
#6641 = SURFACE_STYLE_USAGE ( .BOTH. , #4076 ) ;
#6642 = ORIENTED_EDGE ( 'NONE', *, *, #599, .T. ) ;
#6643 = COLOUR_RGB ( '',0.7921568627450980000, 0.8196078431372548800, 0.9333333333333333500 ) ;
#6644 =( NAMED_UNIT ( * ) SI_UNIT ( $, .STERADIAN. ) SOLID_ANGLE_UNIT ( ) );
#6645 = ORIENTED_EDGE ( 'NONE', *, *, #1329, .T. ) ;
#6646 = UNCERTAINTY_MEASURE_WITH_UNIT (LENGTH_MEASURE( 1.000000000000000100E-005 ), #10623, 'distance_accuracy_value', 'NONE');
#6648 =( NAMED_UNIT ( * ) SI_UNIT ( $, .STERADIAN. ) SOLID_ANGLE_UNIT ( ) );
#6647 = PRESENTATION_LAYER_ASSIGNMENT (  '', '', ( #6203 ) ) ;
#6649 = VECTOR ( 'NONE', #6309, 1000.000000000000000 ) ;
#6650 = DIRECTION ( 'NONE',  ( -0.0000000000000000000, -0.0000000000000000000, -1.000000000000000000 ) ) ;
#6651 = LINE ( 'NONE', #1564, #4016 ) ;
#6652 = MECHANICAL_DESIGN_GEOMETRIC_PRESENTATION_REPRESENTATION (  '', ( #2035 ), #2633 ) ;
#6653 = UNCERTAINTY_MEASURE_WITH_UNIT (LENGTH_MEASURE( 1.000000000000000100E-005 ), #8756, 'distance_accuracy_value', 'NONE');
#6654 = ORIENTED_EDGE ( 'NONE', *, *, #6956, .T. ) ;
#6655 = LINE ( 'NONE', #7143, #9713 ) ;
#6656 = DIRECTION ( 'NONE',  ( 1.000000000000000000, 0.0000000000000000000, 0.0000000000000000000 ) ) ;
#6657 = LINE ( 'NONE', #3712, #6375 ) ;
#6658 = EDGE_CURVE ( 'NONE', #2747, #4261, #1039, .T. ) ;
#6659 = CARTESIAN_POINT ( 'NONE',  ( -6220.532872483720000, 306.6790385117209900, 0.4800000000000000400 ) ) ;
#6660 = ORIENTED_EDGE ( 'NONE', *, *, #4188, .T. ) ;
#6661 = LINE ( 'NONE', #1811, #10517 ) ;
#6662 = FACE_OUTER_BOUND ( 'NONE', #2536, .T. ) ;
#6663 = CARTESIAN_POINT ( 'NONE',  ( -6220.382872483720300, 306.6790385117209900, 0.4800000000000000400 ) ) ;
#6664 = ORIENTED_EDGE ( 'NONE', *, *, #10538, .T. ) ;
#6665 = CYLINDRICAL_SURFACE ( 'NONE', #6348, 0.2700000000093183400 ) ;
#6666 = SURFACE_SIDE_STYLE ('',( #3814 ) ) ;
#6667 = MECHANICAL_DESIGN_GEOMETRIC_PRESENTATION_REPRESENTATION (  '', ( #5032 ), #8087 ) ;
#6668 = VECTOR ( 'NONE', #4472, 1000.000000000000000 ) ;
#6669 = CARTESIAN_POINT ( 'NONE',  ( -6219.432737906850000, 306.1790385117200200, 0.5000000000000000000 ) ) ;
#6670 = CARTESIAN_POINT ( 'NONE',  ( -6220.532872483720000, 307.1790385117200200, 0.5000000000000000000 ) ) ;
#6671 = EDGE_LOOP ( 'NONE', ( #9275, #4455, #6676, #1281 ) ) ;
#6672 = CARTESIAN_POINT ( 'NONE',  ( -6220.532872483720000, 306.6790385117209900, 0.4800000000000000400 ) ) ;
#6673 =( GEOMETRIC_REPRESENTATION_CONTEXT ( 3 ) GLOBAL_UNCERTAINTY_ASSIGNED_CONTEXT ( ( #6009 ) ) GLOBAL_UNIT_ASSIGNED_CONTEXT ( ( #7129, #8924, #3615 ) ) REPRESENTATION_CONTEXT ( 'NONE', 'WORKASPACE' ) );
#6674 = CARTESIAN_POINT ( 'NONE',  ( -6218.732872483719800, 306.9921758150609900, 2.160421556020020800E-025 ) ) ;
#6675 = ADVANCED_FACE ( 'NONE', ( #8971 ), #6140, .T. ) ;
#6676 = ORIENTED_EDGE ( 'NONE', *, *, #1988, .F. ) ;
#6677 = SURFACE_STYLE_USAGE ( .BOTH. , #3209 ) ;
#6678 = DIRECTION ( 'NONE',  ( -1.000000000000000000, -0.0000000000000000000, -0.0000000000000000000 ) ) ;
#6679 = ORIENTED_EDGE ( 'NONE', *, *, #7467, .T. ) ;
#6680 = MECHANICAL_DESIGN_GEOMETRIC_PRESENTATION_REPRESENTATION (  '', ( #2891 ), #7438 ) ;
#6681 = MECHANICAL_DESIGN_GEOMETRIC_PRESENTATION_REPRESENTATION (  '', ( #4309 ), #2130 ) ;
#6682 = PRESENTATION_LAYER_ASSIGNMENT (  '', '', ( #2283 ) ) ;
#6683 = CARTESIAN_POINT ( 'NONE',  ( -6218.230086079220200, 306.1790385117200200, 0.5000000000000000000 ) ) ;
#6684 = EDGE_CURVE ( 'NONE', #8116, #7789, #9260, .T. ) ;
#6685 = CYLINDRICAL_SURFACE ( 'NONE', #8979, 0.4499999999989512400 ) ;
#6686 = PRESENTATION_STYLE_ASSIGNMENT (( #7738 ) ) ;
#6687 = DIRECTION ( 'NONE',  ( -0.0000000000000000000, 0.0000000000000000000, -1.000000000000000000 ) ) ;
#6688 = VERTEX_POINT ( 'NONE', #8818 ) ;
#6689 = LINE ( 'NONE', #8161, #3782 ) ;
#6690 = DIRECTION ( 'NONE',  ( 1.000000000000000000, 1.233581138467966900E-013, 0.0000000000000000000 ) ) ;
#6691 = SURFACE_SIDE_STYLE ('',( #4520 ) ) ;
#6692 = EDGE_CURVE ( 'NONE', #3957, #11013, #6861, .T. ) ;
#6693 = ORIENTED_EDGE ( 'NONE', *, *, #7617, .T. ) ;
#6694 = PRESENTATION_STYLE_ASSIGNMENT (( #5615 ) ) ;
#6695 = DIRECTION ( 'NONE',  ( -0.0000000000000000000, 1.000000000000000000, 0.0000000000000000000 ) ) ;
#6696 = STYLED_ITEM ( 'NONE', ( #2003 ), #4808 ) ;
#6697 = EDGE_CURVE ( 'NONE', #11182, #8453, #215, .T. ) ;
#6698 = FACE_OUTER_BOUND ( 'NONE', #10639, .T. ) ;
#6699 = ORIENTED_EDGE ( 'NONE', *, *, #4842, .F. ) ;
#6701 = MECHANICAL_DESIGN_GEOMETRIC_PRESENTATION_REPRESENTATION (  '', ( #2820 ), #6608 ) ;
#6700 = SURFACE_STYLE_USAGE ( .BOTH. , #4920 ) ;
#6702 = PLANE ( 'NONE',  #1110 ) ;
#6703 = EDGE_CURVE ( 'NONE', #9756, #3179, #2719, .T. ) ;
#6704 = CARTESIAN_POINT ( 'NONE',  ( -6217.995004518082200, 306.8321758150594900, 0.0000000000000000000 ) ) ;
#6705 = PLANE ( 'NONE',  #10099 ) ;
#6706 = LINE ( 'NONE', #1768, #8248 ) ;
#6707 = PLANE ( 'NONE',  #10952 ) ;
#6708 = PRESENTATION_STYLE_ASSIGNMENT (( #173 ) ) ;
#6709 = FILL_AREA_STYLE ('',( #1455 ) ) ;
#6710 = ORIENTED_EDGE ( 'NONE', *, *, #10453, .F. ) ;
#6711 = LINE ( 'NONE', #184, #6028 ) ;
#6712 = VERTEX_POINT ( 'NONE', #686 ) ;
#6713 = UNCERTAINTY_MEASURE_WITH_UNIT (LENGTH_MEASURE( 1.000000000000000100E-005 ), #10883, 'distance_accuracy_value', 'NONE');
#6714 = CARTESIAN_POINT ( 'NONE',  ( -6218.632872483720300, 307.0721758150600100, 0.02000000000000000000 ) ) ;
#6715 =( GEOMETRIC_REPRESENTATION_CONTEXT ( 3 ) GLOBAL_UNCERTAINTY_ASSIGNED_CONTEXT ( ( #4008 ) ) GLOBAL_UNIT_ASSIGNED_CONTEXT ( ( #2199, #5782, #3847 ) ) REPRESENTATION_CONTEXT ( 'NONE', 'WORKASPACE' ) );
#6716 = CARTESIAN_POINT ( 'NONE',  ( -6220.532872483720000, 306.6790385117200200, 0.5000000000000000000 ) ) ;
#6717 =( LENGTH_UNIT ( ) NAMED_UNIT ( * ) SI_UNIT ( .MILLI., .METRE. ) );
#6718 = AXIS2_PLACEMENT_3D ( 'NONE', #4205, #10293, #10392 ) ;
#6719 = ORIENTED_EDGE ( 'NONE', *, *, #11438, .T. ) ;
#6720 = VECTOR ( 'NONE', #2585, 1000.000000000000000 ) ;
#6721 =( NAMED_UNIT ( * ) SI_UNIT ( $, .STERADIAN. ) SOLID_ANGLE_UNIT ( ) );
#6722 = ORIENTED_EDGE ( 'NONE', *, *, #1660, .F. ) ;
#6723 = CLOSED_SHELL ( 'NONE', ( #1119, #11083, #2992, #426, #3276, #1184, #9947, #2946, #3057, #11192, #1584, #7120, #2346 ) ) ;
#6724 = ADVANCED_FACE ( 'NONE', ( #3694 ), #8739, .T. ) ;
#6725 = DIRECTION ( 'NONE',  ( 0.0000000000000000000, -0.0000000000000000000, -1.000000000000000000 ) ) ;
#6726 = FACE_OUTER_BOUND ( 'NONE', #1964, .T. ) ;
#6727 = COLOUR_RGB ( '',0.7921568627450980000, 0.8196078431372548800, 0.9333333333333333500 ) ;
#6728 = CARTESIAN_POINT ( 'NONE',  ( -6219.532872483720000, 306.1790385117200200, 0.02000000000000000000 ) ) ;
#6729 = CARTESIAN_POINT ( 'NONE',  ( -6218.332872483720200, 306.1790385117200200, 0.5000000000000449600 ) ) ;
#6730 = FILL_AREA_STYLE ('',( #10153 ) ) ;
#6731 = PRESENTATION_LAYER_ASSIGNMENT (  '', '', ( #6136 ) ) ;
#6732 = ORIENTED_EDGE ( 'NONE', *, *, #9114, .T. ) ;
#6733 = PRESENTATION_LAYER_ASSIGNMENT (  '', '', ( #6936 ) ) ;
#6734 = SURFACE_STYLE_FILL_AREA ( #6802 ) ;
#6735 = CARTESIAN_POINT ( 'NONE',  ( -6220.332872483720200, 306.4690385117199900, 0.4800000000000000400 ) ) ;
#6736 = VECTOR ( 'NONE', #5081, 1000.000000000000000 ) ;
#6737 = SURFACE_STYLE_FILL_AREA ( #2847 ) ;
#6738 = CARTESIAN_POINT ( 'NONE',  ( -6217.782872483720900, 306.1290385117176800, 0.0000000000000000000 ) ) ;
#6739 = COLOUR_RGB ( '',0.7921568627450980000, 0.8196078431372548800, 0.9333333333333333500 ) ;
#6740 = DIRECTION ( 'NONE',  ( -1.000000000000000000, -0.0000000000000000000, 0.0000000000000000000 ) ) ;
#6741 = ORIENTED_EDGE ( 'NONE', *, *, #4692, .T. ) ;
#6742 =( NAMED_UNIT ( * ) PLANE_ANGLE_UNIT ( ) SI_UNIT ( $, .RADIAN. ) );
#6743 = STYLED_ITEM ( 'NONE', ( #9165 ), #9819 ) ;
#6744 = SURFACE_STYLE_FILL_AREA ( #5150 ) ;
#6745 = AXIS2_PLACEMENT_3D ( 'NONE', #1658, #5167, #2435 ) ;
#6746 = AXIS2_PLACEMENT_3D ( 'NONE', #6753, #570, #11277 ) ;
#6747 = SURFACE_STYLE_FILL_AREA ( #290 ) ;
#6748 = PLANE ( 'NONE',  #4011 ) ;
#6749 = STYLED_ITEM ( 'NONE', ( #6437 ), #2652 ) ;
#6750 = EDGE_LOOP ( 'NONE', ( #1459, #6864, #10017, #4350 ) ) ;
#6751 = CARTESIAN_POINT ( 'NONE',  ( -6220.832872483720200, 306.9840895374404100, 0.0000000000000000000 ) ) ;
#6752 = ORIENTED_EDGE ( 'NONE', *, *, #7156, .F. ) ;
#6753 = CARTESIAN_POINT ( 'NONE',  ( -6220.382872483720300, 306.6790385117209900, 0.4800000000000000400 ) ) ;
#6754 = CARTESIAN_POINT ( 'NONE',  ( -6220.882872483721300, 306.1290385117159200, 0.0000000000000000000 ) ) ;
#6755 = LINE ( 'NONE', #11336, #236 ) ;
#6756 = PRESENTATION_LAYER_ASSIGNMENT (  '', '', ( #8479 ) ) ;
#6757 = ORIENTED_EDGE ( 'NONE', *, *, #8490, .F. ) ;
#6758 = AXIS2_PLACEMENT_3D ( 'NONE', #3422, #5212, #9838 ) ;
#6759 = CARTESIAN_POINT ( 'NONE',  ( -6220.832872483720200, 306.1790385117190000, 0.5000000000000000000 ) ) ;
#6760 = MECHANICAL_DESIGN_GEOMETRIC_PRESENTATION_REPRESENTATION (  '', ( #5588 ), #7371 ) ;
#6761 = CARTESIAN_POINT ( 'NONE',  ( -6219.132872483720300, 307.1790385117190000, 0.0000000000000000000 ) ) ;
#6762 = FILL_AREA_STYLE_COLOUR ( '', #1512 ) ;
#6763 = VECTOR ( 'NONE', #11386, 1000.000000000000000 ) ;
#6764 = FACE_OUTER_BOUND ( 'NONE', #3839, .T. ) ;
#6765 = VECTOR ( 'NONE', #6656, 1000.000000000000000 ) ;
#6766 = FILL_AREA_STYLE ('',( #11215 ) ) ;
#6767 = ORIENTED_EDGE ( 'NONE', *, *, #5136, .T. ) ;
#6768 = VECTOR ( 'NONE', #2467, 1000.000000000000000 ) ;
#6769 = UNCERTAINTY_MEASURE_WITH_UNIT (LENGTH_MEASURE( 1.000000000000000100E-005 ), #7662, 'distance_accuracy_value', 'NONE');
#6770 = EDGE_LOOP ( 'NONE', ( #10889, #4264, #8283, #166 ) ) ;
#6771 = EDGE_CURVE ( 'NONE', #9657, #580, #3258, .T. ) ;
#6772 = CARTESIAN_POINT ( 'NONE',  ( -6220.532872483720000, 307.1790385117200200, 0.5000000000000000000 ) ) ;
#6773 = DIRECTION ( 'NONE',  ( 0.0000000000000000000, -0.0000000000000000000, -1.000000000000000000 ) ) ;
#6774 = PRESENTATION_STYLE_ASSIGNMENT (( #6196 ) ) ;
#6775 = MECHANICAL_DESIGN_GEOMETRIC_PRESENTATION_REPRESENTATION (  '', ( #2448 ), #3052 ) ;
#6776 = CARTESIAN_POINT ( 'NONE',  ( -6217.782872483587200, 307.2290385117698900, 0.5000000000000000000 ) ) ;
#6777 = VECTOR ( 'NONE', #9282, 1000.000000000000000 ) ;
#6778 = ADVANCED_FACE ( 'NONE', ( #5780 ), #5134, .T. ) ;
#6779 = CARTESIAN_POINT ( 'NONE',  ( -6220.532872483720000, 306.6790385117209900, 0.5000000000000000000 ) ) ;
#6780 = PRESENTATION_LAYER_ASSIGNMENT (  '', '', ( #2241 ) ) ;
#6781 = ORIENTED_EDGE ( 'NONE', *, *, #8220, .F. ) ;
#6782 = EDGE_CURVE ( 'NONE', #7336, #1201, #2410, .T. ) ;
#6783 = PRESENTATION_LAYER_ASSIGNMENT (  '', '', ( #457 ) ) ;
#6784 = CYLINDRICAL_SURFACE ( 'NONE', #6125, 0.4500000010061455700 ) ;
#6785 = SURFACE_STYLE_FILL_AREA ( #3256 ) ;
#6786 = ORIENTED_EDGE ( 'NONE', *, *, #4092, .F. ) ;
#6787 = CARTESIAN_POINT ( 'NONE',  ( -6220.332872483720200, 306.1790385117200200, 0.5000000000000000000 ) ) ;
#6788 = CARTESIAN_POINT ( 'NONE',  ( -6220.382872483720300, 306.6790385117200200, 0.4800000000000000400 ) ) ;
#6789 = SURFACE_STYLE_USAGE ( .BOTH. , #11201 ) ;
#6790 = ORIENTED_EDGE ( 'NONE', *, *, #5518, .T. ) ;
#6791 = CARTESIAN_POINT ( 'NONE',  ( -6220.382872483720300, 306.6790385117209900, 0.4800000000000000400 ) ) ;
#6792 = ORIENTED_EDGE ( 'NONE', *, *, #4625, .T. ) ;
#6793 = STYLED_ITEM ( 'NONE', ( #2998 ), #8943 ) ;
#6794 = FACE_OUTER_BOUND ( 'NONE', #10290, .T. ) ;
#6795 =( NAMED_UNIT ( * ) SI_UNIT ( $, .STERADIAN. ) SOLID_ANGLE_UNIT ( ) );
#6796 = ORIENTED_EDGE ( 'NONE', *, *, #10141, .F. ) ;
#6797 = EDGE_CURVE ( 'NONE', #180, #10235, #9117, .T. ) ;
#6798 = DIRECTION ( 'NONE',  ( -1.880717803723720000E-012, 1.000000000000000000, 0.0000000000000000000 ) ) ;
#6799 = LINE ( 'NONE', #319, #8897 ) ;
#6800 = FILL_AREA_STYLE ('',( #8627 ) ) ;
#6801 = ORIENTED_EDGE ( 'NONE', *, *, #7887, .F. ) ;
#6802 = FILL_AREA_STYLE ('',( #589 ) ) ;
#6803 = DIRECTION ( 'NONE',  ( 0.0000000000000000000, -1.000000000000000000, 0.0000000000000000000 ) ) ;
#6804 = CIRCLE ( 'NONE', #10157, 0.4500000000238202300 ) ;
#6805 = CARTESIAN_POINT ( 'NONE',  ( -6220.382872483720300, 306.8290385117210800, 0.5000000000000000000 ) ) ;
#6806 = AXIS2_PLACEMENT_3D ( 'NONE', #554, #5747, #9426 ) ;
#6807 = DIRECTION ( 'NONE',  ( 1.000000000000000000, 0.0000000000000000000, -0.0000000000000000000 ) ) ;
#6808 = VERTEX_POINT ( 'NONE', #807 ) ;
#6809 = PRESENTATION_STYLE_ASSIGNMENT (( #7589 ) ) ;
#6810 = DIRECTION ( 'NONE',  ( -0.0000000000000000000, -1.000000000000000000, -0.0000000000000000000 ) ) ;
#6811 = COLOUR_RGB ( '',0.7921568627450980000, 0.8196078431372548800, 0.9333333333333333500 ) ;
#6812 = ORIENTED_EDGE ( 'NONE', *, *, #5074, .F. ) ;
#6813 = CARTESIAN_POINT ( 'NONE',  ( -6219.232872483719800, 306.1790385117200200, 0.0000000000000000000 ) ) ;
#6814 = AXIS2_PLACEMENT_3D ( 'NONE', #9716, #10569, #5169 ) ;
#6815 =( GEOMETRIC_REPRESENTATION_CONTEXT ( 3 ) GLOBAL_UNCERTAINTY_ASSIGNED_CONTEXT ( ( #8378 ) ) GLOBAL_UNIT_ASSIGNED_CONTEXT ( ( #2033, #2863, #7367 ) ) REPRESENTATION_CONTEXT ( 'NONE', 'WORKASPACE' ) );
#6816 = ORIENTED_EDGE ( 'NONE', *, *, #8930, .F. ) ;
#6817 = DIRECTION ( 'NONE',  ( 0.0000000000000000000, -0.0000000000000000000, -1.000000000000000000 ) ) ;
#6818 = CARTESIAN_POINT ( 'NONE',  ( -6220.382872483720300, 306.6790385117209900, 0.4800000000000000400 ) ) ;
#6819 = ADVANCED_FACE ( 'NONE', ( #10337 ), #9910, .T. ) ;
#6820 = PRESENTATION_STYLE_ASSIGNMENT (( #212 ) ) ;
#6821 = FILL_AREA_STYLE_COLOUR ( '', #8692 ) ;
#6822 = PLANE ( 'NONE',  #6718 ) ;
#6823 = ORIENTED_EDGE ( 'NONE', *, *, #6622, .T. ) ;
#6824 = EDGE_CURVE ( 'NONE', #2806, #1408, #10885, .T. ) ;
#6825 = FILL_AREA_STYLE ('',( #2444 ) ) ;
#6826 = LINE ( 'NONE', #10108, #8800 ) ;
#6827 = MECHANICAL_DESIGN_GEOMETRIC_PRESENTATION_REPRESENTATION (  '', ( #5889 ), #1255 ) ;
#6828 = EDGE_CURVE ( 'NONE', #5159, #1320, #10900, .T. ) ;
#6830 = MECHANICAL_DESIGN_GEOMETRIC_PRESENTATION_REPRESENTATION (  '', ( #8050 ), #11219 ) ;
#6829 = PLANE ( 'NONE',  #10138 ) ;
#6831 = ORIENTED_EDGE ( 'NONE', *, *, #7665, .T. ) ;
#6832 = LINE ( 'NONE', #111, #9229 ) ;
#6833 = ORIENTED_EDGE ( 'NONE', *, *, #8783, .F. ) ;
#6834 = SURFACE_STYLE_USAGE ( .BOTH. , #11259 ) ;
#6835 = ORIENTED_EDGE ( 'NONE', *, *, #11367, .T. ) ;
#6836 = EDGE_CURVE ( 'NONE', #1304, #5546, #2025, .T. ) ;
#6837 = FILL_AREA_STYLE ('',( #1377 ) ) ;
#6838 = UNCERTAINTY_MEASURE_WITH_UNIT (LENGTH_MEASURE( 1.000000000000000100E-005 ), #6307, 'distance_accuracy_value', 'NONE');
#6839 = CARTESIAN_POINT ( 'NONE',  ( -6217.832872483720200, 306.9840895374400100, 0.0000000000000000000 ) ) ;
#6840 = FILL_AREA_STYLE_COLOUR ( '', #9135 ) ;
#6841 = SURFACE_STYLE_FILL_AREA ( #175 ) ;
#6842 = CARTESIAN_POINT ( 'NONE',  ( -6217.832872483720200, 306.1790385117200200, 0.02000000000000000000 ) ) ;
#6843 = SURFACE_STYLE_USAGE ( .BOTH. , #9395 ) ;
#6844 = VERTEX_POINT ( 'NONE', #8009 ) ;
#6845 = PRESENTATION_STYLE_ASSIGNMENT (( #5036 ) ) ;
#6846 =( LENGTH_UNIT ( ) NAMED_UNIT ( * ) SI_UNIT ( .MILLI., .METRE. ) );
#6847 = ORIENTED_EDGE ( 'NONE', *, *, #1396, .T. ) ;
#6848 = PLANE ( 'NONE',  #5090 ) ;
#6849 = PRESENTATION_LAYER_ASSIGNMENT (  '', '', ( #4715 ) ) ;
#6850 = COLOUR_RGB ( '',0.7921568627450980000, 0.8196078431372548800, 0.9333333333333333500 ) ;
#6851 = CARTESIAN_POINT ( 'NONE',  ( -6220.382872483720300, 306.6790385117209900, 0.4800000000000000400 ) ) ;
#6852 = STYLED_ITEM ( 'NONE', ( #10237 ), #955 ) ;
#6853 = LINE ( 'NONE', #753, #5070 ) ;
#6854 = PRESENTATION_STYLE_ASSIGNMENT (( #6368 ) ) ;
#6855 = DIRECTION ( 'NONE',  ( -1.880717803723720000E-012, 1.000000000000000000, 0.0000000000000000000 ) ) ;
#6856 = VERTEX_POINT ( 'NONE', #1042 ) ;
#6857 =( NAMED_UNIT ( * ) PLANE_ANGLE_UNIT ( ) SI_UNIT ( $, .RADIAN. ) );
#6858 = SURFACE_STYLE_USAGE ( .BOTH. , #11320 ) ;
#6859 = DIRECTION ( 'NONE',  ( -0.0000000000000000000, 0.0000000000000000000, -1.000000000000000000 ) ) ;
#6860 = COLOUR_RGB ( '',0.7921568627450980000, 0.8196078431372548800, 0.9333333333333333500 ) ;
#6861 = LINE ( 'NONE', #1664, #7002 ) ;
#6862 = CARTESIAN_POINT ( 'NONE',  ( -6220.500255099210300, 306.9921758150600800, 0.02000000000000000000 ) ) ;
#6863 = STYLED_ITEM ( 'NONE', ( #11489 ), #6417 ) ;
#6864 = ORIENTED_EDGE ( 'NONE', *, *, #883, .T. ) ;
#6865 = ORIENTED_EDGE ( 'NONE', *, *, #7887, .T. ) ;
#6866 =( GEOMETRIC_REPRESENTATION_CONTEXT ( 3 ) GLOBAL_UNCERTAINTY_ASSIGNED_CONTEXT ( ( #1015 ) ) GLOBAL_UNIT_ASSIGNED_CONTEXT ( ( #9465, #442, #11116 ) ) REPRESENTATION_CONTEXT ( 'NONE', 'WORKASPACE' ) );
#6867 = EDGE_LOOP ( 'NONE', ( #8652, #1777, #8010, #2297 ) ) ;
#6868 =( LENGTH_UNIT ( ) NAMED_UNIT ( * ) SI_UNIT ( .MILLI., .METRE. ) );
#6869 = CARTESIAN_POINT ( 'NONE',  ( -6218.027821457999400, 306.1790385117200200, 0.5000000000000000000 ) ) ;
#6870 = SURFACE_STYLE_FILL_AREA ( #5057 ) ;
#6871 = CYLINDRICAL_SURFACE ( 'NONE', #2594, 0.4499999999874049200 ) ;
#6872 =( LENGTH_UNIT ( ) NAMED_UNIT ( * ) SI_UNIT ( .MILLI., .METRE. ) );
#6873 = ORIENTED_EDGE ( 'NONE', *, *, #5456, .F. ) ;
#6874 = FILL_AREA_STYLE_COLOUR ( '', #6268 ) ;
#6875 = ADVANCED_FACE ( 'NONE', ( #3548 ), #8170, .T. ) ;
#6876 = DIRECTION ( 'NONE',  ( 0.0000000000000000000, -0.0000000000000000000, -1.000000000000000000 ) ) ;
#6877 = ORIENTED_EDGE ( 'NONE', *, *, #1699, .T. ) ;
#6878 = PRESENTATION_LAYER_ASSIGNMENT (  '', '', ( #3786 ) ) ;
#6879 = STYLED_ITEM ( 'NONE', ( #5626 ), #10878 ) ;
#6880 = AXIS2_PLACEMENT_3D ( 'NONE', #6363, #9826, #10686 ) ;
#6881 =( NAMED_UNIT ( * ) SI_UNIT ( $, .STERADIAN. ) SOLID_ANGLE_UNIT ( ) );
#6882 = LINE ( 'NONE', #395, #3281 ) ;
#6883 = DIRECTION ( 'NONE',  ( -0.0000000000000000000, -1.000000000000000000, -0.0000000000000000000 ) ) ;
#6884 = ORIENTED_EDGE ( 'NONE', *, *, #11356, .F. ) ;
#6885 = DIRECTION ( 'NONE',  ( 0.0000000000000000000, 0.0000000000000000000, -1.000000000000000000 ) ) ;
#6886 = CARTESIAN_POINT ( 'NONE',  ( -6217.782872483721800, 306.1290385117200700, 0.4800000000000000400 ) ) ;
#6887 = COLOUR_RGB ( '',0.7921568627450980000, 0.8196078431372548800, 0.9333333333333333500 ) ;
#6888 = DIRECTION ( 'NONE',  ( 0.0000000000000000000, 0.0000000000000000000, 1.000000000000000000 ) ) ;
#6889 = VECTOR ( 'NONE', #2211, 1000.000000000000000 ) ;
#6890 =( LENGTH_UNIT ( ) NAMED_UNIT ( * ) SI_UNIT ( .MILLI., .METRE. ) );
#6891 = EDGE_LOOP ( 'NONE', ( #11007, #833, #934, #2981, #10225, #4423, #4719, #11402 ) ) ;
#6892 = EDGE_CURVE ( 'NONE', #1139, #7754, #5071, .T. ) ;
#6893 = MANIFOLD_SOLID_BREP ( '4-1-solid1', #631 ) ;
#6894 = COLOUR_RGB ( '',0.7921568627450980000, 0.8196078431372548800, 0.9333333333333333500 ) ;
#6895 = STYLED_ITEM ( 'NONE', ( #8371 ), #11471 ) ;
#6896 = FILL_AREA_STYLE ('',( #11317 ) ) ;
#6897 = AXIS2_PLACEMENT_3D ( 'NONE', #3977, #1361, #2143 ) ;
#6898 = EDGE_CURVE ( 'NONE', #8762, #10388, #11439, .T. ) ;
#6899 = ORIENTED_EDGE ( 'NONE', *, *, #2403, .T. ) ;
#6900 = DIRECTION ( 'NONE',  ( -1.000000000000000000, 0.0000000000000000000, -0.0000000000000000000 ) ) ;
#6901 = COLOUR_RGB ( '',0.7921568627450980000, 0.8196078431372548800, 0.9333333333333333500 ) ;
#6902 = UNCERTAINTY_MEASURE_WITH_UNIT (LENGTH_MEASURE( 1.000000000000000100E-005 ), #9318, 'distance_accuracy_value', 'NONE');
#6903 = FILL_AREA_STYLE ('',( #691 ) ) ;
#6904 = EDGE_CURVE ( 'NONE', #1502, #2187, #8682, .T. ) ;
#6905 = VERTEX_POINT ( 'NONE', #9951 ) ;
#6906 = SURFACE_SIDE_STYLE ('',( #6959 ) ) ;
#6907 =( NAMED_UNIT ( * ) PLANE_ANGLE_UNIT ( ) SI_UNIT ( $, .RADIAN. ) );
#6908 = PLANE ( 'NONE',  #10345 ) ;
#6909 = ORIENTED_EDGE ( 'NONE', *, *, #9392, .F. ) ;
#6910 = FILL_AREA_STYLE ('',( #5149 ) ) ;
#6911 = FACE_OUTER_BOUND ( 'NONE', #9823, .T. ) ;
#6912 = DIRECTION ( 'NONE',  ( 1.000000000000000000, 0.0000000000000000000, 0.0000000000000000000 ) ) ;
#6913 =( NAMED_UNIT ( * ) PLANE_ANGLE_UNIT ( ) SI_UNIT ( $, .RADIAN. ) );
#6914 = VERTEX_POINT ( 'NONE', #10968 ) ;
#6915 = PRESENTATION_LAYER_ASSIGNMENT (  '', '', ( #8509 ) ) ;
#6916 =( NAMED_UNIT ( * ) PLANE_ANGLE_UNIT ( ) SI_UNIT ( $, .RADIAN. ) );
#6917 = SURFACE_STYLE_USAGE ( .BOTH. , #4304 ) ;
#6918 = DIRECTION ( 'NONE',  ( -0.0000000000000000000, 0.0000000000000000000, -1.000000000000000000 ) ) ;
#6919 = CARTESIAN_POINT ( 'NONE',  ( -6218.632872483720300, 306.7290385117200300, 0.02000000000000000000 ) ) ;
#6920 = AXIS2_PLACEMENT_3D ( 'NONE', #8445, #384, #8320 ) ;
#6921 = LINE ( 'NONE', #6225, #6381 ) ;
#6922 = EDGE_CURVE ( 'NONE', #5145, #1122, #4802, .T. ) ;
#6923 =( GEOMETRIC_REPRESENTATION_CONTEXT ( 3 ) GLOBAL_UNCERTAINTY_ASSIGNED_CONTEXT ( ( #1210 ) ) GLOBAL_UNIT_ASSIGNED_CONTEXT ( ( #5563, #10097, #279 ) ) REPRESENTATION_CONTEXT ( 'NONE', 'WORKASPACE' ) );
#6924 = ORIENTED_EDGE ( 'NONE', *, *, #11390, .F. ) ;
#6925 = VECTOR ( 'NONE', #7844, 1000.000000000000000 ) ;
#6926 = CARTESIAN_POINT ( 'NONE',  ( -6218.048202466950900, 306.1790385117200200, 0.4800000000000000900 ) ) ;
#6927 = ORIENTED_EDGE ( 'NONE', *, *, #6258, .T. ) ;
#6928 = FILL_AREA_STYLE_COLOUR ( '', #3278 ) ;
#6929 = CARTESIAN_POINT ( 'NONE',  ( -6218.392872483719700, 307.0721758150600100, 0.0000000000000000000 ) ) ;
#6930 = DIRECTION ( 'NONE',  ( -9.094947017728610300E-012, 0.0000000000000000000, -1.000000000000000000 ) ) ;
#6931 = CIRCLE ( 'NONE', #5625, 0.4499999999874049200 ) ;
#6932 = PRESENTATION_LAYER_ASSIGNMENT (  '', '', ( #1367 ) ) ;
#6933 = ADVANCED_FACE ( 'NONE', ( #5215 ), #8246, .T. ) ;
#6934 = VERTEX_POINT ( 'NONE', #237 ) ;
#6935 =( NAMED_UNIT ( * ) PLANE_ANGLE_UNIT ( ) SI_UNIT ( $, .RADIAN. ) );
#6936 = STYLED_ITEM ( 'NONE', ( #5648 ), #1169 ) ;
#6937 = DIRECTION ( 'NONE',  ( -3.192717298542328700E-025, 2.842170942938230000E-013, -1.000000000000000000 ) ) ;
#6938 = LINE ( 'NONE', #9330, #2798 ) ;
#6939 = VECTOR ( 'NONE', #8957, 1000.000000000000000 ) ;
#6940 = DIRECTION ( 'NONE',  ( 0.0000000000000000000, -1.000000000000000000, -0.0000000000000000000 ) ) ;
#6941 = CARTESIAN_POINT ( 'NONE',  ( -6217.832872483720200, 306.6190385117200200, 0.4800000000000000400 ) ) ;
#6942 = DIRECTION ( 'NONE',  ( -0.0000000000000000000, -0.0000000000000000000, -1.000000000000000000 ) ) ;
#6943 = ORIENTED_EDGE ( 'NONE', *, *, #7734, .F. ) ;
#6944 = CARTESIAN_POINT ( 'NONE',  ( -6217.832872483720200, 306.6290385117199500, 0.02000000000000000000 ) ) ;
#6945 = PRESENTATION_LAYER_ASSIGNMENT (  '', '', ( #202 ) ) ;
#6946 = AXIS2_PLACEMENT_3D ( 'NONE', #8516, #4120, #10317 ) ;
#6947 = SURFACE_STYLE_USAGE ( .BOTH. , #10469 ) ;
#6948 = CIRCLE ( 'NONE', #7359, 0.2500000000003055300 ) ;
#6949 = CARTESIAN_POINT ( 'NONE',  ( -6218.230086079220200, 306.1790385117200200, 0.01999999999999999700 ) ) ;
#6950 = CARTESIAN_POINT ( 'NONE',  ( -6218.732872483719800, 306.9921758150600800, 0.0000000000000000000 ) ) ;
#6951 = PRESENTATION_LAYER_ASSIGNMENT (  '', '', ( #11493 ) ) ;
#6952 = EDGE_LOOP ( 'NONE', ( #705, #7936, #7706, #6335 ) ) ;
#6953 = CARTESIAN_POINT ( 'NONE',  ( -6217.832872483720200, 306.6290385117190500, 0.0000000000000000000 ) ) ;
#6954 = FACE_OUTER_BOUND ( 'NONE', #5078, .T. ) ;
#6955 = FACE_OUTER_BOUND ( 'NONE', #526, .T. ) ;
#6956 = EDGE_CURVE ( 'NONE', #10566, #11465, #9666, .T. ) ;
#6957 = VERTEX_POINT ( 'NONE', #2088 ) ;
#6958 = FILL_AREA_STYLE ('',( #758 ) ) ;
#6959 = SURFACE_STYLE_FILL_AREA ( #10500 ) ;
#6960 =( NAMED_UNIT ( * ) PLANE_ANGLE_UNIT ( ) SI_UNIT ( $, .RADIAN. ) );
#6961 = SURFACE_STYLE_FILL_AREA ( #8557 ) ;
#6962 =( NAMED_UNIT ( * ) SI_UNIT ( $, .STERADIAN. ) SOLID_ANGLE_UNIT ( ) );
#6963 = FILL_AREA_STYLE ('',( #11466 ) ) ;
#6964 = LINE ( 'NONE', #4135, #720 ) ;
#6965 = AXIS2_PLACEMENT_3D ( 'NONE', #11322, #1473, #8659 ) ;
#6966 = FILL_AREA_STYLE ('',( #641 ) ) ;
#6967 = PRESENTATION_LAYER_ASSIGNMENT (  '', '', ( #10114 ) ) ;
#6968 = CARTESIAN_POINT ( 'NONE',  ( -6217.832872483720200, 306.3739874859970200, 0.0000000000000000000 ) ) ;
#6969 = EDGE_CURVE ( 'NONE', #8558, #4384, #3697, .T. ) ;
#6970 = ORIENTED_EDGE ( 'NONE', *, *, #2001, .T. ) ;
#6971 = UNCERTAINTY_MEASURE_WITH_UNIT (LENGTH_MEASURE( 1.000000000000000100E-005 ), #3066, 'distance_accuracy_value', 'NONE');
#6972 = CARTESIAN_POINT ( 'NONE',  ( -6220.382872483720300, 306.6790385117200200, 0.4800000000000000400 ) ) ;
#6973 = ORIENTED_EDGE ( 'NONE', *, *, #5061, .T. ) ;
#6974 = ORIENTED_EDGE ( 'NONE', *, *, #9909, .T. ) ;
#6975 = VECTOR ( 'NONE', #1099, 1000.000000000000000 ) ;
#6976 = FACE_OUTER_BOUND ( 'NONE', #963, .T. ) ;
#6977 = CARTESIAN_POINT ( 'NONE',  ( -6218.332872483720200, 307.1090385117190100, 0.4800000000000000400 ) ) ;
#6978 = CARTESIAN_POINT ( 'NONE',  ( -6217.832872483720200, 306.3943684949460400, 0.02000000000000004600 ) ) ;
#6979 = ORIENTED_EDGE ( 'NONE', *, *, #6243, .F. ) ;
#6980 = EDGE_CURVE ( 'NONE', #10440, #8, #4523, .T. ) ;
#6981 = DIRECTION ( 'NONE',  ( -0.0000000000000000000, -0.0000000000000000000, -1.000000000000000000 ) ) ;
#6982 = EDGE_CURVE ( 'NONE', #2391, #5950, #9262, .T. ) ;
#6983 = VERTEX_POINT ( 'NONE', #1155 ) ;
#6984 = CARTESIAN_POINT ( 'NONE',  ( -6220.532872483720000, 306.8290385117210800, 0.4800000000000000400 ) ) ;
#6985 = ORIENTED_EDGE ( 'NONE', *, *, #1323, .F. ) ;
#6986 = UNCERTAINTY_MEASURE_WITH_UNIT (LENGTH_MEASURE( 1.000000000000000100E-005 ), #5919, 'distance_accuracy_value', 'NONE');
#6987 =( NAMED_UNIT ( * ) SI_UNIT ( $, .STERADIAN. ) SOLID_ANGLE_UNIT ( ) );
#6988 = MECHANICAL_DESIGN_GEOMETRIC_PRESENTATION_REPRESENTATION (  '', ( #4995 ), #6185 ) ;
#6989 = EDGE_CURVE ( 'NONE', #10486, #3473, #618, .T. ) ;
#6990 = COLOUR_RGB ( '',0.7921568627450980000, 0.8196078431372548800, 0.9333333333333333500 ) ;
#6991 =( GEOMETRIC_REPRESENTATION_CONTEXT ( 3 ) GLOBAL_UNCERTAINTY_ASSIGNED_CONTEXT ( ( #6283 ) ) GLOBAL_UNIT_ASSIGNED_CONTEXT ( ( #8291, #3859, #6648 ) ) REPRESENTATION_CONTEXT ( 'NONE', 'WORKASPACE' ) );
#6992 = UNCERTAINTY_MEASURE_WITH_UNIT (LENGTH_MEASURE( 1.000000000000000100E-005 ), #9959, 'distance_accuracy_value', 'NONE');
#6993 = LINE ( 'NONE', #265, #6165 ) ;
#6994 = EDGE_CURVE ( 'NONE', #11111, #972, #759, .T. ) ;
#6995 = MECHANICAL_DESIGN_GEOMETRIC_PRESENTATION_REPRESENTATION (  '', ( #1423 ), #4189 ) ;
#6996 = CARTESIAN_POINT ( 'NONE',  ( -6220.532872483720000, 306.8290385117210800, 0.4800000000000000400 ) ) ;
#6997 = DIRECTION ( 'NONE',  ( 1.000000000000000000, 8.809998589507969600E-025, -4.547473508864600000E-012 ) ) ;
#6998 = ORIENTED_EDGE ( 'NONE', *, *, #1257, .F. ) ;
#6999 = FILL_AREA_STYLE_COLOUR ( '', #10641 ) ;
#7000 = ADVANCED_FACE ( 'NONE', ( #1589 ), #4773, .T. ) ;
#7001 = FILL_AREA_STYLE ('',( #4263 ) ) ;
#7002 = VECTOR ( 'NONE', #1740, 1000.000000000000000 ) ;
#7003 =( NAMED_UNIT ( * ) PLANE_ANGLE_UNIT ( ) SI_UNIT ( $, .RADIAN. ) );
#7004 = ADVANCED_FACE ( 'NONE', ( #9387 ), #2921, .T. ) ;
#7005 = VECTOR ( 'NONE', #5785, 1000.000000000000000 ) ;
#7006 = DIRECTION ( 'NONE',  ( 1.000000000000000000, -0.0000000000000000000, 0.0000000000000000000 ) ) ;
#7007 = AXIS2_PLACEMENT_3D ( 'NONE', #899, #9769, #9850 ) ;
#7008 = ORIENTED_EDGE ( 'NONE', *, *, #7909, .T. ) ;
#7009 =( NAMED_UNIT ( * ) PLANE_ANGLE_UNIT ( ) SI_UNIT ( $, .RADIAN. ) );
#7010 = CARTESIAN_POINT ( 'NONE',  ( -6220.382872483720300, 306.6790385117209900, 0.5000000000000000000 ) ) ;
#7011 =( NAMED_UNIT ( * ) PLANE_ANGLE_UNIT ( ) SI_UNIT ( $, .RADIAN. ) );
#7012 =( LENGTH_UNIT ( ) NAMED_UNIT ( * ) SI_UNIT ( .MILLI., .METRE. ) );
#7013 = EDGE_CURVE ( 'NONE', #1434, #7998, #9518, .T. ) ;
#7014 = COLOUR_RGB ( '',0.7921568627450980000, 0.8196078431372548800, 0.9333333333333333500 ) ;
#7015 = ORIENTED_EDGE ( 'NONE', *, *, #76, .T. ) ;
#7016 = SURFACE_STYLE_USAGE ( .BOTH. , #2481 ) ;
#7017 = ORIENTED_EDGE ( 'NONE', *, *, #9373, .T. ) ;
#7018 = CARTESIAN_POINT ( 'NONE',  ( -6220.532872483720000, 306.8290385117210800, 0.4800000000000000400 ) ) ;
#7019 = VERTEX_POINT ( 'NONE', #9402 ) ;
#7020 = CARTESIAN_POINT ( 'NONE',  ( -6219.132872483720300, 307.1790385117190000, 0.02000000000000000000 ) ) ;
#7021 = AXIS2_PLACEMENT_3D ( 'NONE', #9335, #6650, #9371 ) ;
#7022 = FILL_AREA_STYLE ('',( #7101 ) ) ;
#7023 = COLOUR_RGB ( '',0.7921568627450980000, 0.8196078431372548800, 0.9333333333333333500 ) ;
#7024 = LINE ( 'NONE', #6192, #225 ) ;
#7025 = DIRECTION ( 'NONE',  ( 0.0000000000000000000, -0.0000000000000000000, -1.000000000000000000 ) ) ;
#7026 =( GEOMETRIC_REPRESENTATION_CONTEXT ( 3 ) GLOBAL_UNCERTAINTY_ASSIGNED_CONTEXT ( ( #1869 ) ) GLOBAL_UNIT_ASSIGNED_CONTEXT ( ( #11078, #2373, #2496 ) ) REPRESENTATION_CONTEXT ( 'NONE', 'WORKASPACE' ) );
#7027 = ORIENTED_EDGE ( 'NONE', *, *, #3032, .F. ) ;
#7028 = DIRECTION ( 'NONE',  ( 0.0000000000000000000, -0.0000000000000000000, 1.000000000000000000 ) ) ;
#7029 = ORIENTED_EDGE ( 'NONE', *, *, #8365, .T. ) ;
#7030 = DIRECTION ( 'NONE',  ( -0.0000000000000000000, 0.0000000000000000000, 1.000000000000000000 ) ) ;
#7031 = DIRECTION ( 'NONE',  ( 1.000000000000000000, 0.0000000000000000000, 0.0000000000000000000 ) ) ;
#7032 = DIRECTION ( 'NONE',  ( -4.547473508863889900E-012, 0.0000000000000000000, -1.000000000000000000 ) ) ;
#7033 = COLOUR_RGB ( '',0.7921568627450980000, 0.8196078431372548800, 0.9333333333333333500 ) ;
#7034 = SURFACE_SIDE_STYLE ('',( #3174 ) ) ;
#7035 =( NAMED_UNIT ( * ) SI_UNIT ( $, .STERADIAN. ) SOLID_ANGLE_UNIT ( ) );
#7036 = DIRECTION ( 'NONE',  ( 1.000000000000000000, 0.0000000000000000000, -0.0000000000000000000 ) ) ;
#7037 = FACE_OUTER_BOUND ( 'NONE', #849, .T. ) ;
#7038 = ORIENTED_EDGE ( 'NONE', *, *, #6346, .F. ) ;
#7039 =( GEOMETRIC_REPRESENTATION_CONTEXT ( 3 ) GLOBAL_UNCERTAINTY_ASSIGNED_CONTEXT ( ( #4223 ) ) GLOBAL_UNIT_ASSIGNED_CONTEXT ( ( #6510, #5711, #3963 ) ) REPRESENTATION_CONTEXT ( 'NONE', 'WORKASPACE' ) );
#7040 = EDGE_CURVE ( 'NONE', #8608, #2187, #6050, .T. ) ;
#7041 = LINE ( 'NONE', #1190, #644 ) ;
#7042 = ORIENTED_EDGE ( 'NONE', *, *, #7608, .T. ) ;
#7043 = DIRECTION ( 'NONE',  ( 0.0000000000000000000, 1.000000000000000000, 0.0000000000000000000 ) ) ;
#7044 = SURFACE_STYLE_FILL_AREA ( #10601 ) ;
#7045 = UNCERTAINTY_MEASURE_WITH_UNIT (LENGTH_MEASURE( 1.000000000000000100E-005 ), #3362, 'distance_accuracy_value', 'NONE');
#7046 = SURFACE_SIDE_STYLE ('',( #4942 ) ) ;
#7047 = FACE_OUTER_BOUND ( 'NONE', #5376, .T. ) ;
#7048 = PLANE ( 'NONE',  #341 ) ;
#7049 = CARTESIAN_POINT ( 'NONE',  ( -6218.332872483721100, 306.4690385117201600, 0.5000000000000000000 ) ) ;
#7050 = ORIENTED_EDGE ( 'NONE', *, *, #1950, .F. ) ;
#7051 = CARTESIAN_POINT ( 'NONE',  ( -6220.588084424261100, 306.4690385117199900, 0.5000000000000000000 ) ) ;
#7052 = EDGE_CURVE ( 'NONE', #6367, #5621, #11294, .T. ) ;
#7053 = UNCERTAINTY_MEASURE_WITH_UNIT (LENGTH_MEASURE( 1.000000000000000100E-005 ), #7477, 'distance_accuracy_value', 'NONE');
#7054 = ORIENTED_EDGE ( 'NONE', *, *, #40, .F. ) ;
#7055 = ADVANCED_FACE ( 'NONE', ( #3836 ), #8443, .T. ) ;
#7056 = DIRECTION ( 'NONE',  ( -1.000000000000000000, -0.0000000000000000000, -0.0000000000000000000 ) ) ;
#7057 = MECHANICAL_DESIGN_GEOMETRIC_PRESENTATION_REPRESENTATION (  '', ( #7678 ), #660 ) ;
#7058 = EDGE_CURVE ( 'NONE', #9032, #4954, #8281, .T. ) ;
#7059 = CARTESIAN_POINT ( 'NONE',  ( -6218.732872483719800, 306.1790385117200200, 0.0000000000000000000 ) ) ;
#7060 = DIRECTION ( 'NONE',  ( -1.000000000000000000, -1.552091788425800000E-012, -4.547473508865079800E-012 ) ) ;
#7061 = MECHANICAL_DESIGN_GEOMETRIC_PRESENTATION_REPRESENTATION (  '', ( #6632 ), #10265 ) ;
#7062 = EDGE_LOOP ( 'NONE', ( #11036, #6029, #4380, #9356 ) ) ;
#7063 = DIRECTION ( 'NONE',  ( -0.0000000000000000000, -1.000000000000000000, 0.0000000000000000000 ) ) ;
#7064 =( NAMED_UNIT ( * ) PLANE_ANGLE_UNIT ( ) SI_UNIT ( $, .RADIAN. ) );
#7065 = EDGE_CURVE ( 'NONE', #8081, #4679, #4238, .T. ) ;
#7066 = FACE_OUTER_BOUND ( 'NONE', #3983, .T. ) ;
#7067 = ADVANCED_FACE ( 'NONE', ( #66 ), #6748, .T. ) ;
#7068 = FILL_AREA_STYLE ('',( #10541 ) ) ;
#7069 = ORIENTED_EDGE ( 'NONE', *, *, #3454, .T. ) ;
#7070 =( NAMED_UNIT ( * ) PLANE_ANGLE_UNIT ( ) SI_UNIT ( $, .RADIAN. ) );
#7071 = VECTOR ( 'NONE', #1614, 1000.000000000000000 ) ;
#7072 = LINE ( 'NONE', #8017, #8749 ) ;
#7073 = CARTESIAN_POINT ( 'NONE',  ( -6218.048202466950000, 306.1790385117200200, 0.01999999999999999700 ) ) ;
#7074 =( LENGTH_UNIT ( ) NAMED_UNIT ( * ) SI_UNIT ( .MILLI., .METRE. ) );
#7075 = PLANE ( 'NONE',  #2000 ) ;
#7076 = LINE ( 'NONE', #1623, #4727 ) ;
#7077 = CARTESIAN_POINT ( 'NONE',  ( -6220.332872483720200, 306.9590385117200000, 0.4800000000000000400 ) ) ;
#7078 =( LENGTH_UNIT ( ) NAMED_UNIT ( * ) SI_UNIT ( .MILLI., .METRE. ) );
#7079 = FILL_AREA_STYLE_COLOUR ( '', #332 ) ;
#7080 = EDGE_LOOP ( 'NONE', ( #6247, #5992, #2061, #1572 ) ) ;
#7081 =( GEOMETRIC_REPRESENTATION_CONTEXT ( 3 ) GLOBAL_UNCERTAINTY_ASSIGNED_CONTEXT ( ( #1280 ) ) GLOBAL_UNIT_ASSIGNED_CONTEXT ( ( #9717, #7142, #5294 ) ) REPRESENTATION_CONTEXT ( 'NONE', 'WORKASPACE' ) );
#7082 = SURFACE_STYLE_FILL_AREA ( #4343 ) ;
#7083 = AXIS2_PLACEMENT_3D ( 'NONE', #7018, #8701, #9642 ) ;
#7084 = PRESENTATION_STYLE_ASSIGNMENT (( #6789 ) ) ;
#7085 = CIRCLE ( 'NONE', #10154, 0.4500000000025039500 ) ;
#7086 = DIRECTION ( 'NONE',  ( -1.887379141862840000E-014, -1.000000000000000000, -4.982051046923509400E-025 ) ) ;
#7087 =( NAMED_UNIT ( * ) PLANE_ANGLE_UNIT ( ) SI_UNIT ( $, .RADIAN. ) );
#7088 = LINE ( 'NONE', #7360, #3065 ) ;
#7089 = CARTESIAN_POINT ( 'NONE',  ( -6220.435658888220100, 307.1790385117200200, 0.0000000000000000000 ) ) ;
#7090 =( NAMED_UNIT ( * ) PLANE_ANGLE_UNIT ( ) SI_UNIT ( $, .RADIAN. ) );
#7091 = EDGE_LOOP ( 'NONE', ( #4480, #9812, #3339, #4658 ) ) ;
#7092 = SURFACE_STYLE_USAGE ( .BOTH. , #10647 ) ;
#7093 = FILL_AREA_STYLE_COLOUR ( '', #11460 ) ;
#7094 = ORIENTED_EDGE ( 'NONE', *, *, #2013, .F. ) ;
#7095 = CARTESIAN_POINT ( 'NONE',  ( -6220.882872483854000, 307.2290385117709700, 0.5000000000000000000 ) ) ;
#7096 = PRESENTATION_LAYER_ASSIGNMENT (  '', '', ( #7855 ) ) ;
#7097 = DIRECTION ( 'NONE',  ( 0.0000000000000000000, 0.0000000000000000000, 1.000000000000000000 ) ) ;
#7098 = CARTESIAN_POINT ( 'NONE',  ( -6220.532872483720000, 306.8290385117210800, 0.4800000000000000400 ) ) ;
#7099 = ORIENTED_EDGE ( 'NONE', *, *, #9829, .F. ) ;
#7100 = DIRECTION ( 'NONE',  ( -4.547473508864339900E-012, 0.0000000000000000000, -1.000000000000000000 ) ) ;
#7101 = FILL_AREA_STYLE_COLOUR ( '', #4894 ) ;
#7102 = COLOUR_RGB ( '',0.7921568627450980000, 0.8196078431372548800, 0.9333333333333333500 ) ;
#7103 = DIRECTION ( 'NONE',  ( -0.0000000000000000000, -0.0000000000000000000, -1.000000000000000000 ) ) ;
#7104 = ORIENTED_EDGE ( 'NONE', *, *, #6836, .T. ) ;
#7105 = PRESENTATION_STYLE_ASSIGNMENT (( #7804 ) ) ;
#7106 = ORIENTED_EDGE ( 'NONE', *, *, #3061, .T. ) ;
#7107 = DIRECTION ( 'NONE',  ( -0.0000000000000000000, -0.0000000000000000000, -1.000000000000000000 ) ) ;
#7108 = AXIS2_PLACEMENT_3D ( 'NONE', #9760, #2565, #8825 ) ;
#7109 = FACE_OUTER_BOUND ( 'NONE', #2332, .T. ) ;
#7110 = PRESENTATION_LAYER_ASSIGNMENT (  '', '', ( #1594 ) ) ;
#7111 = ORIENTED_EDGE ( 'NONE', *, *, #5225, .T. ) ;
#7112 = PLANE ( 'NONE',  #9856 ) ;
#7113 = MECHANICAL_DESIGN_GEOMETRIC_PRESENTATION_REPRESENTATION (  '', ( #2956 ), #8104 ) ;
#7114 =( NAMED_UNIT ( * ) SI_UNIT ( $, .STERADIAN. ) SOLID_ANGLE_UNIT ( ) );
#7115 = SURFACE_STYLE_USAGE ( .BOTH. , #1840 ) ;
#7116 = CARTESIAN_POINT ( 'NONE',  ( -6218.048202466950000, 307.1790385117190000, 0.0000000000000000000 ) ) ;
#7117 = DIRECTION ( 'NONE',  ( -1.000000000000000000, 0.0000000000000000000, -0.0000000000000000000 ) ) ;
#7118 = MECHANICAL_DESIGN_GEOMETRIC_PRESENTATION_REPRESENTATION (  '', ( #3018 ), #1390 ) ;
#7119 = CARTESIAN_POINT ( 'NONE',  ( -6220.522872483719800, 306.9590385117189700, 0.5000000000000000000 ) ) ;
#7120 = ADVANCED_FACE ( 'NONE', ( #7996 ), #7506, .T. ) ;
#7121 = PLANE ( 'NONE',  #6610 ) ;
#7122 = LINE ( 'NONE', #330, #4488 ) ;
#7123 = VERTEX_POINT ( 'NONE', #382 ) ;
#7124 = UNCERTAINTY_MEASURE_WITH_UNIT (LENGTH_MEASURE( 1.000000000000000100E-005 ), #11459, 'distance_accuracy_value', 'NONE');
#7125 = ORIENTED_EDGE ( 'NONE', *, *, #1350, .T. ) ;
#7126 = ORIENTED_EDGE ( 'NONE', *, *, #11210, .F. ) ;
#7127 = ADVANCED_FACE ( 'NONE', ( #3685 ), #4000, .T. ) ;
#7128 = CARTESIAN_POINT ( 'NONE',  ( -6218.392872483719700, 307.0721758150600100, 2.593549369200048500E-072 ) ) ;
#7129 =( LENGTH_UNIT ( ) NAMED_UNIT ( * ) SI_UNIT ( .MILLI., .METRE. ) );
#7130 = VECTOR ( 'NONE', #6462, 1000.000000000000000 ) ;
#7131 = CARTESIAN_POINT ( 'NONE',  ( -6220.532872483720000, 306.6790385117190000, 0.5000000000000000000 ) ) ;
#7132 = UNCERTAINTY_MEASURE_WITH_UNIT (LENGTH_MEASURE( 1.000000000000000100E-005 ), #10047, 'distance_accuracy_value', 'NONE');
#7133 = CARTESIAN_POINT ( 'NONE',  ( -6219.932872483718700, 306.1790385117200200, 0.01999999999999999700 ) ) ;
#7134 = MECHANICAL_DESIGN_GEOMETRIC_PRESENTATION_REPRESENTATION (  '', ( #1404 ), #3331 ) ;
#7135 = DIRECTION ( 'NONE',  ( 1.000000000000000000, 0.0000000000000000000, -0.0000000000000000000 ) ) ;
#7136 = EDGE_CURVE ( 'NONE', #456, #142, #9109, .T. ) ;
#7137 = VERTEX_POINT ( 'NONE', #7726 ) ;
#7138 = SURFACE_STYLE_FILL_AREA ( #6958 ) ;
#7139 = VERTEX_POINT ( 'NONE', #6926 ) ;
#7140 = DIRECTION ( 'NONE',  ( -1.000000000000000000, 0.0000000000000000000, -0.0000000000000000000 ) ) ;
#7141 = COLOUR_RGB ( '',0.7921568627450980000, 0.8196078431372548800, 0.9333333333333333500 ) ;
#7142 =( NAMED_UNIT ( * ) PLANE_ANGLE_UNIT ( ) SI_UNIT ( $, .RADIAN. ) );
#7143 = CARTESIAN_POINT ( 'NONE',  ( -6218.732872483719800, 306.1790385117200200, 0.02000000000000000000 ) ) ;
#7144 = UNCERTAINTY_MEASURE_WITH_UNIT (LENGTH_MEASURE( 1.000000000000000100E-005 ), #1644, 'distance_accuracy_value', 'NONE');
#7145 = DIRECTION ( 'NONE',  ( 0.0000000000000000000, 0.0000000000000000000, 1.000000000000000000 ) ) ;
#7146 = SURFACE_STYLE_FILL_AREA ( #11129 ) ;
#7147 = DIRECTION ( 'NONE',  ( 1.000000000000000000, 0.0000000000000000000, 0.0000000000000000000 ) ) ;
#7148 =( GEOMETRIC_REPRESENTATION_CONTEXT ( 3 ) GLOBAL_UNCERTAINTY_ASSIGNED_CONTEXT ( ( #5929 ) ) GLOBAL_UNIT_ASSIGNED_CONTEXT ( ( #3201, #2374, #3271 ) ) REPRESENTATION_CONTEXT ( 'NONE', 'WORKASPACE' ) );
#7149 = ORIENTED_EDGE ( 'NONE', *, *, #819, .F. ) ;
#7151 = PRESENTATION_LAYER_ASSIGNMENT (  '', '', ( #9396 ) ) ;
#7150 = DIRECTION ( 'NONE',  ( -1.000000000000000000, 0.0000000000000000000, 0.0000000000000000000 ) ) ;
#7152 = LINE ( 'NONE', #6669, #8003 ) ;
#7153 = EDGE_CURVE ( 'NONE', #1627, #646, #7433, .T. ) ;
#7154 = DIRECTION ( 'NONE',  ( 0.0000000000000000000, -0.0000000000000000000, 1.000000000000000000 ) ) ;
#7155 = PLANE ( 'NONE',  #6408 ) ;
#7156 = EDGE_CURVE ( 'NONE', #5026, #11005, #9939, .T. ) ;
#7157 = COLOUR_RGB ( '',0.7921568627450980000, 0.8196078431372548800, 0.9333333333333333500 ) ;
#7158 = VECTOR ( 'NONE', #10356, 1000.000000000000000 ) ;
#7159 = FILL_AREA_STYLE ('',( #9772 ) ) ;
#7160 = CARTESIAN_POINT ( 'NONE',  ( -6218.332872483720200, 306.4690385117199900, 0.4800000000000000400 ) ) ;
#7161 = CARTESIAN_POINT ( 'NONE',  ( -6220.532872483720000, 306.6790385117209900, 0.4800000000000000400 ) ) ;
#7162 = ORIENTED_EDGE ( 'NONE', *, *, #5293, .F. ) ;
#7163 = FACE_OUTER_BOUND ( 'NONE', #6117, .T. ) ;
#7164 =( LENGTH_UNIT ( ) NAMED_UNIT ( * ) SI_UNIT ( .MILLI., .METRE. ) );
#7165 = ORIENTED_EDGE ( 'NONE', *, *, #6072, .T. ) ;
#7166 = FILL_AREA_STYLE ('',( #9977 ) ) ;
#7167 = FACE_OUTER_BOUND ( 'NONE', #11131, .T. ) ;
#7168 =( GEOMETRIC_REPRESENTATION_CONTEXT ( 3 ) GLOBAL_UNCERTAINTY_ASSIGNED_CONTEXT ( ( #8710 ) ) GLOBAL_UNIT_ASSIGNED_CONTEXT ( ( #8027, #10752, #3916 ) ) REPRESENTATION_CONTEXT ( 'NONE', 'WORKASPACE' ) );
#7169 =( LENGTH_UNIT ( ) NAMED_UNIT ( * ) SI_UNIT ( .MILLI., .METRE. ) );
#7170 = SURFACE_SIDE_STYLE ('',( #5250 ) ) ;
#7171 = VERTEX_POINT ( 'NONE', #1575 ) ;
#7172 =( NAMED_UNIT ( * ) PLANE_ANGLE_UNIT ( ) SI_UNIT ( $, .RADIAN. ) );
#7173 = DIRECTION ( 'NONE',  ( 1.000000000000000000, -2.467162276955411700E-013, -7.228014483267808200E-016 ) ) ;
#7174 = LINE ( 'NONE', #5672, #2298 ) ;
#7175 = DIRECTION ( 'NONE',  ( -1.156154542691680000E-024, -1.000000000000000000, 5.257582155043857600E-036 ) ) ;
#7176 = ORIENTED_EDGE ( 'NONE', *, *, #2848, .F. ) ;
#7177 = PRESENTATION_LAYER_ASSIGNMENT (  '', '', ( #4202 ) ) ;
#7178 = SURFACE_STYLE_USAGE ( .BOTH. , #8084 ) ;
#7179 = ORIENTED_EDGE ( 'NONE', *, *, #6215, .F. ) ;
#7180 = PRESENTATION_STYLE_ASSIGNMENT (( #30 ) ) ;
#7181 = EDGE_CURVE ( 'NONE', #4108, #6018, #10330, .T. ) ;
#7182 = VECTOR ( 'NONE', #7839, 1000.000000000000000 ) ;
#7183 = LINE ( 'NONE', #11063, #6765 ) ;
#7184 = DIRECTION ( 'NONE',  ( -0.0000000000000000000, -0.0000000000000000000, -1.000000000000000000 ) ) ;
#7185 = ORIENTED_EDGE ( 'NONE', *, *, #3006, .F. ) ;
#7186 =( NAMED_UNIT ( * ) SI_UNIT ( $, .STERADIAN. ) SOLID_ANGLE_UNIT ( ) );
#7187 = PLANE ( 'NONE',  #10637 ) ;
#7188 = CARTESIAN_POINT ( 'NONE',  ( -6220.382872483720300, 306.6790385117209900, 0.5000000000000000000 ) ) ;
#7189 = PRESENTATION_LAYER_ASSIGNMENT (  '', '', ( #5566 ) ) ;
#7190 = AXIS2_PLACEMENT_3D ( 'NONE', #6968, #3410, #4358 ) ;
#7191 = CARTESIAN_POINT ( 'NONE',  ( -6218.027821457999400, 307.1790385117195100, 0.5000000000000000000 ) ) ;
#7192 = ADVANCED_FACE ( 'NONE', ( #4498 ), #7830, .T. ) ;
#7193 = FILL_AREA_STYLE ('',( #164 ) ) ;
#7194 = AXIS2_PLACEMENT_3D ( 'NONE', #11369, #5931, #9617 ) ;
#7195 = PRESENTATION_STYLE_ASSIGNMENT (( #7574 ) ) ;
#7196 = FACE_OUTER_BOUND ( 'NONE', #10090, .T. ) ;
#7197 =( LENGTH_UNIT ( ) NAMED_UNIT ( * ) SI_UNIT ( .MILLI., .METRE. ) );
#7198 = ORIENTED_EDGE ( 'NONE', *, *, #1396, .F. ) ;
#7199 = CARTESIAN_POINT ( 'NONE',  ( -6218.027821458000300, 306.1790385117200200, 0.5000000000000000000 ) ) ;
#7200 = FILL_AREA_STYLE_COLOUR ( '', #1833 ) ;
#7201 = LINE ( 'NONE', #1346, #10498 ) ;
#7202 = SURFACE_STYLE_USAGE ( .BOTH. , #4445 ) ;
#7203 = ORIENTED_EDGE ( 'NONE', *, *, #10619, .T. ) ;
#7204 = DIRECTION ( 'NONE',  ( 1.000000000000000000, 0.0000000000000000000, -0.0000000000000000000 ) ) ;
#7205 = SURFACE_SIDE_STYLE ('',( #8269 ) ) ;
#7206 = STYLED_ITEM ( 'NONE', ( #2721 ), #7000 ) ;
#7207 = CYLINDRICAL_SURFACE ( 'NONE', #4963, 0.2700000000066538100 ) ;
#7208 = PRESENTATION_LAYER_ASSIGNMENT (  '', '', ( #286 ) ) ;
#7209 = AXIS2_PLACEMENT_3D ( 'NONE', #8882, #866, #2575 ) ;
#7210 = LINE ( 'NONE', #4849, #9026 ) ;
#7211 = ORIENTED_EDGE ( 'NONE', *, *, #3953, .F. ) ;
#7212 = CARTESIAN_POINT ( 'NONE',  ( -6218.392872483719700, 306.1790385117200200, 0.0000000000000000000 ) ) ;
#7213 = VECTOR ( 'NONE', #5812, 1000.000000000000000 ) ;
#7214 = UNCERTAINTY_MEASURE_WITH_UNIT (LENGTH_MEASURE( 1.000000000000000100E-005 ), #6385, 'distance_accuracy_value', 'NONE');
#7215 = ORIENTED_EDGE ( 'NONE', *, *, #792, .F. ) ;
#7216 = FILL_AREA_STYLE_COLOUR ( '', #7993 ) ;
#7217 =( NAMED_UNIT ( * ) SI_UNIT ( $, .STERADIAN. ) SOLID_ANGLE_UNIT ( ) );
#7218 =( NAMED_UNIT ( * ) SI_UNIT ( $, .STERADIAN. ) SOLID_ANGLE_UNIT ( ) );
#7219 = DIRECTION ( 'NONE',  ( 1.000000000000000000, 1.046092669195530000E-023, -9.094947017728610300E-012 ) ) ;
#7220 = CARTESIAN_POINT ( 'NONE',  ( -6220.832872483720200, 306.5762521072189800, 0.0000000000000000000 ) ) ;
#7221 = PRESENTATION_STYLE_ASSIGNMENT (( #6269 ) ) ;
#7222 = DIRECTION ( 'NONE',  ( 5.362025623469409700E-024, 1.008445705408169900E-035, -1.000000000000000000 ) ) ;
#7223 = DIRECTION ( 'NONE',  ( -1.000000000000000000, -2.542410726391769500E-013, 4.547473508864709900E-012 ) ) ;
#7224 = EDGE_CURVE ( 'NONE', #8608, #1232, #7579, .T. ) ;
#7225 = VERTEX_POINT ( 'NONE', #2387 ) ;
#7226 = VERTEX_POINT ( 'NONE', #1494 ) ;
#7227 = DIRECTION ( 'NONE',  ( 0.0000000000000000000, 0.0000000000000000000, 1.000000000000000000 ) ) ;
#7228 = STYLED_ITEM ( 'NONE', ( #11269 ), #5577 ) ;
#7229 = EDGE_CURVE ( 'NONE', #7789, #3890, #2135, .T. ) ;
#7230 = DIRECTION ( 'NONE',  ( -0.0000000000000000000, 1.000000000000000000, 0.0000000000000000000 ) ) ;
#7231 = AXIS2_PLACEMENT_3D ( 'NONE', #7374, #2036, #3005 ) ;
#7232 = LINE ( 'NONE', #6025, #7917 ) ;
#7233 = CIRCLE ( 'NONE', #1806, 0.4499999999989512400 ) ;
#7234 = EDGE_CURVE ( 'NONE', #10222, #8350, #1718, .T. ) ;
#7235 = SURFACE_STYLE_USAGE ( .BOTH. , #1012 ) ;
#7236 =( GEOMETRIC_REPRESENTATION_CONTEXT ( 3 ) GLOBAL_UNCERTAINTY_ASSIGNED_CONTEXT ( ( #8284 ) ) GLOBAL_UNIT_ASSIGNED_CONTEXT ( ( #2331, #9487, #614 ) ) REPRESENTATION_CONTEXT ( 'NONE', 'WORKASPACE' ) );
#7237 = EDGE_LOOP ( 'NONE', ( #1360, #7106, #9915, #10318 ) ) ;
#7238 = PRESENTATION_STYLE_ASSIGNMENT (( #2579 ) ) ;
#7239 = SURFACE_STYLE_USAGE ( .BOTH. , #10827 ) ;
#7240 = VECTOR ( 'NONE', #4928, 1000.000000000000000 ) ;
#7241 = ORIENTED_EDGE ( 'NONE', *, *, #1112, .T. ) ;
#7242 = FILL_AREA_STYLE ('',( #9075 ) ) ;
#7243 = CARTESIAN_POINT ( 'NONE',  ( -6220.532872483720000, 306.8290385117210800, 0.4800000000000000400 ) ) ;
#7244 =( NAMED_UNIT ( * ) PLANE_ANGLE_UNIT ( ) SI_UNIT ( $, .RADIAN. ) );
#7245 = FACE_OUTER_BOUND ( 'NONE', #1528, .T. ) ;
#7246 = CARTESIAN_POINT ( 'NONE',  ( -6220.532872483720000, 306.6790385117209900, 0.5000000000000000000 ) ) ;
#7247 = DIRECTION ( 'NONE',  ( 0.0000000000000000000, 0.0000000000000000000, 1.000000000000000000 ) ) ;
#7248 = PRESENTATION_LAYER_ASSIGNMENT (  '', '', ( #11092 ) ) ;
#7249 = MECHANICAL_DESIGN_GEOMETRIC_PRESENTATION_REPRESENTATION (  '', ( #3218 ), #3683 ) ;
#7250 = PLANE ( 'NONE',  #3667 ) ;
#7251 = LINE ( 'NONE', #8135, #3344 ) ;
#7252 = EDGE_CURVE ( 'NONE', #5395, #6245, #2275, .T. ) ;
#7253 = ADVANCED_FACE ( 'NONE', ( #7983 ), #11307, .T. ) ;
#7254 = CARTESIAN_POINT ( 'NONE',  ( -6217.832872483720200, 306.5762521072189800, 0.0000000000000000000 ) ) ;
#7255 = LINE ( 'NONE', #9528, #11263 ) ;
#7256 = PLANE ( 'NONE',  #6085 ) ;
#7257 = VERTEX_POINT ( 'NONE', #10418 ) ;
#7258 = SURFACE_STYLE_FILL_AREA ( #5100 ) ;
#7259 = LINE ( 'NONE', #9217, #7676 ) ;
#7260 = CARTESIAN_POINT ( 'NONE',  ( -6218.230086079220200, 306.1790385117200200, 0.4800000000000000400 ) ) ;
#7261 = LINE ( 'NONE', #188, #11134 ) ;
#7262 = CARTESIAN_POINT ( 'NONE',  ( -6220.382872483720300, 306.8290385117210800, 0.5000000000000000000 ) ) ;
#7263 = ADVANCED_FACE ( 'NONE', ( #9790 ), #8849, .T. ) ;
#7264 =( LENGTH_UNIT ( ) NAMED_UNIT ( * ) SI_UNIT ( .MILLI., .METRE. ) );
#7265 = ORIENTED_EDGE ( 'NONE', *, *, #1862, .T. ) ;
#7266 = AXIS2_PLACEMENT_3D ( 'NONE', #8714, #8832, #3433 ) ;
#7267 = MECHANICAL_DESIGN_GEOMETRIC_PRESENTATION_REPRESENTATION (  '', ( #3544 ), #2491 ) ;
#7268 = PRESENTATION_STYLE_ASSIGNMENT (( #4950 ) ) ;
#7270 = SURFACE_STYLE_FILL_AREA ( #10367 ) ;
#7269 =( NAMED_UNIT ( * ) SI_UNIT ( $, .STERADIAN. ) SOLID_ANGLE_UNIT ( ) );
#7271 = CARTESIAN_POINT ( 'NONE',  ( -6220.522872483719800, 306.9590385117200000, 0.5000000000000000000 ) ) ;
#7272 = ORIENTED_EDGE ( 'NONE', *, *, #5477, .T. ) ;
#7273 = LINE ( 'NONE', #6559, #1965 ) ;
#7274 = VERTEX_POINT ( 'NONE', #2711 ) ;
#7275 = DIRECTION ( 'NONE',  ( -1.000000000000000000, -0.0000000000000000000, 0.0000000000000000000 ) ) ;
#7276 = VERTEX_POINT ( 'NONE', #3445 ) ;
#7277 = DIRECTION ( 'NONE',  ( 0.0000000000000000000, -0.0000000000000000000, -1.000000000000000000 ) ) ;
#7278 = CARTESIAN_POINT ( 'NONE',  ( -6220.532872483720000, 306.8290385117210800, 0.4800000000000000400 ) ) ;
#7279 = AXIS2_PLACEMENT_3D ( 'NONE', #10610, #3741, #1819 ) ;
#7280 = STYLED_ITEM ( 'NONE', ( #5349 ), #10789 ) ;
#7281 = CARTESIAN_POINT ( 'NONE',  ( -6218.732872483719800, 306.8321758150600000, 0.0000000000000000000 ) ) ;
#7282 = DIRECTION ( 'NONE',  ( -1.000000000000000000, 0.0000000000000000000, 0.0000000000000000000 ) ) ;
#7283 = EDGE_CURVE ( 'NONE', #8211, #10934, #8658, .T. ) ;
#7284 = ORIENTED_EDGE ( 'NONE', *, *, #4466, .F. ) ;
#7285 = SURFACE_STYLE_USAGE ( .BOTH. , #10834 ) ;
#7286 = PLANE ( 'NONE',  #2150 ) ;
#7287 = UNCERTAINTY_MEASURE_WITH_UNIT (LENGTH_MEASURE( 1.000000000000000100E-005 ), #1194, 'distance_accuracy_value', 'NONE');
#7288 = ORIENTED_EDGE ( 'NONE', *, *, #1625, .F. ) ;
#7289 =( NAMED_UNIT ( * ) SI_UNIT ( $, .STERADIAN. ) SOLID_ANGLE_UNIT ( ) );
#7290 = VERTEX_POINT ( 'NONE', #5350 ) ;
#7291 = CARTESIAN_POINT ( 'NONE',  ( -6220.382872483720300, 306.6790385117190000, 0.4800000000000000400 ) ) ;
#7292 = LINE ( 'NONE', #8837, #2270 ) ;
#7293 = VECTOR ( 'NONE', #1604, 1000.000000000000000 ) ;
#7294 = DIRECTION ( 'NONE',  ( 1.000000000000000000, 7.968481219721369600E-025, -2.264778578527674600E-037 ) ) ;
#7295 = EDGE_CURVE ( 'NONE', #6617, #3747, #8804, .T. ) ;
#7296 = DIRECTION ( 'NONE',  ( 1.000000000000000000, -6.167905692388529000E-013, 0.0000000000000000000 ) ) ;
#7297 = ORIENTED_EDGE ( 'NONE', *, *, #5500, .T. ) ;
#7298 = SURFACE_SIDE_STYLE ('',( #499 ) ) ;
#7299 =( LENGTH_UNIT ( ) NAMED_UNIT ( * ) SI_UNIT ( .MILLI., .METRE. ) );
#7300 = DIRECTION ( 'NONE',  ( 1.000000000000000000, -0.0000000000000000000, 0.0000000000000000000 ) ) ;
#7301 =( GEOMETRIC_REPRESENTATION_CONTEXT ( 3 ) GLOBAL_UNCERTAINTY_ASSIGNED_CONTEXT ( ( #7644 ) ) GLOBAL_UNIT_ASSIGNED_CONTEXT ( ( #6357, #8157, #10052 ) ) REPRESENTATION_CONTEXT ( 'NONE', 'WORKASPACE' ) );
#7302 = SURFACE_SIDE_STYLE ('',( #9439 ) ) ;
#7303 = EDGE_CURVE ( 'NONE', #8032, #7863, #9366, .T. ) ;
#7304 = DIRECTION ( 'NONE',  ( 0.0000000000000000000, -1.000000000000000000, -0.0000000000000000000 ) ) ;
#7305 = FILL_AREA_STYLE ('',( #9167 ) ) ;
#7306 = AXIS2_PLACEMENT_3D ( 'NONE', #3064, #2276, #10240 ) ;
#7307 = COLOUR_RGB ( '',0.7921568627450980000, 0.8196078431372548800, 0.9333333333333333500 ) ;
#7308 = EDGE_CURVE ( 'NONE', #3131, #2326, #5193, .T. ) ;
#7309 = EDGE_CURVE ( 'NONE', #874, #1002, #463, .T. ) ;
#7310 = VECTOR ( 'NONE', #10853, 1000.000000000000000 ) ;
#7311 = DIRECTION ( 'NONE',  ( 1.000000000000000000, -0.0000000000000000000, 0.0000000000000000000 ) ) ;
#7312 = ORIENTED_EDGE ( 'NONE', *, *, #5002, .F. ) ;
#7313 = DIRECTION ( 'NONE',  ( 1.000000000000000000, 0.0000000000000000000, -0.0000000000000000000 ) ) ;
#7314 = DIRECTION ( 'NONE',  ( 0.0000000000000000000, 0.0000000000000000000, -1.000000000000000000 ) ) ;
#7315 = VECTOR ( 'NONE', #3254, 1000.000000000000000 ) ;
#7316 = LINE ( 'NONE', #10836, #768 ) ;
#7317 = SURFACE_SIDE_STYLE ('',( #8607 ) ) ;
#7318 = MECHANICAL_DESIGN_GEOMETRIC_PRESENTATION_REPRESENTATION (  '', ( #5153 ), #9110 ) ;
#7319 = ORIENTED_EDGE ( 'NONE', *, *, #4096, .T. ) ;
#7320 = COLOUR_RGB ( '',0.7921568627450980000, 0.8196078431372548800, 0.9333333333333333500 ) ;
#7322 = CARTESIAN_POINT ( 'NONE',  ( -6220.382872483720300, 306.8290385117210800, 0.4800000000000000400 ) ) ;
#7321 = STYLED_ITEM ( 'NONE', ( #2919 ), #8375 ) ;
#7323 = ORIENTED_EDGE ( 'NONE', *, *, #727, .F. ) ;
#7324 = ADVANCED_FACE ( 'NONE', ( #2842 ), #10596, .T. ) ;
#7325 = EDGE_CURVE ( 'NONE', #5600, #5180, #4646, .T. ) ;
#7326 = ORIENTED_EDGE ( 'NONE', *, *, #3264, .F. ) ;
#7327 = CARTESIAN_POINT ( 'NONE',  ( -6219.932872483718700, 306.1790385117200200, 2.147522889582766900E-037 ) ) ;
#7328 = PLANE ( 'NONE',  #7976 ) ;
#7329 = STYLED_ITEM ( 'NONE', ( #9454 ), #270 ) ;
#7330 = DIRECTION ( 'NONE',  ( 0.0000000000000000000, 0.0000000000000000000, 1.000000000000000000 ) ) ;
#7331 =( NAMED_UNIT ( * ) SI_UNIT ( $, .STERADIAN. ) SOLID_ANGLE_UNIT ( ) );
#7332 = SURFACE_STYLE_USAGE ( .BOTH. , #6425 ) ;
#7333 = FACE_OUTER_BOUND ( 'NONE', #2042, .T. ) ;
#7334 = DIRECTION ( 'NONE',  ( 0.0000000000000000000, 0.0000000000000000000, -1.000000000000000000 ) ) ;
#7335 = ORIENTED_EDGE ( 'NONE', *, *, #4278, .F. ) ;
#7336 = VERTEX_POINT ( 'NONE', #25 ) ;
#7337 = CARTESIAN_POINT ( 'NONE',  ( -6219.532872483720000, 306.1790385117209900, 0.0000000000000000000 ) ) ;
#7338 = CARTESIAN_POINT ( 'NONE',  ( -6219.932872483718700, 306.1790385117200200, 0.02000000000000000000 ) ) ;
#7339 = CARTESIAN_POINT ( 'NONE',  ( -6217.782872483719100, 306.1290385117098900, 0.4800000000000000900 ) ) ;
#7340 = CARTESIAN_POINT ( 'NONE',  ( -6218.332872483720200, 306.7818249162190200, 0.5000000000000000000 ) ) ;
#7341 = DIRECTION ( 'NONE',  ( 0.0000000000000000000, 0.0000000000000000000, 1.000000000000000000 ) ) ;
#7342 = STYLED_ITEM ( 'NONE', ( #4253 ), #1940 ) ;
#7343 = ORIENTED_EDGE ( 'NONE', *, *, #8622, .T. ) ;
#7344 =( NAMED_UNIT ( * ) SI_UNIT ( $, .STERADIAN. ) SOLID_ANGLE_UNIT ( ) );
#7345 = LINE ( 'NONE', #7792, #6768 ) ;
#7346 = CARTESIAN_POINT ( 'NONE',  ( -6220.382872483720300, 306.6790385117209900, 0.4800000000000000400 ) ) ;
#7347 = ORIENTED_EDGE ( 'NONE', *, *, #3969, .T. ) ;
#7348 = DIRECTION ( 'NONE',  ( -0.0000000000000000000, -0.0000000000000000000, -1.000000000000000000 ) ) ;
#7349 = VECTOR ( 'NONE', #1354, 1000.000000000000000 ) ;
#7350 = PLANE ( 'NONE',  #6344 ) ;
#7351 = EDGE_LOOP ( 'NONE', ( #8567, #3315, #8408, #6998, #3846, #77, #6583 ) ) ;
#7352 = STYLED_ITEM ( 'NONE', ( #5238 ), #10217 ) ;
#7353 = PLANE ( 'NONE',  #8565 ) ;
#7354 = VECTOR ( 'NONE', #1086, 1000.000000000000000 ) ;
#7355 = CARTESIAN_POINT ( 'NONE',  ( -6220.882872483721300, 306.1290385117168900, 0.0000000000000000000 ) ) ;
#7356 = VECTOR ( 'NONE', #2760, 1000.000000000000000 ) ;
#7357 = DIRECTION ( 'NONE',  ( 0.0000000000000000000, -1.000000000000000000, 0.0000000000000000000 ) ) ;
#7358 = ORIENTED_EDGE ( 'NONE', *, *, #3824, .F. ) ;
#7359 = AXIS2_PLACEMENT_3D ( 'NONE', #6264, #8941, #1867 ) ;
#7360 = CARTESIAN_POINT ( 'NONE',  ( -6219.432737906850000, 306.1790385117200200, 0.0000000000000000000 ) ) ;
#7361 = FILL_AREA_STYLE_COLOUR ( '', #4569 ) ;
#7362 = FILL_AREA_STYLE_COLOUR ( '', #182 ) ;
#7363 = PLANE ( 'NONE',  #9585 ) ;
#7364 = ORIENTED_EDGE ( 'NONE', *, *, #1703, .F. ) ;
#7365 = PLANE ( 'NONE',  #8846 ) ;
#7366 = UNCERTAINTY_MEASURE_WITH_UNIT (LENGTH_MEASURE( 1.000000000000000100E-005 ), #8335, 'distance_accuracy_value', 'NONE');
#7367 =( NAMED_UNIT ( * ) SI_UNIT ( $, .STERADIAN. ) SOLID_ANGLE_UNIT ( ) );
#7368 = VERTEX_POINT ( 'NONE', #11497 ) ;
#7369 = MECHANICAL_DESIGN_GEOMETRIC_PRESENTATION_REPRESENTATION (  '', ( #4610 ), #9745 ) ;
#7370 = STYLED_ITEM ( 'NONE', ( #1248 ), #1507 ) ;
#7371 =( GEOMETRIC_REPRESENTATION_CONTEXT ( 3 ) GLOBAL_UNCERTAINTY_ASSIGNED_CONTEXT ( ( #11033 ) ) GLOBAL_UNIT_ASSIGNED_CONTEXT ( ( #1851, #9783, #8038 ) ) REPRESENTATION_CONTEXT ( 'NONE', 'WORKASPACE' ) );
#7372 = COLOUR_RGB ( '',0.7921568627450980000, 0.8196078431372548800, 0.9333333333333333500 ) ;
#7373 = FACE_OUTER_BOUND ( 'NONE', #2362, .T. ) ;
#7374 = CARTESIAN_POINT ( 'NONE',  ( -6217.782872482725900, 307.2290385118782900, 0.4800000000000085900 ) ) ;
#7375 = ORIENTED_EDGE ( 'NONE', *, *, #4850, .F. ) ;
#7376 = DIRECTION ( 'NONE',  ( -0.0000000000000000000, -0.0000000000000000000, 1.000000000000000000 ) ) ;
#7377 = LINE ( 'NONE', #11247, #2641 ) ;
#7378 = CARTESIAN_POINT ( 'NONE',  ( -6220.332872483720200, 306.4690385117199900, 0.5000000000000000000 ) ) ;
#7379 = VERTEX_POINT ( 'NONE', #911 ) ;
#7380 = CARTESIAN_POINT ( 'NONE',  ( -6218.230086079220200, 307.1790385117190000, 0.02000000000000000000 ) ) ;
#7381 =( NAMED_UNIT ( * ) SI_UNIT ( $, .STERADIAN. ) SOLID_ANGLE_UNIT ( ) );
#7382 = ADVANCED_FACE ( 'NONE', ( #10061 ), #8765, .T. ) ;
#7383 = CARTESIAN_POINT ( 'NONE',  ( -6219.432737906850000, 307.1790385117200200, 1.282305502439458700E-076 ) ) ;
#7384 = VECTOR ( 'NONE', #694, 1000.000000000000000 ) ;
#7385 = EDGE_LOOP ( 'NONE', ( #9435, #11506, #471, #7635, #8347, #3155, #10922, #9498, #6505, #5053, #3230, #3027 ) ) ;
#7386 = PRESENTATION_STYLE_ASSIGNMENT (( #8755 ) ) ;
#7387 = CARTESIAN_POINT ( 'NONE',  ( -6220.832872483720200, 306.9637085284915100, 0.4800000000000000400 ) ) ;
#7388 = CARTESIAN_POINT ( 'NONE',  ( -6218.230086079220200, 306.1790385117200200, 0.01999999999999999700 ) ) ;
#7389 = ORIENTED_EDGE ( 'NONE', *, *, #3596, .T. ) ;
#7390 = AXIS2_PLACEMENT_3D ( 'NONE', #2611, #8829, #9763 ) ;
#7392 = EDGE_CURVE ( 'NONE', #7257, #8608, #3817, .T. ) ;
#7391 =( NAMED_UNIT ( * ) PLANE_ANGLE_UNIT ( ) SI_UNIT ( $, .RADIAN. ) );
#7393 = CARTESIAN_POINT ( 'NONE',  ( -6218.216577452560200, 307.1090385117190100, 0.5000000000000000000 ) ) ;
#7394 =( GEOMETRIC_REPRESENTATION_CONTEXT ( 3 ) GLOBAL_UNCERTAINTY_ASSIGNED_CONTEXT ( ( #11373 ) ) GLOBAL_UNIT_ASSIGNED_CONTEXT ( ( #5402, #9865, #7218 ) ) REPRESENTATION_CONTEXT ( 'NONE', 'WORKASPACE' ) );
#7395 = CIRCLE ( 'NONE', #4592, 0.4500000010763116600 ) ;
#7396 = CARTESIAN_POINT ( 'NONE',  ( -6220.832872483720200, 306.7818249162199900, 0.5000000000000000000 ) ) ;
#7397 = ORIENTED_EDGE ( 'NONE', *, *, #9392, .T. ) ;
#7398 =( NAMED_UNIT ( * ) SI_UNIT ( $, .STERADIAN. ) SOLID_ANGLE_UNIT ( ) );
#7399 = EDGE_LOOP ( 'NONE', ( #9989, #5541, #7867, #2073 ) ) ;
#7400 =( NAMED_UNIT ( * ) SI_UNIT ( $, .STERADIAN. ) SOLID_ANGLE_UNIT ( ) );
#7401 = SURFACE_SIDE_STYLE ('',( #583 ) ) ;
#7402 = SURFACE_SIDE_STYLE ('',( #6747 ) ) ;
#7403 = DIRECTION ( 'NONE',  ( 1.000000000000000000, -8.526008663628240100E-025, -2.742694960033979600E-011 ) ) ;
#7404 = SURFACE_STYLE_FILL_AREA ( #8054 ) ;
#7405 =( NAMED_UNIT ( * ) SI_UNIT ( $, .STERADIAN. ) SOLID_ANGLE_UNIT ( ) );
#7406 = STYLED_ITEM ( 'NONE', ( #9149 ), #8824 ) ;
#7407 = SURFACE_STYLE_FILL_AREA ( #6963 ) ;
#7408 = PRESENTATION_STYLE_ASSIGNMENT (( #3462 ) ) ;
#7409 = ORIENTED_EDGE ( 'NONE', *, *, #6043, .T. ) ;
#7410 = CARTESIAN_POINT ( 'NONE',  ( -6219.132872483720300, 306.1790385117190000, -7.850743728759658300E-025 ) ) ;
#7411 = STYLED_ITEM ( 'NONE', ( #4595 ), #1300 ) ;
#7412 = PRESENTATION_STYLE_ASSIGNMENT (( #9382 ) ) ;
#7413 = COLOUR_RGB ( '',0.7921568627450980000, 0.8196078431372548800, 0.9333333333333333500 ) ;
#7414 = ORIENTED_EDGE ( 'NONE', *, *, #5957, .F. ) ;
#7415 = FILL_AREA_STYLE ('',( #10918 ) ) ;
#7416 = EDGE_CURVE ( 'NONE', #3818, #7671, #8530, .T. ) ;
#7417 = PLANE ( 'NONE',  #353 ) ;
#7418 = COLOUR_RGB ( '',0.7921568627450980000, 0.8196078431372548800, 0.9333333333333333500 ) ;
#7419 =( NAMED_UNIT ( * ) SI_UNIT ( $, .STERADIAN. ) SOLID_ANGLE_UNIT ( ) );
#7420 = ORIENTED_EDGE ( 'NONE', *, *, #1443, .F. ) ;
#7421 = LINE ( 'NONE', #3684, #6432 ) ;
#7422 = ORIENTED_EDGE ( 'NONE', *, *, #577, .T. ) ;
#7423 = PRESENTATION_LAYER_ASSIGNMENT (  '', '', ( #7847 ) ) ;
#7424 = DIRECTION ( 'NONE',  ( -1.446715679903189900E-022, 1.000000000000000000, 2.212669514969620400E-033 ) ) ;
#7425 = STYLED_ITEM ( 'NONE', ( #6457 ), #2182 ) ;
#7426 = MANIFOLD_SOLID_BREP ( '5-1-solid1', #8595 ) ;
#7427 = LINE ( 'NONE', #253, #7130 ) ;
#7428 = CARTESIAN_POINT ( 'NONE',  ( -6220.617542500490300, 307.1790385117190000, 0.0000000000000000000 ) ) ;
#7429 = DIRECTION ( 'NONE',  ( 0.0000000000000000000, 0.0000000000000000000, -1.000000000000000000 ) ) ;
#7430 = LINE ( 'NONE', #6396, #7576 ) ;
#7431 = SURFACE_SIDE_STYLE ('',( #5312 ) ) ;
#7432 = PLANE ( 'NONE',  #625 ) ;
#7433 = LINE ( 'NONE', #9549, #3119 ) ;
#7434 = UNCERTAINTY_MEASURE_WITH_UNIT (LENGTH_MEASURE( 1.000000000000000100E-005 ), #5897, 'distance_accuracy_value', 'NONE');
#7435 = SURFACE_STYLE_USAGE ( .BOTH. , #2024 ) ;
#7436 = ORIENTED_EDGE ( 'NONE', *, *, #306, .T. ) ;
#7437 = FILL_AREA_STYLE_COLOUR ( '', #10397 ) ;
#7438 =( GEOMETRIC_REPRESENTATION_CONTEXT ( 3 ) GLOBAL_UNCERTAINTY_ASSIGNED_CONTEXT ( ( #3341 ) ) GLOBAL_UNIT_ASSIGNED_CONTEXT ( ( #773, #7842, #2599 ) ) REPRESENTATION_CONTEXT ( 'NONE', 'WORKASPACE' ) );
#7439 = ADVANCED_FACE ( 'NONE', ( #6036 ), #7250, .T. ) ;
#7440 = PRESENTATION_LAYER_ASSIGNMENT (  '', '', ( #10981 ) ) ;
#7441 = DIRECTION ( 'NONE',  ( 0.0000000000000000000, 0.0000000000000000000, 1.000000000000000000 ) ) ;
#7442 = AXIS2_PLACEMENT_3D ( 'NONE', #1168, #864, #1754 ) ;
#7443 = EDGE_CURVE ( 'NONE', #7671, #5026, #6711, .T. ) ;
#7444 = PLANE ( 'NONE',  #3937 ) ;
#7445 = DIRECTION ( 'NONE',  ( 5.362025623467860300E-024, 1.008445705407401300E-035, -1.000000000000000000 ) ) ;
#7446 =( LENGTH_UNIT ( ) NAMED_UNIT ( * ) SI_UNIT ( .MILLI., .METRE. ) );
#7447 = VECTOR ( 'NONE', #2209, 1000.000000000000000 ) ;
#7448 = CARTESIAN_POINT ( 'NONE',  ( -6220.532872483720000, 306.8290385117210800, 0.5000000000000000000 ) ) ;
#7449 = ORIENTED_EDGE ( 'NONE', *, *, #4980, .T. ) ;
#7450 = DIRECTION ( 'NONE',  ( -0.0000000000000000000, -0.0000000000000000000, -1.000000000000000000 ) ) ;
#7451 = CARTESIAN_POINT ( 'NONE',  ( -6220.832872483720200, 306.4690385117199900, 0.5000000000000000000 ) ) ;
#7452 = LINE ( 'NONE', #3995, #489 ) ;
#7453 = EDGE_CURVE ( 'NONE', #977, #3622, #453, .T. ) ;
#7454 = FILL_AREA_STYLE ('',( #10267 ) ) ;
#7455 = COLOUR_RGB ( '',0.7921568627450980000, 0.8196078431372548800, 0.9333333333333333500 ) ;
#7456 = VERTEX_POINT ( 'NONE', #7212 ) ;
#7457 =( LENGTH_UNIT ( ) NAMED_UNIT ( * ) SI_UNIT ( .MILLI., .METRE. ) );
#7458 = COLOUR_RGB ( '',0.7921568627450980000, 0.8196078431372548800, 0.9333333333333333500 ) ;
#7459 =( GEOMETRIC_REPRESENTATION_CONTEXT ( 3 ) GLOBAL_UNCERTAINTY_ASSIGNED_CONTEXT ( ( #10520 ) ) GLOBAL_UNIT_ASSIGNED_CONTEXT ( ( #2304, #1559, #5031 ) ) REPRESENTATION_CONTEXT ( 'NONE', 'WORKASPACE' ) );
#7460 =( NAMED_UNIT ( * ) SI_UNIT ( $, .STERADIAN. ) SOLID_ANGLE_UNIT ( ) );
#7461 = EDGE_CURVE ( 'NONE', #1002, #10677, #6832, .T. ) ;
#7462 = ORIENTED_EDGE ( 'NONE', *, *, #4015, .F. ) ;
#7463 = SURFACE_STYLE_USAGE ( .BOTH. , #9986 ) ;
#7464 = MECHANICAL_DESIGN_GEOMETRIC_PRESENTATION_REPRESENTATION (  '', ( #10204 ), #9025 ) ;
#7465 = CIRCLE ( 'NONE', #1147, 0.2700000000068758500 ) ;
#7466 = EDGE_CURVE ( 'NONE', #860, #7639, #7421, .T. ) ;
#7467 = EDGE_CURVE ( 'NONE', #4497, #3958, #4909, .T. ) ;
#7468 = VECTOR ( 'NONE', #2947, 1000.000000000000000 ) ;
#7469 = FACE_OUTER_BOUND ( 'NONE', #3854, .T. ) ;
#7470 = ORIENTED_EDGE ( 'NONE', *, *, #9089, .T. ) ;
#7471 = DIRECTION ( 'NONE',  ( -1.000000000000000000, 0.0000000000000000000, -0.0000000000000000000 ) ) ;
#7472 = FACE_OUTER_BOUND ( 'NONE', #3160, .T. ) ;
#7473 = SURFACE_SIDE_STYLE ('',( #1774 ) ) ;
#7474 = VERTEX_POINT ( 'NONE', #953 ) ;
#7475 = DIRECTION ( 'NONE',  ( -1.000000000000000000, 0.0000000000000000000, -0.0000000000000000000 ) ) ;
#7476 = ORIENTED_EDGE ( 'NONE', *, *, #961, .T. ) ;
#7477 =( LENGTH_UNIT ( ) NAMED_UNIT ( * ) SI_UNIT ( .MILLI., .METRE. ) );
#7478 =( NAMED_UNIT ( * ) SI_UNIT ( $, .STERADIAN. ) SOLID_ANGLE_UNIT ( ) );
#7479 = AXIS2_PLACEMENT_3D ( 'NONE', #8131, #9061, #9953 ) ;
#7480 = ORIENTED_EDGE ( 'NONE', *, *, #1634, .T. ) ;
#7481 = DIRECTION ( 'NONE',  ( 0.0000000000000000000, 0.0000000000000000000, 1.000000000000000000 ) ) ;
#7482 = PRESENTATION_LAYER_ASSIGNMENT (  '', '', ( #3450 ) ) ;
#7483 = VECTOR ( 'NONE', #7628, 1000.000000000000000 ) ;
#7484 =( NAMED_UNIT ( * ) SI_UNIT ( $, .STERADIAN. ) SOLID_ANGLE_UNIT ( ) );
#7485 = DIRECTION ( 'NONE',  ( -1.000000000000000000, -1.150191053511989900E-012, 6.243894290491559700E-012 ) ) ;
#7486 = EDGE_LOOP ( 'NONE', ( #502, #4621, #10954, #3986 ) ) ;
#7487 = DIRECTION ( 'NONE',  ( -4.547473508865079800E-012, 0.0000000000000000000, 1.000000000000000000 ) ) ;
#7488 = LINE ( 'NONE', #9190, #3871 ) ;
#7489 =( NAMED_UNIT ( * ) SI_UNIT ( $, .STERADIAN. ) SOLID_ANGLE_UNIT ( ) );
#7490 = EDGE_LOOP ( 'NONE', ( #11098, #1468, #517, #5304 ) ) ;
#7491 = DIRECTION ( 'NONE',  ( -1.000000000000000000, -0.0000000000000000000, -0.0000000000000000000 ) ) ;
#7492 = VECTOR ( 'NONE', #6448, 1000.000000000000000 ) ;
#7493 = ORIENTED_EDGE ( 'NONE', *, *, #9613, .F. ) ;
#7494 = SURFACE_STYLE_USAGE ( .BOTH. , #6666 ) ;
#7495 = PRESENTATION_LAYER_ASSIGNMENT (  '', '', ( #8821 ) ) ;
#7496 = SURFACE_SIDE_STYLE ('',( #7609 ) ) ;
#7497 = CARTESIAN_POINT ( 'NONE',  ( -6219.932872483718700, 307.1790385117200200, 0.02000000000000000000 ) ) ;
#7498 = CYLINDRICAL_SURFACE ( 'NONE', #7512, 0.4500000001375070700 ) ;
#7499 = ADVANCED_FACE ( 'NONE', ( #2534 ), #990, .T. ) ;
#7500 = SURFACE_SIDE_STYLE ('',( #1736 ) ) ;
#7501 = VECTOR ( 'NONE', #9500, 1000.000000000000000 ) ;
#7502 = EDGE_LOOP ( 'NONE', ( #8649, #10715, #9017, #5130 ) ) ;
#7503 = UNCERTAINTY_MEASURE_WITH_UNIT (LENGTH_MEASURE( 1.000000000000000100E-005 ), #11089, 'distance_accuracy_value', 'NONE');
#7504 = FACE_OUTER_BOUND ( 'NONE', #2258, .T. ) ;
#7505 = ORIENTED_EDGE ( 'NONE', *, *, #1323, .T. ) ;
#7506 = PLANE ( 'NONE',  #7306 ) ;
#7507 = UNCERTAINTY_MEASURE_WITH_UNIT (LENGTH_MEASURE( 1.000000000000000100E-005 ), #7778, 'distance_accuracy_value', 'NONE');
#7508 = FILL_AREA_STYLE ('',( #9406 ) ) ;
#7509 = MECHANICAL_DESIGN_GEOMETRIC_PRESENTATION_REPRESENTATION (  '', ( #7722 ), #5340 ) ;
#7510 = LINE ( 'NONE', #3793, #5137 ) ;
#7511 = PRESENTATION_LAYER_ASSIGNMENT (  '', '', ( #8325 ) ) ;
#7512 = AXIS2_PLACEMENT_3D ( 'NONE', #3882, #7341, #8241 ) ;
#7513 =( LENGTH_UNIT ( ) NAMED_UNIT ( * ) SI_UNIT ( .MILLI., .METRE. ) );
#7514 = ORIENTED_EDGE ( 'NONE', *, *, #1859, .T. ) ;
#7515 = SURFACE_STYLE_FILL_AREA ( #10554 ) ;
#7516 = UNCERTAINTY_MEASURE_WITH_UNIT (LENGTH_MEASURE( 1.000000000000000100E-005 ), #10094, 'distance_accuracy_value', 'NONE');
#7517 = EDGE_LOOP ( 'NONE', ( #4566, #11072, #2674, #5649 ) ) ;
#7518 = FILL_AREA_STYLE ('',( #7557 ) ) ;
#7519 = UNCERTAINTY_MEASURE_WITH_UNIT (LENGTH_MEASURE( 1.000000000000000100E-005 ), #657, 'distance_accuracy_value', 'NONE');
#7520 = DIRECTION ( 'NONE',  ( 0.0000000000000000000, -0.0000000000000000000, 1.000000000000000000 ) ) ;
#7521 = DIRECTION ( 'NONE',  ( 1.000000000000000000, -0.0000000000000000000, 0.0000000000000000000 ) ) ;
#7522 = CARTESIAN_POINT ( 'NONE',  ( -6217.832872483720200, 306.9840895374400100, 0.5000000000000000000 ) ) ;
#7523 = EDGE_CURVE ( 'NONE', #8350, #260, #2257, .T. ) ;
#7524 = CARTESIAN_POINT ( 'NONE',  ( -6219.532872483720000, 306.1790385117200200, 0.02000000000000000000 ) ) ;
#7525 = ORIENTED_EDGE ( 'NONE', *, *, #7734, .T. ) ;
#7526 =( GEOMETRIC_REPRESENTATION_CONTEXT ( 3 ) GLOBAL_UNCERTAINTY_ASSIGNED_CONTEXT ( ( #4721 ) ) GLOBAL_UNIT_ASSIGNED_CONTEXT ( ( #4521, #10708, #5388 ) ) REPRESENTATION_CONTEXT ( 'NONE', 'WORKASPACE' ) );
#7527 = EDGE_CURVE ( 'NONE', #10235, #2343, #48, .T. ) ;
#7528 = COLOUR_RGB ( '',0.7921568627450980000, 0.8196078431372548800, 0.9333333333333333500 ) ;
#7529 = CARTESIAN_POINT ( 'NONE',  ( -6217.832872483720200, 306.9637085284927000, 0.01999999999999999700 ) ) ;
#7530 = COLOUR_RGB ( '',0.7921568627450980000, 0.8196078431372548800, 0.9333333333333333500 ) ;
#7531 = EDGE_CURVE ( 'NONE', #4216, #10245, #8113, .T. ) ;
#7532 = DIRECTION ( 'NONE',  ( 0.0000000000000000000, 0.0000000000000000000, -1.000000000000000000 ) ) ;
#7533 = DIRECTION ( 'NONE',  ( 1.000000000000000000, 0.0000000000000000000, 0.0000000000000000000 ) ) ;
#7534 = VERTEX_POINT ( 'NONE', #7529 ) ;
#7535 = DIRECTION ( 'NONE',  ( -1.000000000000000000, 0.0000000000000000000, -0.0000000000000000000 ) ) ;
#7536 =( LENGTH_UNIT ( ) NAMED_UNIT ( * ) SI_UNIT ( .MILLI., .METRE. ) );
#7537 = PRODUCT_CONTEXT ( 'NONE', #8939, 'mechanical' ) ;
#7538 = COLOUR_RGB ( '',0.7921568627450980000, 0.8196078431372548800, 0.9333333333333333500 ) ;
#7539 = PRESENTATION_STYLE_ASSIGNMENT (( #10769 ) ) ;
#7540 = DIRECTION ( 'NONE',  ( 0.0000000000000000000, -1.000000000000000000, 0.0000000000000000000 ) ) ;
#7541 = ORIENTED_EDGE ( 'NONE', *, *, #4405, .F. ) ;
#7542 =( NAMED_UNIT ( * ) PLANE_ANGLE_UNIT ( ) SI_UNIT ( $, .RADIAN. ) );
#7543 = PRESENTATION_LAYER_ASSIGNMENT (  '', '', ( #9537 ) ) ;
#7544 = LINE ( 'NONE', #3295, #1831 ) ;
#7545 = EDGE_LOOP ( 'NONE', ( #2948, #5896, #770, #5474 ) ) ;
#7546 =( NAMED_UNIT ( * ) SI_UNIT ( $, .STERADIAN. ) SOLID_ANGLE_UNIT ( ) );
#7547 =( NAMED_UNIT ( * ) PLANE_ANGLE_UNIT ( ) SI_UNIT ( $, .RADIAN. ) );
#7548 = EDGE_CURVE ( 'NONE', #8057, #1461, #5755, .T. ) ;
#7549 = ORIENTED_EDGE ( 'NONE', *, *, #9686, .F. ) ;
#7550 = FILL_AREA_STYLE_COLOUR ( '', #1955 ) ;
#7551 = STYLED_ITEM ( 'NONE', ( #127 ), #595 ) ;
#7552 = DIRECTION ( 'NONE',  ( -1.000000000000000000, 4.440892098510976000E-013, 0.0000000000000000000 ) ) ;
#7553 = PRODUCT_DEFINITION_SHAPE ( 'NONE', 'NONE',  #4535 ) ;
#7554 = SURFACE_STYLE_USAGE ( .BOTH. , #3904 ) ;
#7555 = FACE_OUTER_BOUND ( 'NONE', #930, .T. ) ;
#7556 = ADVANCED_FACE ( 'NONE', ( #8396 ), #10118, .T. ) ;
#7557 = FILL_AREA_STYLE_COLOUR ( '', #8878 ) ;
#7558 = ORIENTED_EDGE ( 'NONE', *, *, #7965, .F. ) ;
#7559 = FILL_AREA_STYLE_COLOUR ( '', #1315 ) ;
#7560 = ORIENTED_EDGE ( 'NONE', *, *, #5381, .T. ) ;
#7561 = DIRECTION ( 'NONE',  ( 0.0000000000000000000, 0.0000000000000000000, 1.000000000000000000 ) ) ;
#7562 =( NAMED_UNIT ( * ) SI_UNIT ( $, .STERADIAN. ) SOLID_ANGLE_UNIT ( ) );
#7563 =( GEOMETRIC_REPRESENTATION_CONTEXT ( 3 ) GLOBAL_UNCERTAINTY_ASSIGNED_CONTEXT ( ( #11125 ) ) GLOBAL_UNIT_ASSIGNED_CONTEXT ( ( #10334, #5144, #8592 ) ) REPRESENTATION_CONTEXT ( 'NONE', 'WORKASPACE' ) );
#7564 = CARTESIAN_POINT ( 'NONE',  ( -6219.132872483720300, 306.1790385117200200, 0.0000000000000000000 ) ) ;
#7565 =( GEOMETRIC_REPRESENTATION_CONTEXT ( 3 ) GLOBAL_UNCERTAINTY_ASSIGNED_CONTEXT ( ( #5659 ) ) GLOBAL_UNIT_ASSIGNED_CONTEXT ( ( #10632, #2664, #5347 ) ) REPRESENTATION_CONTEXT ( 'NONE', 'WORKASPACE' ) );
#7566 = CYLINDRICAL_SURFACE ( 'NONE', #512, 0.4500000000016157700 ) ;
#7567 = SURFACE_SIDE_STYLE ('',( #4348 ) ) ;
#7568 = ORIENTED_EDGE ( 'NONE', *, *, #2038, .T. ) ;
#7569 = ORIENTED_EDGE ( 'NONE', *, *, #8930, .T. ) ;
#7570 = SURFACE_SIDE_STYLE ('',( #8528 ) ) ;
#7571 = ORIENTED_EDGE ( 'NONE', *, *, #10779, .T. ) ;
#7572 = DIRECTION ( 'NONE',  ( -1.000000000000000000, 0.0000000000000000000, -0.0000000000000000000 ) ) ;
#7573 = DIRECTION ( 'NONE',  ( -0.0000000000000000000, 0.0000000000000000000, 1.000000000000000000 ) ) ;
#7574 = SURFACE_STYLE_USAGE ( .BOTH. , #9391 ) ;
#7575 = CARTESIAN_POINT ( 'NONE',  ( -6218.632872483720300, 306.1790385117190000, 0.02000000000000000000 ) ) ;
#7576 = VECTOR ( 'NONE', #297, 1000.000000000000000 ) ;
#7577 = STYLED_ITEM ( 'NONE', ( #3841 ), #10515 ) ;
#7578 = STYLED_ITEM ( 'NONE', ( #11379 ), #3057 ) ;
#7579 = LINE ( 'NONE', #2506, #8953 ) ;
#7580 = UNCERTAINTY_MEASURE_WITH_UNIT (LENGTH_MEASURE( 1.000000000000000100E-005 ), #7078, 'distance_accuracy_value', 'NONE');
#7581 = DIRECTION ( 'NONE',  ( 0.0000000000000000000, -0.0000000000000000000, -1.000000000000000000 ) ) ;
#7582 = EDGE_LOOP ( 'NONE', ( #7008, #8458, #10694, #1694, #780, #10994, #5504, #1349 ) ) ;
#7583 = AXIS2_PLACEMENT_3D ( 'NONE', #3335, #3509, #10662 ) ;
#7584 = FILL_AREA_STYLE_COLOUR ( '', #9988 ) ;
#7585 = CARTESIAN_POINT ( 'NONE',  ( -6220.532872483720000, 306.6790385117209900, 0.4800000000000000400 ) ) ;
#7586 = UNCERTAINTY_MEASURE_WITH_UNIT (LENGTH_MEASURE( 1.000000000000000100E-005 ), #8093, 'distance_accuracy_value', 'NONE');
#7587 = VECTOR ( 'NONE', #9535, 1000.000000000000000 ) ;
#7588 = EDGE_CURVE ( 'NONE', #3974, #9032, #3219, .T. ) ;
#7589 = SURFACE_STYLE_USAGE ( .BOTH. , #1313 ) ;
#7590 = COLOUR_RGB ( '',0.7921568627450980000, 0.8196078431372548800, 0.9333333333333333500 ) ;
#7591 = VECTOR ( 'NONE', #610, 1000.000000000000000 ) ;
#7592 = SURFACE_STYLE_FILL_AREA ( #2186 ) ;
#7593 = SURFACE_SIDE_STYLE ('',( #6369 ) ) ;
#7594 = VERTEX_POINT ( 'NONE', #3043 ) ;
#7595 = LINE ( 'NONE', #6629, #2989 ) ;
#7596 = ORIENTED_EDGE ( 'NONE', *, *, #11222, .F. ) ;
#7597 = AXIS2_PLACEMENT_3D ( 'NONE', #5317, #2671, #4351 ) ;
#7598 = MECHANICAL_DESIGN_GEOMETRIC_PRESENTATION_REPRESENTATION (  '', ( #1999 ), #5810 ) ;
#7599 = DIRECTION ( 'NONE',  ( 2.328692794151240100E-013, 1.000000000000000000, 2.117933758337364400E-024 ) ) ;
#7600 = MECHANICAL_DESIGN_GEOMETRIC_PRESENTATION_REPRESENTATION (  '', ( #369 ), #5135 ) ;
#7601 = EDGE_CURVE ( 'NONE', #11005, #5165, #313, .T. ) ;
#7602 = VECTOR ( 'NONE', #4803, 1000.000000000000000 ) ;
#7603 = CARTESIAN_POINT ( 'NONE',  ( -6220.532872483720000, 306.6790385117209900, 0.5000000000000000000 ) ) ;
#7604 = SURFACE_STYLE_FILL_AREA ( #428 ) ;
#7605 = ORIENTED_EDGE ( 'NONE', *, *, #4311, .F. ) ;
#7606 = EDGE_LOOP ( 'NONE', ( #1287, #6835, #8244, #4780 ) ) ;
#7607 = CARTESIAN_POINT ( 'NONE',  ( -6218.392872483719700, 306.6290385117190500, 0.0000000000000000000 ) ) ;
#7608 = EDGE_CURVE ( 'NONE', #1408, #1232, #2953, .T. ) ;
#7609 = SURFACE_STYLE_FILL_AREA ( #10879 ) ;
#7610 = EDGE_CURVE ( 'NONE', #10440, #860, #3805, .T. ) ;
#7611 = FILL_AREA_STYLE ('',( #3166 ) ) ;
#7612 = FILL_AREA_STYLE ('',( #1293 ) ) ;
#7613 = VECTOR ( 'NONE', #11505, 1000.000000000000000 ) ;
#7614 = LINE ( 'NONE', #9726, #4958 ) ;
#7615 =( GEOMETRIC_REPRESENTATION_CONTEXT ( 3 ) GLOBAL_UNCERTAINTY_ASSIGNED_CONTEXT ( ( #2648 ) ) GLOBAL_UNIT_ASSIGNED_CONTEXT ( ( #2593, #7090, #9671 ) ) REPRESENTATION_CONTEXT ( 'NONE', 'WORKASPACE' ) );
#7616 = FILL_AREA_STYLE ('',( #9321 ) ) ;
#7617 = EDGE_CURVE ( 'NONE', #6065, #7257, #11268, .T. ) ;
#7618 = ORIENTED_EDGE ( 'NONE', *, *, #2236, .T. ) ;
#7619 = DIRECTION ( 'NONE',  ( -0.0000000000000000000, 1.000000000000000000, 0.0000000000000000000 ) ) ;
#7620 = ADVANCED_FACE ( 'NONE', ( #5465 ), #3956, .T. ) ;
#7621 = DIRECTION ( 'NONE',  ( 1.000000000000000000, -2.273733787119150100E-024, -6.243894290491750300E-012 ) ) ;
#7622 = AXIS2_PLACEMENT_3D ( 'NONE', #933, #7150, #2731 ) ;
#7623 = EDGE_CURVE ( 'NONE', #5030, #347, #5322, .T. ) ;
#7624 = ORIENTED_EDGE ( 'NONE', *, *, #8847, .T. ) ;
#7625 = AXIS2_PLACEMENT_3D ( 'NONE', #8925, #8521, #4169 ) ;
#7626 = FILL_AREA_STYLE_COLOUR ( '', #7713 ) ;
#7627 = VECTOR ( 'NONE', #3325, 1000.000000000000000 ) ;
#7628 = DIRECTION ( 'NONE',  ( -0.0000000000000000000, 0.0000000000000000000, -1.000000000000000000 ) ) ;
#7629 = DIRECTION ( 'NONE',  ( 0.0000000000000000000, -1.000000000000000000, 0.0000000000000000000 ) ) ;
#7630 = VERTEX_POINT ( 'NONE', #1249 ) ;
#7631 = FACE_OUTER_BOUND ( 'NONE', #2547, .T. ) ;
#7632 = CARTESIAN_POINT ( 'NONE',  ( -6219.532872483720000, 307.1790385117200200, 0.0000000000000000000 ) ) ;
#7633 = ORIENTED_EDGE ( 'NONE', *, *, #4601, .F. ) ;
#7634 = MECHANICAL_DESIGN_GEOMETRIC_PRESENTATION_REPRESENTATION (  '', ( #7406 ), #4873 ) ;
#7635 = ORIENTED_EDGE ( 'NONE', *, *, #4760, .T. ) ;
#7636 = DIRECTION ( 'NONE',  ( -0.0000000000000000000, 0.0000000000000000000, 1.000000000000000000 ) ) ;
#7637 = EDGE_CURVE ( 'NONE', #4936, #6620, #578, .T. ) ;
#7638 = DIRECTION ( 'NONE',  ( 0.0000000000000000000, -0.0000000000000000000, -1.000000000000000000 ) ) ;
#7639 = VERTEX_POINT ( 'NONE', #3918 ) ;
#7640 = PLANE ( 'NONE',  #9338 ) ;
#7641 = LINE ( 'NONE', #282, #11218 ) ;
#7642 = PLANE ( 'NONE',  #11004 ) ;
#7643 = ORIENTED_EDGE ( 'NONE', *, *, #9464, .F. ) ;
#7644 = UNCERTAINTY_MEASURE_WITH_UNIT (LENGTH_MEASURE( 1.000000000000000100E-005 ), #6357, 'distance_accuracy_value', 'NONE');
#7645 = FACE_OUTER_BOUND ( 'NONE', #5845, .T. ) ;
#7646 =( GEOMETRIC_REPRESENTATION_CONTEXT ( 3 ) GLOBAL_UNCERTAINTY_ASSIGNED_CONTEXT ( ( #3867 ) ) GLOBAL_UNIT_ASSIGNED_CONTEXT ( ( #5113, #3306, #2457 ) ) REPRESENTATION_CONTEXT ( 'NONE', 'WORKASPACE' ) );
#7647 = CYLINDRICAL_SURFACE ( 'NONE', #5313, 0.4500000000016157700 ) ;
#7648 = LINE ( 'NONE', #7281, #1363 ) ;
#7649 = ORIENTED_EDGE ( 'NONE', *, *, #8588, .T. ) ;
#7650 = CARTESIAN_POINT ( 'NONE',  ( -6220.449167514870200, 307.1090385117190100, 0.5000000000000000000 ) ) ;
#7651 = DIRECTION ( 'NONE',  ( 1.000000000000000000, 8.271806125530269700E-023, 7.523163845262629800E-034 ) ) ;
#7652 = AXIS2_PLACEMENT_3D ( 'NONE', #8669, #4257, #701 ) ;
#7653 = CARTESIAN_POINT ( 'NONE',  ( -6218.142872483719700, 306.9590385117189700, 0.5000000000000000000 ) ) ;
#7654 = CARTESIAN_POINT ( 'NONE',  ( -6220.532872483720000, 306.6790385117209900, 0.5000000000000000000 ) ) ;
#7655 = VECTOR ( 'NONE', #2524, 1000.000000000000000 ) ;
#7656 = LINE ( 'NONE', #9619, #3048 ) ;
#7657 = DIRECTION ( 'NONE',  ( 0.0000000000000000000, -0.0000000000000000000, 1.000000000000000000 ) ) ;
#7658 = CARTESIAN_POINT ( 'NONE',  ( -6219.932872483718700, 306.1790385117200200, 0.0000000000000000000 ) ) ;
#7659 = VERTEX_POINT ( 'NONE', #1142 ) ;
#7660 = MECHANICAL_DESIGN_GEOMETRIC_PRESENTATION_REPRESENTATION (  '', ( #10244 ), #4898 ) ;
#7661 = AXIS2_PLACEMENT_3D ( 'NONE', #5000, #8639, #5940 ) ;
#7662 =( LENGTH_UNIT ( ) NAMED_UNIT ( * ) SI_UNIT ( .MILLI., .METRE. ) );
#7663 = PRESENTATION_LAYER_ASSIGNMENT (  '', '', ( #5276 ) ) ;
#7664 =( LENGTH_UNIT ( ) NAMED_UNIT ( * ) SI_UNIT ( .MILLI., .METRE. ) );
#7665 = EDGE_CURVE ( 'NONE', #5704, #2169, #2109, .T. ) ;
#7666 = CIRCLE ( 'NONE', #5568, 0.4499999999980630600 ) ;
#7667 = LINE ( 'NONE', #8386, #9058 ) ;
#7668 = CARTESIAN_POINT ( 'NONE',  ( -6218.732872483719800, 306.1790385117200200, 0.02000000000000000000 ) ) ;
#7669 = CIRCLE ( 'NONE', #10698, 0.4500000000016157700 ) ;
#7670 = ADVANCED_FACE ( 'NONE', ( #3657 ), #477, .T. ) ;
#7671 = VERTEX_POINT ( 'NONE', #10227 ) ;
#7672 = DIRECTION ( 'NONE',  ( -0.0000000000000000000, -1.000000000000000000, 0.0000000000000000000 ) ) ;
#7673 = FILL_AREA_STYLE ('',( #543 ) ) ;
#7674 = EDGE_CURVE ( 'NONE', #3307, #5619, #1268, .T. ) ;
#7675 = EDGE_LOOP ( 'NONE', ( #9227, #5231, #7680, #7449 ) ) ;
#7676 = VECTOR ( 'NONE', #7475, 1000.000000000000000 ) ;
#7677 = PLANE ( 'NONE',  #398 ) ;
#7678 = STYLED_ITEM ( 'NONE', ( #9926 ), #4977 ) ;
#7679 = EDGE_CURVE ( 'NONE', #897, #11166, #5742, .T. ) ;
#7680 = ORIENTED_EDGE ( 'NONE', *, *, #7309, .F. ) ;
#7682 =( GEOMETRIC_REPRESENTATION_CONTEXT ( 3 ) GLOBAL_UNCERTAINTY_ASSIGNED_CONTEXT ( ( #2158 ) ) GLOBAL_UNIT_ASSIGNED_CONTEXT ( ( #2906, #9045, #9895 ) ) REPRESENTATION_CONTEXT ( 'NONE', 'WORKASPACE' ) );
#7681 =( NAMED_UNIT ( * ) SI_UNIT ( $, .STERADIAN. ) SOLID_ANGLE_UNIT ( ) );
#7683 = FILL_AREA_STYLE_COLOUR ( '', #7969 ) ;
#7684 = EDGE_CURVE ( 'NONE', #3775, #4261, #36, .T. ) ;
#7685 =( NAMED_UNIT ( * ) SI_UNIT ( $, .STERADIAN. ) SOLID_ANGLE_UNIT ( ) );
#7686 = CARTESIAN_POINT ( 'NONE',  ( -6218.732872483719800, 306.8321758150599400, 0.0000000000000000000 ) ) ;
#7687 = SURFACE_SIDE_STYLE ('',( #4688 ) ) ;
#7688 = PRESENTATION_STYLE_ASSIGNMENT (( #365 ) ) ;
#7689 = CARTESIAN_POINT ( 'NONE',  ( -6220.882872483722200, 307.2290385117256100, 0.0000000000000000000 ) ) ;
#7690 = VECTOR ( 'NONE', #9652, 1000.000000000000000 ) ;
#7691 = DIRECTION ( 'NONE',  ( -6.243894290491750300E-012, 0.0000000000000000000, -1.000000000000000000 ) ) ;
#7692 = ORIENTED_EDGE ( 'NONE', *, *, #2823, .F. ) ;
#7693 = SURFACE_STYLE_USAGE ( .BOTH. , #1458 ) ;
#7694 = AXIS2_PLACEMENT_3D ( 'NONE', #6547, #10163, #10123 ) ;
#7695 = FACE_OUTER_BOUND ( 'NONE', #2905, .T. ) ;
#7696 =( LENGTH_UNIT ( ) NAMED_UNIT ( * ) SI_UNIT ( .MILLI., .METRE. ) );
#7697 = MECHANICAL_DESIGN_GEOMETRIC_PRESENTATION_REPRESENTATION (  '', ( #754 ), #11454 ) ;
#7698 = LINE ( 'NONE', #9152, #3227 ) ;
#7699 = MECHANICAL_DESIGN_GEOMETRIC_PRESENTATION_REPRESENTATION (  '', ( #10479 ), #8887 ) ;
#7700 = ORIENTED_EDGE ( 'NONE', *, *, #8237, .T. ) ;
#7701 = DIRECTION ( 'NONE',  ( 1.000000000000000000, 0.0000000000000000000, 0.0000000000000000000 ) ) ;
#7702 = ORIENTED_EDGE ( 'NONE', *, *, #1195, .T. ) ;
#7703 = DIRECTION ( 'NONE',  ( 0.0000000000000000000, 0.0000000000000000000, -1.000000000000000000 ) ) ;
#7704 = CARTESIAN_POINT ( 'NONE',  ( -6217.832872483720200, 306.7818249162195300, 0.4999999999999997800 ) ) ;
#7705 = SURFACE_STYLE_USAGE ( .BOTH. , #10395 ) ;
#7706 = ORIENTED_EDGE ( 'NONE', *, *, #8496, .T. ) ;
#7707 = AXIS2_PLACEMENT_3D ( 'NONE', #266, #4765, #6436 ) ;
#7708 = SURFACE_STYLE_FILL_AREA ( #3472 ) ;
#7709 =( LENGTH_UNIT ( ) NAMED_UNIT ( * ) SI_UNIT ( .MILLI., .METRE. ) );
#7710 = CARTESIAN_POINT ( 'NONE',  ( -6220.832872483720200, 307.1790385117190000, 0.0000000000000000000 ) ) ;
#7711 = VECTOR ( 'NONE', #10516, 1000.000000000000000 ) ;
#7712 = PLANE ( 'NONE',  #1328 ) ;
#7713 = COLOUR_RGB ( '',0.7921568627450980000, 0.8196078431372548800, 0.9333333333333333500 ) ;
#7714 = DIRECTION ( 'NONE',  ( -0.0000000000000000000, -0.0000000000000000000, -1.000000000000000000 ) ) ;
#7715 = SURFACE_STYLE_USAGE ( .BOTH. , #5829 ) ;
#7716 = UNCERTAINTY_MEASURE_WITH_UNIT (LENGTH_MEASURE( 1.000000000000000100E-005 ), #1149, 'distance_accuracy_value', 'NONE');
#7717 = SURFACE_SIDE_STYLE ('',( #5544 ) ) ;
#7718 = DIRECTION ( 'NONE',  ( 1.000000000000000000, 0.0000000000000000000, 0.0000000000000000000 ) ) ;
#7719 = ORIENTED_EDGE ( 'NONE', *, *, #137, .F. ) ;
#7720 = DIRECTION ( 'NONE',  ( -0.0000000000000000000, -0.0000000000000000000, -1.000000000000000000 ) ) ;
#7721 = ADVANCED_FACE ( 'NONE', ( #1695 ), #7642, .T. ) ;
#7722 = STYLED_ITEM ( 'NONE', ( #10127 ), #9844 ) ;
#7723 = STYLED_ITEM ( 'NONE', ( #2888 ), #10166 ) ;
#7724 = AXIS2_PLACEMENT_3D ( 'NONE', #117, #2794, #2678 ) ;
#7725 = SURFACE_STYLE_FILL_AREA ( #9134 ) ;
#7726 = CARTESIAN_POINT ( 'NONE',  ( -6220.382872483720300, 306.6790385117200200, 0.5000000000000000000 ) ) ;
#7727 = PRESENTATION_LAYER_ASSIGNMENT (  '', '', ( #3018 ) ) ;
#7728 = ORIENTED_EDGE ( 'NONE', *, *, #8868, .F. ) ;
#7729 = ORIENTED_EDGE ( 'NONE', *, *, #6994, .T. ) ;
#7730 = SURFACE_STYLE_USAGE ( .BOTH. , #5844 ) ;
#7731 = DIRECTION ( 'NONE',  ( 0.0000000000000000000, -0.0000000000000000000, 1.000000000000000000 ) ) ;
#7732 = ORIENTED_EDGE ( 'NONE', *, *, #4078, .T. ) ;
#7733 = PRESENTATION_LAYER_ASSIGNMENT (  '', '', ( #3804 ) ) ;
#7734 = EDGE_CURVE ( 'NONE', #9180, #4923, #3798, .T. ) ;
#7735 = SURFACE_SIDE_STYLE ('',( #10522 ) ) ;
#7736 = DIRECTION ( 'NONE',  ( -0.0000000000000000000, -0.0000000000000000000, -1.000000000000000000 ) ) ;
#7737 = DIRECTION ( 'NONE',  ( 6.243894290492210000E-012, 0.0000000000000000000, 1.000000000000000000 ) ) ;
#7738 = SURFACE_STYLE_USAGE ( .BOTH. , #2489 ) ;
#7739 = ORIENTED_EDGE ( 'NONE', *, *, #3483, .F. ) ;
#7740 = DIRECTION ( 'NONE',  ( -0.0000000000000000000, 0.0000000000000000000, -1.000000000000000000 ) ) ;
#7741 = ORIENTED_EDGE ( 'NONE', *, *, #4530, .F. ) ;
#7742 = CARTESIAN_POINT ( 'NONE',  ( -6220.617542500490300, 307.1790385117200200, 0.0000000000000000000 ) ) ;
#7743 = CARTESIAN_POINT ( 'NONE',  ( -6220.882872483722200, 307.2290385117252100, 0.02000000000000000000 ) ) ;
#7744 = SURFACE_STYLE_USAGE ( .BOTH. , #10550 ) ;
#7745 = FILL_AREA_STYLE_COLOUR ( '', #3779 ) ;
#7746 = VECTOR ( 'NONE', #8370, 1000.000000000000000 ) ;
#7747 = PLANE ( 'NONE',  #1812 ) ;
#7748 = SURFACE_STYLE_FILL_AREA ( #9969 ) ;
#7749 =( LENGTH_UNIT ( ) NAMED_UNIT ( * ) SI_UNIT ( .MILLI., .METRE. ) );
#7750 = ORIENTED_EDGE ( 'NONE', *, *, #3946, .T. ) ;
#7751 = EDGE_CURVE ( 'NONE', #11005, #3552, #2102, .T. ) ;
#7752 = EDGE_CURVE ( 'NONE', #272, #4794, #11393, .T. ) ;
#7753 = COLOUR_RGB ( '',0.7921568627450980000, 0.8196078431372548800, 0.9333333333333333500 ) ;
#7754 = VERTEX_POINT ( 'NONE', #3085 ) ;
#7755 = DIRECTION ( 'NONE',  ( 0.0000000000000000000, -1.000000000000000000, 0.0000000000000000000 ) ) ;
#7756 = SURFACE_SIDE_STYLE ('',( #6220 ) ) ;
#7757 = FACE_OUTER_BOUND ( 'NONE', #7091, .T. ) ;
#7758 =( NAMED_UNIT ( * ) SI_UNIT ( $, .STERADIAN. ) SOLID_ANGLE_UNIT ( ) );
#7759 = FILL_AREA_STYLE_COLOUR ( '', #8902 ) ;
#7760 = ORIENTED_EDGE ( 'NONE', *, *, #4704, .T. ) ;
#7761 = LINE ( 'NONE', #9954, #5415 ) ;
#7762 = PLANE ( 'NONE',  #6745 ) ;
#7763 = LINE ( 'NONE', #5614, #5548 ) ;
#7764 = ORIENTED_EDGE ( 'NONE', *, *, #8588, .F. ) ;
#7765 = MECHANICAL_DESIGN_GEOMETRIC_PRESENTATION_REPRESENTATION (  '', ( #6136 ), #8382 ) ;
#7766 = ADVANCED_FACE ( 'NONE', ( #6954 ), #3987, .T. ) ;
#7767 = SURFACE_SIDE_STYLE ('',( #1050 ) ) ;
#7768 = MECHANICAL_DESIGN_GEOMETRIC_PRESENTATION_REPRESENTATION (  '', ( #6936 ), #4578 ) ;
#7769 = VECTOR ( 'NONE', #3656, 1000.000000000000000 ) ;
#7770 =( NAMED_UNIT ( * ) PLANE_ANGLE_UNIT ( ) SI_UNIT ( $, .RADIAN. ) );
#7771 = EDGE_CURVE ( 'NONE', #951, #5159, #10297, .T. ) ;
#7772 = UNCERTAINTY_MEASURE_WITH_UNIT (LENGTH_MEASURE( 1.000000000000000100E-005 ), #4342, 'distance_accuracy_value', 'NONE');
#7773 = DIRECTION ( 'NONE',  ( -9.094947017728610300E-012, 0.0000000000000000000, -1.000000000000000000 ) ) ;
#7774 = VECTOR ( 'NONE', #10335, 1000.000000000000000 ) ;
#7775 = DIRECTION ( 'NONE',  ( -0.0000000000000000000, -1.000000000000000000, 0.0000000000000000000 ) ) ;
#7776 = VERTEX_POINT ( 'NONE', #10466 ) ;
#7777 = DIRECTION ( 'NONE',  ( 0.0000000000000000000, -1.000000000000000000, 0.0000000000000000000 ) ) ;
#7778 =( LENGTH_UNIT ( ) NAMED_UNIT ( * ) SI_UNIT ( .MILLI., .METRE. ) );
#7779 = CARTESIAN_POINT ( 'NONE',  ( -6220.532872483720000, 306.6790385117209900, 0.4800000000000000400 ) ) ;
#7780 = PRESENTATION_LAYER_ASSIGNMENT (  '', '', ( #5416 ) ) ;
#7781 = DIRECTION ( 'NONE',  ( 1.000000000000000000, 1.233581138467966900E-013, 0.0000000000000000000 ) ) ;
#7782 =( NAMED_UNIT ( * ) SI_UNIT ( $, .STERADIAN. ) SOLID_ANGLE_UNIT ( ) );
#7783 = ORIENTED_EDGE ( 'NONE', *, *, #2517, .T. ) ;
#7784 = CARTESIAN_POINT ( 'NONE',  ( -6219.932872483719600, 306.9921758150609900, 0.0000000000000000000 ) ) ;
#7785 = DIRECTION ( 'NONE',  ( -1.000000000000000000, 0.0000000000000000000, -0.0000000000000000000 ) ) ;
#7786 =( LENGTH_UNIT ( ) NAMED_UNIT ( * ) SI_UNIT ( .MILLI., .METRE. ) );
#7787 = DIRECTION ( 'NONE',  ( 0.0000000000000000000, -1.000000000000000000, -0.0000000000000000000 ) ) ;
#7788 = DIRECTION ( 'NONE',  ( 0.0000000000000000000, -0.0000000000000000000, 1.000000000000000000 ) ) ;
#7789 = VERTEX_POINT ( 'NONE', #9315 ) ;
#7790 = COLOUR_RGB ( '',0.7921568627450980000, 0.8196078431372548800, 0.9333333333333333500 ) ;
#7791 = ORIENTED_EDGE ( 'NONE', *, *, #9927, .F. ) ;
#7792 = CARTESIAN_POINT ( 'NONE',  ( -6220.532872483720000, 306.6790385117200200, 0.5000000000000000000 ) ) ;
#7793 = AXIS2_PLACEMENT_3D ( 'NONE', #3485, #1649, #7873 ) ;
#7794 = PLANE ( 'NONE',  #11368 ) ;
#7795 = STYLED_ITEM ( 'NONE', ( #3093 ), #11083 ) ;
#7796 = AXIS2_PLACEMENT_3D ( 'NONE', #3561, #788, #6238 ) ;
#7797 = DIRECTION ( 'NONE',  ( -0.0000000000000000000, 1.609823385559750100E-014, -1.000000000000000000 ) ) ;
#7798 = EDGE_CURVE ( 'NONE', #10449, #1899, #4193, .T. ) ;
#7799 = VECTOR ( 'NONE', #1088, 1000.000000000000000 ) ;
#7800 = CARTESIAN_POINT ( 'NONE',  ( -6220.532872483720000, 306.8290385117200000, 0.4800000000000000400 ) ) ;
#7801 = LINE ( 'NONE', #7010, #9905 ) ;
#7802 = ORIENTED_EDGE ( 'NONE', *, *, #11009, .T. ) ;
#7803 = EDGE_CURVE ( 'NONE', #4478, #5159, #7951, .T. ) ;
#7804 = SURFACE_STYLE_USAGE ( .BOTH. , #3224 ) ;
#7805 = CARTESIAN_POINT ( 'NONE',  ( -6220.382872483720300, 306.6790385117209900, 0.4800000000000000400 ) ) ;
#7806 = CARTESIAN_POINT ( 'NONE',  ( -6220.832872483720200, 306.1790385117200200, 0.0000000000000000000 ) ) ;
#7807 = AXIS2_PLACEMENT_3D ( 'NONE', #10043, #6421, #10984 ) ;
#7808 = EDGE_CURVE ( 'NONE', #3957, #9456, #8778, .T. ) ;
#7809 = VECTOR ( 'NONE', #7638, 1000.000000000000000 ) ;
#7810 = LINE ( 'NONE', #3342, #3665 ) ;
#7812 =( GEOMETRIC_REPRESENTATION_CONTEXT ( 3 ) GLOBAL_UNCERTAINTY_ASSIGNED_CONTEXT ( ( #5433 ) ) GLOBAL_UNIT_ASSIGNED_CONTEXT ( ( #4100, #2229, #11114 ) ) REPRESENTATION_CONTEXT ( 'NONE', 'WORKASPACE' ) );
#7811 = FILL_AREA_STYLE ('',( #4251 ) ) ;
#7813 = ORIENTED_EDGE ( 'NONE', *, *, #7815, .F. ) ;
#7814 = SURFACE_STYLE_FILL_AREA ( #223 ) ;
#7815 = EDGE_CURVE ( 'NONE', #5630, #3491, #1969, .T. ) ;
#7816 = ORIENTED_EDGE ( 'NONE', *, *, #7523, .F. ) ;
#7817 = CARTESIAN_POINT ( 'NONE',  ( -6217.782872483720900, 307.2290385117171400, 0.5000000000000000000 ) ) ;
#7818 = CARTESIAN_POINT ( 'NONE',  ( -6220.637923509441000, 306.1790385117190000, 0.0000000000000000000 ) ) ;
#7819 = AXIS2_PLACEMENT_3D ( 'NONE', #31, #2871, #10843 ) ;
#7820 =( LENGTH_UNIT ( ) NAMED_UNIT ( * ) SI_UNIT ( .MILLI., .METRE. ) );
#7821 = CARTESIAN_POINT ( 'NONE',  ( -6218.048202466950000, 306.1790385117200200, 0.5000000000000000000 ) ) ;
#7822 = CARTESIAN_POINT ( 'NONE',  ( -6219.532872483720000, 306.1790385117200200, 0.0000000000000000000 ) ) ;
#7823 =( LENGTH_UNIT ( ) NAMED_UNIT ( * ) SI_UNIT ( .MILLI., .METRE. ) );
#7824 = ADVANCED_FACE ( 'NONE', ( #11254 ), #6908, .T. ) ;
#7825 =( LENGTH_UNIT ( ) NAMED_UNIT ( * ) SI_UNIT ( .MILLI., .METRE. ) );
#7826 = LINE ( 'NONE', #5543, #1428 ) ;
#7827 = ORIENTED_EDGE ( 'NONE', *, *, #2083, .F. ) ;
#7828 = PRESENTATION_STYLE_ASSIGNMENT (( #5237 ) ) ;
#7829 = ORIENTED_EDGE ( 'NONE', *, *, #7803, .T. ) ;
#7830 = PLANE ( 'NONE',  #8499 ) ;
#7831 = EDGE_LOOP ( 'NONE', ( #4738, #5663, #11153, #2484 ) ) ;
#7832 = DIRECTION ( 'NONE',  ( -6.199485369506210100E-012, 0.0000000000000000000, -1.000000000000000000 ) ) ;
#7833 = MECHANICAL_DESIGN_GEOMETRIC_PRESENTATION_REPRESENTATION (  '', ( #11092 ), #3071 ) ;
#7834 =( LENGTH_UNIT ( ) NAMED_UNIT ( * ) SI_UNIT ( .MILLI., .METRE. ) );
#7835 = PLANE ( 'NONE',  #7190 ) ;
#7836 = STYLED_ITEM ( 'NONE', ( #5107 ), #829 ) ;
#7837 = VECTOR ( 'NONE', #4764, 1000.000000000000000 ) ;
#7838 = UNCERTAINTY_MEASURE_WITH_UNIT (LENGTH_MEASURE( 1.000000000000000100E-005 ), #10391, 'distance_accuracy_value', 'NONE');
#7839 = DIRECTION ( 'NONE',  ( 1.000000000000000000, 0.0000000000000000000, 0.0000000000000000000 ) ) ;
#7840 = ORIENTED_EDGE ( 'NONE', *, *, #3054, .T. ) ;
#7841 = UNCERTAINTY_MEASURE_WITH_UNIT (LENGTH_MEASURE( 1.000000000000000100E-005 ), #3069, 'distance_accuracy_value', 'NONE');
#7842 =( NAMED_UNIT ( * ) PLANE_ANGLE_UNIT ( ) SI_UNIT ( $, .RADIAN. ) );
#7843 = DIRECTION ( 'NONE',  ( -0.0000000000000000000, 1.000000000000000000, 0.0000000000000000000 ) ) ;
#7844 = DIRECTION ( 'NONE',  ( -0.0000000000000000000, -1.000000000000000000, -0.0000000000000000000 ) ) ;
#7845 = VECTOR ( 'NONE', #7056, 1000.000000000000000 ) ;
#7846 = LINE ( 'NONE', #2995, #8680 ) ;
#7847 = STYLED_ITEM ( 'NONE', ( #4020 ), #6327 ) ;
#7848 = SURFACE_SIDE_STYLE ('',( #8642 ) ) ;
#7849 = COLOUR_RGB ( '',0.7921568627450980000, 0.8196078431372548800, 0.9333333333333333500 ) ;
#7850 = ORIENTED_EDGE ( 'NONE', *, *, #6406, .F. ) ;
#7851 = UNCERTAINTY_MEASURE_WITH_UNIT (LENGTH_MEASURE( 1.000000000000000100E-005 ), #3852, 'distance_accuracy_value', 'NONE');
#7852 = PRESENTATION_STYLE_ASSIGNMENT (( #8536 ) ) ;
#7853 = SURFACE_SIDE_STYLE ('',( #7918 ) ) ;
#7854 = ORIENTED_EDGE ( 'NONE', *, *, #10478, .T. ) ;
#7855 = STYLED_ITEM ( 'NONE', ( #8154 ), #1881 ) ;
#7856 = DIRECTION ( 'NONE',  ( -1.880717803722830600E-012, 1.000000000000000000, 0.0000000000000000000 ) ) ;
#7857 = UNCERTAINTY_MEASURE_WITH_UNIT (LENGTH_MEASURE( 1.000000000000000100E-005 ), #7264, 'distance_accuracy_value', 'NONE');
#7858 = FACE_OUTER_BOUND ( 'NONE', #3383, .T. ) ;
#7859 = CARTESIAN_POINT ( 'NONE',  ( -6220.532872483720000, 306.1790385117200200, 0.5000000000000000000 ) ) ;
#7860 = COLOUR_RGB ( '',0.7921568627450980000, 0.8196078431372548800, 0.9333333333333333500 ) ;
#7861 = CARTESIAN_POINT ( 'NONE',  ( -6220.332872483720200, 306.9590385117200000, 0.5000000000000000000 ) ) ;
#7862 = CARTESIAN_POINT ( 'NONE',  ( -6219.232872483719800, 306.1790385117200200, 0.0000000000000000000 ) ) ;
#7863 = VERTEX_POINT ( 'NONE', #11257 ) ;
#7864 = CARTESIAN_POINT ( 'NONE',  ( -6218.332872483720200, 307.1090385117190100, 0.4800000000000000400 ) ) ;
#7865 = PRESENTATION_STYLE_ASSIGNMENT (( #2118 ) ) ;
#7866 =( NAMED_UNIT ( * ) PLANE_ANGLE_UNIT ( ) SI_UNIT ( $, .RADIAN. ) );
#7867 = ORIENTED_EDGE ( 'NONE', *, *, #2293, .T. ) ;
#7868 = AXIS2_PLACEMENT_3D ( 'NONE', #9600, #6183, #3457 ) ;
#7869 = MECHANICAL_DESIGN_GEOMETRIC_PRESENTATION_REPRESENTATION (  '', ( #7280 ), #9073 ) ;
#7870 = ORIENTED_EDGE ( 'NONE', *, *, #7674, .T. ) ;
#7871 =( GEOMETRIC_REPRESENTATION_CONTEXT ( 3 ) GLOBAL_UNCERTAINTY_ASSIGNED_CONTEXT ( ( #4499 ) ) GLOBAL_UNIT_ASSIGNED_CONTEXT ( ( #7536, #2200, #10413 ) ) REPRESENTATION_CONTEXT ( 'NONE', 'WORKASPACE' ) );
#7872 = LINE ( 'NONE', #2156, #10480 ) ;
#7873 = DIRECTION ( 'NONE',  ( -1.000000000000000000, 0.0000000000000000000, -0.0000000000000000000 ) ) ;
#7874 = CARTESIAN_POINT ( 'NONE',  ( -6218.332872483720200, 306.9590385117200000, 0.4800000000000000400 ) ) ;
#7875 = DIRECTION ( 'NONE',  ( 1.000000000000000000, 0.0000000000000000000, 0.0000000000000000000 ) ) ;
#7876 = ORIENTED_EDGE ( 'NONE', *, *, #4681, .F. ) ;
#7877 = CARTESIAN_POINT ( 'NONE',  ( -6218.332872483719300, 306.6190385117200200, 0.5000000000000000000 ) ) ;
#7878 = FILL_AREA_STYLE ('',( #5203 ) ) ;
#7879 = FILL_AREA_STYLE_COLOUR ( '', #7883 ) ;
#7880 = ORIENTED_EDGE ( 'NONE', *, *, #2774, .F. ) ;
#7881 = EDGE_CURVE ( 'NONE', #11477, #10608, #1686, .T. ) ;
#7882 = LINE ( 'NONE', #4459, #2037 ) ;
#7883 = COLOUR_RGB ( '',0.7921568627450980000, 0.8196078431372548800, 0.9333333333333333500 ) ;
#7884 = ADVANCED_FACE ( 'NONE', ( #3924 ), #5965, .T. ) ;
#7885 = DIRECTION ( 'NONE',  ( 0.0000000000000000000, 1.000000000000000000, 0.0000000000000000000 ) ) ;
#7886 = MECHANICAL_DESIGN_GEOMETRIC_PRESENTATION_REPRESENTATION (  '', ( #152 ), #9678 ) ;
#7887 = EDGE_CURVE ( 'NONE', #1502, #4, #9893, .T. ) ;
#7888 = VERTEX_POINT ( 'NONE', #6944 ) ;
#7889 = FILL_AREA_STYLE ('',( #11394 ) ) ;
#7890 =( NAMED_UNIT ( * ) PLANE_ANGLE_UNIT ( ) SI_UNIT ( $, .RADIAN. ) );
#7891 =( GEOMETRIC_REPRESENTATION_CONTEXT ( 3 ) GLOBAL_UNCERTAINTY_ASSIGNED_CONTEXT ( ( #7851 ) ) GLOBAL_UNIT_ASSIGNED_CONTEXT ( ( #3852, #8508, #3180 ) ) REPRESENTATION_CONTEXT ( 'NONE', 'WORKASPACE' ) );
#7892 = LINE ( 'NONE', #1121, #8329 ) ;
#7893 =( LENGTH_UNIT ( ) NAMED_UNIT ( * ) SI_UNIT ( .MILLI., .METRE. ) );
#7894 = ORIENTED_EDGE ( 'NONE', *, *, #2521, .T. ) ;
#7895 =( LENGTH_UNIT ( ) NAMED_UNIT ( * ) SI_UNIT ( .MILLI., .METRE. ) );
#7896 = EDGE_CURVE ( 'NONE', #3022, #9367, #8768, .T. ) ;
#7897 = ADVANCED_FACE ( 'NONE', ( #3337 ), #6829, .T. ) ;
#7898 = PRESENTATION_STYLE_ASSIGNMENT (( #1296 ) ) ;
#7899 = CARTESIAN_POINT ( 'NONE',  ( -6220.670740449360000, 306.8321758150610200, 0.02000000000000000000 ) ) ;
#7900 = PRESENTATION_STYLE_ASSIGNMENT (( #3519 ) ) ;
#7901 = ORIENTED_EDGE ( 'NONE', *, *, #9842, .T. ) ;
#7902 = DIRECTION ( 'NONE',  ( -1.000000000000000000, 0.0000000000000000000, 0.0000000000000000000 ) ) ;
#7903 = COLOUR_RGB ( '',0.7921568627450980000, 0.8196078431372548800, 0.9333333333333333500 ) ;
#7904 = CARTESIAN_POINT ( 'NONE',  ( -6220.832872483720200, 306.9637085284910500, 0.0000000000000000000 ) ) ;
#7905 = ORIENTED_EDGE ( 'NONE', *, *, #2521, .F. ) ;
#7906 = PLANE ( 'NONE',  #7209 ) ;
#7907 = CARTESIAN_POINT ( 'NONE',  ( -6219.932872483719600, 307.1790385117190000, 0.0000000000000000000 ) ) ;
#7908 = DIRECTION ( 'NONE',  ( -0.0000000000000000000, 1.000000000000000000, 0.0000000000000000000 ) ) ;
#7909 = EDGE_CURVE ( 'NONE', #884, #2052, #4611, .T. ) ;
#7910 =( GEOMETRIC_REPRESENTATION_CONTEXT ( 3 ) GLOBAL_UNCERTAINTY_ASSIGNED_CONTEXT ( ( #4363 ) ) GLOBAL_UNIT_ASSIGNED_CONTEXT ( ( #1667, #7890, #2562 ) ) REPRESENTATION_CONTEXT ( 'NONE', 'WORKASPACE' ) );
#7911 = EDGE_LOOP ( 'NONE', ( #6199, #751, #3677, #3645 ) ) ;
#7912 = FILL_AREA_STYLE ('',( #11417 ) ) ;
#7913 = LINE ( 'NONE', #1006, #6668 ) ;
#7914 = SURFACE_STYLE_USAGE ( .BOTH. , #155 ) ;
#7915 = ORIENTED_EDGE ( 'NONE', *, *, #7751, .T. ) ;
#7916 = CARTESIAN_POINT ( 'NONE',  ( -6218.230086079220200, 307.1790385117190000, 0.0000000000000000000 ) ) ;
#7917 = VECTOR ( 'NONE', #8810, 1000.000000000000000 ) ;
#7918 = SURFACE_STYLE_FILL_AREA ( #9799 ) ;
#7919 =( NAMED_UNIT ( * ) PLANE_ANGLE_UNIT ( ) SI_UNIT ( $, .RADIAN. ) );
#7920 = ORIENTED_EDGE ( 'NONE', *, *, #296, .T. ) ;
#7921 = UNCERTAINTY_MEASURE_WITH_UNIT (LENGTH_MEASURE( 1.000000000000000100E-005 ), #7074, 'distance_accuracy_value', 'NONE');
#7922 = LINE ( 'NONE', #1586, #6925 ) ;
#7923 = PRESENTATION_LAYER_ASSIGNMENT (  '', '', ( #9557 ) ) ;
#7924 = ORIENTED_EDGE ( 'NONE', *, *, #1216, .F. ) ;
#7925 =( LENGTH_UNIT ( ) NAMED_UNIT ( * ) SI_UNIT ( .MILLI., .METRE. ) );
#7926 = STYLED_ITEM ( 'NONE', ( #2597 ), #1643 ) ;
#7927 = CARTESIAN_POINT ( 'NONE',  ( -6218.632872483720300, 306.1790385117200200, 0.5000000000000000000 ) ) ;
#7928 = LINE ( 'NONE', #9428, #5869 ) ;
#7929 = CARTESIAN_POINT ( 'NONE',  ( -6220.532872483720000, 306.8290385117210800, 0.5000000000000000000 ) ) ;
#7930 = FACE_OUTER_BOUND ( 'NONE', #376, .T. ) ;
#7931 = LINE ( 'NONE', #2261, #3324 ) ;
#7932 = CARTESIAN_POINT ( 'NONE',  ( -6220.637923509440000, 306.1790385117190000, 0.5000000000000000000 ) ) ;
#7933 =( NAMED_UNIT ( * ) PLANE_ANGLE_UNIT ( ) SI_UNIT ( $, .RADIAN. ) );
#7934 = VECTOR ( 'NONE', #7107, 1000.000000000000000 ) ;
#7935 = LINE ( 'NONE', #4661, #2509 ) ;
#7936 = ORIENTED_EDGE ( 'NONE', *, *, #513, .T. ) ;
#7937 =( NAMED_UNIT ( * ) SI_UNIT ( $, .STERADIAN. ) SOLID_ANGLE_UNIT ( ) );
#7938 = PRESENTATION_LAYER_ASSIGNMENT (  '', '', ( #4514 ) ) ;
#7939 = MECHANICAL_DESIGN_GEOMETRIC_PRESENTATION_REPRESENTATION (  '', ( #4964 ), #1750 ) ;
#7940 = DIRECTION ( 'NONE',  ( 1.000000000000000000, -1.570965579637770000E-013, -7.143924356741029600E-025 ) ) ;
#7941 = FILL_AREA_STYLE_COLOUR ( '', #7418 ) ;
#7942 = PRESENTATION_LAYER_ASSIGNMENT (  '', '', ( #10965 ) ) ;
#7943 = SURFACE_STYLE_USAGE ( .BOTH. , #786 ) ;
#7944 = LINE ( 'NONE', #203, #8507 ) ;
#7945 = DIRECTION ( 'NONE',  ( -0.0000000000000000000, -0.0000000000000000000, -1.000000000000000000 ) ) ;
#7946 = STYLED_ITEM ( 'NONE', ( #8775 ), #2829 ) ;
#7947 = ORIENTED_EDGE ( 'NONE', *, *, #8432, .F. ) ;
#7948 = FILL_AREA_STYLE ('',( #2543 ) ) ;
#7949 = ADVANCED_FACE ( 'NONE', ( #5302 ), #9689, .T. ) ;
#7950 = SURFACE_STYLE_USAGE ( .BOTH. , #11409 ) ;
#7951 = LINE ( 'NONE', #1593, #9624 ) ;
#7952 = EDGE_LOOP ( 'NONE', ( #8803, #7505, #10364, #6074 ) ) ;
#7953 = DIRECTION ( 'NONE',  ( -0.0000000000000000000, 1.000000000000000000, 0.0000000000000000000 ) ) ;
#7954 = ADVANCED_FACE ( 'NONE', ( #8090 ), #1714, .T. ) ;
#7955 = DIRECTION ( 'NONE',  ( 0.0000000000000000000, 0.0000000000000000000, -1.000000000000000000 ) ) ;
#7956 = CIRCLE ( 'NONE', #7819, 0.4499999999865167400 ) ;
#7957 = AXIS2_PLACEMENT_3D ( 'NONE', #5944, #2352, #2425 ) ;
#7958 = LINE ( 'NONE', #7524, #856 ) ;
#7959 = DIRECTION ( 'NONE',  ( 0.0000000000000000000, -0.0000000000000000000, 1.000000000000000000 ) ) ;
#7960 = VECTOR ( 'NONE', #4603, 1000.000000000000000 ) ;
#7961 = AXIS2_PLACEMENT_3D ( 'NONE', #2485, #9605, #1626 ) ;
#7962 = DIRECTION ( 'NONE',  ( -0.0000000000000000000, 1.000000000000000000, 0.0000000000000000000 ) ) ;
#7963 =( GEOMETRIC_REPRESENTATION_CONTEXT ( 3 ) GLOBAL_UNCERTAINTY_ASSIGNED_CONTEXT ( ( #10331 ) ) GLOBAL_UNIT_ASSIGNED_CONTEXT ( ( #11061, #3036, #430 ) ) REPRESENTATION_CONTEXT ( 'NONE', 'WORKASPACE' ) );
#7964 = CARTESIAN_POINT ( 'NONE',  ( -6220.532872483720000, 306.6790385117209900, 0.5000000000000000000 ) ) ;
#7965 = EDGE_CURVE ( 'NONE', #11352, #1126, #6003, .T. ) ;
#7966 = SURFACE_SIDE_STYLE ('',( #4267 ) ) ;
#7967 = ORIENTED_EDGE ( 'NONE', *, *, #8214, .F. ) ;
#7968 = FILL_AREA_STYLE ('',( #846 ) ) ;
#7969 = COLOUR_RGB ( '',0.7921568627450980000, 0.8196078431372548800, 0.9333333333333333500 ) ;
#7970 =( NAMED_UNIT ( * ) SI_UNIT ( $, .STERADIAN. ) SOLID_ANGLE_UNIT ( ) );
#7971 = VERTEX_POINT ( 'NONE', #6310 ) ;
#7972 = CARTESIAN_POINT ( 'NONE',  ( -6218.332872483719300, 306.9590385117189700, 0.4800000000000000400 ) ) ;
#7973 = VERTEX_POINT ( 'NONE', #10 ) ;
#7974 = DIRECTION ( 'NONE',  ( 1.000000000000000000, 0.0000000000000000000, -0.0000000000000000000 ) ) ;
#7975 = ORIENTED_EDGE ( 'NONE', *, *, #1866, .T. ) ;
#7976 = AXIS2_PLACEMENT_3D ( 'NONE', #2094, #3788, #10035 ) ;
#7977 =( NAMED_UNIT ( * ) PLANE_ANGLE_UNIT ( ) SI_UNIT ( $, .RADIAN. ) );
#7978 = SURFACE_STYLE_FILL_AREA ( #947 ) ;
#7979 = SURFACE_STYLE_FILL_AREA ( #2713 ) ;
#7980 = EDGE_CURVE ( 'NONE', #10578, #8159, #1258, .T. ) ;
#7981 = DIRECTION ( 'NONE',  ( 2.328692793324230100E-013, 1.000000000000000000, 0.0000000000000000000 ) ) ;
#7982 =( NAMED_UNIT ( * ) SI_UNIT ( $, .STERADIAN. ) SOLID_ANGLE_UNIT ( ) );
#7983 = FACE_OUTER_BOUND ( 'NONE', #7831, .T. ) ;
#7984 = DIRECTION ( 'NONE',  ( 0.0000000000000000000, 1.000000000000000000, -0.0000000000000000000 ) ) ;
#7985 = DIRECTION ( 'NONE',  ( -0.0000000000000000000, -0.0000000000000000000, 1.000000000000000000 ) ) ;
#7986 = PLANE ( 'NONE',  #8156 ) ;
#7987 = ORIENTED_EDGE ( 'NONE', *, *, #10000, .F. ) ;
#7988 = MANIFOLD_SOLID_BREP ( '15-1-solid1', #8376 ) ;
#7989 =( NAMED_UNIT ( * ) SI_UNIT ( $, .STERADIAN. ) SOLID_ANGLE_UNIT ( ) );
#7990 = CARTESIAN_POINT ( 'NONE',  ( -6220.532872483720000, 306.8290385117200000, 0.4800000000000000400 ) ) ;
#7991 = COLOUR_RGB ( '',0.7921568627450980000, 0.8196078431372548800, 0.9333333333333333500 ) ;
#7992 = COLOUR_RGB ( '',0.7921568627450980000, 0.8196078431372548800, 0.9333333333333333500 ) ;
#7993 = COLOUR_RGB ( '',0.7921568627450980000, 0.8196078431372548800, 0.9333333333333333500 ) ;
#7994 = UNCERTAINTY_MEASURE_WITH_UNIT (LENGTH_MEASURE( 1.000000000000000100E-005 ), #7446, 'distance_accuracy_value', 'NONE');
#7995 = CARTESIAN_POINT ( 'NONE',  ( -6218.632872483720300, 307.0721758150609700, 0.02000000000000000000 ) ) ;
#7996 = FACE_OUTER_BOUND ( 'NONE', #5173, .T. ) ;
#7997 = AXIS2_PLACEMENT_3D ( 'NONE', #3204, #629, #4138 ) ;
#7998 = VERTEX_POINT ( 'NONE', #5378 ) ;
#7999 =( NAMED_UNIT ( * ) SI_UNIT ( $, .STERADIAN. ) SOLID_ANGLE_UNIT ( ) );
#8000 = PLANE ( 'NONE',  #10136 ) ;
#8001 = CARTESIAN_POINT ( 'NONE',  ( -6220.382872483720300, 306.6790385117209900, 0.4800000000000000400 ) ) ;
#8002 = PRESENTATION_LAYER_ASSIGNMENT (  '', '', ( #7411 ) ) ;
#8003 = VECTOR ( 'NONE', #4032, 1000.000000000000000 ) ;
#8004 = PLANE ( 'NONE',  #9355 ) ;
#8005 = EDGE_CURVE ( 'NONE', #3165, #3176, #9194, .T. ) ;
#8006 = FACE_OUTER_BOUND ( 'NONE', #5872, .T. ) ;
#8007 = ORIENTED_EDGE ( 'NONE', *, *, #1250, .F. ) ;
#8008 = ADVANCED_FACE ( 'NONE', ( #4457 ), #8791, .T. ) ;
#8009 = CARTESIAN_POINT ( 'NONE',  ( -6217.832872483720200, 306.7818249162209600, 0.02000000000000000000 ) ) ;
#8010 = ORIENTED_EDGE ( 'NONE', *, *, #170, .T. ) ;
#8011 = DIRECTION ( 'NONE',  ( -1.000000000000000000, 0.0000000000000000000, -0.0000000000000000000 ) ) ;
#8012 = SURFACE_SIDE_STYLE ('',( #6513 ) ) ;
#8013 =( NAMED_UNIT ( * ) SI_UNIT ( $, .STERADIAN. ) SOLID_ANGLE_UNIT ( ) );
#8014 = AXIS2_PLACEMENT_3D ( 'NONE', #10973, #5722, #4821 ) ;
#8015 = FILL_AREA_STYLE_COLOUR ( '', #7102 ) ;
#8016 = SURFACE_STYLE_FILL_AREA ( #1876 ) ;
#8017 = CARTESIAN_POINT ( 'NONE',  ( -6220.532872483720000, 306.8290385117210800, 0.4800000000000000400 ) ) ;
#8018 = AXIS2_PLACEMENT_3D ( 'NONE', #6996, #4407, #3600 ) ;
#8019 = VERTEX_POINT ( 'NONE', #8907 ) ;
#8020 = CARTESIAN_POINT ( 'NONE',  ( -6220.532872483720000, 306.8290385117210800, 0.4800000000000000400 ) ) ;
#8021 = ORIENTED_EDGE ( 'NONE', *, *, #2293, .F. ) ;
#8022 =( LENGTH_UNIT ( ) NAMED_UNIT ( * ) SI_UNIT ( .MILLI., .METRE. ) );
#8023 = FILL_AREA_STYLE ('',( #7200 ) ) ;
#8024 = CARTESIAN_POINT ( 'NONE',  ( -6220.532872483720000, 306.8290385117200000, 0.4800000000000000400 ) ) ;
#8025 = PRESENTATION_STYLE_ASSIGNMENT (( #8729 ) ) ;
#8026 = CARTESIAN_POINT ( 'NONE',  ( -6220.332872483720200, 306.1790385117190000, 0.4800000000000000400 ) ) ;
#8027 =( LENGTH_UNIT ( ) NAMED_UNIT ( * ) SI_UNIT ( .MILLI., .METRE. ) );
#8028 =( NAMED_UNIT ( * ) SI_UNIT ( $, .STERADIAN. ) SOLID_ANGLE_UNIT ( ) );
#8029 = COLOUR_RGB ( '',0.7921568627450980000, 0.8196078431372548800, 0.9333333333333333500 ) ;
#8030 = SURFACE_SIDE_STYLE ('',( #8133 ) ) ;
#8031 = MECHANICAL_DESIGN_GEOMETRIC_PRESENTATION_REPRESENTATION (  '', ( #1462 ), #9660 ) ;
#8032 = VERTEX_POINT ( 'NONE', #10829 ) ;
#8033 = PRESENTATION_LAYER_ASSIGNMENT (  '', '', ( #1999 ) ) ;
#8034 = PRESENTATION_LAYER_ASSIGNMENT (  '', '', ( #5653 ) ) ;
#8035 = EDGE_CURVE ( 'NONE', #7474, #5030, #4320, .T. ) ;
#8036 = CLOSED_SHELL ( 'NONE', ( #8817, #6778, #10719, #4808, #6382, #8300 ) ) ;
#8037 = SURFACE_STYLE_USAGE ( .BOTH. , #11195 ) ;
#8038 =( NAMED_UNIT ( * ) SI_UNIT ( $, .STERADIAN. ) SOLID_ANGLE_UNIT ( ) );
#8039 = CARTESIAN_POINT ( 'NONE',  ( -6220.882872483715800, 307.2290385117063900, 0.02000000000000000000 ) ) ;
#8040 = DIRECTION ( 'NONE',  ( 1.000000000000000000, -1.726396803085320000E-013, -7.850743727819200300E-025 ) ) ;
#8041 = PRESENTATION_STYLE_ASSIGNMENT (( #7435 ) ) ;
#8042 = ORIENTED_EDGE ( 'NONE', *, *, #6046, .F. ) ;
#8043 =( LENGTH_UNIT ( ) NAMED_UNIT ( * ) SI_UNIT ( .MILLI., .METRE. ) );
#8044 = EDGE_CURVE ( 'NONE', #3176, #8159, #5154, .T. ) ;
#8045 = ORIENTED_EDGE ( 'NONE', *, *, #3032, .T. ) ;
#8046 = EDGE_CURVE ( 'NONE', #11155, #5249, #4184, .T. ) ;
#8047 = AXIS2_PLACEMENT_3D ( 'NONE', #6006, #10407, #5111 ) ;
#8048 = EDGE_CURVE ( 'NONE', #2052, #1672, #2789, .T. ) ;
#8049 = DIRECTION ( 'NONE',  ( -1.000000000000000000, -0.0000000000000000000, -0.0000000000000000000 ) ) ;
#8050 = STYLED_ITEM ( 'NONE', ( #8931 ), #7620 ) ;
#8051 = ORIENTED_EDGE ( 'NONE', *, *, #11356, .T. ) ;
#8052 =( NAMED_UNIT ( * ) SI_UNIT ( $, .STERADIAN. ) SOLID_ANGLE_UNIT ( ) );
#8053 = EDGE_CURVE ( 'NONE', #6607, #5315, #5438, .T. ) ;
#8054 = FILL_AREA_STYLE ('',( #8015 ) ) ;
#8055 = EDGE_CURVE ( 'NONE', #3928, #1824, #7088, .T. ) ;
#8056 =( NAMED_UNIT ( * ) SI_UNIT ( $, .STERADIAN. ) SOLID_ANGLE_UNIT ( ) );
#8057 = VERTEX_POINT ( 'NONE', #10862 ) ;
#8058 = FILL_AREA_STYLE ('',( #3514 ) ) ;
#8059 = FACE_OUTER_BOUND ( 'NONE', #5768, .T. ) ;
#8060 = FILL_AREA_STYLE_COLOUR ( '', #10231 ) ;
#8061 = CARTESIAN_POINT ( 'NONE',  ( -6218.632872483720300, 306.6290385117190500, 0.02000000000000000000 ) ) ;
#8062 = CARTESIAN_POINT ( 'NONE',  ( -6220.382872483720300, 306.6790385117200200, 0.4800000000000000400 ) ) ;
#8063 = ORIENTED_EDGE ( 'NONE', *, *, #9896, .T. ) ;
#8064 = CARTESIAN_POINT ( 'NONE',  ( -6220.832872483720200, 306.7818249162193100, 0.4800000000000000400 ) ) ;
#8065 = FACE_OUTER_BOUND ( 'NONE', #358, .T. ) ;
#8066 = CARTESIAN_POINT ( 'NONE',  ( -6220.532872483720000, 306.8290385117210800, 0.5000000000000000000 ) ) ;
#8067 = SURFACE_STYLE_FILL_AREA ( #8333 ) ;
#8068 = ADVANCED_FACE ( 'NONE', ( #8078 ), #9963, .T. ) ;
#8069 = DIRECTION ( 'NONE',  ( 0.0000000000000000000, 0.0000000000000000000, 1.000000000000000000 ) ) ;
#8070 = VERTEX_POINT ( 'NONE', #4553 ) ;
#8071 = MECHANICAL_DESIGN_GEOMETRIC_PRESENTATION_REPRESENTATION (  '', ( #4715 ), #5910 ) ;
#8072 = PRESENTATION_LAYER_ASSIGNMENT (  '', '', ( #10426 ) ) ;
#8073 = ORIENTED_EDGE ( 'NONE', *, *, #8439, .F. ) ;
#8074 = ADVANCED_FACE ( 'NONE', ( #8359 ), #168, .T. ) ;
#8075 = UNCERTAINTY_MEASURE_WITH_UNIT (LENGTH_MEASURE( 1.000000000000000100E-005 ), #9430, 'distance_accuracy_value', 'NONE');
#8076 = CYLINDRICAL_SURFACE ( 'NONE', #8164, 0.4500000000025039500 ) ;
#8077 = DIRECTION ( 'NONE',  ( 0.0000000000000000000, -0.0000000000000000000, 1.000000000000000000 ) ) ;
#8078 = FACE_OUTER_BOUND ( 'NONE', #10448, .T. ) ;
#8079 = SURFACE_STYLE_USAGE ( .BOTH. , #7170 ) ;
#8080 =( LENGTH_UNIT ( ) NAMED_UNIT ( * ) SI_UNIT ( .MILLI., .METRE. ) );
#8081 = VERTEX_POINT ( 'NONE', #7322 ) ;
#8082 = FILL_AREA_STYLE_COLOUR ( '', #4024 ) ;
#8083 = SHAPE_DEFINITION_REPRESENTATION ( #7553, #1507 ) ;
#8084 = SURFACE_SIDE_STYLE ('',( #10230 ) ) ;
#8085 = VECTOR ( 'NONE', #11096, 1000.000000000000000 ) ;
#8086 = PRESENTATION_STYLE_ASSIGNMENT (( #9195 ) ) ;
#8087 =( GEOMETRIC_REPRESENTATION_CONTEXT ( 3 ) GLOBAL_UNCERTAINTY_ASSIGNED_CONTEXT ( ( #11238 ) ) GLOBAL_UNIT_ASSIGNED_CONTEXT ( ( #4989, #551, #6087 ) ) REPRESENTATION_CONTEXT ( 'NONE', 'WORKASPACE' ) );
#8088 = SURFACE_SIDE_STYLE ('',( #8288 ) ) ;
#8089 = STYLED_ITEM ( 'NONE', ( #9256 ), #2009 ) ;
#8090 = FACE_OUTER_BOUND ( 'NONE', #1055, .T. ) ;
#8091 = CARTESIAN_POINT ( 'NONE',  ( -6220.382872483720300, 306.6790385117209900, 0.4800000000000000400 ) ) ;
#8092 = EDGE_LOOP ( 'NONE', ( #8857, #10321, #7343, #3668 ) ) ;
#8093 =( LENGTH_UNIT ( ) NAMED_UNIT ( * ) SI_UNIT ( .MILLI., .METRE. ) );
#8094 = DIRECTION ( 'NONE',  ( 1.123337534104020000E-012, -1.000000000000000000, -2.842170942938230000E-013 ) ) ;
#8095 = LINE ( 'NONE', #4509, #5459 ) ;
#8096 = ORIENTED_EDGE ( 'NONE', *, *, #3145, .T. ) ;
#8097 = FACE_OUTER_BOUND ( 'NONE', #8685, .T. ) ;
#8098 = FILL_AREA_STYLE ('',( #4678 ) ) ;
#8099 = MECHANICAL_DESIGN_GEOMETRIC_PRESENTATION_REPRESENTATION (  '', ( #3786 ), #9881 ) ;
#8100 = PRESENTATION_STYLE_ASSIGNMENT (( #3248 ) ) ;
#8101 =( GEOMETRIC_REPRESENTATION_CONTEXT ( 3 ) GLOBAL_UNCERTAINTY_ASSIGNED_CONTEXT ( ( #10405 ) ) GLOBAL_UNIT_ASSIGNED_CONTEXT ( ( #7164, #2783, #21 ) ) REPRESENTATION_CONTEXT ( 'NONE', 'WORKASPACE' ) );
#8102 = ORIENTED_EDGE ( 'NONE', *, *, #4850, .T. ) ;
#8103 = FILL_AREA_STYLE_COLOUR ( '', #3270 ) ;
#8104 =( GEOMETRIC_REPRESENTATION_CONTEXT ( 3 ) GLOBAL_UNCERTAINTY_ASSIGNED_CONTEXT ( ( #9427 ) ) GLOBAL_UNIT_ASSIGNED_CONTEXT ( ( #5405, #5321, #2754 ) ) REPRESENTATION_CONTEXT ( 'NONE', 'WORKASPACE' ) );
#8105 = DIRECTION ( 'NONE',  ( 4.547473508864579800E-012, -0.0000000000000000000, 1.000000000000000000 ) ) ;
#8106 = DIRECTION ( 'NONE',  ( -0.0000000000000000000, -1.000000000000000000, 0.0000000000000000000 ) ) ;
#8107 = CARTESIAN_POINT ( 'NONE',  ( -6220.532872483720000, 306.8290385117210800, 0.4800000000000000400 ) ) ;
#8108 = CARTESIAN_POINT ( 'NONE',  ( -6220.832872483720200, 306.1790385117200200, 0.02000000000000000000 ) ) ;
#8109 = COLOUR_RGB ( '',0.7921568627450980000, 0.8196078431372548800, 0.9333333333333333500 ) ;
#8110 = FILL_AREA_STYLE ('',( #7079 ) ) ;
#8111 = SURFACE_STYLE_FILL_AREA ( #11066 ) ;
#8112 = VERTEX_POINT ( 'NONE', #5464 ) ;
#8113 = LINE ( 'NONE', #1286, #6304 ) ;
#8114 = ORIENTED_EDGE ( 'NONE', *, *, #2442, .T. ) ;
#8115 = CARTESIAN_POINT ( 'NONE',  ( -6220.532872483720000, 306.8290385117210800, 0.4800000000000000400 ) ) ;
#8116 = VERTEX_POINT ( 'NONE', #1165 ) ;
#8117 = EDGE_CURVE ( 'NONE', #9169, #7971, #3477, .T. ) ;
#8118 = CARTESIAN_POINT ( 'NONE',  ( -6218.632872483720300, 306.6290385117200100, 0.02000000000000000000 ) ) ;
#8119 = FILL_AREA_STYLE ('',( #115 ) ) ;
#8120 = STYLED_ITEM ( 'NONE', ( #9754 ), #11478 ) ;
#8121 = PRESENTATION_LAYER_ASSIGNMENT (  '', '', ( #2753 ) ) ;
#8122 = CARTESIAN_POINT ( 'NONE',  ( -6219.532872483720000, 306.1790385117200200, 0.01999999999999999700 ) ) ;
#8123 = EDGE_CURVE ( 'NONE', #1025, #433, #2353, .T. ) ;
#8124 = CARTESIAN_POINT ( 'NONE',  ( -6219.232872483719800, 306.1790385117200200, 0.01999999999999999700 ) ) ;
#8125 =( NAMED_UNIT ( * ) PLANE_ANGLE_UNIT ( ) SI_UNIT ( $, .RADIAN. ) );
#8126 = ORIENTED_EDGE ( 'NONE', *, *, #1068, .F. ) ;
#8127 = ORIENTED_EDGE ( 'NONE', *, *, #9767, .T. ) ;
#8128 = ORIENTED_EDGE ( 'NONE', *, *, #10051, .T. ) ;
#8129 = ADVANCED_FACE ( 'NONE', ( #11507 ), #1274, .T. ) ;
#8130 = CARTESIAN_POINT ( 'NONE',  ( -6217.782872483720000, 307.2290385117164000, 0.4999999999999996700 ) ) ;
#8131 = CARTESIAN_POINT ( 'NONE',  ( -6220.882872483722200, 307.2290385117252100, 0.02000000000000000000 ) ) ;
#8132 = CARTESIAN_POINT ( 'NONE',  ( -6217.832872483720200, 306.3943684949480800, 0.02000000000000000000 ) ) ;
#8133 = SURFACE_STYLE_FILL_AREA ( #1026 ) ;
#8134 = FACE_OUTER_BOUND ( 'NONE', #6378, .T. ) ;
#8135 = CARTESIAN_POINT ( 'NONE',  ( -6219.932872483719600, 306.8321758150610200, 0.0000000000000000000 ) ) ;
#8136 = DIRECTION ( 'NONE',  ( 6.243894290491559700E-012, 0.0000000000000000000, 1.000000000000000000 ) ) ;
#8137 = MECHANICAL_DESIGN_GEOMETRIC_PRESENTATION_REPRESENTATION (  '', ( #8509 ), #9921 ) ;
#8138 = ORIENTED_EDGE ( 'NONE', *, *, #6692, .T. ) ;
#8140 = CARTESIAN_POINT ( 'NONE',  ( -6220.832872483720200, 306.1790385117200200, 0.0000000000000000000 ) ) ;
#8139 = STYLED_ITEM ( 'NONE', ( #8599 ), #8259 ) ;
#8141 = ADVANCED_FACE ( 'NONE', ( #4870 ), #6565, .T. ) ;
#8142 = EDGE_CURVE ( 'NONE', #6166, #5816, #7377, .T. ) ;
#8143 = CARTESIAN_POINT ( 'NONE',  ( -6218.048202466950000, 306.1790385117200200, 0.0000000000000000000 ) ) ;
#8144 = PRESENTATION_LAYER_ASSIGNMENT (  '', '', ( #7551 ) ) ;
#8145 =( NAMED_UNIT ( * ) SI_UNIT ( $, .STERADIAN. ) SOLID_ANGLE_UNIT ( ) );
#8146 = CIRCLE ( 'NONE', #10246, 1.000000000000465800 ) ;
#8147 = VECTOR ( 'NONE', #7885, 1000.000000000000000 ) ;
#8148 = DIRECTION ( 'NONE',  ( 1.000000000000000000, 0.0000000000000000000, -0.0000000000000000000 ) ) ;
#8149 = UNCERTAINTY_MEASURE_WITH_UNIT (LENGTH_MEASURE( 1.000000000000000100E-005 ), #4564, 'distance_accuracy_value', 'NONE');
#8150 = SURFACE_STYLE_USAGE ( .BOTH. , #4607 ) ;
#8151 = VERTEX_POINT ( 'NONE', #9300 ) ;
#8152 = SURFACE_STYLE_USAGE ( .BOTH. , #1843 ) ;
#8153 = VERTEX_POINT ( 'NONE', #8586 ) ;
#8154 = PRESENTATION_STYLE_ASSIGNMENT (( #6469 ) ) ;
#8155 = CARTESIAN_POINT ( 'NONE',  ( -6220.532872483720000, 306.8290385117200000, 0.4800000000000000400 ) ) ;
#8156 = AXIS2_PLACEMENT_3D ( 'NONE', #2663, #5344, #6121 ) ;
#8157 =( NAMED_UNIT ( * ) PLANE_ANGLE_UNIT ( ) SI_UNIT ( $, .RADIAN. ) );
#8158 = CARTESIAN_POINT ( 'NONE',  ( -6219.432737906850000, 306.1790385117209900, 0.02000000000000000000 ) ) ;
#8159 = VERTEX_POINT ( 'NONE', #4874 ) ;
#8160 =( NAMED_UNIT ( * ) SI_UNIT ( $, .STERADIAN. ) SOLID_ANGLE_UNIT ( ) );
#8161 = CARTESIAN_POINT ( 'NONE',  ( -6217.832872483720200, 306.1790385117190000, 0.0000000000000000000 ) ) ;
#8162 = FILL_AREA_STYLE ('',( #10846 ) ) ;
#8163 = VERTEX_POINT ( 'NONE', #10358 ) ;
#8164 = AXIS2_PLACEMENT_3D ( 'NONE', #7689, #8605, #3275 ) ;
#8165 = CARTESIAN_POINT ( 'NONE',  ( -6220.832872483720200, 306.1790385117200200, 0.5000000000000000000 ) ) ;
#8166 = ORIENTED_EDGE ( 'NONE', *, *, #10076, .F. ) ;
#8167 = VECTOR ( 'NONE', #10022, 1000.000000000000000 ) ;
#8168 = PRESENTATION_STYLE_ASSIGNMENT (( #5408 ) ) ;
#8169 = SURFACE_STYLE_FILL_AREA ( #7159 ) ;
#8170 = PLANE ( 'NONE',  #7279 ) ;
#8171 = ORIENTED_EDGE ( 'NONE', *, *, #2305, .F. ) ;
#8172 =( NAMED_UNIT ( * ) PLANE_ANGLE_UNIT ( ) SI_UNIT ( $, .RADIAN. ) );
#8173 = DIRECTION ( 'NONE',  ( -1.000000000000000000, 0.0000000000000000000, -0.0000000000000000000 ) ) ;
#8174 = LINE ( 'NONE', #1873, #3721 ) ;
#8175 = STYLED_ITEM ( 'NONE', ( #10835 ), #3217 ) ;
#8176 =( NAMED_UNIT ( * ) PLANE_ANGLE_UNIT ( ) SI_UNIT ( $, .RADIAN. ) );
#8177 = DIRECTION ( 'NONE',  ( -1.000000000000000000, -0.0000000000000000000, 0.0000000000000000000 ) ) ;
#8178 = MECHANICAL_DESIGN_GEOMETRIC_PRESENTATION_REPRESENTATION (  '', ( #7946 ), #5945 ) ;
#8179 =( LENGTH_UNIT ( ) NAMED_UNIT ( * ) SI_UNIT ( .MILLI., .METRE. ) );
#8180 = ORIENTED_EDGE ( 'NONE', *, *, #6636, .T. ) ;
#8181 = EDGE_CURVE ( 'NONE', #5744, #8070, #676, .T. ) ;
#8182 = FACE_OUTER_BOUND ( 'NONE', #739, .T. ) ;
#8183 = CARTESIAN_POINT ( 'NONE',  ( -6220.832872483720200, 306.7818249162197600, 0.4800000000000000400 ) ) ;
#8184 = PLANE ( 'NONE',  #7807 ) ;
#8185 = SURFACE_SIDE_STYLE ('',( #1284 ) ) ;
#8186 = CARTESIAN_POINT ( 'NONE',  ( -6220.532872483720000, 306.6790385117200200, 0.4800000000000000400 ) ) ;
#8187 = ORIENTED_EDGE ( 'NONE', *, *, #1629, .F. ) ;
#8188 = SURFACE_SIDE_STYLE ('',( #7748 ) ) ;
#8189 = SURFACE_SIDE_STYLE ('',( #4365 ) ) ;
#8190 = PRESENTATION_LAYER_ASSIGNMENT (  '', '', ( #1027 ) ) ;
#8191 = FACE_OUTER_BOUND ( 'NONE', #965, .T. ) ;
#8192 = PRESENTATION_LAYER_ASSIGNMENT (  '', '', ( #427 ) ) ;
#8193 =( GEOMETRIC_REPRESENTATION_CONTEXT ( 3 ) GLOBAL_UNCERTAINTY_ASSIGNED_CONTEXT ( ( #717 ) ) GLOBAL_UNIT_ASSIGNED_CONTEXT ( ( #1913, #5581, #6423 ) ) REPRESENTATION_CONTEXT ( 'NONE', 'WORKASPACE' ) );
#8194 = EDGE_CURVE ( 'NONE', #1152, #11146, #5852, .T. ) ;
#8195 = ORIENTED_EDGE ( 'NONE', *, *, #8194, .F. ) ;
#8196 = LINE ( 'NONE', #6219, #5265 ) ;
#8197 = LINE ( 'NONE', #8143, #7213 ) ;
#8198 = ORIENTED_EDGE ( 'NONE', *, *, #3127, .T. ) ;
#8199 = DIRECTION ( 'NONE',  ( -0.0000000000000000000, -0.0000000000000000000, -1.000000000000000000 ) ) ;
#8200 = CARTESIAN_POINT ( 'NONE',  ( -6220.332872483720200, 307.1090385117199700, 0.4800000000000000400 ) ) ;
#8201 = SURFACE_STYLE_USAGE ( .BOTH. , #1963 ) ;
#8202 = PLANE ( 'NONE',  #9694 ) ;
#8203 =( NAMED_UNIT ( * ) PLANE_ANGLE_UNIT ( ) SI_UNIT ( $, .RADIAN. ) );
#8204 = CIRCLE ( 'NONE', #7724, 0.4500000000486892300 ) ;
#8205 = CARTESIAN_POINT ( 'NONE',  ( -6220.532872483720000, 306.6790385117209900, 0.4800000000000000400 ) ) ;
#8206 = ADVANCED_FACE ( 'NONE', ( #547 ), #4824, .T. ) ;
#8207 = CARTESIAN_POINT ( 'NONE',  ( -6220.332872483720200, 306.4690385117199900, 0.4800000000000000400 ) ) ;
#8208 = EDGE_CURVE ( 'NONE', #456, #8032, #6799, .T. ) ;
#8209 = ORIENTED_EDGE ( 'NONE', *, *, #4243, .T. ) ;
#8210 = EDGE_CURVE ( 'NONE', #9552, #337, #1797, .T. ) ;
#8211 = VERTEX_POINT ( 'NONE', #5058 ) ;
#8212 = CARTESIAN_POINT ( 'NONE',  ( -6220.532872483720000, 306.8290385117200000, 0.4800000000000000400 ) ) ;
#8213 = PRESENTATION_LAYER_ASSIGNMENT (  '', '', ( #4995 ) ) ;
#8214 = EDGE_CURVE ( 'NONE', #2123, #3703, #9182, .T. ) ;
#8215 = SURFACE_SIDE_STYLE ('',( #9433 ) ) ;
#8216 = CARTESIAN_POINT ( 'NONE',  ( -6220.832872483720200, 306.9637085284915100, 0.02000000000000000000 ) ) ;
#8217 = STYLED_ITEM ( 'NONE', ( #1807 ), #8068 ) ;
#8218 = EDGE_CURVE ( 'NONE', #3985, #3480, #6253, .T. ) ;
#8219 = DIRECTION ( 'NONE',  ( -1.000000000000000000, 0.0000000000000000000, -0.0000000000000000000 ) ) ;
#8220 = EDGE_CURVE ( 'NONE', #371, #1132, #4723, .T. ) ;
#8221 = LINE ( 'NONE', #6015, #3769 ) ;
#8222 = FILL_AREA_STYLE_COLOUR ( '', #9302 ) ;
#8223 = PRESENTATION_STYLE_ASSIGNMENT (( #4211 ) ) ;
#8224 = VERTEX_POINT ( 'NONE', #4241 ) ;
#8225 = CARTESIAN_POINT ( 'NONE',  ( -6217.782872483721800, 306.1290385117200700, 0.4800000000000000400 ) ) ;
#8226 = CARTESIAN_POINT ( 'NONE',  ( -6219.932872483719600, 306.1790385117209900, 0.02000000000000000000 ) ) ;
#8227 = VECTOR ( 'NONE', #2227, 1000.000000000000000 ) ;
#8228 = SURFACE_STYLE_USAGE ( .BOTH. , #8264 ) ;
#8229 = DIRECTION ( 'NONE',  ( -0.0000000000000000000, 1.000000000000000000, 0.0000000000000000000 ) ) ;
#8230 = VERTEX_POINT ( 'NONE', #10432 ) ;
#8231 =( GEOMETRIC_REPRESENTATION_CONTEXT ( 3 ) GLOBAL_UNCERTAINTY_ASSIGNED_CONTEXT ( ( #7507 ) ) GLOBAL_UNIT_ASSIGNED_CONTEXT ( ( #7778, #9847, #10744 ) ) REPRESENTATION_CONTEXT ( 'NONE', 'WORKASPACE' ) );
#8232 = LINE ( 'NONE', #5480, #5586 ) ;
#8233 = ORIENTED_EDGE ( 'NONE', *, *, #10261, .T. ) ;
#8234 =( GEOMETRIC_REPRESENTATION_CONTEXT ( 3 ) GLOBAL_UNCERTAINTY_ASSIGNED_CONTEXT ( ( #2179 ) ) GLOBAL_UNIT_ASSIGNED_CONTEXT ( ( #4732, #9096, #7344 ) ) REPRESENTATION_CONTEXT ( 'NONE', 'WORKASPACE' ) );
#8235 = SURFACE_SIDE_STYLE ('',( #7814 ) ) ;
#8236 = FACE_OUTER_BOUND ( 'NONE', #10495, .T. ) ;
#8237 = EDGE_CURVE ( 'NONE', #9792, #1824, #4173, .T. ) ;
#8238 = ORIENTED_EDGE ( 'NONE', *, *, #10453, .T. ) ;
#8239 = PRESENTATION_STYLE_ASSIGNMENT (( #10140 ) ) ;
#8240 = DIRECTION ( 'NONE',  ( 0.0000000000000000000, -1.000000000000000000, -0.0000000000000000000 ) ) ;
#8241 = DIRECTION ( 'NONE',  ( 1.000000000000000000, 0.0000000000000000000, 0.0000000000000000000 ) ) ;
#8242 = FILL_AREA_STYLE ('',( #3777 ) ) ;
#8243 = DIRECTION ( 'NONE',  ( 0.0000000000000000000, 0.0000000000000000000, -1.000000000000000000 ) ) ;
#8244 = ORIENTED_EDGE ( 'NONE', *, *, #11390, .T. ) ;
#8245 = PRESENTATION_LAYER_ASSIGNMENT (  '', '', ( #10576 ) ) ;
#8246 = PLANE ( 'NONE',  #574 ) ;
#8247 = STYLED_ITEM ( 'NONE', ( #8268 ), #2289 ) ;
#8248 = VECTOR ( 'NONE', #9981, 1000.000000000000000 ) ;
#8249 = LINE ( 'NONE', #2999, #6428 ) ;
#8250 = CLOSED_SHELL ( 'NONE', ( #3710, #5752, #8141, #2580, #7067, #2712 ) ) ;
#8252 = VECTOR ( 'NONE', #1676, 1000.000000000000000 ) ;
#8251 =( LENGTH_UNIT ( ) NAMED_UNIT ( * ) SI_UNIT ( .MILLI., .METRE. ) );
#8253 = DIRECTION ( 'NONE',  ( 1.000000000000000000, 0.0000000000000000000, 0.0000000000000000000 ) ) ;
#8254 = LINE ( 'NONE', #3184, #1696 ) ;
#8255 = ORIENTED_EDGE ( 'NONE', *, *, #4913, .T. ) ;
#8256 = DIRECTION ( 'NONE',  ( 0.0000000000000000000, 0.0000000000000000000, 1.000000000000000000 ) ) ;
#8257 = DIRECTION ( 'NONE',  ( -0.0000000000000000000, 0.0000000000000000000, 1.000000000000000000 ) ) ;
#8258 = STYLED_ITEM ( 'NONE', ( #9273 ), #6534 ) ;
#8259 = ADVANCED_FACE ( 'NONE', ( #10946 ), #2523, .T. ) ;
#8260 = CARTESIAN_POINT ( 'NONE',  ( -6220.532872483720000, 306.8290385117210800, 0.5000000000000000000 ) ) ;
#8261 = MECHANICAL_DESIGN_GEOMETRIC_PRESENTATION_REPRESENTATION (  '', ( #1239 ), #10382 ) ;
#8262 = VERTEX_POINT ( 'NONE', #2440 ) ;
#8263 =( NAMED_UNIT ( * ) PLANE_ANGLE_UNIT ( ) SI_UNIT ( $, .RADIAN. ) );
#8264 = SURFACE_SIDE_STYLE ('',( #1598 ) ) ;
#8265 = ORIENTED_EDGE ( 'NONE', *, *, #5836, .T. ) ;
#8266 = ORIENTED_EDGE ( 'NONE', *, *, #2453, .F. ) ;
#8267 = DIRECTION ( 'NONE',  ( -7.398526236101629600E-012, 0.0000000000000000000, 1.000000000000000000 ) ) ;
#8268 = PRESENTATION_STYLE_ASSIGNMENT (( #7943 ) ) ;
#8269 = SURFACE_STYLE_FILL_AREA ( #8110 ) ;
#8270 = CARTESIAN_POINT ( 'NONE',  ( -6218.632872483720300, 307.0721758150600100, 0.02000000000000000000 ) ) ;
#8271 = EDGE_CURVE ( 'NONE', #4072, #3289, #4436, .T. ) ;
#8272 = EDGE_LOOP ( 'NONE', ( #9648, #7149, #2161, #7876 ) ) ;
#8273 = FILL_AREA_STYLE ('',( #10162 ) ) ;
#8274 = SURFACE_SIDE_STYLE ('',( #1259 ) ) ;
#8275 =( GEOMETRIC_REPRESENTATION_CONTEXT ( 3 ) GLOBAL_UNCERTAINTY_ASSIGNED_CONTEXT ( ( #6563 ) ) GLOBAL_UNIT_ASSIGNED_CONTEXT ( ( #7169, #5400, #4532 ) ) REPRESENTATION_CONTEXT ( 'NONE', 'WORKASPACE' ) );
#8276 = FILL_AREA_STYLE ('',( #2041 ) ) ;
#8277 = EDGE_CURVE ( 'NONE', #6345, #6914, #4992, .T. ) ;
#8278 =( GEOMETRIC_REPRESENTATION_CONTEXT ( 3 ) GLOBAL_UNCERTAINTY_ASSIGNED_CONTEXT ( ( #5072 ) ) GLOBAL_UNIT_ASSIGNED_CONTEXT ( ( #10080, #5628, #9278 ) ) REPRESENTATION_CONTEXT ( 'NONE', 'WORKASPACE' ) );
#8279 = PRESENTATION_STYLE_ASSIGNMENT (( #9897 ) ) ;
#8280 = EDGE_CURVE ( 'NONE', #142, #3766, #8485, .T. ) ;
#8281 = LINE ( 'NONE', #6714, #6593 ) ;
#8282 = SURFACE_SIDE_STYLE ('',( #8427 ) ) ;
#8283 = ORIENTED_EDGE ( 'NONE', *, *, #9816, .F. ) ;
#8284 = UNCERTAINTY_MEASURE_WITH_UNIT (LENGTH_MEASURE( 1.000000000000000100E-005 ), #2331, 'distance_accuracy_value', 'NONE');
#8285 = VECTOR ( 'NONE', #4993, 1000.000000000000000 ) ;
#8286 = UNCERTAINTY_MEASURE_WITH_UNIT (LENGTH_MEASURE( 1.000000000000000100E-005 ), #403, 'distance_accuracy_value', 'NONE');
#8287 = FILL_AREA_STYLE ('',( #6453 ) ) ;
#8288 = SURFACE_STYLE_FILL_AREA ( #8935 ) ;
#8289 = VERTEX_POINT ( 'NONE', #8780 ) ;
#8291 =( LENGTH_UNIT ( ) NAMED_UNIT ( * ) SI_UNIT ( .MILLI., .METRE. ) );
#8290 = AXIS2_PLACEMENT_3D ( 'NONE', #4168, #3072, #10072 ) ;
#8292 = EDGE_LOOP ( 'NONE', ( #3873, #10050, #5435, #9041 ) ) ;
#8293 = SURFACE_STYLE_USAGE ( .BOTH. , #3831 ) ;
#8294 = FILL_AREA_STYLE_COLOUR ( '', #33 ) ;
#8295 =( GEOMETRIC_REPRESENTATION_CONTEXT ( 3 ) GLOBAL_UNCERTAINTY_ASSIGNED_CONTEXT ( ( #5352 ) ) GLOBAL_UNIT_ASSIGNED_CONTEXT ( ( #10782, #6302, #161 ) ) REPRESENTATION_CONTEXT ( 'NONE', 'WORKASPACE' ) );
#8296 = CARTESIAN_POINT ( 'NONE',  ( -6220.637923509440000, 307.1790385117190000, 0.02000000000000000000 ) ) ;
#8297 = CARTESIAN_POINT ( 'NONE',  ( -6220.449167514870200, 307.1090385117190100, 0.4800000000000000400 ) ) ;
#8298 = CARTESIAN_POINT ( 'NONE',  ( -6220.532872483720000, 306.8290385117189800, 0.5000000000000000000 ) ) ;
#8299 = FACE_OUTER_BOUND ( 'NONE', #9828, .T. ) ;
#8300 = ADVANCED_FACE ( 'NONE', ( #6514 ), #4326, .T. ) ;
#8301 = COLOUR_RGB ( '',0.7921568627450980000, 0.8196078431372548800, 0.9333333333333333500 ) ;
#8302 = FILL_AREA_STYLE ('',( #4609 ) ) ;
#8303 = ORIENTED_EDGE ( 'NONE', *, *, #6581, .F. ) ;
#8304 = PRESENTATION_STYLE_ASSIGNMENT (( #1652 ) ) ;
#8305 = PLANE ( 'NONE',  #3156 ) ;
#8306 = CARTESIAN_POINT ( 'NONE',  ( -6218.732872483719800, 306.9921758150609900, 0.0000000000000000000 ) ) ;
#8307 = FILL_AREA_STYLE ('',( #6435 ) ) ;
#8308 = PLANE ( 'NONE',  #8900 ) ;
#8309 = SURFACE_STYLE_FILL_AREA ( #2901 ) ;
#8310 = PLANE ( 'NONE',  #2315 ) ;
#8311 =( NAMED_UNIT ( * ) PLANE_ANGLE_UNIT ( ) SI_UNIT ( $, .RADIAN. ) );
#8312 = PRESENTATION_LAYER_ASSIGNMENT (  '', '', ( #7342 ) ) ;
#8313 = ORIENTED_EDGE ( 'NONE', *, *, #8035, .F. ) ;
#8314 = DIRECTION ( 'NONE',  ( 0.0000000000000000000, 0.0000000000000000000, -1.000000000000000000 ) ) ;
#8315 = ADVANCED_FACE ( 'NONE', ( #7066 ), #7647, .F. ) ;
#8316 = FILL_AREA_STYLE ('',( #1223 ) ) ;
#8317 = FACE_OUTER_BOUND ( 'NONE', #2351, .T. ) ;
#8318 = ORIENTED_EDGE ( 'NONE', *, *, #10779, .F. ) ;
#8319 = LINE ( 'NONE', #11015, #1084 ) ;
#8320 = DIRECTION ( 'NONE',  ( 1.000000000000000000, 0.0000000000000000000, 0.0000000000000000000 ) ) ;
#8321 = VECTOR ( 'NONE', #6389, 1000.000000000000000 ) ;
#8322 = CARTESIAN_POINT ( 'NONE',  ( -6218.632872483720300, 307.0721758150600100, 0.0000000000000000000 ) ) ;
#8323 =( GEOMETRIC_REPRESENTATION_CONTEXT ( 3 ) GLOBAL_UNCERTAINTY_ASSIGNED_CONTEXT ( ( #3002 ) ) GLOBAL_UNIT_ASSIGNED_CONTEXT ( ( #2958, #8331, #10975 ) ) REPRESENTATION_CONTEXT ( 'NONE', 'WORKASPACE' ) );
#8324 = ORIENTED_EDGE ( 'NONE', *, *, #10548, .T. ) ;
#8325 = STYLED_ITEM ( 'NONE', ( #6323 ), #10719 ) ;
#8326 = DIRECTION ( 'NONE',  ( 0.0000000000000000000, 0.0000000000000000000, 1.000000000000000000 ) ) ;
#8327 =( GEOMETRIC_REPRESENTATION_CONTEXT ( 3 ) GLOBAL_UNCERTAINTY_ASSIGNED_CONTEXT ( ( #3214 ) ) GLOBAL_UNIT_ASSIGNED_CONTEXT ( ( #4695, #8311, #189 ) ) REPRESENTATION_CONTEXT ( 'NONE', 'WORKASPACE' ) );
#8328 = CARTESIAN_POINT ( 'NONE',  ( -6217.832872483720200, 306.6190385117200200, 0.0000000000000000000 ) ) ;
#8329 = VECTOR ( 'NONE', #5841, 1000.000000000000000 ) ;
#8330 = COLOUR_RGB ( '',0.7921568627450980000, 0.8196078431372548800, 0.9333333333333333500 ) ;
#8331 =( NAMED_UNIT ( * ) PLANE_ANGLE_UNIT ( ) SI_UNIT ( $, .RADIAN. ) );
#8332 = ORIENTED_EDGE ( 'NONE', *, *, #8391, .F. ) ;
#8333 = FILL_AREA_STYLE ('',( #7437 ) ) ;
#8334 = COLOUR_RGB ( '',0.7921568627450980000, 0.8196078431372548800, 0.9333333333333333500 ) ;
#8335 =( LENGTH_UNIT ( ) NAMED_UNIT ( * ) SI_UNIT ( .MILLI., .METRE. ) );
#8336 = ORIENTED_EDGE ( 'NONE', *, *, #5358, .F. ) ;
#8337 = DIRECTION ( 'NONE',  ( -1.000000000000000000, 1.937339177970949900E-013, 4.547473508864810000E-012 ) ) ;
#8338 = CIRCLE ( 'NONE', #11457, 0.2700000000065427800 ) ;
#8339 = CARTESIAN_POINT ( 'NONE',  ( -6218.632872483720300, 306.1790385117200200, 0.0000000000000000000 ) ) ;
#8340 = ORIENTED_EDGE ( 'NONE', *, *, #6922, .T. ) ;
#8341 = SURFACE_SIDE_STYLE ('',( #10036 ) ) ;
#8342 = AXIS2_PLACEMENT_3D ( 'NONE', #4054, #8337, #11144 ) ;
#8343 = EDGE_CURVE ( 'NONE', #1232, #1355, #7913, .T. ) ;
#8344 = LINE ( 'NONE', #8001, #7769 ) ;
#8345 = LINE ( 'NONE', #11479, #10139 ) ;
#8346 = DIRECTION ( 'NONE',  ( -1.000000000000000000, 3.641531520770709800E-013, -7.398526236101629600E-012 ) ) ;
#8347 = ORIENTED_EDGE ( 'NONE', *, *, #9385, .T. ) ;
#8348 = DIRECTION ( 'NONE',  ( 0.0000000000000000000, -1.000000000000000000, 0.0000000000000000000 ) ) ;
#8349 =( NAMED_UNIT ( * ) SI_UNIT ( $, .STERADIAN. ) SOLID_ANGLE_UNIT ( ) );
#8350 = VERTEX_POINT ( 'NONE', #82 ) ;
#8351 = CARTESIAN_POINT ( 'NONE',  ( -6218.077660543180200, 306.4690385117199900, 0.4800000000000000400 ) ) ;
#8352 =( NAMED_UNIT ( * ) PLANE_ANGLE_UNIT ( ) SI_UNIT ( $, .RADIAN. ) );
#8353 = FILL_AREA_STYLE_COLOUR ( '', #766 ) ;
#8354 = CIRCLE ( 'NONE', #1738, 0.2699999999937197100 ) ;
#8355 = UNCERTAINTY_MEASURE_WITH_UNIT (LENGTH_MEASURE( 1.000000000000000100E-005 ), #8460, 'distance_accuracy_value', 'NONE');
#8356 = FACE_OUTER_BOUND ( 'NONE', #8515, .T. ) ;
#8357 = SURFACE_STYLE_USAGE ( .BOTH. , #9208 ) ;
#8358 = AXIS2_PLACEMENT_3D ( 'NONE', #2944, #8393, #11037 ) ;
#8359 = FACE_OUTER_BOUND ( 'NONE', #9130, .T. ) ;
#8360 = UNCERTAINTY_MEASURE_WITH_UNIT (LENGTH_MEASURE( 1.000000000000000100E-005 ), #10187, 'distance_accuracy_value', 'NONE');
#8361 = CARTESIAN_POINT ( 'NONE',  ( -6220.532872483720000, 306.8290385117200000, 0.4800000000000000400 ) ) ;
#8362 = SURFACE_STYLE_USAGE ( .BOTH. , #7473 ) ;
#8363 = ORIENTED_EDGE ( 'NONE', *, *, #2455, .T. ) ;
#8364 = AXIS2_PLACEMENT_3D ( 'NONE', #8140, #3797, #9147 ) ;
#8365 = EDGE_CURVE ( 'NONE', #2846, #10186, #4584, .T. ) ;
#8366 = CARTESIAN_POINT ( 'NONE',  ( -6220.882872484785400, 307.2290385118852800, 0.5000000000000000000 ) ) ;
#8367 = STYLED_ITEM ( 'NONE', ( #10796 ), #771 ) ;
#8368 = SURFACE_STYLE_FILL_AREA ( #2133 ) ;
#8369 = VECTOR ( 'NONE', #8997, 1000.000000000000000 ) ;
#8370 = DIRECTION ( 'NONE',  ( 1.000000000000000000, 0.0000000000000000000, 0.0000000000000000000 ) ) ;
#8371 = PRESENTATION_STYLE_ASSIGNMENT (( #1670 ) ) ;
#8372 = ORIENTED_EDGE ( 'NONE', *, *, #6697, .T. ) ;
#8373 = UNCERTAINTY_MEASURE_WITH_UNIT (LENGTH_MEASURE( 1.000000000000000100E-005 ), #5840, 'distance_accuracy_value', 'NONE');
#8374 = SURFACE_STYLE_FILL_AREA ( #2657 ) ;
#8375 = ADVANCED_FACE ( 'NONE', ( #2216 ), #1704, .T. ) ;
#8376 = CLOSED_SHELL ( 'NONE', ( #10589, #5271, #9133, #5690, #10664, #5918 ) ) ;
#8377 = DIRECTION ( 'NONE',  ( -0.0000000000000000000, -0.0000000000000000000, -1.000000000000000000 ) ) ;
#8378 = UNCERTAINTY_MEASURE_WITH_UNIT (LENGTH_MEASURE( 1.000000000000000100E-005 ), #2033, 'distance_accuracy_value', 'NONE');
#8379 = PLANE ( 'NONE',  #6160 ) ;
#8380 = SURFACE_STYLE_USAGE ( .BOTH. , #6691 ) ;
#8381 =( NAMED_UNIT ( * ) SI_UNIT ( $, .STERADIAN. ) SOLID_ANGLE_UNIT ( ) );
#8382 =( GEOMETRIC_REPRESENTATION_CONTEXT ( 3 ) GLOBAL_UNCERTAINTY_ASSIGNED_CONTEXT ( ( #5815 ) ) GLOBAL_UNIT_ASSIGNED_CONTEXT ( ( #511, #10259, #2193 ) ) REPRESENTATION_CONTEXT ( 'NONE', 'WORKASPACE' ) );
#8383 = VERTEX_POINT ( 'NONE', #926 ) ;
#8384 = EDGE_LOOP ( 'NONE', ( #4074, #6444, #6495, #2628 ) ) ;
#8385 = VECTOR ( 'NONE', #2495, 1000.000000000000000 ) ;
#8386 = CARTESIAN_POINT ( 'NONE',  ( -6220.532872483720000, 306.8290385117210800, 0.4800000000000000400 ) ) ;
#8387 = MECHANICAL_DESIGN_GEOMETRIC_PRESENTATION_REPRESENTATION (  '', ( #4202 ), #9562 ) ;
#8388 = PLANE ( 'NONE',  #121 ) ;
#8389 = ORIENTED_EDGE ( 'NONE', *, *, #3006, .T. ) ;
#8390 = CARTESIAN_POINT ( 'NONE',  ( -6220.332872483720200, 306.9590385117189700, 0.4800000000000000400 ) ) ;
#8391 = EDGE_CURVE ( 'NONE', #3959, #11146, #9578, .T. ) ;
#8392 = DIRECTION ( 'NONE',  ( -9.094947017729350200E-012, 0.0000000000000000000, 1.000000000000000000 ) ) ;
#8393 = DIRECTION ( 'NONE',  ( 0.0000000000000000000, 0.0000000000000000000, -1.000000000000000000 ) ) ;
#8394 = DIRECTION ( 'NONE',  ( 6.243894290491470000E-012, 0.0000000000000000000, 1.000000000000000000 ) ) ;
#8395 = EDGE_LOOP ( 'NONE', ( #1325, #8673, #11062, #10556 ) ) ;
#8396 = FACE_OUTER_BOUND ( 'NONE', #8843, .T. ) ;
#8397 = AXIS2_PLACEMENT_3D ( 'NONE', #5359, #1697, #6180 ) ;
#8398 = VERTEX_POINT ( 'NONE', #1743 ) ;
#8399 =( GEOMETRIC_REPRESENTATION_CONTEXT ( 3 ) GLOBAL_UNCERTAINTY_ASSIGNED_CONTEXT ( ( #6497 ) ) GLOBAL_UNIT_ASSIGNED_CONTEXT ( ( #2472, #8773, #5128 ) ) REPRESENTATION_CONTEXT ( 'NONE', 'WORKASPACE' ) );
#8400 = ORIENTED_EDGE ( 'NONE', *, *, #10284, .T. ) ;
#8401 =( NAMED_UNIT ( * ) SI_UNIT ( $, .STERADIAN. ) SOLID_ANGLE_UNIT ( ) );
#8402 = COLOUR_RGB ( '',0.7921568627450980000, 0.8196078431372548800, 0.9333333333333333500 ) ;
#8403 = SURFACE_SIDE_STYLE ('',( #252 ) ) ;
#8404 = DIRECTION ( 'NONE',  ( 0.0000000000000000000, -0.0000000000000000000, 1.000000000000000000 ) ) ;
#8405 = PRESENTATION_STYLE_ASSIGNMENT (( #104 ) ) ;
#8406 = COLOUR_RGB ( '',0.7921568627450980000, 0.8196078431372548800, 0.9333333333333333500 ) ;
#8407 =( NAMED_UNIT ( * ) PLANE_ANGLE_UNIT ( ) SI_UNIT ( $, .RADIAN. ) );
#8408 = ORIENTED_EDGE ( 'NONE', *, *, #8214, .T. ) ;
#8409 =( NAMED_UNIT ( * ) PLANE_ANGLE_UNIT ( ) SI_UNIT ( $, .RADIAN. ) );
#8410 = ORIENTED_EDGE ( 'NONE', *, *, #5890, .T. ) ;
#8411 = ORIENTED_EDGE ( 'NONE', *, *, #1868, .T. ) ;
#8412 = SURFACE_SIDE_STYLE ('',( #1514 ) ) ;
#8413 =( GEOMETRIC_REPRESENTATION_CONTEXT ( 3 ) GLOBAL_UNCERTAINTY_ASSIGNED_CONTEXT ( ( #7503 ) ) GLOBAL_UNIT_ASSIGNED_CONTEXT ( ( #11089, #7542, #3100 ) ) REPRESENTATION_CONTEXT ( 'NONE', 'WORKASPACE' ) );
#8414 = COLOUR_RGB ( '',0.7921568627450980000, 0.8196078431372548800, 0.9333333333333333500 ) ;
#8415 =( GEOMETRIC_REPRESENTATION_CONTEXT ( 3 ) GLOBAL_UNCERTAINTY_ASSIGNED_CONTEXT ( ( #8360 ) ) GLOBAL_UNIT_ASSIGNED_CONTEXT ( ( #10187, #1365, #7562 ) ) REPRESENTATION_CONTEXT ( 'NONE', 'WORKASPACE' ) );
#8416 = SURFACE_STYLE_USAGE ( .BOTH. , #10149 ) ;
#8417 = AXIS2_PLACEMENT_3D ( 'NONE', #2861, #942, #9039 ) ;
#8418 = EDGE_CURVE ( 'NONE', #4069, #2955, #10132, .T. ) ;
#8419 = LINE ( 'NONE', #5118, #2554 ) ;
#8420 = SURFACE_STYLE_FILL_AREA ( #1764 ) ;
#8421 = CARTESIAN_POINT ( 'NONE',  ( -6220.882872483854000, 307.2290385117709700, 0.4800000000000000400 ) ) ;
#8422 = ORIENTED_EDGE ( 'NONE', *, *, #2087, .F. ) ;
#8423 = DIRECTION ( 'NONE',  ( -0.0000000000000000000, 1.000000000000000000, 0.0000000000000000000 ) ) ;
#8424 = COLOUR_RGB ( '',0.7921568627450980000, 0.8196078431372548800, 0.9333333333333333500 ) ;
#8425 = SURFACE_STYLE_FILL_AREA ( #9376 ) ;
#8426 = EDGE_CURVE ( 'NONE', #8262, #9102, #1637, .T. ) ;
#8427 = SURFACE_STYLE_FILL_AREA ( #3894 ) ;
#8428 = CARTESIAN_POINT ( 'NONE',  ( -6220.832872483720200, 306.6190385117200200, 0.4800000000000000400 ) ) ;
#8429 = ORIENTED_EDGE ( 'NONE', *, *, #4882, .F. ) ;
#8430 = STYLED_ITEM ( 'NONE', ( #4762 ), #5466 ) ;
#8431 = DIRECTION ( 'NONE',  ( 0.0000000000000000000, 0.0000000000000000000, 1.000000000000000000 ) ) ;
#8432 = EDGE_CURVE ( 'NONE', #7276, #7171, #8196, .T. ) ;
#8433 = VERTEX_POINT ( 'NONE', #2645 ) ;
#8434 = CARTESIAN_POINT ( 'NONE',  ( -6217.832872483720200, 306.3739874859970200, 0.5000000000000000000 ) ) ;
#8435 = ADVANCED_FACE ( 'NONE', ( #11488 ), #4546, .T. ) ;
#8436 =( LENGTH_UNIT ( ) NAMED_UNIT ( * ) SI_UNIT ( .MILLI., .METRE. ) );
#8437 =( GEOMETRIC_REPRESENTATION_CONTEXT ( 3 ) GLOBAL_UNCERTAINTY_ASSIGNED_CONTEXT ( ( #11118 ) ) GLOBAL_UNIT_ASSIGNED_CONTEXT ( ( #2492, #10438, #11364 ) ) REPRESENTATION_CONTEXT ( 'NONE', 'WORKASPACE' ) );
#8438 = EDGE_CURVE ( 'NONE', #9084, #8383, #3304, .T. ) ;
#8439 = EDGE_CURVE ( 'NONE', #1008, #5744, #6374, .T. ) ;
#8440 = LINE ( 'NONE', #1896, #7468 ) ;
#8441 = FACE_OUTER_BOUND ( 'NONE', #1453, .T. ) ;
#8442 = UNCERTAINTY_MEASURE_WITH_UNIT (LENGTH_MEASURE( 1.000000000000000100E-005 ), #4156, 'distance_accuracy_value', 'NONE');
#8443 = PLANE ( 'NONE',  #9153 ) ;
#8444 = ORIENTED_EDGE ( 'NONE', *, *, #7665, .F. ) ;
#8445 = CARTESIAN_POINT ( 'NONE',  ( -6217.782872483697200, 307.2290385117333400, 0.0000000000000000000 ) ) ;
#8446 = FILL_AREA_STYLE_COLOUR ( '', #6643 ) ;
#8447 = EDGE_LOOP ( 'NONE', ( #6719, #10871, #1080, #8198 ) ) ;
#8448 = ORIENTED_EDGE ( 'NONE', *, *, #263, .F. ) ;
#8449 = VECTOR ( 'NONE', #5631, 1000.000000000000000 ) ;
#8450 = CARTESIAN_POINT ( 'NONE',  ( -6218.332872483720200, 306.6190385117200200, 0.4800000000000000400 ) ) ;
#8451 = LINE ( 'NONE', #11312, #9970 ) ;
#8452 = MECHANICAL_DESIGN_GEOMETRIC_PRESENTATION_REPRESENTATION (  '', ( #5623 ), #105 ) ;
#8453 = VERTEX_POINT ( 'NONE', #889 ) ;
#8454 = CARTESIAN_POINT ( 'NONE',  ( -6218.332872483720200, 306.1790385117200200, 0.5000000000000225400 ) ) ;
#8455 = EDGE_CURVE ( 'NONE', #4545, #6166, #2617, .T. ) ;
#8456 = PLANE ( 'NONE',  #4827 ) ;
#8457 = DIRECTION ( 'NONE',  ( 1.000000000000000000, 2.960594731925768300E-012, 0.0000000000000000000 ) ) ;
#8458 = ORIENTED_EDGE ( 'NONE', *, *, #738, .F. ) ;
#8459 = SURFACE_STYLE_FILL_AREA ( #7508 ) ;
#8460 =( LENGTH_UNIT ( ) NAMED_UNIT ( * ) SI_UNIT ( .MILLI., .METRE. ) );
#8461 = PRESENTATION_STYLE_ASSIGNMENT (( #2244 ) ) ;
#8462 = ORIENTED_EDGE ( 'NONE', *, *, #5432, .T. ) ;
#8463 = DIRECTION ( 'NONE',  ( 0.0000000000000000000, 0.0000000000000000000, 1.000000000000000000 ) ) ;
#8464 = CARTESIAN_POINT ( 'NONE',  ( -6220.532872483720000, 306.6790385117200200, 0.5000000000000000000 ) ) ;
#8465 = CARTESIAN_POINT ( 'NONE',  ( -6218.077660543180200, 306.4690385117199900, 0.5000000000000000000 ) ) ;
#8466 =( LENGTH_UNIT ( ) NAMED_UNIT ( * ) SI_UNIT ( .MILLI., .METRE. ) );
#8467 = MECHANICAL_DESIGN_GEOMETRIC_PRESENTATION_REPRESENTATION (  '', ( #7855 ), #4130 ) ;
#8468 = VECTOR ( 'NONE', #9145, 1000.000000000000000 ) ;
#8469 = PLANE ( 'NONE',  #3840 ) ;
#8470 = CARTESIAN_POINT ( 'NONE',  ( -6220.532872483720000, 306.6790385117209900, 0.5000000000000000000 ) ) ;
#8471 = VECTOR ( 'NONE', #3237, 1000.000000000000000 ) ;
#8472 = ORIENTED_EDGE ( 'NONE', *, *, #1950, .T. ) ;
#8473 = VECTOR ( 'NONE', #160, 1000.000000000000000 ) ;
#8474 = PRESENTATION_STYLE_ASSIGNMENT (( #8293 ) ) ;
#8475 = ORIENTED_EDGE ( 'NONE', *, *, #8455, .T. ) ;
#8476 = CARTESIAN_POINT ( 'NONE',  ( -6220.617542500490300, 307.1790385117200200, 0.02000000000000000000 ) ) ;
#8477 =( LENGTH_UNIT ( ) NAMED_UNIT ( * ) SI_UNIT ( .MILLI., .METRE. ) );
#8478 = DIRECTION ( 'NONE',  ( -0.0000000000000000000, 1.000000000000000000, 0.0000000000000000000 ) ) ;
#8479 = STYLED_ITEM ( 'NONE', ( #3973 ), #6933 ) ;
#8480 =( GEOMETRIC_REPRESENTATION_CONTEXT ( 3 ) GLOBAL_UNCERTAINTY_ASSIGNED_CONTEXT ( ( #11243 ) ) GLOBAL_UNIT_ASSIGNED_CONTEXT ( ( #8538, #523, #9504 ) ) REPRESENTATION_CONTEXT ( 'NONE', 'WORKASPACE' ) );
#8481 =( GEOMETRIC_REPRESENTATION_CONTEXT ( 3 ) GLOBAL_UNCERTAINTY_ASSIGNED_CONTEXT ( ( #5301 ) ) GLOBAL_UNIT_ASSIGNED_CONTEXT ( ( #2913, #5632, #1074 ) ) REPRESENTATION_CONTEXT ( 'NONE', 'WORKASPACE' ) );
#8482 = CARTESIAN_POINT ( 'NONE',  ( -6220.832872483720200, 306.6190385117200200, 0.5000000000000000000 ) ) ;
#8483 = EDGE_CURVE ( 'NONE', #6628, #5531, #3178, .T. ) ;
#8484 = ORIENTED_EDGE ( 'NONE', *, *, #11071, .F. ) ;
#8485 = LINE ( 'NONE', #6142, #1376 ) ;
#8486 = VERTEX_POINT ( 'NONE', #10780 ) ;
#8487 = ADVANCED_FACE ( 'NONE', ( #7504 ), #6784, .F. ) ;
#8488 = SURFACE_SIDE_STYLE ('',( #2023 ) ) ;
#8489 = SURFACE_STYLE_USAGE ( .BOTH. , #3943 ) ;
#8490 = EDGE_CURVE ( 'NONE', #5300, #588, #10507, .T. ) ;
#8491 = UNCERTAINTY_MEASURE_WITH_UNIT (LENGTH_MEASURE( 1.000000000000000100E-005 ), #2483, 'distance_accuracy_value', 'NONE');
#8492 = VECTOR ( 'NONE', #2770, 1000.000000000000000 ) ;
#8493 = FACE_OUTER_BOUND ( 'NONE', #3195, .T. ) ;
#8494 = DIRECTION ( 'NONE',  ( 0.0000000000000000000, -1.000000000000000000, -0.0000000000000000000 ) ) ;
#8495 = EDGE_LOOP ( 'NONE', ( #2265, #7827, #6039, #11391 ) ) ;
#8496 = EDGE_CURVE ( 'NONE', #5253, #8601, #2478, .T. ) ;
#8497 = LINE ( 'NONE', #1601, #1518 ) ;
#8499 = AXIS2_PLACEMENT_3D ( 'NONE', #5125, #3359, #11273 ) ;
#8498 =( NAMED_UNIT ( * ) SI_UNIT ( $, .STERADIAN. ) SOLID_ANGLE_UNIT ( ) );
#8500 = LINE ( 'NONE', #1515, #7384 ) ;
#8501 = UNCERTAINTY_MEASURE_WITH_UNIT (LENGTH_MEASURE( 1.000000000000000100E-005 ), #139, 'distance_accuracy_value', 'NONE');
#8502 = CARTESIAN_POINT ( 'NONE',  ( -6220.532872483720000, 306.8290385117200000, 0.5000000000000000000 ) ) ;
#8503 = EDGE_CURVE ( 'NONE', #6115, #5737, #525, .T. ) ;
#8504 = SURFACE_STYLE_FILL_AREA ( #5261 ) ;
#8505 = VECTOR ( 'NONE', #1108, 1000.000000000000000 ) ;
#8506 = EDGE_LOOP ( 'NONE', ( #2402, #6186, #2134, #7335 ) ) ;
#8507 = VECTOR ( 'NONE', #6414, 1000.000000000000000 ) ;
#8508 =( NAMED_UNIT ( * ) PLANE_ANGLE_UNIT ( ) SI_UNIT ( $, .RADIAN. ) );
#8509 = STYLED_ITEM ( 'NONE', ( #6122 ), #6092 ) ;
#8510 = ORIENTED_EDGE ( 'NONE', *, *, #3892, .F. ) ;
#8511 = FACE_OUTER_BOUND ( 'NONE', #2909, .T. ) ;
#8512 = DIRECTION ( 'NONE',  ( 0.0000000000000000000, -0.0000000000000000000, -1.000000000000000000 ) ) ;
#8513 = MECHANICAL_DESIGN_GEOMETRIC_PRESENTATION_REPRESENTATION (  '', ( #8139 ), #6279 ) ;
#8514 = EDGE_CURVE ( 'NONE', #3766, #6086, #3749, .T. ) ;
#8515 = EDGE_LOOP ( 'NONE', ( #6213, #4818, #2093, #3920 ) ) ;
#8516 = CARTESIAN_POINT ( 'NONE',  ( -6220.382872483720300, 306.1790385117200200, 0.5050000000000000000 ) ) ;
#8517 =( GEOMETRIC_REPRESENTATION_CONTEXT ( 3 ) GLOBAL_UNCERTAINTY_ASSIGNED_CONTEXT ( ( #566 ) ) GLOBAL_UNIT_ASSIGNED_CONTEXT ( ( #4506, #2690, #7970 ) ) REPRESENTATION_CONTEXT ( 'NONE', 'WORKASPACE' ) );
#8518 = FACE_OUTER_BOUND ( 'NONE', #8506, .T. ) ;
#8519 = ORIENTED_EDGE ( 'NONE', *, *, #5664, .T. ) ;
#8520 = DIRECTION ( 'NONE',  ( 1.000000000000000000, 1.880717803723720000E-012, 5.362025623469409700E-024 ) ) ;
#8521 = DIRECTION ( 'NONE',  ( 0.0000000000000000000, 0.0000000000000000000, 1.000000000000000000 ) ) ;
#8522 = ORIENTED_EDGE ( 'NONE', *, *, #9364, .F. ) ;
#8523 =( LENGTH_UNIT ( ) NAMED_UNIT ( * ) SI_UNIT ( .MILLI., .METRE. ) );
#8524 = STYLED_ITEM ( 'NONE', ( #3060 ), #9520 ) ;
#8525 = MECHANICAL_DESIGN_GEOMETRIC_PRESENTATION_REPRESENTATION (  '', ( #7926 ), #4503 ) ;
#8526 = LINE ( 'NONE', #2260, #3105 ) ;
#8527 = PLANE ( 'NONE',  #274 ) ;
#8528 = SURFACE_STYLE_FILL_AREA ( #1333 ) ;
#8529 = ORIENTED_EDGE ( 'NONE', *, *, #1044, .F. ) ;
#8530 = CIRCLE ( 'NONE', #1115, 0.4500000000025039500 ) ;
#8531 = EDGE_LOOP ( 'NONE', ( #7104, #5963, #3197, #507 ) ) ;
#8532 = CARTESIAN_POINT ( 'NONE',  ( -6218.632872483720300, 306.7290385117190100, 0.0000000000000000000 ) ) ;
#8533 = ORIENTED_EDGE ( 'NONE', *, *, #10182, .T. ) ;
#8534 = FILL_AREA_STYLE_COLOUR ( '', #2568 ) ;
#8535 = DIRECTION ( 'NONE',  ( 0.0000000000000000000, 0.0000000000000000000, 1.000000000000000000 ) ) ;
#8536 = SURFACE_STYLE_USAGE ( .BOTH. , #4892 ) ;
#8537 = ADVANCED_FACE ( 'NONE', ( #3443 ), #1156, .T. ) ;
#8538 =( LENGTH_UNIT ( ) NAMED_UNIT ( * ) SI_UNIT ( .MILLI., .METRE. ) );
#8539 = AXIS2_PLACEMENT_3D ( 'NONE', #7396, #8256, #317 ) ;
#8540 = MECHANICAL_DESIGN_GEOMETRIC_PRESENTATION_REPRESENTATION (  '', ( #202 ), #3388 ) ;
#8541 = MECHANICAL_DESIGN_GEOMETRIC_PRESENTATION_REPRESENTATION (  '', ( #9359 ), #2570 ) ;
#8542 = FILL_AREA_STYLE_COLOUR ( '', #1581 ) ;
#8543 = ORIENTED_EDGE ( 'NONE', *, *, #2918, .T. ) ;
#8544 = PRESENTATION_LAYER_ASSIGNMENT (  '', '', ( #7946 ) ) ;
#8545 =( NAMED_UNIT ( * ) SI_UNIT ( $, .STERADIAN. ) SOLID_ANGLE_UNIT ( ) );
#8546 = CARTESIAN_POINT ( 'NONE',  ( -6220.832872483720200, 306.3943684949479700, 0.4800000000000000400 ) ) ;
#8547 = PLANE ( 'NONE',  #6152 ) ;
#8548 = PRESENTATION_STYLE_ASSIGNMENT (( #11044 ) ) ;
#8549 = ORIENTED_EDGE ( 'NONE', *, *, #7453, .T. ) ;
#8550 = PRESENTATION_LAYER_ASSIGNMENT (  '', '', ( #1172 ) ) ;
#8551 = MECHANICAL_DESIGN_GEOMETRIC_PRESENTATION_REPRESENTATION (  '', ( #7370 ), #5954 ) ;
#8552 = FILL_AREA_STYLE ('',( #8583 ) ) ;
#8553 = PRESENTATION_LAYER_ASSIGNMENT (  '', '', ( #11503 ) ) ;
#8554 = EDGE_CURVE ( 'NONE', #6808, #7659, #3599, .T. ) ;
#8555 = CARTESIAN_POINT ( 'NONE',  ( -6217.782872483713600, 307.2290385117690900, 0.0000000000000000000 ) ) ;
#8556 = COLOUR_RGB ( '',0.7921568627450980000, 0.8196078431372548800, 0.9333333333333333500 ) ;
#8557 = FILL_AREA_STYLE ('',( #10435 ) ) ;
#8558 = VERTEX_POINT ( 'NONE', #7387 ) ;
#8559 = DIRECTION ( 'NONE',  ( -1.000000000000000000, 0.0000000000000000000, -0.0000000000000000000 ) ) ;
#8560 = ORIENTED_EDGE ( 'NONE', *, *, #3120, .F. ) ;
#8561 = DIRECTION ( 'NONE',  ( 0.0000000000000000000, 0.0000000000000000000, -1.000000000000000000 ) ) ;
#8562 = FILL_AREA_STYLE ('',( #2198 ) ) ;
#8563 = CARTESIAN_POINT ( 'NONE',  ( -6220.332872483720200, 306.1790385117200200, 0.5000000000000000000 ) ) ;
#8564 = UNCERTAINTY_MEASURE_WITH_UNIT (LENGTH_MEASURE( 1.000000000000000100E-005 ), #9347, 'distance_accuracy_value', 'NONE');
#8565 = AXIS2_PLACEMENT_3D ( 'NONE', #352, #2049, #4709 ) ;
#8566 = FILL_AREA_STYLE_COLOUR ( '', #3170 ) ;
#8567 = ORIENTED_EDGE ( 'NONE', *, *, #9610, .F. ) ;
#8568 = SURFACE_SIDE_STYLE ('',( #5990 ) ) ;
#8569 = CARTESIAN_POINT ( 'NONE',  ( -6220.532872483720000, 306.8290385117210800, 0.4800000000000000400 ) ) ;
#8570 = PRESENTATION_LAYER_ASSIGNMENT (  '', '', ( #240 ) ) ;
#8571 = EDGE_CURVE ( 'NONE', #10434, #7225, #4560, .T. ) ;
#8572 = ORIENTED_EDGE ( 'NONE', *, *, #7808, .F. ) ;
#8573 = FILL_AREA_STYLE_COLOUR ( '', #4091 ) ;
#8574 = FILL_AREA_STYLE ('',( #9591 ) ) ;
#8575 = EDGE_LOOP ( 'NONE', ( #4749, #2756, #2841, #8484 ) ) ;
#8576 = DIRECTION ( 'NONE',  ( -6.243894290491559700E-012, -0.0000000000000000000, -1.000000000000000000 ) ) ;
#8577 = CIRCLE ( 'NONE', #4270, 0.4500000001383952500 ) ;
#8578 = CARTESIAN_POINT ( 'NONE',  ( -6220.882872483721300, 306.1290385117159200, 0.02000000000000000000 ) ) ;
#8579 = ORIENTED_EDGE ( 'NONE', *, *, #9021, .F. ) ;
#8580 = STYLED_ITEM ( 'NONE', ( #10365 ), #8817 ) ;
#8581 = LINE ( 'NONE', #1316, #1357 ) ;
#8582 = ADVANCED_FACE ( 'NONE', ( #5123 ), #7350, .T. ) ;
#8583 = FILL_AREA_STYLE_COLOUR ( '', #10897 ) ;
#8584 = MECHANICAL_DESIGN_GEOMETRIC_PRESENTATION_REPRESENTATION (  '', ( #9944 ), #611 ) ;
#8585 = ORIENTED_EDGE ( 'NONE', *, *, #9886, .F. ) ;
#8586 = CARTESIAN_POINT ( 'NONE',  ( -6220.332872483720200, 307.1090385117199700, 0.5000000000000000000 ) ) ;
#8587 = DIRECTION ( 'NONE',  ( 1.000000000000000000, 2.467162276677849700E-012, 0.0000000000000000000 ) ) ;
#8588 = EDGE_CURVE ( 'NONE', #2343, #5395, #10650, .T. ) ;
#8589 = CARTESIAN_POINT ( 'NONE',  ( -6220.449167514880200, 307.1090385117199700, 0.4800000000000000400 ) ) ;
#8590 = ORIENTED_EDGE ( 'NONE', *, *, #6989, .F. ) ;
#8591 = DIRECTION ( 'NONE',  ( -1.000000000000000000, -0.0000000000000000000, -0.0000000000000000000 ) ) ;
#8592 =( NAMED_UNIT ( * ) SI_UNIT ( $, .STERADIAN. ) SOLID_ANGLE_UNIT ( ) );
#8593 = SURFACE_SIDE_STYLE ('',( #10555 ) ) ;
#8594 = FACE_OUTER_BOUND ( 'NONE', #10355, .T. ) ;
#8595 = CLOSED_SHELL ( 'NONE', ( #3588, #270, #8375, #11408, #649, #595 ) ) ;
#8596 = LINE ( 'NONE', #11355, #4433 ) ;
#8597 = DIRECTION ( 'NONE',  ( -0.0000000000000000000, 1.000000000000000000, 0.0000000000000000000 ) ) ;
#8598 = AXIS2_PLACEMENT_3D ( 'NONE', #4711, #7314, #8219 ) ;
#8599 = PRESENTATION_STYLE_ASSIGNMENT (( #8700 ) ) ;
#8600 =( NAMED_UNIT ( * ) SI_UNIT ( $, .STERADIAN. ) SOLID_ANGLE_UNIT ( ) );
#8601 = VERTEX_POINT ( 'NONE', #3102 ) ;
#8602 = FILL_AREA_STYLE ('',( #703 ) ) ;
#8603 =( LENGTH_UNIT ( ) NAMED_UNIT ( * ) SI_UNIT ( .MILLI., .METRE. ) );
#8604 = PRESENTATION_LAYER_ASSIGNMENT (  '', '', ( #7425 ) ) ;
#8605 = DIRECTION ( 'NONE',  ( 0.0000000000000000000, 0.0000000000000000000, 1.000000000000000000 ) ) ;
#8606 = DIRECTION ( 'NONE',  ( 0.0000000000000000000, 0.0000000000000000000, -1.000000000000000000 ) ) ;
#8607 = SURFACE_STYLE_FILL_AREA ( #129 ) ;
#8608 = VERTEX_POINT ( 'NONE', #458 ) ;
#8609 = ORIENTED_EDGE ( 'NONE', *, *, #8277, .F. ) ;
#8610 =( LENGTH_UNIT ( ) NAMED_UNIT ( * ) SI_UNIT ( .MILLI., .METRE. ) );
#8611 = AXIS2_PLACEMENT_3D ( 'NONE', #1600, #2622, #3438 ) ;
#8612 =( NAMED_UNIT ( * ) PLANE_ANGLE_UNIT ( ) SI_UNIT ( $, .RADIAN. ) );
#8613 = VECTOR ( 'NONE', #5987, 1000.000000000000000 ) ;
#8614 = LINE ( 'NONE', #4838, #5297 ) ;
#8615 = ORIENTED_EDGE ( 'NONE', *, *, #2285, .F. ) ;
#8616 = COLOUR_RGB ( '',0.7921568627450980000, 0.8196078431372548800, 0.9333333333333333500 ) ;
#8617 = ORIENTED_EDGE ( 'NONE', *, *, #8044, .F. ) ;
#8618 = DIRECTION ( 'NONE',  ( -1.000000000000000000, 0.0000000000000000000, 0.0000000000000000000 ) ) ;
#8619 = CARTESIAN_POINT ( 'NONE',  ( -6220.882872483721300, 307.2290385117264600, 0.0000000000000000000 ) ) ;
#8620 = FILL_AREA_STYLE_COLOUR ( '', #3653 ) ;
#8621 = VECTOR ( 'NONE', #2987, 1000.000000000000000 ) ;
#8622 = EDGE_CURVE ( 'NONE', #6905, #3022, #9566, .T. ) ;
#8623 = PRESENTATION_STYLE_ASSIGNMENT (( #904 ) ) ;
#8624 = UNCERTAINTY_MEASURE_WITH_UNIT (LENGTH_MEASURE( 1.000000000000000100E-005 ), #5318, 'distance_accuracy_value', 'NONE');
#8625 = DIRECTION ( 'NONE',  ( 0.0000000000000000000, -1.000000000000000000, 0.0000000000000000000 ) ) ;
#8626 = EDGE_LOOP ( 'NONE', ( #1104, #1880, #1444, #8171, #5087, #1934, #10971, #10732, #1731, #9961, #3001, #1894 ) ) ;
#8627 = FILL_AREA_STYLE_COLOUR ( '', #832 ) ;
#8628 =( GEOMETRIC_REPRESENTATION_CONTEXT ( 3 ) GLOBAL_UNCERTAINTY_ASSIGNED_CONTEXT ( ( #7434 ) ) GLOBAL_UNIT_ASSIGNED_CONTEXT ( ( #5897, #2372, #5930 ) ) REPRESENTATION_CONTEXT ( 'NONE', 'WORKASPACE' ) );
#8629 = EDGE_CURVE ( 'NONE', #10473, #4763, #7201, .T. ) ;
#8630 = COLOUR_RGB ( '',0.7921568627450980000, 0.8196078431372548800, 0.9333333333333333500 ) ;
#8631 = ORIENTED_EDGE ( 'NONE', *, *, #5763, .T. ) ;
#8632 = CARTESIAN_POINT ( 'NONE',  ( -6218.048202466950000, 306.1790385117200200, 0.01999999999999999700 ) ) ;
#8633 = EDGE_CURVE ( 'NONE', #9972, #7973, #7892, .T. ) ;
#8634 = SURFACE_STYLE_USAGE ( .BOTH. , #1487 ) ;
#8635 = VECTOR ( 'NONE', #7275, 1000.000000000000000 ) ;
#8636 = CARTESIAN_POINT ( 'NONE',  ( -6220.617542500490300, 307.1790385117200200, 0.0000000000000000000 ) ) ;
#8637 = SURFACE_STYLE_USAGE ( .BOTH. , #5115 ) ;
#8638 = ADVANCED_FACE ( 'NONE', ( #9297 ), #1776, .F. ) ;
#8639 = DIRECTION ( 'NONE',  ( 2.304180778544495400E-017, 2.304180778564691500E-017, 1.000000000000000000 ) ) ;
#8640 = VERTEX_POINT ( 'NONE', #2126 ) ;
#8641 = FILL_AREA_STYLE ('',( #10207 ) ) ;
#8642 = SURFACE_STYLE_FILL_AREA ( #11290 ) ;
#8643 = CARTESIAN_POINT ( 'NONE',  ( -6218.732872483719800, 307.0721758150609700, 0.0000000000000000000 ) ) ;
#8644 = AXIS2_PLACEMENT_3D ( 'NONE', #8936, #10614, #4428 ) ;
#8645 = CYLINDRICAL_SURFACE ( 'NONE', #10527, 0.4499999999942327900 ) ;
#8646 = PRESENTATION_STYLE_ASSIGNMENT (( #8751 ) ) ;
#8647 = SURFACE_SIDE_STYLE ('',( #11366 ) ) ;
#8648 = MECHANICAL_DESIGN_GEOMETRIC_PRESENTATION_REPRESENTATION (  '', ( #10426 ), #8234 ) ;
#8649 = ORIENTED_EDGE ( 'NONE', *, *, #5500, .F. ) ;
#8650 = VECTOR ( 'NONE', #6621, 1000.000000000000000 ) ;
#8651 = CARTESIAN_POINT ( 'NONE',  ( -6217.832872483720200, 306.1790385117190000, 0.02000000000000000000 ) ) ;
#8652 = ORIENTED_EDGE ( 'NONE', *, *, #3434, .F. ) ;
#8653 = ORIENTED_EDGE ( 'NONE', *, *, #5213, .T. ) ;
#8654 =( NAMED_UNIT ( * ) SI_UNIT ( $, .STERADIAN. ) SOLID_ANGLE_UNIT ( ) );
#8655 = CARTESIAN_POINT ( 'NONE',  ( -6220.532872483720000, 306.6790385117200200, 0.4800000000000000400 ) ) ;
#8656 = SURFACE_STYLE_USAGE ( .BOTH. , #776 ) ;
#8657 = EDGE_LOOP ( 'NONE', ( #2208, #9976, #4426, #3070 ) ) ;
#8658 = LINE ( 'NONE', #6200, #6720 ) ;
#8659 = DIRECTION ( 'NONE',  ( 5.884182022241509700E-014, 1.000000000000000000, 0.0000000000000000000 ) ) ;
#8660 = ORIENTED_EDGE ( 'NONE', *, *, #10406, .T. ) ;
#8661 = MECHANICAL_DESIGN_GEOMETRIC_PRESENTATION_REPRESENTATION (  '', ( #3464 ), #9059 ) ;
#8662 = VERTEX_POINT ( 'NONE', #4003 ) ;
#8663 = CARTESIAN_POINT ( 'NONE',  ( -6220.832872483720200, 307.1090385117190100, 0.5000000000000000000 ) ) ;
#8664 = AXIS2_PLACEMENT_3D ( 'NONE', #9388, #5828, #2232 ) ;
#8665 = DIRECTION ( 'NONE',  ( 0.0000000000000000000, -0.0000000000000000000, -1.000000000000000000 ) ) ;
#8666 = SURFACE_STYLE_USAGE ( .BOTH. , #662 ) ;
#8667 = LINE ( 'NONE', #3479, #7711 ) ;
#8668 = CARTESIAN_POINT ( 'NONE',  ( -6218.392872483719700, 306.1790385117200200, 0.0000000000000000000 ) ) ;
#8669 = CARTESIAN_POINT ( 'NONE',  ( -6218.732872483719800, 306.9921758150609900, 0.02000000000000000000 ) ) ;
#8670 = DIRECTION ( 'NONE',  ( 0.0000000000000000000, 0.0000000000000000000, 1.000000000000000000 ) ) ;
#8671 = CARTESIAN_POINT ( 'NONE',  ( -6217.832872483720200, 306.9637085284915100, 0.4800000000000000400 ) ) ;
#8672 = PLANE ( 'NONE',  #3446 ) ;
#8673 = ORIENTED_EDGE ( 'NONE', *, *, #6782, .T. ) ;
#8674 = DIRECTION ( 'NONE',  ( 1.000000000000000000, -1.603655480058999700E-012, 0.0000000000000000000 ) ) ;
#8675 = STYLED_ITEM ( 'NONE', ( #2471 ), #9876 ) ;
#8676 = COLOUR_RGB ( '',0.7921568627450980000, 0.8196078431372548800, 0.9333333333333333500 ) ;
#8677 = AXIS2_PLACEMENT_3D ( 'NONE', #6198, #3681, #868 ) ;
#8678 = MECHANICAL_DESIGN_GEOMETRIC_PRESENTATION_REPRESENTATION (  '', ( #4742 ), #5122 ) ;
#8679 = CIRCLE ( 'NONE', #7661, 0.2700000000065427800 ) ;
#8680 = VECTOR ( 'NONE', #1204, 1000.000000000000000 ) ;
#8681 = SURFACE_STYLE_USAGE ( .BOTH. , #6019 ) ;
#8682 = LINE ( 'NONE', #10733, #6604 ) ;
#8683 = ORIENTED_EDGE ( 'NONE', *, *, #2220, .T. ) ;
#8684 =( NAMED_UNIT ( * ) PLANE_ANGLE_UNIT ( ) SI_UNIT ( $, .RADIAN. ) );
#8685 = EDGE_LOOP ( 'NONE', ( #7050, #9445, #9761, #96 ) ) ;
#8686 = CARTESIAN_POINT ( 'NONE',  ( -6218.332872483720200, 307.1090385117199700, 0.4800000000000000400 ) ) ;
#8687 = FILL_AREA_STYLE_COLOUR ( '', #7372 ) ;
#8688 = UNCERTAINTY_MEASURE_WITH_UNIT (LENGTH_MEASURE( 1.000000000000000100E-005 ), #564, 'distance_accuracy_value', 'NONE');
#8689 =( NAMED_UNIT ( * ) PLANE_ANGLE_UNIT ( ) SI_UNIT ( $, .RADIAN. ) );
#8690 = LINE ( 'NONE', #8165, #4529 ) ;
#8691 = EDGE_CURVE ( 'NONE', #4624, #10473, #11208, .T. ) ;
#8692 = COLOUR_RGB ( '',0.7921568627450980000, 0.8196078431372548800, 0.9333333333333333500 ) ;
#8693 = ORIENTED_EDGE ( 'NONE', *, *, #3596, .F. ) ;
#8694 = UNCERTAINTY_MEASURE_WITH_UNIT (LENGTH_MEASURE( 1.000000000000000100E-005 ), #9453, 'distance_accuracy_value', 'NONE');
#8695 = ADVANCED_FACE ( 'NONE', ( #6235 ), #11090, .T. ) ;
#8696 = DIRECTION ( 'NONE',  ( -1.000000000000000000, 1.880717803714570100E-012, 1.696420781626150100E-012 ) ) ;
#8697 = PRESENTATION_LAYER_ASSIGNMENT (  '', '', ( #5588 ) ) ;
#8698 = EDGE_CURVE ( 'NONE', #6270, #6620, #10638, .T. ) ;
#8699 = ORIENTED_EDGE ( 'NONE', *, *, #9028, .F. ) ;
#8700 = SURFACE_STYLE_USAGE ( .BOTH. , #2400 ) ;
#8701 = DIRECTION ( 'NONE',  ( -1.000000000000000000, -1.150191053511989900E-012, 6.243894290491559700E-012 ) ) ;
#8702 = SURFACE_SIDE_STYLE ('',( #3929 ) ) ;
#8703 = EDGE_CURVE ( 'NONE', #11418, #1318, #5255, .T. ) ;
#8704 = VECTOR ( 'NONE', #3576, 1000.000000000000000 ) ;
#8705 = UNCERTAINTY_MEASURE_WITH_UNIT (LENGTH_MEASURE( 1.000000000000000100E-005 ), #5507, 'distance_accuracy_value', 'NONE');
#8706 = FACE_OUTER_BOUND ( 'NONE', #823, .T. ) ;
#8707 = CARTESIAN_POINT ( 'NONE',  ( -6218.392872483719700, 307.1790385117190000, 0.02000000000000000000 ) ) ;
#8708 = CLOSED_SHELL ( 'NONE', ( #3328, #20, #1018, #4161, #3217, #3578 ) ) ;
#8709 = SURFACE_STYLE_USAGE ( .BOTH. , #8593 ) ;
#8711 = LINE ( 'NONE', #7073, #3996 ) ;
#8710 = UNCERTAINTY_MEASURE_WITH_UNIT (LENGTH_MEASURE( 1.000000000000000100E-005 ), #8027, 'distance_accuracy_value', 'NONE');
#8712 = ORIENTED_EDGE ( 'NONE', *, *, #3124, .F. ) ;
#8713 =( NAMED_UNIT ( * ) PLANE_ANGLE_UNIT ( ) SI_UNIT ( $, .RADIAN. ) );
#8714 = CARTESIAN_POINT ( 'NONE',  ( -6217.782872483720000, 307.2290385117164000, 0.4799999999999997600 ) ) ;
#8715 = SURFACE_SIDE_STYLE ('',( #6467 ) ) ;
#8716 = VECTOR ( 'NONE', #719, 1000.000000000000000 ) ;
#8717 = MECHANICAL_DESIGN_GEOMETRIC_PRESENTATION_REPRESENTATION (  '', ( #8944 ), #6487 ) ;
#8718 =( NAMED_UNIT ( * ) SI_UNIT ( $, .STERADIAN. ) SOLID_ANGLE_UNIT ( ) );
#8719 = DIRECTION ( 'NONE',  ( -0.0000000000000000000, -0.0000000000000000000, -1.000000000000000000 ) ) ;
#8720 =( NAMED_UNIT ( * ) PLANE_ANGLE_UNIT ( ) SI_UNIT ( $, .RADIAN. ) );
#8721 = PRESENTATION_LAYER_ASSIGNMENT (  '', '', ( #3525 ) ) ;
#8722 = ORIENTED_EDGE ( 'NONE', *, *, #4470, .T. ) ;
#8723 = EDGE_CURVE ( 'NONE', #2758, #9157, #7041, .T. ) ;
#8724 = STYLED_ITEM ( 'NONE', ( #4710 ), #649 ) ;
#8725 = EDGE_LOOP ( 'NONE', ( #126, #5004, #1173, #4052 ) ) ;
#8726 = FILL_AREA_STYLE ('',( #5046 ) ) ;
#8727 = CARTESIAN_POINT ( 'NONE',  ( -6220.532872483720000, 306.6790385117209900, 0.5000000000000000000 ) ) ;
#8728 = PRESENTATION_STYLE_ASSIGNMENT (( #9094 ) ) ;
#8729 = SURFACE_STYLE_USAGE ( .BOTH. , #2590 ) ;
#8730 = SURFACE_SIDE_STYLE ('',( #5611 ) ) ;
#8731 =( LENGTH_UNIT ( ) NAMED_UNIT ( * ) SI_UNIT ( .MILLI., .METRE. ) );
#8732 =( LENGTH_UNIT ( ) NAMED_UNIT ( * ) SI_UNIT ( .MILLI., .METRE. ) );
#8733 = ORIENTED_EDGE ( 'NONE', *, *, #8271, .T. ) ;
#8734 = FACE_OUTER_BOUND ( 'NONE', #9731, .T. ) ;
#8735 = CARTESIAN_POINT ( 'NONE',  ( -6220.500255099210300, 306.9921758150609900, 8.470329472543003400E-019 ) ) ;
#8736 = VECTOR ( 'NONE', #4946, 1000.000000000000000 ) ;
#8737 = ORIENTED_EDGE ( 'NONE', *, *, #2755, .F. ) ;
#8738 = MECHANICAL_DESIGN_GEOMETRIC_PRESENTATION_REPRESENTATION (  '', ( #2190 ), #7168 ) ;
#8739 = PLANE ( 'NONE',  #7868 ) ;
#8740 = VECTOR ( 'NONE', #3691, 1000.000000000000000 ) ;
#8741 =( LENGTH_UNIT ( ) NAMED_UNIT ( * ) SI_UNIT ( .MILLI., .METRE. ) );
#8742 = EDGE_LOOP ( 'NONE', ( #2406, #10196, #9930, #4402 ) ) ;
#8743 = FILL_AREA_STYLE_COLOUR ( '', #3795 ) ;
#8744 = PRESENTATION_STYLE_ASSIGNMENT (( #10693 ) ) ;
#8745 = SURFACE_STYLE_FILL_AREA ( #10657 ) ;
#8746 = PRESENTATION_STYLE_ASSIGNMENT (( #11162 ) ) ;
#8747 = ORIENTED_EDGE ( 'NONE', *, *, #6332, .T. ) ;
#8748 = DIRECTION ( 'NONE',  ( 0.0000000000000000000, 0.0000000000000000000, 1.000000000000000000 ) ) ;
#8749 = VECTOR ( 'NONE', #7103, 1000.000000000000000 ) ;
#8750 = PRESENTATION_LAYER_ASSIGNMENT (  '', '', ( #7577 ) ) ;
#8751 = SURFACE_STYLE_USAGE ( .BOTH. , #1717 ) ;
#8752 =( GEOMETRIC_REPRESENTATION_CONTEXT ( 3 ) GLOBAL_UNCERTAINTY_ASSIGNED_CONTEXT ( ( #9144 ) ) GLOBAL_UNIT_ASSIGNED_CONTEXT ( ( #461, #2095, #6644 ) ) REPRESENTATION_CONTEXT ( 'NONE', 'WORKASPACE' ) );
#8753 = CARTESIAN_POINT ( 'NONE',  ( -6220.882872483721300, 307.2290385117264600, 0.0000000000000000000 ) ) ;
#8754 = ORIENTED_EDGE ( 'NONE', *, *, #5606, .F. ) ;
#8755 = SURFACE_STYLE_USAGE ( .BOTH. , #6118 ) ;
#8756 =( LENGTH_UNIT ( ) NAMED_UNIT ( * ) SI_UNIT ( .MILLI., .METRE. ) );
#8757 = AXIS2_PLACEMENT_3D ( 'NONE', #3550, #9685, #9797 ) ;
#8758 = COLOUR_RGB ( '',0.7921568627450980000, 0.8196078431372548800, 0.9333333333333333500 ) ;
#8759 = CARTESIAN_POINT ( 'NONE',  ( -6220.532872483720000, 306.6790385117190000, 0.4800000000000000400 ) ) ;
#8760 = ADVANCED_FACE ( 'NONE', ( #8317 ), #5680, .T. ) ;
#8761 =( NAMED_UNIT ( * ) SI_UNIT ( $, .STERADIAN. ) SOLID_ANGLE_UNIT ( ) );
#8762 = VERTEX_POINT ( 'NONE', #6639 ) ;
#8763 = EDGE_CURVE ( 'NONE', #7998, #5300, #1760, .T. ) ;
#8764 = COLOUR_RGB ( '',0.7921568627450980000, 0.8196078431372548800, 0.9333333333333333500 ) ;
#8765 = PLANE ( 'NONE',  #5893 ) ;
#8766 = CARTESIAN_POINT ( 'NONE',  ( -6220.532872483720000, 306.6790385117209900, 0.5000000000000000000 ) ) ;
#8767 = MECHANICAL_DESIGN_GEOMETRIC_PRESENTATION_REPRESENTATION (  '', ( #8479 ), #10178 ) ;
#8768 = LINE ( 'NONE', #4212, #10544 ) ;
#8769 = CARTESIAN_POINT ( 'NONE',  ( -6220.532872483720000, 306.6790385117209900, 0.5000000000000000000 ) ) ;
#8770 =( GEOMETRIC_REPRESENTATION_CONTEXT ( 3 ) GLOBAL_UNCERTAINTY_ASSIGNED_CONTEXT ( ( #9574 ) ) GLOBAL_UNIT_ASSIGNED_CONTEXT ( ( #8523, #3196, #9422 ) ) REPRESENTATION_CONTEXT ( 'NONE', 'WORKASPACE' ) );
#8771 = DIRECTION ( 'NONE',  ( -0.0000000000000000000, 1.000000000000000000, 0.0000000000000000000 ) ) ;
#8772 = PRESENTATION_LAYER_ASSIGNMENT (  '', '', ( #222 ) ) ;
#8773 =( NAMED_UNIT ( * ) PLANE_ANGLE_UNIT ( ) SI_UNIT ( $, .RADIAN. ) );
#8774 = DIRECTION ( 'NONE',  ( -0.0000000000000000000, 1.000000000000000000, 0.0000000000000000000 ) ) ;
#8775 = PRESENTATION_STYLE_ASSIGNMENT (( #86 ) ) ;
#8776 = UNCERTAINTY_MEASURE_WITH_UNIT (LENGTH_MEASURE( 1.000000000000000100E-005 ), #1611, 'distance_accuracy_value', 'NONE');
#8777 = ORIENTED_EDGE ( 'NONE', *, *, #8788, .T. ) ;
#8778 = LINE ( 'NONE', #744, #3501 ) ;
#8779 = FACE_OUTER_BOUND ( 'NONE', #4439, .T. ) ;
#8780 = CARTESIAN_POINT ( 'NONE',  ( -6220.832872483720200, 306.5762521072184700, 0.02000000000000000000 ) ) ;
#8781 = CARTESIAN_POINT ( 'NONE',  ( -6217.832872483720200, 306.7818249162209600, 0.0000000000000000000 ) ) ;
#8782 = ORIENTED_EDGE ( 'NONE', *, *, #1699, .F. ) ;
#8783 = EDGE_CURVE ( 'NONE', #5765, #10901, #8577, .T. ) ;
#8784 =( NAMED_UNIT ( * ) SI_UNIT ( $, .STERADIAN. ) SOLID_ANGLE_UNIT ( ) );
#8785 = DIRECTION ( 'NONE',  ( 0.0000000000000000000, -1.000000000000000000, 6.023345402774441900E-016 ) ) ;
#8786 = PRESENTATION_STYLE_ASSIGNMENT (( #6193 ) ) ;
#8787 =( LENGTH_UNIT ( ) NAMED_UNIT ( * ) SI_UNIT ( .MILLI., .METRE. ) );
#8788 = EDGE_CURVE ( 'NONE', #2955, #5262, #5109, .T. ) ;
#8789 = LINE ( 'NONE', #11331, #4201 ) ;
#8791 = PLANE ( 'NONE',  #8364 ) ;
#8790 = AXIS2_PLACEMENT_3D ( 'NONE', #5726, #5959, #393 ) ;
#8792 = ORIENTED_EDGE ( 'NONE', *, *, #6824, .T. ) ;
#8793 = EDGE_CURVE ( 'NONE', #3958, #3586, #4702, .T. ) ;
#8794 = ORIENTED_EDGE ( 'NONE', *, *, #8860, .F. ) ;
#8795 = MECHANICAL_DESIGN_GEOMETRIC_PRESENTATION_REPRESENTATION (  '', ( #457 ), #2853 ) ;
#8796 = FILL_AREA_STYLE_COLOUR ( '', #7991 ) ;
#8797 = CARTESIAN_POINT ( 'NONE',  ( -6219.132872483720300, 306.1790385117190000, 0.0000000000000000000 ) ) ;
#8798 = SURFACE_SIDE_STYLE ('',( #1853 ) ) ;
#8799 = DIRECTION ( 'NONE',  ( -0.0000000000000000000, 1.000000000000000000, 0.0000000000000000000 ) ) ;
#8800 = VECTOR ( 'NONE', #8591, 1000.000000000000000 ) ;
#8801 = SURFACE_SIDE_STYLE ('',( #7515 ) ) ;
#8802 = CARTESIAN_POINT ( 'NONE',  ( -6218.392872483719700, 307.0721758150609700, 0.0000000000000000000 ) ) ;
#8803 = ORIENTED_EDGE ( 'NONE', *, *, #6178, .T. ) ;
#8804 = LINE ( 'NONE', #5279, #3379 ) ;
#8805 = ORIENTED_EDGE ( 'NONE', *, *, #738, .T. ) ;
#8806 = CARTESIAN_POINT ( 'NONE',  ( -6218.282872483720000, 307.1790385117200200, 0.5000000000000000000 ) ) ;
#8807 = ORIENTED_EDGE ( 'NONE', *, *, #10018, .F. ) ;
#8808 = PLANE ( 'NONE',  #2474 ) ;
#8809 = AXIS2_PLACEMENT_3D ( 'NONE', #593, #704, #11261 ) ;
#8810 = DIRECTION ( 'NONE',  ( 0.0000000000000000000, -1.000000000000000000, -0.0000000000000000000 ) ) ;
#8811 = MECHANICAL_DESIGN_GEOMETRIC_PRESENTATION_REPRESENTATION (  '', ( #3450 ), #9417 ) ;
#8812 = FACE_OUTER_BOUND ( 'NONE', #10982, .T. ) ;
#8813 = DIRECTION ( 'NONE',  ( 1.000000000000000000, -1.480297366088517500E-012, 0.0000000000000000000 ) ) ;
#8814 = COLOUR_RGB ( '',0.7921568627450980000, 0.8196078431372548800, 0.9333333333333333500 ) ;
#8815 = EDGE_CURVE ( 'NONE', #6308, #6983, #4971, .T. ) ;
#8816 = VERTEX_POINT ( 'NONE', #10278 ) ;
#8817 = ADVANCED_FACE ( 'NONE', ( #110 ), #1752, .T. ) ;
#8818 = CARTESIAN_POINT ( 'NONE',  ( -6218.332872483719300, 306.6190385117200200, 0.4800000000000000400 ) ) ;
#8819 = FILL_AREA_STYLE ('',( #3377 ) ) ;
#8820 =( NAMED_UNIT ( * ) SI_UNIT ( $, .STERADIAN. ) SOLID_ANGLE_UNIT ( ) );
#8821 = STYLED_ITEM ( 'NONE', ( #6084 ), #6441 ) ;
#8822 = DIRECTION ( 'NONE',  ( 0.0000000000000000000, -0.0000000000000000000, -1.000000000000000000 ) ) ;
#8823 = COLOUR_RGB ( '',0.7921568627450980000, 0.8196078431372548800, 0.9333333333333333500 ) ;
#8824 = ADVANCED_FACE ( 'NONE', ( #4275 ), #5422, .T. ) ;
#8825 = DIRECTION ( 'NONE',  ( 1.000000000000000000, 0.0000000000000000000, 0.0000000000000000000 ) ) ;
#8826 = ORIENTED_EDGE ( 'NONE', *, *, #8629, .T. ) ;
#8827 = STYLED_ITEM ( 'NONE', ( #4797 ), #2055 ) ;
#8828 = ORIENTED_EDGE ( 'NONE', *, *, #8698, .T. ) ;
#8829 = DIRECTION ( 'NONE',  ( -0.0000000000000000000, -0.0000000000000000000, 1.000000000000000000 ) ) ;
#8830 = LINE ( 'NONE', #6051, #2718 ) ;
#8831 = CARTESIAN_POINT ( 'NONE',  ( -6220.332872483720200, 307.1090385117190100, 0.4800000000000000400 ) ) ;
#8832 = DIRECTION ( 'NONE',  ( -3.486326665944036700E-016, -6.098636300405633800E-016, -1.000000000000000000 ) ) ;
#8833 = CARTESIAN_POINT ( 'NONE',  ( -6220.832872483720200, 306.9840895374409800, 0.02000000000000000000 ) ) ;
#8834 = PRESENTATION_STYLE_ASSIGNMENT (( #1544 ) ) ;
#8835 = LINE ( 'NONE', #8186, #4674 ) ;
#8836 = CARTESIAN_POINT ( 'NONE',  ( -6220.532872483720000, 306.1790385117200200, 0.5000000000000000000 ) ) ;
#8837 = CARTESIAN_POINT ( 'NONE',  ( -6218.132872483720300, 306.1790385117200200, 0.5000000000000000000 ) ) ;
#8838 = CARTESIAN_POINT ( 'NONE',  ( -6220.532872483720000, 306.8290385117210800, 0.4800000000000000400 ) ) ;
#8839 = VECTOR ( 'NONE', #4587, 1000.000000000000000 ) ;
#8840 = ORIENTED_EDGE ( 'NONE', *, *, #5067, .F. ) ;
#8841 = DIRECTION ( 'NONE',  ( 0.0000000000000000000, 0.0000000000000000000, 1.000000000000000000 ) ) ;
#8842 = DIRECTION ( 'NONE',  ( 4.547473508864170200E-012, 0.0000000000000000000, 1.000000000000000000 ) ) ;
#8843 = EDGE_LOOP ( 'NONE', ( #6442, #1605, #465, #3188 ) ) ;
#8844 = MECHANICAL_DESIGN_GEOMETRIC_PRESENTATION_REPRESENTATION (  '', ( #6021 ), #10591 ) ;
#8845 = AXIS2_PLACEMENT_3D ( 'NONE', #6779, #4143, #6807 ) ;
#8846 = AXIS2_PLACEMENT_3D ( 'NONE', #6532, #8229, #5697 ) ;
#8847 = EDGE_CURVE ( 'NONE', #6905, #1025, #8711, .T. ) ;
#8848 = UNCERTAINTY_MEASURE_WITH_UNIT (LENGTH_MEASURE( 1.000000000000000100E-005 ), #3075, 'distance_accuracy_value', 'NONE');
#8849 = PLANE ( 'NONE',  #7597 ) ;
#8850 = SURFACE_STYLE_USAGE ( .BOTH. , #7046 ) ;
#8851 = CARTESIAN_POINT ( 'NONE',  ( -6218.732872483719800, 306.1790385117200200, 0.02000000000000000000 ) ) ;
#8852 = ORIENTED_EDGE ( 'NONE', *, *, #8691, .T. ) ;
#8853 = FILL_AREA_STYLE ('',( #2470 ) ) ;
#8854 = SURFACE_STYLE_USAGE ( .BOTH. , #801 ) ;
#8855 = FILL_AREA_STYLE_COLOUR ( '', #6380 ) ;
#8856 =( LENGTH_UNIT ( ) NAMED_UNIT ( * ) SI_UNIT ( .MILLI., .METRE. ) );
#8857 = ORIENTED_EDGE ( 'NONE', *, *, #8123, .F. ) ;
#8858 = EDGE_CURVE ( 'NONE', #5030, #6245, #8174, .T. ) ;
#8859 = PRESENTATION_LAYER_ASSIGNMENT (  '', '', ( #5889 ) ) ;
#8860 = EDGE_CURVE ( 'NONE', #5781, #10801, #6088, .T. ) ;
#8861 = ORIENTED_EDGE ( 'NONE', *, *, #8117, .T. ) ;
#8862 = DIRECTION ( 'NONE',  ( 0.0000000000000000000, 1.000000000000000000, -0.0000000000000000000 ) ) ;
#8863 = PRESENTATION_LAYER_ASSIGNMENT (  '', '', ( #6632 ) ) ;
#8864 = PRESENTATION_STYLE_ASSIGNMENT (( #10173 ) ) ;
#8865 =( LENGTH_UNIT ( ) NAMED_UNIT ( * ) SI_UNIT ( .MILLI., .METRE. ) );
#8866 = ORIENTED_EDGE ( 'NONE', *, *, #10408, .F. ) ;
#8867 =( LENGTH_UNIT ( ) NAMED_UNIT ( * ) SI_UNIT ( .MILLI., .METRE. ) );
#8868 = EDGE_CURVE ( 'NONE', #9316, #2123, #10490, .T. ) ;
#8869 = VECTOR ( 'NONE', #5243, 1000.000000000000000 ) ;
#8870 = SURFACE_STYLE_USAGE ( .BOTH. , #1713 ) ;
#8871 = LINE ( 'NONE', #11055, #7349 ) ;
#8872 = PRESENTATION_STYLE_ASSIGNMENT (( #8913 ) ) ;
#8873 = CARTESIAN_POINT ( 'NONE',  ( -6220.532872483720000, 306.6790385117209900, 0.4800000000000000400 ) ) ;
#8874 = ORIENTED_EDGE ( 'NONE', *, *, #7443, .F. ) ;
#8875 = DIRECTION ( 'NONE',  ( 0.0000000000000000000, 0.0000000000000000000, 1.000000000000000000 ) ) ;
#8876 = CARTESIAN_POINT ( 'NONE',  ( -6218.632872483720300, 307.0721758150600100, 0.0000000000000000000 ) ) ;
#8877 = VECTOR ( 'NONE', #6678, 1000.000000000000000 ) ;
#8878 = COLOUR_RGB ( '',0.7921568627450980000, 0.8196078431372548800, 0.9333333333333333500 ) ;
#8879 = FILL_AREA_STYLE_COLOUR ( '', #7141 ) ;
#8880 = PLANE ( 'NONE',  #1545 ) ;
#8881 = ORIENTED_EDGE ( 'NONE', *, *, #3208, .T. ) ;
#8882 = CARTESIAN_POINT ( 'NONE',  ( -6220.532872483720000, 306.8290385117210800, 0.4800000000000000400 ) ) ;
#8883 = FILL_AREA_STYLE_COLOUR ( '', #8764 ) ;
#8884 = DIRECTION ( 'NONE',  ( 0.0000000000000000000, -0.0000000000000000000, -1.000000000000000000 ) ) ;
#8885 = ADVANCED_FACE ( 'NONE', ( #10784 ), #7112, .T. ) ;
#8886 = STYLED_ITEM ( 'NONE', ( #954 ), #8487 ) ;
#8887 =( GEOMETRIC_REPRESENTATION_CONTEXT ( 3 ) GLOBAL_UNCERTAINTY_ASSIGNED_CONTEXT ( ( #8491 ) ) GLOBAL_UNIT_ASSIGNED_CONTEXT ( ( #2483, #10458, #734 ) ) REPRESENTATION_CONTEXT ( 'NONE', 'WORKASPACE' ) );
#8888 = EDGE_LOOP ( 'NONE', ( #3816, #6642, #4771, #1091 ) ) ;
#8889 = PRESENTATION_STYLE_ASSIGNMENT (( #125 ) ) ;
#8890 = PRESENTATION_STYLE_ASSIGNMENT (( #6858 ) ) ;
#8891 = ORIENTED_EDGE ( 'NONE', *, *, #1421, .T. ) ;
#8892 = CARTESIAN_POINT ( 'NONE',  ( -6218.632872483720300, 306.1790385117190000, 0.0000000000000000000 ) ) ;
#8893 = CARTESIAN_POINT ( 'NONE',  ( -6217.782872483720900, 306.1290385117176800, 0.0000000000000000000 ) ) ;
#8894 = SURFACE_STYLE_USAGE ( .BOTH. , #8730 ) ;
#8895 = CARTESIAN_POINT ( 'NONE',  ( -6217.832872483720200, 306.3943684949480800, 0.4800000000000000400 ) ) ;
#8896 = EDGE_LOOP ( 'NONE', ( #1549, #4594, #10226, #8891 ) ) ;
#8897 = VECTOR ( 'NONE', #10104, 1000.000000000000000 ) ;
#8898 = VERTEX_POINT ( 'NONE', #6154 ) ;
#8899 =( NAMED_UNIT ( * ) PLANE_ANGLE_UNIT ( ) SI_UNIT ( $, .RADIAN. ) );
#8900 = AXIS2_PLACEMENT_3D ( 'NONE', #3960, #8348, #2975 ) ;
#8901 = DIRECTION ( 'NONE',  ( 0.0000000000000000000, -0.0000000000000000000, 1.000000000000000000 ) ) ;
#8902 = COLOUR_RGB ( '',0.7921568627450980000, 0.8196078431372548800, 0.9333333333333333500 ) ;
#8903 = ORIENTED_EDGE ( 'NONE', *, *, #2986, .T. ) ;
#8904 = LINE ( 'NONE', #8759, #6536 ) ;
#8905 = CARTESIAN_POINT ( 'NONE',  ( -6218.048202466950900, 307.1790385117200200, 0.01999999999999999700 ) ) ;
#8906 = VERTEX_POINT ( 'NONE', #820 ) ;
#8907 = CARTESIAN_POINT ( 'NONE',  ( -6218.632872483720300, 307.1790385117200200, 0.02000000000000000000 ) ) ;
#8908 = AXIS2_PLACEMENT_3D ( 'NONE', #4869, #391, #10069 ) ;
#8909 = DIRECTION ( 'NONE',  ( 1.000000000000000000, 0.0000000000000000000, -0.0000000000000000000 ) ) ;
#8910 = PLANE ( 'NONE',  #4068 ) ;
#8911 = FACE_OUTER_BOUND ( 'NONE', #723, .T. ) ;
#8912 =( NAMED_UNIT ( * ) SI_UNIT ( $, .STERADIAN. ) SOLID_ANGLE_UNIT ( ) );
#8913 = SURFACE_STYLE_USAGE ( .BOTH. , #8188 ) ;
#8914 = CARTESIAN_POINT ( 'NONE',  ( -6220.532872483720000, 306.8290385117200000, 0.5000000000000000000 ) ) ;
#8915 = STYLED_ITEM ( 'NONE', ( #3521 ), #2580 ) ;
#8916 = VERTEX_POINT ( 'NONE', #1716 ) ;
#8917 = DIRECTION ( 'NONE',  ( -1.000000000000000000, 0.0000000000000000000, -0.0000000000000000000 ) ) ;
#8918 = SURFACE_STYLE_FILL_AREA ( #8927 ) ;
#8919 =( NAMED_UNIT ( * ) SI_UNIT ( $, .STERADIAN. ) SOLID_ANGLE_UNIT ( ) );
#8920 = UNCERTAINTY_MEASURE_WITH_UNIT (LENGTH_MEASURE( 1.000000000000000100E-005 ), #8867, 'distance_accuracy_value', 'NONE');
#8921 = SURFACE_SIDE_STYLE ('',( #7979 ) ) ;
#8922 = ORIENTED_EDGE ( 'NONE', *, *, #6541, .F. ) ;
#8923 = VECTOR ( 'NONE', #581, 1000.000000000000000 ) ;
#8924 =( NAMED_UNIT ( * ) PLANE_ANGLE_UNIT ( ) SI_UNIT ( $, .RADIAN. ) );
#8925 = CARTESIAN_POINT ( 'NONE',  ( -6220.882872483721300, 306.1290385117168900, 0.0000000000000000000 ) ) ;
#8926 = LINE ( 'NONE', #9803, #7960 ) ;
#8927 = FILL_AREA_STYLE ('',( #1693 ) ) ;
#8928 = MECHANICAL_DESIGN_GEOMETRIC_PRESENTATION_REPRESENTATION (  '', ( #1174 ), #4979 ) ;
#8929 = CARTESIAN_POINT ( 'NONE',  ( -6218.732872483719800, 306.9921758150600800, 0.02000000000000000000 ) ) ;
#8930 = EDGE_CURVE ( 'NONE', #580, #2787, #7614, .T. ) ;
#8931 = PRESENTATION_STYLE_ASSIGNMENT (( #11031 ) ) ;
#8932 = VECTOR ( 'NONE', #8576, 1000.000000000000000 ) ;
#8933 = EDGE_LOOP ( 'NONE', ( #2533, #993, #7211, #10806, #5735, #4772, #6801, #10024, #9496, #3096, #941, #8903 ) ) ;
#8934 = ADVANCED_FACE ( 'NONE', ( #6202 ), #11475, .T. ) ;
#8935 = FILL_AREA_STYLE ('',( #5327 ) ) ;
#8936 = CARTESIAN_POINT ( 'NONE',  ( -6217.782872483716300, 307.2290385117301000, 0.4800000000000000400 ) ) ;
#8937 =( NAMED_UNIT ( * ) SI_UNIT ( $, .STERADIAN. ) SOLID_ANGLE_UNIT ( ) );
#8938 = EDGE_LOOP ( 'NONE', ( #652, #394, #2548, #1574 ) ) ;
#8939 = APPLICATION_CONTEXT ( 'automotive_design' ) ;
#8940 = ORIENTED_EDGE ( 'NONE', *, *, #2851, .T. ) ;
#8941 = DIRECTION ( 'NONE',  ( -0.0000000000000000000, -0.0000000000000000000, -1.000000000000000000 ) ) ;
#8942 = VERTEX_POINT ( 'NONE', #3347 ) ;
#8943 = ADVANCED_FACE ( 'NONE', ( #10483 ), #2377, .T. ) ;
#8944 = STYLED_ITEM ( 'NONE', ( #10289 ), #5866 ) ;
#8946 =( NAMED_UNIT ( * ) PLANE_ANGLE_UNIT ( ) SI_UNIT ( $, .RADIAN. ) );
#8945 = PRESENTATION_LAYER_ASSIGNMENT (  '', '', ( #1420 ) ) ;
#8947 = FACE_OUTER_BOUND ( 'NONE', #3659, .T. ) ;
#8948 = EDGE_CURVE ( 'NONE', #2512, #4936, #6755, .T. ) ;
#8949 = FILL_AREA_STYLE_COLOUR ( '', #4133 ) ;
#8950 = DIRECTION ( 'NONE',  ( 0.0000000000000000000, 0.0000000000000000000, 1.000000000000000000 ) ) ;
#8951 = STYLED_ITEM ( 'NONE', ( #5571 ), #366 ) ;
#8952 = ORIENTED_EDGE ( 'NONE', *, *, #894, .T. ) ;
#8953 = VECTOR ( 'NONE', #6810, 1000.000000000000000 ) ;
#8954 = SURFACE_STYLE_USAGE ( .BOTH. , #2737 ) ;
#8955 = FILL_AREA_STYLE ('',( #4482 ) ) ;
#8956 =( NAMED_UNIT ( * ) PLANE_ANGLE_UNIT ( ) SI_UNIT ( $, .RADIAN. ) );
#8957 = DIRECTION ( 'NONE',  ( 0.0000000000000000000, 0.0000000000000000000, -1.000000000000000000 ) ) ;
#8958 = ORIENTED_EDGE ( 'NONE', *, *, #4015, .T. ) ;
#8959 =( LENGTH_UNIT ( ) NAMED_UNIT ( * ) SI_UNIT ( .MILLI., .METRE. ) );
#8960 = LINE ( 'NONE', #7904, #11421 ) ;
#8961 = LINE ( 'NONE', #8118, #6590 ) ;
#8962 = PRESENTATION_LAYER_ASSIGNMENT (  '', '', ( #4951 ) ) ;
#8963 = ORIENTED_EDGE ( 'NONE', *, *, #9156, .F. ) ;
#8964 =( NAMED_UNIT ( * ) SI_UNIT ( $, .STERADIAN. ) SOLID_ANGLE_UNIT ( ) );
#8965 = SURFACE_SIDE_STYLE ('',( #9627 ) ) ;
#8966 = FILL_AREA_STYLE ('',( #8082 ) ) ;
#8967 = PRESENTATION_LAYER_ASSIGNMENT (  '', '', ( #2559 ) ) ;
#8968 = LINE ( 'NONE', #5899, #6599 ) ;
#8969 = CARTESIAN_POINT ( 'NONE',  ( -6220.500255099210300, 306.9921758150609900, 0.0000000000000000000 ) ) ;
#8970 = VECTOR ( 'NONE', #4932, 1000.000000000000000 ) ;
#8971 = FACE_OUTER_BOUND ( 'NONE', #9265, .T. ) ;
#8972 = PRESENTATION_STYLE_ASSIGNMENT (( #10184 ) ) ;
#8973 = CLOSED_SHELL ( 'NONE', ( #5635, #6724, #2461, #2518, #1881, #9587 ) ) ;
#8974 = ORIENTED_EDGE ( 'NONE', *, *, #7679, .T. ) ;
#8975 = CARTESIAN_POINT ( 'NONE',  ( -6220.532872483720000, 306.6790385117200200, 0.4800000000000000400 ) ) ;
#8976 = CARTESIAN_POINT ( 'NONE',  ( -6219.232872483719800, 307.1790385117200200, 0.02000000000000000000 ) ) ;
#8977 = CYLINDRICAL_SURFACE ( 'NONE', #7707, 0.2699999999937197100 ) ;
#8978 = MECHANICAL_DESIGN_GEOMETRIC_PRESENTATION_REPRESENTATION (  '', ( #7577 ), #9576 ) ;
#8979 = AXIS2_PLACEMENT_3D ( 'NONE', #421, #2957, #5804 ) ;
#8980 = DIRECTION ( 'NONE',  ( 0.0000000000000000000, 0.0000000000000000000, 1.000000000000000000 ) ) ;
#8981 = VECTOR ( 'NONE', #2876, 1000.000000000000000 ) ;
#8982 = CIRCLE ( 'NONE', #9425, 0.4500000000016157700 ) ;
#8983 =( LENGTH_UNIT ( ) NAMED_UNIT ( * ) SI_UNIT ( .MILLI., .METRE. ) );
#8984 = PRESENTATION_LAYER_ASSIGNMENT (  '', '', ( #9209 ) ) ;
#8985 = MANIFOLD_SOLID_BREP ( '3-1-solid1', #1153 ) ;
#8986 = ORIENTED_EDGE ( 'NONE', *, *, #11054, .T. ) ;
#8987 = FACE_OUTER_BOUND ( 'NONE', #6049, .T. ) ;
#8988 =( NAMED_UNIT ( * ) PLANE_ANGLE_UNIT ( ) SI_UNIT ( $, .RADIAN. ) );
#8989 = CLOSED_SHELL ( 'NONE', ( #7263, #3648, #5460, #5096, #9005, #9640, #2289, #4698 ) ) ;
#8990 = FILL_AREA_STYLE ('',( #2775 ) ) ;
#8991 =( LENGTH_UNIT ( ) NAMED_UNIT ( * ) SI_UNIT ( .MILLI., .METRE. ) );
#8992 = CARTESIAN_POINT ( 'NONE',  ( -6218.332872483720200, 306.1790385117200200, 0.4800000000000000400 ) ) ;
#8993 = FACE_OUTER_BOUND ( 'NONE', #7675, .T. ) ;
#8994 =( NAMED_UNIT ( * ) PLANE_ANGLE_UNIT ( ) SI_UNIT ( $, .RADIAN. ) );
#8995 = UNCERTAINTY_MEASURE_WITH_UNIT (LENGTH_MEASURE( 1.000000000000000100E-005 ), #1338, 'distance_accuracy_value', 'NONE');
#8996 = CARTESIAN_POINT ( 'NONE',  ( -6219.932872483719600, 307.1790385117190000, 0.02000000000000000000 ) ) ;
#8997 = DIRECTION ( 'NONE',  ( -2.639666263348779900E-011, 0.0000000000000000000, 1.000000000000000000 ) ) ;
#8998 = CARTESIAN_POINT ( 'NONE',  ( -6220.532872483720000, 306.6790385117200200, 0.5000000000000000000 ) ) ;
#8999 = STYLED_ITEM ( 'NONE', ( #1305 ), #7127 ) ;
#9000 = MECHANICAL_DESIGN_GEOMETRIC_PRESENTATION_REPRESENTATION (  '', ( #427 ), #2821 ) ;
#9001 = PRESENTATION_LAYER_ASSIGNMENT (  '', '', ( #11347 ) ) ;
#9002 = EDGE_CURVE ( 'NONE', #6318, #2326, #1737, .T. ) ;
#9003 = VERTEX_POINT ( 'NONE', #3238 ) ;
#9004 = DIRECTION ( 'NONE',  ( 1.150191053511989900E-012, -1.000000000000000000, -7.181671351997986300E-024 ) ) ;
#9005 = ADVANCED_FACE ( 'NONE', ( #3423 ), #8672, .T. ) ;
#9006 = CARTESIAN_POINT ( 'NONE',  ( -6220.532872483720000, 306.6790385117200200, 0.4800000000000000400 ) ) ;
#9007 = DIRECTION ( 'NONE',  ( -1.000000000000000000, 2.240568841575740000E-012, -0.0000000000000000000 ) ) ;
#9008 = CARTESIAN_POINT ( 'NONE',  ( -6218.282872483720000, 306.1790385117200200, 0.5050000000000000000 ) ) ;
#9009 = CYLINDRICAL_SURFACE ( 'NONE', #782, 0.4500000000025039500 ) ;
#9010 = ORIENTED_EDGE ( 'NONE', *, *, #10852, .T. ) ;
#9011 = PLANE ( 'NONE',  #4053 ) ;
#9012 = ADVANCED_FACE ( 'NONE', ( #10963 ), #3792, .F. ) ;
#9013 = LINE ( 'NONE', #11047, #653 ) ;
#9014 = DIRECTION ( 'NONE',  ( 1.000000000000000000, 0.0000000000000000000, -0.0000000000000000000 ) ) ;
#9015 = COLOUR_RGB ( '',0.7921568627450980000, 0.8196078431372548800, 0.9333333333333333500 ) ;
#9016 = EDGE_CURVE ( 'NONE', #3912, #2864, #11510, .T. ) ;
#9017 = ORIENTED_EDGE ( 'NONE', *, *, #1131, .F. ) ;
#9018 = EDGE_CURVE ( 'NONE', #10949, #3976, #5986, .T. ) ;
#9019 = CARTESIAN_POINT ( 'NONE',  ( -6218.732872483719800, 306.9921758150609900, 0.0000000000000000000 ) ) ;
#9020 = AXIS2_PLACEMENT_3D ( 'NONE', #6886, #763, #1579 ) ;
#9021 = EDGE_CURVE ( 'NONE', #9122, #3624, #8497, .T. ) ;
#9022 = LINE ( 'NONE', #2768, #10656 ) ;
#9023 = CARTESIAN_POINT ( 'NONE',  ( -6218.632872483720300, 307.1790385117190000, 0.0000000000000000000 ) ) ;
#9024 = CARTESIAN_POINT ( 'NONE',  ( -6220.882872483723100, 306.1290385117123400, 0.4800000000000000400 ) ) ;
#9025 =( GEOMETRIC_REPRESENTATION_CONTEXT ( 3 ) GLOBAL_UNCERTAINTY_ASSIGNED_CONTEXT ( ( #5806 ) ) GLOBAL_UNIT_ASSIGNED_CONTEXT ( ( #144, #4492, #10679 ) ) REPRESENTATION_CONTEXT ( 'NONE', 'WORKASPACE' ) );
#9026 = VECTOR ( 'NONE', #4996, 1000.000000000000000 ) ;
#9027 = ORIENTED_EDGE ( 'NONE', *, *, #7325, .T. ) ;
#9028 = EDGE_CURVE ( 'NONE', #8, #7639, #7928, .T. ) ;
#9029 = SURFACE_STYLE_FILL_AREA ( #312 ) ;
#9030 =( LENGTH_UNIT ( ) NAMED_UNIT ( * ) SI_UNIT ( .MILLI., .METRE. ) );
#9031 = CARTESIAN_POINT ( 'NONE',  ( -6220.882872483719400, 307.2290385117180400, 0.4800000000000000400 ) ) ;
#9032 = VERTEX_POINT ( 'NONE', #1642 ) ;
#9033 = SURFACE_STYLE_USAGE ( .BOTH. , #2813 ) ;
#9034 =( LENGTH_UNIT ( ) NAMED_UNIT ( * ) SI_UNIT ( .MILLI., .METRE. ) );
#9035 = CARTESIAN_POINT ( 'NONE',  ( -6220.532872483720000, 306.8290385117210800, 0.4800000000000000400 ) ) ;
#9036 = VERTEX_POINT ( 'NONE', #4447 ) ;
#9037 =( NAMED_UNIT ( * ) PLANE_ANGLE_UNIT ( ) SI_UNIT ( $, .RADIAN. ) );
#9038 = LINE ( 'NONE', #7098, #537 ) ;
#9039 = DIRECTION ( 'NONE',  ( 0.0000000000000000000, 0.0000000000000000000, 1.000000000000000000 ) ) ;
#9040 = CARTESIAN_POINT ( 'NONE',  ( -6219.932872483719600, 306.1790385117209900, 0.02000000000000000000 ) ) ;
#9041 = ORIENTED_EDGE ( 'NONE', *, *, #4249, .F. ) ;
#9042 =( GEOMETRIC_REPRESENTATION_CONTEXT ( 3 ) GLOBAL_UNCERTAINTY_ASSIGNED_CONTEXT ( ( #5938 ) ) GLOBAL_UNIT_ASSIGNED_CONTEXT ( ( #8603, #1452, #3273 ) ) REPRESENTATION_CONTEXT ( 'NONE', 'WORKASPACE' ) );
#9043 = PRESENTATION_LAYER_ASSIGNMENT (  '', '', ( #3218 ) ) ;
#9044 = COLOUR_RGB ( '',0.7921568627450980000, 0.8196078431372548800, 0.9333333333333333500 ) ;
#9045 =( NAMED_UNIT ( * ) PLANE_ANGLE_UNIT ( ) SI_UNIT ( $, .RADIAN. ) );
#9046 = ORIENTED_EDGE ( 'NONE', *, *, #4235, .F. ) ;
#9047 = EDGE_CURVE ( 'NONE', #6169, #2955, #10537, .T. ) ;
#9048 = CARTESIAN_POINT ( 'NONE',  ( -6220.532872483720000, 306.8290385117210800, 0.5000000000000000000 ) ) ;
#9049 = FACE_OUTER_BOUND ( 'NONE', #7385, .T. ) ;
#9050 = CARTESIAN_POINT ( 'NONE',  ( -6220.882872483719400, 306.1290385117194400, 0.0000000000000000000 ) ) ;
#9051 = FILL_AREA_STYLE ('',( #1071 ) ) ;
#9052 = CARTESIAN_POINT ( 'NONE',  ( -6220.382872483720300, 306.6790385117209900, 0.4800000000000000400 ) ) ;
#9053 = ORIENTED_EDGE ( 'NONE', *, *, #4799, .T. ) ;
#9054 = DIRECTION ( 'NONE',  ( -1.000000000000000000, 0.0000000000000000000, -0.0000000000000000000 ) ) ;
#9055 = DIRECTION ( 'NONE',  ( 0.0000000000000000000, 0.0000000000000000000, -1.000000000000000000 ) ) ;
#9056 =( NAMED_UNIT ( * ) PLANE_ANGLE_UNIT ( ) SI_UNIT ( $, .RADIAN. ) );
#9057 = LINE ( 'NONE', #10936, #563 ) ;
#9058 = VECTOR ( 'NONE', #3951, 1000.000000000000000 ) ;
#9059 =( GEOMETRIC_REPRESENTATION_CONTEXT ( 3 ) GLOBAL_UNCERTAINTY_ASSIGNED_CONTEXT ( ( #2074 ) ) GLOBAL_UNIT_ASSIGNED_CONTEXT ( ( #6493, #4750, #1133 ) ) REPRESENTATION_CONTEXT ( 'NONE', 'WORKASPACE' ) );
#9060 = MECHANICAL_DESIGN_GEOMETRIC_PRESENTATION_REPRESENTATION (  '', ( #3299 ), #9494 ) ;
#9061 = DIRECTION ( 'NONE',  ( -0.0000000000000000000, -0.0000000000000000000, -1.000000000000000000 ) ) ;
#9062 = DIRECTION ( 'NONE',  ( -1.000000000000000000, -0.0000000000000000000, -0.0000000000000000000 ) ) ;
#9063 = ORIENTED_EDGE ( 'NONE', *, *, #5898, .F. ) ;
#9064 = UNCERTAINTY_MEASURE_WITH_UNIT (LENGTH_MEASURE( 1.000000000000000100E-005 ), #2982, 'distance_accuracy_value', 'NONE');
#9065 =( NAMED_UNIT ( * ) SI_UNIT ( $, .STERADIAN. ) SOLID_ANGLE_UNIT ( ) );
#9066 = FACE_OUTER_BOUND ( 'NONE', #1228, .T. ) ;
#9067 = FILL_AREA_STYLE ('',( #8222 ) ) ;
#9068 = DIRECTION ( 'NONE',  ( -0.0000000000000000000, 1.000000000000000000, 0.0000000000000000000 ) ) ;
#9069 = PRESENTATION_LAYER_ASSIGNMENT (  '', '', ( #1462 ) ) ;
#9070 = VECTOR ( 'NONE', #4132, 1000.000000000000000 ) ;
#9071 = VECTOR ( 'NONE', #1733, 1000.000000000000000 ) ;
#9072 = ADVANCED_FACE ( 'NONE', ( #5295 ), #6091, .T. ) ;
#9073 =( GEOMETRIC_REPRESENTATION_CONTEXT ( 3 ) GLOBAL_UNCERTAINTY_ASSIGNED_CONTEXT ( ( #7144 ) ) GLOBAL_UNIT_ASSIGNED_CONTEXT ( ( #1644, #7866, #8761 ) ) REPRESENTATION_CONTEXT ( 'NONE', 'WORKASPACE' ) );
#9074 = ORIENTED_EDGE ( 'NONE', *, *, #6046, .T. ) ;
#9075 = FILL_AREA_STYLE_COLOUR ( '', #2618 ) ;
#9076 = STYLED_ITEM ( 'NONE', ( #797 ), #3710 ) ;
#9077 = EDGE_CURVE ( 'NONE', #4820, #5101, #5856, .T. ) ;
#9078 = SURFACE_STYLE_USAGE ( .BOTH. , #2858 ) ;
#9079 =( NAMED_UNIT ( * ) SI_UNIT ( $, .STERADIAN. ) SOLID_ANGLE_UNIT ( ) );
#9080 = CARTESIAN_POINT ( 'NONE',  ( -6218.392872483719700, 306.6290385117199500, 0.02000000000000000000 ) ) ;
#9081 = VECTOR ( 'NONE', #11359, 1000.000000000000000 ) ;
#9082 = UNCERTAINTY_MEASURE_WITH_UNIT (LENGTH_MEASURE( 1.000000000000000100E-005 ), #6105, 'distance_accuracy_value', 'NONE');
#9083 =( NAMED_UNIT ( * ) SI_UNIT ( $, .STERADIAN. ) SOLID_ANGLE_UNIT ( ) );
#9084 = VERTEX_POINT ( 'NONE', #1681 ) ;
#9085 = UNCERTAINTY_MEASURE_WITH_UNIT (LENGTH_MEASURE( 1.000000000000000100E-005 ), #8787, 'distance_accuracy_value', 'NONE');
#9086 = LINE ( 'NONE', #603, #9216 ) ;
#9087 = VERTEX_POINT ( 'NONE', #826 ) ;
#9088 = FILL_AREA_STYLE ('',( #5434 ) ) ;
#9089 = EDGE_CURVE ( 'NONE', #5133, #4501, #1949, .T. ) ;
#9090 =( LENGTH_UNIT ( ) NAMED_UNIT ( * ) SI_UNIT ( .MILLI., .METRE. ) );
#9091 = DIRECTION ( 'NONE',  ( 0.0000000000000000000, 0.0000000000000000000, 1.000000000000000000 ) ) ;
#9092 = SURFACE_STYLE_USAGE ( .BOTH. , #4694 ) ;
#9093 = STYLED_ITEM ( 'NONE', ( #8279 ), #4748 ) ;
#9094 = SURFACE_STYLE_USAGE ( .BOTH. , #10921 ) ;
#9095 = EDGE_CURVE ( 'NONE', #7274, #3976, #4177, .T. ) ;
#9096 =( NAMED_UNIT ( * ) PLANE_ANGLE_UNIT ( ) SI_UNIT ( $, .RADIAN. ) );
#9097 = PRESENTATION_STYLE_ASSIGNMENT (( #2112 ) ) ;
#9098 = DIRECTION ( 'NONE',  ( 0.0000000000000000000, -1.000000000000000000, 0.0000000000000000000 ) ) ;
#9099 = MECHANICAL_DESIGN_GEOMETRIC_PRESENTATION_REPRESENTATION (  '', ( #3405 ), #7891 ) ;
#9100 = ORIENTED_EDGE ( 'NONE', *, *, #4636, .T. ) ;
#9101 = VECTOR ( 'NONE', #3532, 1000.000000000000000 ) ;
#9102 = VERTEX_POINT ( 'NONE', #10552 ) ;
#9103 = ORIENTED_EDGE ( 'NONE', *, *, #2516, .T. ) ;
#9104 = EDGE_CURVE ( 'NONE', #4384, #5781, #3482, .T. ) ;
#9105 = CARTESIAN_POINT ( 'NONE',  ( -6218.332872483720200, 306.6190385117200200, 0.4800000000000000400 ) ) ;
#9106 = DIRECTION ( 'NONE',  ( 0.0000000000000000000, -0.0000000000000000000, -1.000000000000000000 ) ) ;
#9107 = LINE ( 'NONE', #7128, #9507 ) ;
#9108 = CARTESIAN_POINT ( 'NONE',  ( -6218.077660543180200, 306.4690385117199900, 0.5000000000000000000 ) ) ;
#9109 = LINE ( 'NONE', #3317, #5905 ) ;
#9110 =( GEOMETRIC_REPRESENTATION_CONTEXT ( 3 ) GLOBAL_UNCERTAINTY_ASSIGNED_CONTEXT ( ( #8995 ) ) GLOBAL_UNIT_ASSIGNED_CONTEXT ( ( #1338, #3880, #10087 ) ) REPRESENTATION_CONTEXT ( 'NONE', 'WORKASPACE' ) );
#9111 = ORIENTED_EDGE ( 'NONE', *, *, #5251, .F. ) ;
#9112 = CARTESIAN_POINT ( 'NONE',  ( -6219.232872483719800, 306.1790385117209900, 0.02000000000000000000 ) ) ;
#9113 = SURFACE_STYLE_FILL_AREA ( #5226 ) ;
#9114 = EDGE_CURVE ( 'NONE', #5592, #347, #4044, .T. ) ;
#9115 = DIRECTION ( 'NONE',  ( 0.0000000000000000000, -1.000000000000000000, 0.0000000000000000000 ) ) ;
#9116 = AXIS2_PLACEMENT_3D ( 'NONE', #9874, #9836, #9994 ) ;
#9117 = CIRCLE ( 'NONE', #3245, 0.4499999999975079500 ) ;
#9118 = COLOUR_RGB ( '',0.7921568627450980000, 0.8196078431372548800, 0.9333333333333333500 ) ;
#9119 = DIRECTION ( 'NONE',  ( -0.0000000000000000000, -1.000000000000000000, 0.0000000000000000000 ) ) ;
#9120 = DIRECTION ( 'NONE',  ( -2.742694960033979600E-011, 0.0000000000000000000, -1.000000000000000000 ) ) ;
#9121 = SURFACE_STYLE_FILL_AREA ( #9136 ) ;
#9122 = VERTEX_POINT ( 'NONE', #10513 ) ;
#9123 =( NAMED_UNIT ( * ) PLANE_ANGLE_UNIT ( ) SI_UNIT ( $, .RADIAN. ) );
#9124 = LINE ( 'NONE', #7246, #3706 ) ;
#9125 = AXIS2_PLACEMENT_3D ( 'NONE', #2333, #11292, #9493 ) ;
#9126 = CARTESIAN_POINT ( 'NONE',  ( -6220.832872483720200, 306.7818249162199900, 0.0000000000000000000 ) ) ;
#9127 = DIRECTION ( 'NONE',  ( -1.000000000000000000, -0.0000000000000000000, -0.0000000000000000000 ) ) ;
#9128 = ORIENTED_EDGE ( 'NONE', *, *, #1927, .T. ) ;
#9129 =( LENGTH_UNIT ( ) NAMED_UNIT ( * ) SI_UNIT ( .MILLI., .METRE. ) );
#9130 = EDGE_LOOP ( 'NONE', ( #7111, #10462, #6252, #3568 ) ) ;
#9131 = MECHANICAL_DESIGN_GEOMETRIC_PRESENTATION_REPRESENTATION (  '', ( #2116 ), #924 ) ;
#9132 = PLANE ( 'NONE',  #3234 ) ;
#9133 = ADVANCED_FACE ( 'NONE', ( #6404 ), #7986, .T. ) ;
#9134 = FILL_AREA_STYLE ('',( #2916 ) ) ;
#9135 = COLOUR_RGB ( '',0.7921568627450980000, 0.8196078431372548800, 0.9333333333333333500 ) ;
#9136 = FILL_AREA_STYLE ('',( #10066 ) ) ;
#9137 = ORIENTED_EDGE ( 'NONE', *, *, #883, .F. ) ;
#9138 = CARTESIAN_POINT ( 'NONE',  ( -6217.832872483720200, 306.1790385117200200, 0.4800000000000000400 ) ) ;
#9139 = DIRECTION ( 'NONE',  ( 0.0000000000000000000, -0.0000000000000000000, 1.000000000000000000 ) ) ;
#9140 = PRESENTATION_LAYER_ASSIGNMENT (  '', '', ( #1309 ) ) ;
#9141 = STYLED_ITEM ( 'NONE', ( #6360 ), #10106 ) ;
#9142 = ORIENTED_EDGE ( 'NONE', *, *, #4081, .F. ) ;
#9143 = PRESENTATION_LAYER_ASSIGNMENT (  '', '', ( #5789 ) ) ;
#9144 = UNCERTAINTY_MEASURE_WITH_UNIT (LENGTH_MEASURE( 1.000000000000000100E-005 ), #461, 'distance_accuracy_value', 'NONE');
#9145 = DIRECTION ( 'NONE',  ( -6.243894290492210000E-012, -0.0000000000000000000, -1.000000000000000000 ) ) ;
#9146 = STYLED_ITEM ( 'NONE', ( #10301 ), #2712 ) ;
#9147 = DIRECTION ( 'NONE',  ( -1.000000000000000000, 0.0000000000000000000, -0.0000000000000000000 ) ) ;
#9148 = ORIENTED_EDGE ( 'NONE', *, *, #11210, .T. ) ;
#9149 = PRESENTATION_STYLE_ASSIGNMENT (( #861 ) ) ;
#9150 = ORIENTED_EDGE ( 'NONE', *, *, #302, .F. ) ;
#9151 =( NAMED_UNIT ( * ) SI_UNIT ( $, .STERADIAN. ) SOLID_ANGLE_UNIT ( ) );
#9152 = CARTESIAN_POINT ( 'NONE',  ( -6218.027821458000300, 307.1790385117200200, 0.2500000000000000000 ) ) ;
#9153 = AXIS2_PLACEMENT_3D ( 'NONE', #9358, #491, #5871 ) ;
#9154 = PRESENTATION_STYLE_ASSIGNMENT (( #4972 ) ) ;
#9155 = MECHANICAL_DESIGN_GEOMETRIC_PRESENTATION_REPRESENTATION (  '', ( #8120 ), #5515 ) ;
#9156 = EDGE_CURVE ( 'NONE', #2439, #10754, #9199, .T. ) ;
#9157 = VERTEX_POINT ( 'NONE', #9656 ) ;
#9158 =( NAMED_UNIT ( * ) SI_UNIT ( $, .STERADIAN. ) SOLID_ANGLE_UNIT ( ) );
#9159 = VECTOR ( 'NONE', #9835, 1000.000000000000000 ) ;
#9160 = ORIENTED_EDGE ( 'NONE', *, *, #665, .F. ) ;
#9161 = SURFACE_STYLE_USAGE ( .BOTH. , #9200 ) ;
#9162 = SURFACE_STYLE_USAGE ( .BOTH. , #10121 ) ;
#9163 = SURFACE_SIDE_STYLE ('',( #6549 ) ) ;
#9164 = CARTESIAN_POINT ( 'NONE',  ( -6220.382872483720300, 306.6790385117200200, 0.5000000000000000000 ) ) ;
#9165 = PRESENTATION_STYLE_ASSIGNMENT (( #7239 ) ) ;
#9166 = PLANE ( 'NONE',  #1501 ) ;
#9167 = FILL_AREA_STYLE_COLOUR ( '', #7023 ) ;
#9168 = COLOUR_RGB ( '',0.7921568627450980000, 0.8196078431372548800, 0.9333333333333333500 ) ;
#9169 = VERTEX_POINT ( 'NONE', #6275 ) ;
#9170 = COLOUR_RGB ( '',0.7921568627450980000, 0.8196078431372548800, 0.9333333333333333500 ) ;
#9171 = ORIENTED_EDGE ( 'NONE', *, *, #4530, .T. ) ;
#9172 = CARTESIAN_POINT ( 'NONE',  ( -6217.782872483721800, 306.1290385117200700, 0.5000000000000000000 ) ) ;
#9173 = SURFACE_STYLE_USAGE ( .BOTH. , #2018 ) ;
#9174 = SURFACE_SIDE_STYLE ('',( #5263 ) ) ;
#9175 = SURFACE_STYLE_FILL_AREA ( #2595 ) ;
#9177 = EDGE_CURVE ( 'NONE', #9036, #10566, #9604, .T. ) ;
#9176 = DIRECTION ( 'NONE',  ( -0.0000000000000000000, -1.000000000000000000, 0.0000000000000000000 ) ) ;
#9178 = DIRECTION ( 'NONE',  ( -0.0000000000000000000, 0.0000000000000000000, 1.000000000000000000 ) ) ;
#9179 = MECHANICAL_DESIGN_GEOMETRIC_PRESENTATION_REPRESENTATION (  '', ( #4779 ), #7236 ) ;
#9180 = VERTEX_POINT ( 'NONE', #6950 ) ;
#9181 = VECTOR ( 'NONE', #3194, 1000.000000000000000 ) ;
#9182 = CIRCLE ( 'NONE', #167, 0.2500000000011937100 ) ;
#9183 = ORIENTED_EDGE ( 'NONE', *, *, #6994, .F. ) ;
#9184 = FILL_AREA_STYLE_COLOUR ( '', #3047 ) ;
#9185 = ADVANCED_FACE ( 'NONE', ( #7245 ), #8305, .T. ) ;
#9186 = VECTOR ( 'NONE', #10587, 1000.000000000000000 ) ;
#9187 = CARTESIAN_POINT ( 'NONE',  ( -6220.532872483720000, 306.6790385117190000, 0.5000000000000000000 ) ) ;
#9188 = FILL_AREA_STYLE ('',( #8294 ) ) ;
#9189 = PRESENTATION_STYLE_ASSIGNMENT (( #2299 ) ) ;
#9190 = CARTESIAN_POINT ( 'NONE',  ( -6220.532872483720000, 306.8290385117210800, 0.4800000000000000400 ) ) ;
#9191 = CARTESIAN_POINT ( 'NONE',  ( -6218.632872483720300, 307.0721758150609700, 0.02000000000000000000 ) ) ;
#9192 = COLOUR_RGB ( '',0.7921568627450980000, 0.8196078431372548800, 0.9333333333333333500 ) ;
#9193 = PRESENTATION_LAYER_ASSIGNMENT (  '', '', ( #8580 ) ) ;
#9194 = CIRCLE ( 'NONE', #7390, 0.2700000000066538100 ) ;
#9195 = SURFACE_STYLE_USAGE ( .BOTH. , #8341 ) ;
#9196 = ORIENTED_EDGE ( 'NONE', *, *, #4625, .F. ) ;
#9197 = PRESENTATION_LAYER_ASSIGNMENT (  '', '', ( #6576 ) ) ;
#9198 = FILL_AREA_STYLE ('',( #6543 ) ) ;
#9199 = LINE ( 'NONE', #9735, #4605 ) ;
#9200 = SURFACE_SIDE_STYLE ('',( #2274 ) ) ;
#9201 = ORIENTED_EDGE ( 'NONE', *, *, #1262, .F. ) ;
#9202 = SURFACE_STYLE_USAGE ( .BOTH. , #9163 ) ;
#9203 = CARTESIAN_POINT ( 'NONE',  ( -6220.382872483720300, 306.6790385117209900, 0.4800000000000000400 ) ) ;
#9204 = SURFACE_SIDE_STYLE ('',( #6075 ) ) ;
#9205 = ORIENTED_EDGE ( 'NONE', *, *, #11, .F. ) ;
#9206 = UNCERTAINTY_MEASURE_WITH_UNIT (LENGTH_MEASURE( 1.000000000000000100E-005 ), #9615, 'distance_accuracy_value', 'NONE');
#9207 = STYLED_ITEM ( 'NONE', ( #6809 ), #2992 ) ;
#9208 = SURFACE_SIDE_STYLE ('',( #9121 ) ) ;
#9209 = STYLED_ITEM ( 'NONE', ( #2139 ), #2396 ) ;
#9210 = SURFACE_STYLE_FILL_AREA ( #6903 ) ;
#9211 = ORIENTED_EDGE ( 'NONE', *, *, #10703, .T. ) ;
#9212 = UNCERTAINTY_MEASURE_WITH_UNIT (LENGTH_MEASURE( 1.000000000000000100E-005 ), #4565, 'distance_accuracy_value', 'NONE');
#9214 = SURFACE_STYLE_FILL_AREA ( #9188 ) ;
#9213 = DIRECTION ( 'NONE',  ( -1.000000000000000000, 0.0000000000000000000, -0.0000000000000000000 ) ) ;
#9215 = CARTESIAN_POINT ( 'NONE',  ( -6220.532872483720000, 306.8290385117210800, 0.5000000000000000000 ) ) ;
#9216 = VECTOR ( 'NONE', #2390, 1000.000000000000000 ) ;
#9217 = CARTESIAN_POINT ( 'NONE',  ( -6218.632872483720300, 307.0721758150609700, 0.02000000000000000000 ) ) ;
#9218 = ORIENTED_EDGE ( 'NONE', *, *, #1443, .T. ) ;
#9219 =( NAMED_UNIT ( * ) PLANE_ANGLE_UNIT ( ) SI_UNIT ( $, .RADIAN. ) );
#9220 = DIRECTION ( 'NONE',  ( 0.0000000000000000000, 0.0000000000000000000, 1.000000000000000000 ) ) ;
#9221 = AXIS2_PLACEMENT_3D ( 'NONE', #2397, #8520, #5882 ) ;
#9222 = LINE ( 'NONE', #7742, #5049 ) ;
#9223 = PRESENTATION_LAYER_ASSIGNMENT (  '', '', ( #7795 ) ) ;
#9224 =( NAMED_UNIT ( * ) PLANE_ANGLE_UNIT ( ) SI_UNIT ( $, .RADIAN. ) );
#9225 =( GEOMETRIC_REPRESENTATION_CONTEXT ( 3 ) GLOBAL_UNCERTAINTY_ASSIGNED_CONTEXT ( ( #7994 ) ) GLOBAL_UNIT_ASSIGNED_CONTEXT ( ( #7446, #6464, #4790 ) ) REPRESENTATION_CONTEXT ( 'NONE', 'WORKASPACE' ) );
#9226 = EDGE_CURVE ( 'NONE', #3785, #9180, #4744, .T. ) ;
#9227 = ORIENTED_EDGE ( 'NONE', *, *, #6461, .T. ) ;
#9228 = UNCERTAINTY_MEASURE_WITH_UNIT (LENGTH_MEASURE( 1.000000000000000100E-005 ), #4477, 'distance_accuracy_value', 'NONE');
#9229 = VECTOR ( 'NONE', #9938, 1000.000000000000000 ) ;
#9230 = DIRECTION ( 'NONE',  ( -0.0000000000000000000, 1.000000000000000000, 0.0000000000000000000 ) ) ;
#9231 = PLANE ( 'NONE',  #9313 ) ;
#9232 = VERTEX_POINT ( 'NONE', #293 ) ;
#9233 = ORIENTED_EDGE ( 'NONE', *, *, #5525, .F. ) ;
#9234 = CARTESIAN_POINT ( 'NONE',  ( -6220.832872483720200, 306.7818249162195900, 0.02000000000000000000 ) ) ;
#9235 = LINE ( 'NONE', #8226, #9502 ) ;
#9236 = CARTESIAN_POINT ( 'NONE',  ( -6217.832872483720200, 306.9637085284910500, 0.0000000000000000000 ) ) ;
#9237 = VECTOR ( 'NONE', #336, 1000.000000000000000 ) ;
#9238 = ORIENTED_EDGE ( 'NONE', *, *, #4165, .F. ) ;
#9239 = EDGE_CURVE ( 'NONE', #1201, #10584, #10160, .T. ) ;
#9240 = SURFACE_STYLE_USAGE ( .BOTH. , #3007 ) ;
#9241 = ORIENTED_EDGE ( 'NONE', *, *, #1195, .F. ) ;
#9242 = DIRECTION ( 'NONE',  ( -1.000000000000000000, 2.328692794151240100E-013, -9.094947017729350200E-012 ) ) ;
#9243 = DIRECTION ( 'NONE',  ( 0.0000000000000000000, -0.0000000000000000000, -1.000000000000000000 ) ) ;
#9244 = AXIS2_PLACEMENT_3D ( 'NONE', #2749, #3569, #4456 ) ;
#9245 = EDGE_CURVE ( 'NONE', #7863, #142, #5447, .T. ) ;
#9246 = CARTESIAN_POINT ( 'NONE',  ( -6220.832872483720200, 306.7818249162199900, 0.4800000000000000400 ) ) ;
#9247 = ADVANCED_FACE ( 'NONE', ( #1815 ), #943, .T. ) ;
#9248 = STYLED_ITEM ( 'NONE', ( #4214 ), #7556 ) ;
#9249 = LINE ( 'NONE', #9588, #605 ) ;
#9250 = PRESENTATION_STYLE_ASSIGNMENT (( #10680 ) ) ;
#9251 = EDGE_CURVE ( 'NONE', #3747, #2124, #9331, .T. ) ;
#9252 = DIRECTION ( 'NONE',  ( 1.726396803292150000E-013, 1.000000000000000000, 7.850743728759651800E-025 ) ) ;
#9253 = ORIENTED_EDGE ( 'NONE', *, *, #9384, .F. ) ;
#9254 = FILL_AREA_STYLE ('',( #7584 ) ) ;
#9255 = DIRECTION ( 'NONE',  ( -1.000000000000000000, -0.0000000000000000000, -0.0000000000000000000 ) ) ;
#9256 = PRESENTATION_STYLE_ASSIGNMENT (( #4888 ) ) ;
#9257 =( LENGTH_UNIT ( ) NAMED_UNIT ( * ) SI_UNIT ( .MILLI., .METRE. ) );
#9258 = DIRECTION ( 'NONE',  ( 1.000000000000000000, 0.0000000000000000000, 0.0000000000000000000 ) ) ;
#9259 = VECTOR ( 'NONE', #2382, 1000.000000000000000 ) ;
#9260 = CIRCLE ( 'NONE', #6814, 0.4500000000025039500 ) ;
#9261 = FILL_AREA_STYLE_COLOUR ( '', #1778 ) ;
#9262 = CIRCLE ( 'NONE', #10913, 0.4499999999989512400 ) ;
#9263 = ORIENTED_EDGE ( 'NONE', *, *, #4882, .T. ) ;
#9264 = STYLED_ITEM ( 'NONE', ( #1666 ), #9133 ) ;
#9265 = EDGE_LOOP ( 'NONE', ( #11173, #239, #255, #11076, #4855, #7569, #7409, #4637, #6693, #3577, #3602, #2855, #11326, #8683, #162, #10966, #11058, #9633, #10531, #2583, #7901, #10939, #6927, #3284, #10465, #8560, #1422, #6732 ) ) ;
#9266 = DIRECTION ( 'NONE',  ( -1.000000000000000000, 0.0000000000000000000, -0.0000000000000000000 ) ) ;
#9267 = CARTESIAN_POINT ( 'NONE',  ( -6220.332872483720200, 306.1790385117200200, 0.5000000000000225400 ) ) ;
#9268 =( GEOMETRIC_REPRESENTATION_CONTEXT ( 3 ) GLOBAL_UNCERTAINTY_ASSIGNED_CONTEXT ( ( #7716 ) ) GLOBAL_UNIT_ASSIGNED_CONTEXT ( ( #1149, #8352, #3012 ) ) REPRESENTATION_CONTEXT ( 'NONE', 'WORKASPACE' ) );
#9269 = DIRECTION ( 'NONE',  ( 0.0000000000000000000, 0.0000000000000000000, 1.000000000000000000 ) ) ;
#9270 = PRESENTATION_STYLE_ASSIGNMENT (( #10197 ) ) ;
#9271 = CARTESIAN_POINT ( 'NONE',  ( -6218.732872483719800, 306.1790385117200200, 0.02000000000000000000 ) ) ;
#9272 = SURFACE_STYLE_USAGE ( .BOTH. , #3037 ) ;
#9273 = PRESENTATION_STYLE_ASSIGNMENT (( #4978 ) ) ;
#9274 = CARTESIAN_POINT ( 'NONE',  ( -6218.332872483720200, 306.1790385117200200, 0.4800000000000000400 ) ) ;
#9275 = ORIENTED_EDGE ( 'NONE', *, *, #5222, .F. ) ;
#9276 = DIRECTION ( 'NONE',  ( -7.972573434809300300E-024, 1.000000000000000000, 2.251779520418473100E-034 ) ) ;
#9277 = ORIENTED_EDGE ( 'NONE', *, *, #1711, .F. ) ;
#9278 =( NAMED_UNIT ( * ) SI_UNIT ( $, .STERADIAN. ) SOLID_ANGLE_UNIT ( ) );
#9279 = LINE ( 'NONE', #3049, #8167 ) ;
#9280 = FILL_AREA_STYLE_COLOUR ( '', #8406 ) ;
#9281 = MECHANICAL_DESIGN_GEOMETRIC_PRESENTATION_REPRESENTATION (  '', ( #165 ), #7646 ) ;
#9282 = DIRECTION ( 'NONE',  ( -0.0000000000000000000, 0.0000000000000000000, 1.000000000000000000 ) ) ;
#9283 = APPLICATION_PROTOCOL_DEFINITION ( 'draft international standard', 'automotive_design', 1998, #10125 ) ;
#9284 = PRESENTATION_LAYER_ASSIGNMENT (  '', '', ( #8089 ) ) ;
#9285 = VERTEX_POINT ( 'NONE', #3604 ) ;
#9286 = SURFACE_STYLE_USAGE ( .BOTH. , #1301 ) ;
#9287 = COLOUR_RGB ( '',0.7921568627450980000, 0.8196078431372548800, 0.9333333333333333500 ) ;
#9288 = UNCERTAINTY_MEASURE_WITH_UNIT (LENGTH_MEASURE( 1.000000000000000100E-005 ), #2898, 'distance_accuracy_value', 'NONE');
#9289 =( NAMED_UNIT ( * ) PLANE_ANGLE_UNIT ( ) SI_UNIT ( $, .RADIAN. ) );
#9290 = FILL_AREA_STYLE_COLOUR ( '', #2051 ) ;
#9291 = FILL_AREA_STYLE ('',( #11091 ) ) ;
#9292 = PRESENTATION_LAYER_ASSIGNMENT (  '', '', ( #6743 ) ) ;
#9293 = ORIENTED_EDGE ( 'NONE', *, *, #5210, .T. ) ;
#9294 =( GEOMETRIC_REPRESENTATION_CONTEXT ( 3 ) GLOBAL_UNCERTAINTY_ASSIGNED_CONTEXT ( ( #9212 ) ) GLOBAL_UNIT_ASSIGNED_CONTEXT ( ( #4565, #2744, #2819 ) ) REPRESENTATION_CONTEXT ( 'NONE', 'WORKASPACE' ) );
#9295 = LINE ( 'NONE', #1267, #2757 ) ;
#9296 = MECHANICAL_DESIGN_GEOMETRIC_PRESENTATION_REPRESENTATION (  '', ( #3314 ), #497 ) ;
#9297 = FACE_OUTER_BOUND ( 'NONE', #6391, .T. ) ;
#9298 = CARTESIAN_POINT ( 'NONE',  ( -6220.382872483720300, 306.6790385117209900, 0.5000000000000000000 ) ) ;
#9299 = EDGE_LOOP ( 'NONE', ( #5290, #219, #6873, #5095 ) ) ;
#9300 = CARTESIAN_POINT ( 'NONE',  ( -6219.232872483719800, 306.1790385117200200, 0.02000000000000000000 ) ) ;
#9301 = VECTOR ( 'NONE', #10089, 1000.000000000000000 ) ;
#9302 = COLOUR_RGB ( '',0.7921568627450980000, 0.8196078431372548800, 0.9333333333333333500 ) ;
#9303 = ADVANCED_FACE ( 'NONE', ( #843 ), #1842, .T. ) ;
#9304 =( NAMED_UNIT ( * ) PLANE_ANGLE_UNIT ( ) SI_UNIT ( $, .RADIAN. ) );
#9305 = ORIENTED_EDGE ( 'NONE', *, *, #10606, .T. ) ;
#9306 = FILL_AREA_STYLE_COLOUR ( '', #7307 ) ;
#9307 = CARTESIAN_POINT ( 'NONE',  ( -6220.435658888220100, 306.1790385117200200, 0.5000000000000002200 ) ) ;
#9308 = COLOUR_RGB ( '',0.7921568627450980000, 0.8196078431372548800, 0.9333333333333333500 ) ;
#9309 = EDGE_CURVE ( 'NONE', #1152, #5619, #15, .T. ) ;
#9310 = CARTESIAN_POINT ( 'NONE',  ( -6218.230086079220200, 307.1790385117190000, 0.0000000000000000000 ) ) ;
#9311 = ORIENTED_EDGE ( 'NONE', *, *, #7623, .F. ) ;
#9312 = FILL_AREA_STYLE_COLOUR ( '', #969 ) ;
#9313 = AXIS2_PLACEMENT_3D ( 'NONE', #10987, #7485, #11024 ) ;
#9314 = EDGE_CURVE ( 'NONE', #10452, #11155, #2097, .T. ) ;
#9315 = CARTESIAN_POINT ( 'NONE',  ( -6220.435658888220100, 306.1790385117190000, 0.0000000000000000000 ) ) ;
#9316 = VERTEX_POINT ( 'NONE', #5389 ) ;
#9317 = FILL_AREA_STYLE_COLOUR ( '', #3764 ) ;
#9318 =( LENGTH_UNIT ( ) NAMED_UNIT ( * ) SI_UNIT ( .MILLI., .METRE. ) );
#9319 = COLOUR_RGB ( '',0.7921568627450980000, 0.8196078431372548800, 0.9333333333333333500 ) ;
#9320 = ORIENTED_EDGE ( 'NONE', *, *, #8426, .T. ) ;
#9321 = FILL_AREA_STYLE_COLOUR ( '', #10928 ) ;
#9322 = FILL_AREA_STYLE_COLOUR ( '', #772 ) ;
#9323 = CARTESIAN_POINT ( 'NONE',  ( -6220.332872483720200, 306.4690385117199900, 0.4800000000000000400 ) ) ;
#9324 = COLOUR_RGB ( '',0.7921568627450980000, 0.8196078431372548800, 0.9333333333333333500 ) ;
#9325 = MECHANICAL_DESIGN_GEOMETRIC_PRESENTATION_REPRESENTATION (  '', ( #4550 ), #6120 ) ;
#9326 = FILL_AREA_STYLE_COLOUR ( '', #6901 ) ;
#9327 = ORIENTED_EDGE ( 'NONE', *, *, #2386, .F. ) ;
#9328 = STYLED_ITEM ( 'NONE', ( #8461 ), #8638 ) ;
#9329 = EDGE_CURVE ( 'NONE', #7368, #3849, #1669, .T. ) ;
#9330 = CARTESIAN_POINT ( 'NONE',  ( -6220.532872483720000, 306.8290385117200000, 0.4800000000000000400 ) ) ;
#9331 = LINE ( 'NONE', #9236, #6939 ) ;
#9332 = CARTESIAN_POINT ( 'NONE',  ( -6220.382872483720300, 306.8290385117210800, 0.5000000000000000000 ) ) ;
#9333 = ORIENTED_EDGE ( 'NONE', *, *, #4903, .T. ) ;
#9334 = ORIENTED_EDGE ( 'NONE', *, *, #2449, .T. ) ;
#9335 = CARTESIAN_POINT ( 'NONE',  ( -6217.782872483697200, 307.2290385117324300, 0.0000000000000000000 ) ) ;
#9336 = DIRECTION ( 'NONE',  ( 0.0000000000000000000, 0.0000000000000000000, -1.000000000000000000 ) ) ;
#9337 = CARTESIAN_POINT ( 'NONE',  ( -6218.392872483719700, 306.6290385117190500, 0.02000000000000000000 ) ) ;
#9338 = AXIS2_PLACEMENT_3D ( 'NONE', #5821, #4885, #4094 ) ;
#9339 = UNCERTAINTY_MEASURE_WITH_UNIT (LENGTH_MEASURE( 1.000000000000000100E-005 ), #5059, 'distance_accuracy_value', 'NONE');
#9340 = FACE_OUTER_BOUND ( 'NONE', #6952, .T. ) ;
#9341 = FACE_OUTER_BOUND ( 'NONE', #3235, .T. ) ;
#9342 = CARTESIAN_POINT ( 'NONE',  ( -6217.782872483711800, 307.2290385117812000, 0.02000000000000000000 ) ) ;
#9343 = PRESENTATION_LAYER_ASSIGNMENT (  '', '', ( #190 ) ) ;
#9344 = ORIENTED_EDGE ( 'NONE', *, *, #11176, .T. ) ;
#9345 = UNCERTAINTY_MEASURE_WITH_UNIT (LENGTH_MEASURE( 1.000000000000000100E-005 ), #10011, 'distance_accuracy_value', 'NONE');
#9346 = CARTESIAN_POINT ( 'NONE',  ( -6220.617542500490300, 307.1790385117200200, 0.02000000000000000000 ) ) ;
#9347 =( LENGTH_UNIT ( ) NAMED_UNIT ( * ) SI_UNIT ( .MILLI., .METRE. ) );
#9348 = COLOUR_RGB ( '',0.7921568627450980000, 0.8196078431372548800, 0.9333333333333333500 ) ;
#9349 = CARTESIAN_POINT ( 'NONE',  ( -6220.532872483720000, 306.6790385117209900, 0.4800000000000000400 ) ) ;
#9350 = ADVANCED_FACE ( 'NONE', ( #3484 ), #5854, .T. ) ;
#9351 = VECTOR ( 'NONE', #2340, 1000.000000000000000 ) ;
#9352 = CARTESIAN_POINT ( 'NONE',  ( -6220.382872483720300, 306.6790385117200200, 0.4800000000000000400 ) ) ;
#9353 = ORIENTED_EDGE ( 'NONE', *, *, #5132, .T. ) ;
#9354 = VECTOR ( 'NONE', #4568, 1000.000000000000000 ) ;
#9355 = AXIS2_PLACEMENT_3D ( 'NONE', #8969, #3493, #962 ) ;
#9356 = ORIENTED_EDGE ( 'NONE', *, *, #9886, .T. ) ;
#9357 = MECHANICAL_DESIGN_GEOMETRIC_PRESENTATION_REPRESENTATION (  '', ( #1825 ), #2206 ) ;
#9358 = CARTESIAN_POINT ( 'NONE',  ( -6219.132872483720300, 306.1790385117200200, 0.02000000000000000000 ) ) ;
#9359 = STYLED_ITEM ( 'NONE', ( #6285 ), #2893 ) ;
#9360 = CARTESIAN_POINT ( 'NONE',  ( -6218.332872483720200, 306.7818249162190200, 0.4800000000000000400 ) ) ;
#9361 = CARTESIAN_POINT ( 'NONE',  ( -6220.617542500490300, 307.1790385117200200, 0.02000000000000000000 ) ) ;
#9362 = VECTOR ( 'NONE', #1891, 1000.000000000000000 ) ;
#9363 = LINE ( 'NONE', #1959, #5612 ) ;
#9364 = EDGE_CURVE ( 'NONE', #6086, #5180, #2086, .T. ) ;
#9365 = VERTEX_POINT ( 'NONE', #9380 ) ;
#9366 = LINE ( 'NONE', #8806, #1022 ) ;
#9367 = VERTEX_POINT ( 'NONE', #11149 ) ;
#9368 = ORIENTED_EDGE ( 'NONE', *, *, #5654, .F. ) ;
#9369 = MECHANICAL_DESIGN_GEOMETRIC_PRESENTATION_REPRESENTATION (  '', ( #8999 ), #6392 ) ;
#9370 = MECHANICAL_DESIGN_GEOMETRIC_PRESENTATION_REPRESENTATION (  '', ( #10758 ), #8770 ) ;
#9371 = DIRECTION ( 'NONE',  ( 1.000000000000000000, -1.480297366088517500E-012, 0.0000000000000000000 ) ) ;
#9372 =( GEOMETRIC_REPRESENTATION_CONTEXT ( 3 ) GLOBAL_UNCERTAINTY_ASSIGNED_CONTEXT ( ( #2800 ) ) GLOBAL_UNIT_ASSIGNED_CONTEXT ( ( #10628, #8994, #8912 ) ) REPRESENTATION_CONTEXT ( 'NONE', 'WORKASPACE' ) );
#9373 = EDGE_CURVE ( 'NONE', #8942, #5894, #7931, .T. ) ;
#9374 = FACE_OUTER_BOUND ( 'NONE', #4134, .T. ) ;
#9375 = VECTOR ( 'NONE', #1069, 1000.000000000000000 ) ;
#9376 = FILL_AREA_STYLE ('',( #3153 ) ) ;
#9377 = CARTESIAN_POINT ( 'NONE',  ( -6220.332872483720200, 306.4690385117199900, 0.5000000000000000000 ) ) ;
#9378 = CARTESIAN_POINT ( 'NONE',  ( -6220.532872483720000, 306.6790385117209900, 0.5000000000000000000 ) ) ;
#9379 = ORIENTED_EDGE ( 'NONE', *, *, #6413, .T. ) ;
#9380 = CARTESIAN_POINT ( 'NONE',  ( -6220.382872483720300, 306.8290385117210800, 0.4800000000000000400 ) ) ;
#9381 = LINE ( 'NONE', #6008, #1446 ) ;
#9382 = SURFACE_STYLE_USAGE ( .BOTH. , #1372 ) ;
#9383 = FACE_OUTER_BOUND ( 'NONE', #9599, .T. ) ;
#9384 = EDGE_CURVE ( 'NONE', #7290, #5145, #5988, .T. ) ;
#9385 = EDGE_CURVE ( 'NONE', #2464, #9036, #9461, .T. ) ;
#9386 = CARTESIAN_POINT ( 'NONE',  ( -6219.932872483718700, 306.9921758150600800, 0.0000000000000000000 ) ) ;
#9387 = FACE_OUTER_BOUND ( 'NONE', #2604, .T. ) ;
#9388 = CARTESIAN_POINT ( 'NONE',  ( -6218.332872483720200, 307.1090385117199700, 0.4800000000000000400 ) ) ;
#9389 = LINE ( 'NONE', #2201, #7005 ) ;
#9390 = PRESENTATION_LAYER_ASSIGNMENT (  '', '', ( #4248 ) ) ;
#9391 = SURFACE_SIDE_STYLE ('',( #5832 ) ) ;
#9392 = EDGE_CURVE ( 'NONE', #49, #6856, #4047, .T. ) ;
#9393 = ORIENTED_EDGE ( 'NONE', *, *, #76, .F. ) ;
#9394 = CARTESIAN_POINT ( 'NONE',  ( -6220.500255099210300, 306.9921758150609900, 0.0000000000000000000 ) ) ;
#9395 = SURFACE_SIDE_STYLE ('',( #6601 ) ) ;
#9396 = STYLED_ITEM ( 'NONE', ( #5863 ), #7949 ) ;
#9397 = LINE ( 'NONE', #2456, #11443 ) ;
#9398 = EDGE_CURVE ( 'NONE', #2626, #10434, #3627, .T. ) ;
#9399 = AXIS2_PLACEMENT_3D ( 'NONE', #7131, #10682, #1809 ) ;
#9400 = PRESENTATION_STYLE_ASSIGNMENT (( #5636 ) ) ;
#9401 = VECTOR ( 'NONE', #6725, 1000.000000000000000 ) ;
#9402 = CARTESIAN_POINT ( 'NONE',  ( -6220.435658888220100, 306.1790385117190000, 0.4800000000000001500 ) ) ;
#9403 = ORIENTED_EDGE ( 'NONE', *, *, #4037, .F. ) ;
#9404 = DIRECTION ( 'NONE',  ( 1.000000000000000000, -1.233581138093014400E-013, 0.0000000000000000000 ) ) ;
#9405 = VECTOR ( 'NONE', #1970, 1000.000000000000000 ) ;
#9406 = FILL_AREA_STYLE_COLOUR ( '', #5539 ) ;
#9407 = ORIENTED_EDGE ( 'NONE', *, *, #656, .T. ) ;
#9408 = ORIENTED_EDGE ( 'NONE', *, *, #1634, .F. ) ;
#9409 = DIRECTION ( 'NONE',  ( 0.0000000000000000000, 1.000000000000000000, -0.0000000000000000000 ) ) ;
#9410 = CARTESIAN_POINT ( 'NONE',  ( -6220.435658888220100, 306.1790385117200200, 0.5000000000000000000 ) ) ;
#9411 = SURFACE_STYLE_FILL_AREA ( #193 ) ;
#9412 = SURFACE_STYLE_FILL_AREA ( #7518 ) ;
#9413 = MECHANICAL_DESIGN_GEOMETRIC_PRESENTATION_REPRESENTATION (  '', ( #6203 ), #8231 ) ;
#9414 = ADVANCED_FACE ( 'NONE', ( #3780 ), #7640, .T. ) ;
#9415 = SURFACE_STYLE_FILL_AREA ( #3403 ) ;
#9416 = CARTESIAN_POINT ( 'NONE',  ( -6218.332872483720200, 306.6190385117200200, 0.4800000000000000400 ) ) ;
#9417 =( GEOMETRIC_REPRESENTATION_CONTEXT ( 3 ) GLOBAL_UNCERTAINTY_ASSIGNED_CONTEXT ( ( #1003 ) ) GLOBAL_UNIT_ASSIGNED_CONTEXT ( ( #2172, #10209, #3021 ) ) REPRESENTATION_CONTEXT ( 'NONE', 'WORKASPACE' ) );
#9418 = PLANE ( 'NONE',  #9901 ) ;
#9419 =( LENGTH_UNIT ( ) NAMED_UNIT ( * ) SI_UNIT ( .MILLI., .METRE. ) );
#9420 = VECTOR ( 'NONE', #9864, 1000.000000000000000 ) ;
#9421 = EDGE_CURVE ( 'NONE', #4936, #3504, #10286, .T. ) ;
#9422 =( NAMED_UNIT ( * ) SI_UNIT ( $, .STERADIAN. ) SOLID_ANGLE_UNIT ( ) );
#9423 = ORIENTED_EDGE ( 'NONE', *, *, #1048, .F. ) ;
#9424 = EDGE_LOOP ( 'NONE', ( #685, #4084, #6924, #4468 ) ) ;
#9425 = AXIS2_PLACEMENT_3D ( 'NONE', #2140, #8377, #6690 ) ;
#9426 = DIRECTION ( 'NONE',  ( 0.0000000000000000000, 0.0000000000000000000, 1.000000000000000000 ) ) ;
#9427 = UNCERTAINTY_MEASURE_WITH_UNIT (LENGTH_MEASURE( 1.000000000000000100E-005 ), #5405, 'distance_accuracy_value', 'NONE');
#9428 = CARTESIAN_POINT ( 'NONE',  ( -6219.232872483719800, 307.1790385117190000, 4.006323519888199100E-036 ) ) ;
#9429 = STYLED_ITEM ( 'NONE', ( #4382 ), #2278 ) ;
#9430 =( LENGTH_UNIT ( ) NAMED_UNIT ( * ) SI_UNIT ( .MILLI., .METRE. ) );
#9431 = ORIENTED_EDGE ( 'NONE', *, *, #2774, .T. ) ;
#9432 = FACE_OUTER_BOUND ( 'NONE', #7502, .T. ) ;
#9433 = SURFACE_STYLE_FILL_AREA ( #6370 ) ;
#9434 = COLOUR_RGB ( '',0.7921568627450980000, 0.8196078431372548800, 0.9333333333333333500 ) ;
#9435 = ORIENTED_EDGE ( 'NONE', *, *, #5825, .T. ) ;
#9436 =( LENGTH_UNIT ( ) NAMED_UNIT ( * ) SI_UNIT ( .MILLI., .METRE. ) );
#9437 = CARTESIAN_POINT ( 'NONE',  ( -6220.832872483720200, 306.6190385117200200, 0.5000000000000000000 ) ) ;
#9438 = AXIS2_PLACEMENT_3D ( 'NONE', #3498, #10493, #1701 ) ;
#9439 = SURFACE_STYLE_FILL_AREA ( #10813 ) ;
#9440 = AXIS2_PLACEMENT_3D ( 'NONE', #9352, #10924, #303 ) ;
#9441 =( LENGTH_UNIT ( ) NAMED_UNIT ( * ) SI_UNIT ( .MILLI., .METRE. ) );
#9442 =( GEOMETRIC_REPRESENTATION_CONTEXT ( 3 ) GLOBAL_UNCERTAINTY_ASSIGNED_CONTEXT ( ( #10674 ) ) GLOBAL_UNIT_ASSIGNED_CONTEXT ( ( #6451, #9443, #3449 ) ) REPRESENTATION_CONTEXT ( 'NONE', 'WORKASPACE' ) );
#9443 =( NAMED_UNIT ( * ) PLANE_ANGLE_UNIT ( ) SI_UNIT ( $, .RADIAN. ) );
#9444 = EDGE_CURVE ( 'NONE', #4131, #9003, #7667, .T. ) ;
#9445 = ORIENTED_EDGE ( 'NONE', *, *, #11349, .T. ) ;
#9446 =( LENGTH_UNIT ( ) NAMED_UNIT ( * ) SI_UNIT ( .MILLI., .METRE. ) );
#9447 = VECTOR ( 'NONE', #5171, 1000.000000000000000 ) ;
#9448 = LINE ( 'NONE', #8668, #140 ) ;
#9449 = ORIENTED_EDGE ( 'NONE', *, *, #9663, .F. ) ;
#9450 =( NAMED_UNIT ( * ) SI_UNIT ( $, .STERADIAN. ) SOLID_ANGLE_UNIT ( ) );
#9451 = EDGE_CURVE ( 'NONE', #4676, #11340, #7085, .T. ) ;
#9452 = ORIENTED_EDGE ( 'NONE', *, *, #3062, .F. ) ;
#9453 =( LENGTH_UNIT ( ) NAMED_UNIT ( * ) SI_UNIT ( .MILLI., .METRE. ) );
#9454 = PRESENTATION_STYLE_ASSIGNMENT (( #11207 ) ) ;
#9455 = CARTESIAN_POINT ( 'NONE',  ( -6218.332872483719300, 306.6190385117200200, 0.5000000000000000000 ) ) ;
#9456 = VERTEX_POINT ( 'NONE', #4987 ) ;
#9457 = MECHANICAL_DESIGN_GEOMETRIC_PRESENTATION_REPRESENTATION (  '', ( #2912 ), #10998 ) ;
#9458 = EDGE_CURVE ( 'NONE', #693, #8112, #8614, .T. ) ;
#9460 = STYLED_ITEM ( 'NONE', ( #3941 ), #7439 ) ;
#9459 =( LENGTH_UNIT ( ) NAMED_UNIT ( * ) SI_UNIT ( .MILLI., .METRE. ) );
#9461 = LINE ( 'NONE', #7564, #8227 ) ;
#9462 = EDGE_CURVE ( 'NONE', #9859, #2626, #8354, .T. ) ;
#9463 = CARTESIAN_POINT ( 'NONE',  ( -6220.532872483720000, 306.6790385117209900, 0.4800000000000000400 ) ) ;
#9464 = EDGE_CURVE ( 'NONE', #10754, #2758, #8500, .T. ) ;
#9465 =( LENGTH_UNIT ( ) NAMED_UNIT ( * ) SI_UNIT ( .MILLI., .METRE. ) );
#9466 = SURFACE_STYLE_USAGE ( .BOTH. , #7717 ) ;
#9467 =( NAMED_UNIT ( * ) SI_UNIT ( $, .STERADIAN. ) SOLID_ANGLE_UNIT ( ) );
#9468 = VECTOR ( 'NONE', #1092, 1000.000000000000000 ) ;
#9469 = ADVANCED_FACE ( 'NONE', ( #5014 ), #2407, .T. ) ;
#9470 = VERTEX_POINT ( 'NONE', #8707 ) ;
#9471 =( NAMED_UNIT ( * ) PLANE_ANGLE_UNIT ( ) SI_UNIT ( $, .RADIAN. ) );
#9472 = LINE ( 'NONE', #6145, #6001 ) ;
#9473 = EDGE_LOOP ( 'NONE', ( #4881, #9183, #8922, #5336 ) ) ;
#9474 =( NAMED_UNIT ( * ) PLANE_ANGLE_UNIT ( ) SI_UNIT ( $, .RADIAN. ) );
#9475 = PRESENTATION_LAYER_ASSIGNMENT (  '', '', ( #1727 ) ) ;
#9476 = PRESENTATION_STYLE_ASSIGNMENT (( #8709 ) ) ;
#9477 = VERTEX_POINT ( 'NONE', #3226 ) ;
#9478 =( NAMED_UNIT ( * ) SI_UNIT ( $, .STERADIAN. ) SOLID_ANGLE_UNIT ( ) );
#9479 = AXIS2_PLACEMENT_3D ( 'NONE', #8322, #7429, #8173 ) ;
#9480 = SURFACE_SIDE_STYLE ('',( #4836 ) ) ;
#9481 = VECTOR ( 'NONE', #1513, 1000.000000000000000 ) ;
#9482 = ORIENTED_EDGE ( 'NONE', *, *, #7058, .T. ) ;
#9483 = UNCERTAINTY_MEASURE_WITH_UNIT (LENGTH_MEASURE( 1.000000000000000100E-005 ), #7299, 'distance_accuracy_value', 'NONE');
#9484 = LINE ( 'NONE', #5023, #3080 ) ;
#9485 = DIRECTION ( 'NONE',  ( -1.000000000000000000, -0.0000000000000000000, 0.0000000000000000000 ) ) ;
#9486 = VECTOR ( 'NONE', #9786, 1000.000000000000000 ) ;
#9487 =( NAMED_UNIT ( * ) PLANE_ANGLE_UNIT ( ) SI_UNIT ( $, .RADIAN. ) );
#9488 = EDGE_LOOP ( 'NONE', ( #5413, #10652, #3672, #2828 ) ) ;
#9489 = UNCERTAINTY_MEASURE_WITH_UNIT (LENGTH_MEASURE( 1.000000000000000100E-005 ), #10841, 'distance_accuracy_value', 'NONE');
#9490 = CARTESIAN_POINT ( 'NONE',  ( -6218.392872483719700, 307.0721758150600100, 0.02000000000000000000 ) ) ;
#9491 = FILL_AREA_STYLE_COLOUR ( '', #1138 ) ;
#9492 = LINE ( 'NONE', #9529, #6161 ) ;
#9493 = DIRECTION ( 'NONE',  ( 0.0000000000000000000, 0.0000000000000000000, -1.000000000000000000 ) ) ;
#9494 =( GEOMETRIC_REPRESENTATION_CONTEXT ( 3 ) GLOBAL_UNCERTAINTY_ASSIGNED_CONTEXT ( ( #6148 ) ) GLOBAL_UNIT_ASSIGNED_CONTEXT ( ( #3810, #10842, #5551 ) ) REPRESENTATION_CONTEXT ( 'NONE', 'WORKASPACE' ) );
#9495 = LINE ( 'NONE', #11485, #6567 ) ;
#9496 = ORIENTED_EDGE ( 'NONE', *, *, #7040, .F. ) ;
#9497 = VECTOR ( 'NONE', #7491, 1000.000000000000000 ) ;
#9498 = ORIENTED_EDGE ( 'NONE', *, *, #9226, .T. ) ;
#9499 = ORIENTED_EDGE ( 'NONE', *, *, #4007, .F. ) ;
#9500 = DIRECTION ( 'NONE',  ( 0.0000000000000000000, -1.000000000000000000, -0.0000000000000000000 ) ) ;
#9501 =( NAMED_UNIT ( * ) SI_UNIT ( $, .STERADIAN. ) SOLID_ANGLE_UNIT ( ) );
#9502 = VECTOR ( 'NONE', #2778, 1000.000000000000000 ) ;
#9503 = CARTESIAN_POINT ( 'NONE',  ( -6220.832872483720200, 306.1790385117190000, 0.4800000000000000400 ) ) ;
#9504 =( NAMED_UNIT ( * ) SI_UNIT ( $, .STERADIAN. ) SOLID_ANGLE_UNIT ( ) );
#9505 = STYLED_ITEM ( 'NONE', ( #11481 ), #9947 ) ;
#9506 = VECTOR ( 'NONE', #5348, 1000.000000000000000 ) ;
#9507 = VECTOR ( 'NONE', #3809, 1000.000000000000000 ) ;
#9508 =( GEOMETRIC_REPRESENTATION_CONTEXT ( 3 ) GLOBAL_UNCERTAINTY_ASSIGNED_CONTEXT ( ( #4437 ) ) GLOBAL_UNIT_ASSIGNED_CONTEXT ( ( #3848, #340, #1221 ) ) REPRESENTATION_CONTEXT ( 'NONE', 'WORKASPACE' ) );
#9509 = VERTEX_POINT ( 'NONE', #9608 ) ;
#9510 =( LENGTH_UNIT ( ) NAMED_UNIT ( * ) SI_UNIT ( .MILLI., .METRE. ) );
#9511 = EDGE_LOOP ( 'NONE', ( #455, #8410, #8336, #2812 ) ) ;
#9512 =( GEOMETRIC_REPRESENTATION_CONTEXT ( 3 ) GLOBAL_UNCERTAINTY_ASSIGNED_CONTEXT ( ( #8920 ) ) GLOBAL_UNIT_ASSIGNED_CONTEXT ( ( #8867, #9758, #10577 ) ) REPRESENTATION_CONTEXT ( 'NONE', 'WORKASPACE' ) );
#9513 = SURFACE_SIDE_STYLE ('',( #793 ) ) ;
#9514 = LINE ( 'NONE', #3435, #5208 ) ;
#9515 = DIRECTION ( 'NONE',  ( 1.000000000000000000, -6.167905692388529000E-013, -7.228014483267808200E-016 ) ) ;
#9516 = VECTOR ( 'NONE', #10416, 1000.000000000000000 ) ;
#9517 = SURFACE_STYLE_USAGE ( .BOTH. , #3288 ) ;
#9518 = LINE ( 'NONE', #4895, #895 ) ;
#9519 = ORIENTED_EDGE ( 'NONE', *, *, #6026, .F. ) ;
#9520 = ADVANCED_FACE ( 'NONE', ( #2071 ), #7677, .T. ) ;
#9521 = MECHANICAL_DESIGN_GEOMETRIC_PRESENTATION_REPRESENTATION (  '', ( #3804 ), #7963 ) ;
#9522 = EDGE_CURVE ( 'NONE', #951, #3861, #411, .T. ) ;
#9523 = CIRCLE ( 'NONE', #5862, 0.4500000000016157700 ) ;
#9524 =( LENGTH_UNIT ( ) NAMED_UNIT ( * ) SI_UNIT ( .MILLI., .METRE. ) );
#9525 = SURFACE_STYLE_USAGE ( .BOTH. , #3293 ) ;
#9526 = PRESENTATION_STYLE_ASSIGNMENT (( #5673 ) ) ;
#9527 = COLOUR_RGB ( '',0.7921568627450980000, 0.8196078431372548800, 0.9333333333333333500 ) ;
#9528 = CARTESIAN_POINT ( 'NONE',  ( -6218.048202466950000, 306.1790385117200200, 0.0000000000000000000 ) ) ;
#9529 = CARTESIAN_POINT ( 'NONE',  ( -6220.532872483720000, 306.8290385117210800, 0.5000000000000000000 ) ) ;
#9530 = ORIENTED_EDGE ( 'NONE', *, *, #3054, .F. ) ;
#9531 = DIRECTION ( 'NONE',  ( 0.0000000000000000000, 0.0000000000000000000, -1.000000000000000000 ) ) ;
#9532 = ORIENTED_EDGE ( 'NONE', *, *, #1868, .F. ) ;
#9533 = SURFACE_SIDE_STYLE ('',( #5853 ) ) ;
#9534 = FACE_OUTER_BOUND ( 'NONE', #3806, .T. ) ;
#9535 = DIRECTION ( 'NONE',  ( 0.0000000000000000000, -0.0000000000000000000, 1.000000000000000000 ) ) ;
#9536 = DIRECTION ( 'NONE',  ( 0.0000000000000000000, 0.0000000000000000000, 1.000000000000000000 ) ) ;
#9537 = STYLED_ITEM ( 'NONE', ( #7386 ), #6073 ) ;
#9538 =( NAMED_UNIT ( * ) PLANE_ANGLE_UNIT ( ) SI_UNIT ( $, .RADIAN. ) );
#9539 = FILL_AREA_STYLE ('',( #3308 ) ) ;
#9540 = ORIENTED_EDGE ( 'NONE', *, *, #1263, .T. ) ;
#9541 = FILL_AREA_STYLE ('',( #6874 ) ) ;
#9542 = CYLINDRICAL_SURFACE ( 'NONE', #1276, 0.2700000000068758500 ) ;
#9543 = PLANE ( 'NONE',  #4899 ) ;
#9544 = PRESENTATION_LAYER_ASSIGNMENT (  '', '', ( #8217 ) ) ;
#9545 = ORIENTED_EDGE ( 'NONE', *, *, #9603, .F. ) ;
#9546 = EDGE_CURVE ( 'NONE', #3976, #6270, #682, .T. ) ;
#9547 = MECHANICAL_DESIGN_GEOMETRIC_PRESENTATION_REPRESENTATION (  '', ( #8367 ), #9703 ) ;
#9548 = SURFACE_STYLE_FILL_AREA ( #5478 ) ;
#9549 = CARTESIAN_POINT ( 'NONE',  ( -6220.532872483720000, 306.8290385117210800, 0.5000000000000000000 ) ) ;
#9550 = VECTOR ( 'NONE', #8774, 1000.000000000000000 ) ;
#9551 =( NAMED_UNIT ( * ) PLANE_ANGLE_UNIT ( ) SI_UNIT ( $, .RADIAN. ) );
#9552 = VERTEX_POINT ( 'NONE', #9455 ) ;
#9553 = SURFACE_STYLE_FILL_AREA ( #8574 ) ;
#9554 = UNCERTAINTY_MEASURE_WITH_UNIT (LENGTH_MEASURE( 1.000000000000000100E-005 ), #10029, 'distance_accuracy_value', 'NONE');
#9555 = ORIENTED_EDGE ( 'NONE', *, *, #2259, .T. ) ;
#9556 = SURFACE_STYLE_FILL_AREA ( #7948 ) ;
#9557 = STYLED_ITEM ( 'NONE', ( #10027 ), #9414 ) ;
#9558 = COLOUR_RGB ( '',0.7921568627450980000, 0.8196078431372548800, 0.9333333333333333500 ) ;
#9559 = UNCERTAINTY_MEASURE_WITH_UNIT (LENGTH_MEASURE( 1.000000000000000100E-005 ), #4582, 'distance_accuracy_value', 'NONE');
#9560 = LINE ( 'NONE', #8026, #10492 ) ;
#9561 = CARTESIAN_POINT ( 'NONE',  ( -6217.782872483719100, 307.2290385117264600, 0.01999999999999999700 ) ) ;
#9562 =( GEOMETRIC_REPRESENTATION_CONTEXT ( 3 ) GLOBAL_UNCERTAINTY_ASSIGNED_CONTEXT ( ( #3437 ) ) GLOBAL_UNIT_ASSIGNED_CONTEXT ( ( #10644, #7009, #11420 ) ) REPRESENTATION_CONTEXT ( 'NONE', 'WORKASPACE' ) );
#9563 = ORIENTED_EDGE ( 'NONE', *, *, #1887, .F. ) ;
#9564 = CARTESIAN_POINT ( 'NONE',  ( -6220.532872483720000, 306.6790385117209900, 0.5000000000000000000 ) ) ;
#9565 = CARTESIAN_POINT ( 'NONE',  ( -6220.532872483720000, 306.6790385117200200, 0.4800000000000000400 ) ) ;
#9566 = LINE ( 'NONE', #10096, #11075 ) ;
#9567 = PLANE ( 'NONE',  #10381 ) ;
#9568 = EDGE_LOOP ( 'NONE', ( #130, #5513, #7284, #2370 ) ) ;
#9569 = CARTESIAN_POINT ( 'NONE',  ( -6219.432737906850000, 307.1790385117200200, 0.02000000000000000000 ) ) ;
#9570 = UNCERTAINTY_MEASURE_WITH_UNIT (LENGTH_MEASURE( 1.000000000000000100E-005 ), #5745, 'distance_accuracy_value', 'NONE');
#9571 = SURFACE_SIDE_STYLE ('',( #405 ) ) ;
#9572 = DIRECTION ( 'NONE',  ( 1.000000000000000000, -0.0000000000000000000, 0.0000000000000000000 ) ) ;
#9573 = VECTOR ( 'NONE', #1680, 1000.000000000000000 ) ;
#9574 = UNCERTAINTY_MEASURE_WITH_UNIT (LENGTH_MEASURE( 1.000000000000000100E-005 ), #8523, 'distance_accuracy_value', 'NONE');
#9575 = ORIENTED_EDGE ( 'NONE', *, *, #11000, .F. ) ;
#9576 =( GEOMETRIC_REPRESENTATION_CONTEXT ( 3 ) GLOBAL_UNCERTAINTY_ASSIGNED_CONTEXT ( ( #3728 ) ) GLOBAL_UNIT_ASSIGNED_CONTEXT ( ( #449, #10167, #1342 ) ) REPRESENTATION_CONTEXT ( 'NONE', 'WORKASPACE' ) );
#9577 = MECHANICAL_DESIGN_GEOMETRIC_PRESENTATION_REPRESENTATION (  '', ( #784 ), #10894 ) ;
#9578 = LINE ( 'NONE', #5412, #7356 ) ;
#9579 = LINE ( 'NONE', #6459, #8736 ) ;
#9580 = DIRECTION ( 'NONE',  ( 6.243894290491750300E-012, -0.0000000000000000000, 1.000000000000000000 ) ) ;
#9581 =( NAMED_UNIT ( * ) SI_UNIT ( $, .STERADIAN. ) SOLID_ANGLE_UNIT ( ) );
#9582 = ORIENTED_EDGE ( 'NONE', *, *, #3842, .T. ) ;
#9583 = PLANE ( 'NONE',  #6612 ) ;
#9584 = CARTESIAN_POINT ( 'NONE',  ( -6217.832872483720200, 306.6290385117190500, 0.0000000000000000000 ) ) ;
#9585 = AXIS2_PLACEMENT_3D ( 'NONE', #8992, #3716, #10009 ) ;
#9586 = DIRECTION ( 'NONE',  ( 0.0000000000000000000, 0.0000000000000000000, 1.000000000000000000 ) ) ;
#9587 = ADVANCED_FACE ( 'NONE', ( #7373 ), #5027, .T. ) ;
#9588 = CARTESIAN_POINT ( 'NONE',  ( -6220.382872483720300, 306.6790385117209900, 0.5000000000000000000 ) ) ;
#9589 = COLOUR_RGB ( '',0.7921568627450980000, 0.8196078431372548800, 0.9333333333333333500 ) ;
#9590 = COLOUR_RGB ( '',0.7921568627450980000, 0.8196078431372548800, 0.9333333333333333500 ) ;
#9591 = FILL_AREA_STYLE_COLOUR ( '', #6887 ) ;
#9592 = EDGE_LOOP ( 'NONE', ( #3699, #2378, #5868, #1277 ) ) ;
#9593 = STYLED_ITEM ( 'NONE', ( #4781 ), #7263 ) ;
#9594 =( GEOMETRIC_REPRESENTATION_CONTEXT ( 3 ) GLOBAL_UNCERTAINTY_ASSIGNED_CONTEXT ( ( #2164 ) ) GLOBAL_UNIT_ASSIGNED_CONTEXT ( ( #5776, #11147, #5851 ) ) REPRESENTATION_CONTEXT ( 'NONE', 'WORKASPACE' ) );
#9595 = CARTESIAN_POINT ( 'NONE',  ( -6220.532872483720000, 306.8290385117210800, 0.4800000000000000400 ) ) ;
#9596 = EDGE_CURVE ( 'NONE', #3959, #4679, #7072, .T. ) ;
#9597 =( NAMED_UNIT ( * ) PLANE_ANGLE_UNIT ( ) SI_UNIT ( $, .RADIAN. ) );
#9598 = ORIENTED_EDGE ( 'NONE', *, *, #2175, .F. ) ;
#9599 = EDGE_LOOP ( 'NONE', ( #9918, #3003, #2248, #7729 ) ) ;
#9600 = CARTESIAN_POINT ( 'NONE',  ( -6220.532872483720000, 306.8290385117210800, 0.4800000000000000400 ) ) ;
#9601 =( NAMED_UNIT ( * ) SI_UNIT ( $, .STERADIAN. ) SOLID_ANGLE_UNIT ( ) );
#9602 = CARTESIAN_POINT ( 'NONE',  ( -6218.632872483720300, 306.1790385117193400, -1.964579198362506100E-025 ) ) ;
#9603 = EDGE_CURVE ( 'NONE', #1024, #5009, #5286, .T. ) ;
#9604 = LINE ( 'NONE', #7410, #690 ) ;
#9605 = DIRECTION ( 'NONE',  ( 0.0000000000000000000, -1.000000000000000000, 0.0000000000000000000 ) ) ;
#9606 = EDGE_CURVE ( 'NONE', #8159, #5803, #2493, .T. ) ;
#9607 = DIRECTION ( 'NONE',  ( 1.000000000000000000, 1.046092669195530000E-023, -9.094947017728610300E-012 ) ) ;
#9608 = CARTESIAN_POINT ( 'NONE',  ( -6220.382872483720300, 306.1790385117200200, 0.5000000000000000000 ) ) ;
#9609 = STYLED_ITEM ( 'NONE', ( #1140 ), #5509 ) ;
#9610 = EDGE_CURVE ( 'NONE', #6012, #6041, #7233, .T. ) ;
#9612 = STYLED_ITEM ( 'NONE', ( #5028 ), #7766 ) ;
#9611 = DIRECTION ( 'NONE',  ( 0.0000000000000000000, -0.0000000000000000000, 1.000000000000000000 ) ) ;
#9613 = EDGE_CURVE ( 'NONE', #3629, #10801, #4590, .T. ) ;
#9614 = CARTESIAN_POINT ( 'NONE',  ( -6219.532872483720000, 307.1790385117200200, 0.0000000000000000000 ) ) ;
#9615 =( LENGTH_UNIT ( ) NAMED_UNIT ( * ) SI_UNIT ( .MILLI., .METRE. ) );
#9616 =( GEOMETRIC_REPRESENTATION_CONTEXT ( 3 ) GLOBAL_UNCERTAINTY_ASSIGNED_CONTEXT ( ( #9339 ) ) GLOBAL_UNIT_ASSIGNED_CONTEXT ( ( #5059, #11288, #6795 ) ) REPRESENTATION_CONTEXT ( 'NONE', 'WORKASPACE' ) );
#9617 = DIRECTION ( 'NONE',  ( 0.0000000000000000000, -1.609823385559750100E-014, 1.000000000000000000 ) ) ;
#9618 = VECTOR ( 'NONE', #5569, 1000.000000000000000 ) ;
#9619 = CARTESIAN_POINT ( 'NONE',  ( -6220.832872483720200, 306.1790385117200200, 0.0000000000000000000 ) ) ;
#9620 = DIRECTION ( 'NONE',  ( -0.0000000000000000000, -0.0000000000000000000, -1.000000000000000000 ) ) ;
#9621 = ORIENTED_EDGE ( 'NONE', *, *, #5898, .T. ) ;
#9622 = DIRECTION ( 'NONE',  ( -1.000000000000000000, -0.0000000000000000000, -0.0000000000000000000 ) ) ;
#9623 = DIRECTION ( 'NONE',  ( -1.000000000000000000, 0.0000000000000000000, -0.0000000000000000000 ) ) ;
#9624 = VECTOR ( 'NONE', #9572, 1000.000000000000000 ) ;
#9625 = ORIENTED_EDGE ( 'NONE', *, *, #9016, .F. ) ;
#9626 = AXIS2_PLACEMENT_3D ( 'NONE', #528, #4075, #7657 ) ;
#9627 = SURFACE_STYLE_FILL_AREA ( #4534 ) ;
#9628 = LINE ( 'NONE', #11026, #3215 ) ;
#9629 = COLOUR_RGB ( '',0.7921568627450980000, 0.8196078431372548800, 0.9333333333333333500 ) ;
#9630 = CARTESIAN_POINT ( 'NONE',  ( -6218.632872483720300, 307.1790385117190000, 6.204264789851782900E-096 ) ) ;
#9631 = SURFACE_STYLE_USAGE ( .BOTH. , #8647 ) ;
#9632 = STYLED_ITEM ( 'NONE', ( #11327 ), #855 ) ;
#9633 = ORIENTED_EDGE ( 'NONE', *, *, #5222, .T. ) ;
#9634 = VECTOR ( 'NONE', #5692, 1000.000000000000000 ) ;
#9635 = CARTESIAN_POINT ( 'NONE',  ( -6218.048202466950900, 307.1790385117200200, 0.4800000000000000400 ) ) ;
#9636 = EDGE_LOOP ( 'NONE', ( #5560, #294, #10903, #9934 ) ) ;
#9637 = ORIENTED_EDGE ( 'NONE', *, *, #2230, .F. ) ;
#9638 = UNCERTAINTY_MEASURE_WITH_UNIT (LENGTH_MEASURE( 1.000000000000000100E-005 ), #4185, 'distance_accuracy_value', 'NONE');
#9639 = FACE_OUTER_BOUND ( 'NONE', #9688, .T. ) ;
#9640 = ADVANCED_FACE ( 'NONE', ( #4878 ), #6114, .T. ) ;
#9641 = SURFACE_SIDE_STYLE ('',( #6602 ) ) ;
#9642 = DIRECTION ( 'NONE',  ( 6.243894290491559700E-012, 0.0000000000000000000, 1.000000000000000000 ) ) ;
#9643 = ORIENTED_EDGE ( 'NONE', *, *, #9002, .F. ) ;
#9644 = SURFACE_STYLE_FILL_AREA ( #7912 ) ;
#9645 = EDGE_LOOP ( 'NONE', ( #1958, #5835, #2233, #11280 ) ) ;
#9646 = STYLED_ITEM ( 'NONE', ( #8474 ), #6382 ) ;
#9647 = FILL_AREA_STYLE_COLOUR ( '', #26 ) ;
#9648 = ORIENTED_EDGE ( 'NONE', *, *, #9156, .T. ) ;
#9649 = CARTESIAN_POINT ( 'NONE',  ( -6218.392872483719700, 307.0721758150609700, 0.0000000000000000000 ) ) ;
#9650 = PRESENTATION_LAYER_ASSIGNMENT (  '', '', ( #7926 ) ) ;
#9651 = LINE ( 'NONE', #4657, #9375 ) ;
#9652 = DIRECTION ( 'NONE',  ( -0.0000000000000000000, 0.0000000000000000000, -1.000000000000000000 ) ) ;
#9653 = CARTESIAN_POINT ( 'NONE',  ( -6219.932872483719600, 306.8321758150610200, 0.0000000000000000000 ) ) ;
#9654 = CARTESIAN_POINT ( 'NONE',  ( -6218.230086079220200, 306.1790385117200200, 0.01999999999999999700 ) ) ;
#9655 = FILL_AREA_STYLE ('',( #11447 ) ) ;
#9656 = CARTESIAN_POINT ( 'NONE',  ( -6217.995004518081300, 306.8321758150610200, 0.01999999999999999700 ) ) ;
#9657 = VERTEX_POINT ( 'NONE', #9649 ) ;
#9658 =( NAMED_UNIT ( * ) PLANE_ANGLE_UNIT ( ) SI_UNIT ( $, .RADIAN. ) );
#9659 = SURFACE_STYLE_USAGE ( .BOTH. , #11453 ) ;
#9660 =( GEOMETRIC_REPRESENTATION_CONTEXT ( 3 ) GLOBAL_UNCERTAINTY_ASSIGNED_CONTEXT ( ( #9082 ) ) GLOBAL_UNIT_ASSIGNED_CONTEXT ( ( #6105, #6935, #5291 ) ) REPRESENTATION_CONTEXT ( 'NONE', 'WORKASPACE' ) );
#9661 =( GEOMETRIC_REPRESENTATION_CONTEXT ( 3 ) GLOBAL_UNCERTAINTY_ASSIGNED_CONTEXT ( ( #109 ) ) GLOBAL_UNIT_ASSIGNED_CONTEXT ( ( #1882, #9855, #5471 ) ) REPRESENTATION_CONTEXT ( 'NONE', 'WORKASPACE' ) );
#9662 = AXIS2_PLACEMENT_3D ( 'NONE', #2308, #11260, #1451 ) ;
#9663 = EDGE_CURVE ( 'NONE', #726, #1632, #3754, .T. ) ;
#9664 = PRESENTATION_STYLE_ASSIGNMENT (( #1619 ) ) ;
#9665 = SURFACE_SIDE_STYLE ('',( #7138 ) ) ;
#9666 = LINE ( 'NONE', #6407, #1317 ) ;
#9667 =( LENGTH_UNIT ( ) NAMED_UNIT ( * ) SI_UNIT ( .MILLI., .METRE. ) );
#9668 = VERTEX_POINT ( 'NONE', #4438 ) ;
#9669 = CARTESIAN_POINT ( 'NONE',  ( -6220.532872483720000, 306.8290385117200000, 0.5000000000000000000 ) ) ;
#9670 = CARTESIAN_POINT ( 'NONE',  ( -6218.230086079220200, 307.1790385117190000, 0.0000000000000000000 ) ) ;
#9671 =( NAMED_UNIT ( * ) SI_UNIT ( $, .STERADIAN. ) SOLID_ANGLE_UNIT ( ) );
#9672 = DIRECTION ( 'NONE',  ( 4.547473508864170200E-012, 0.0000000000000000000, 1.000000000000000000 ) ) ;
#9673 = FACE_OUTER_BOUND ( 'NONE', #9592, .T. ) ;
#9674 = EDGE_CURVE ( 'NONE', #1824, #10440, #10262, .T. ) ;
#9675 = FACE_OUTER_BOUND ( 'NONE', #3564, .T. ) ;
#9676 = ORIENTED_EDGE ( 'NONE', *, *, #5277, .T. ) ;
#9677 =( NAMED_UNIT ( * ) PLANE_ANGLE_UNIT ( ) SI_UNIT ( $, .RADIAN. ) );
#9678 =( GEOMETRIC_REPRESENTATION_CONTEXT ( 3 ) GLOBAL_UNCERTAINTY_ASSIGNED_CONTEXT ( ( #5582 ) ) GLOBAL_UNIT_ASSIGNED_CONTEXT ( ( #5511, #2868, #6506 ) ) REPRESENTATION_CONTEXT ( 'NONE', 'WORKASPACE' ) );
#9679 = EDGE_CURVE ( 'NONE', #6018, #3738, #8345, .T. ) ;
#9680 = ORIENTED_EDGE ( 'NONE', *, *, #8633, .F. ) ;
#9681 =( NAMED_UNIT ( * ) PLANE_ANGLE_UNIT ( ) SI_UNIT ( $, .RADIAN. ) );
#9682 = PLANE ( 'NONE',  #7083 ) ;
#9683 = MECHANICAL_DESIGN_GEOMETRIC_PRESENTATION_REPRESENTATION (  '', ( #6172 ), #8413 ) ;
#9684 =( NAMED_UNIT ( * ) SI_UNIT ( $, .STERADIAN. ) SOLID_ANGLE_UNIT ( ) );
#9685 = DIRECTION ( 'NONE',  ( 0.0000000000000000000, 0.0000000000000000000, -1.000000000000000000 ) ) ;
#9686 = EDGE_CURVE ( 'NONE', #304, #6207, #402, .T. ) ;
#9687 = LINE ( 'NONE', #10565, #10102 ) ;
#9688 = EDGE_LOOP ( 'NONE', ( #2380, #4524, #10455, #7185 ) ) ;
#9689 = PLANE ( 'NONE',  #5379 ) ;
#9690 = ORIENTED_EDGE ( 'NONE', *, *, #11304, .F. ) ;
#9691 =( NAMED_UNIT ( * ) SI_UNIT ( $, .STERADIAN. ) SOLID_ANGLE_UNIT ( ) );
#9692 = FACE_OUTER_BOUND ( 'NONE', #1698, .T. ) ;
#9693 = DIRECTION ( 'NONE',  ( -0.0000000000000000000, 0.0000000000000000000, 1.000000000000000000 ) ) ;
#9694 = AXIS2_PLACEMENT_3D ( 'NONE', #10844, #5552, #3730 ) ;
#9695 = CARTESIAN_POINT ( 'NONE',  ( -6220.522872483719800, 306.9590385117200000, 0.4899999999999999900 ) ) ;
#9696 = CARTESIAN_POINT ( 'NONE',  ( -6220.532872483720000, 306.6790385117209900, 0.5000000000000000000 ) ) ;
#9697 =( NAMED_UNIT ( * ) SI_UNIT ( $, .STERADIAN. ) SOLID_ANGLE_UNIT ( ) );
#9698 = ADVANCED_FACE ( 'NONE', ( #6662 ), #6520, .T. ) ;
#9699 =( NAMED_UNIT ( * ) SI_UNIT ( $, .STERADIAN. ) SOLID_ANGLE_UNIT ( ) );
#9700 = PRESENTATION_LAYER_ASSIGNMENT (  '', '', ( #7321 ) ) ;
#9701 = EDGE_LOOP ( 'NONE', ( #2525, #7905, #1706, #5394, #9407, #8128, #1847, #6401 ) ) ;
#9702 = EDGE_CURVE ( 'NONE', #4923, #6957, #6921, .T. ) ;
#9703 =( GEOMETRIC_REPRESENTATION_CONTEXT ( 3 ) GLOBAL_UNCERTAINTY_ASSIGNED_CONTEXT ( ( #299 ) ) GLOBAL_UNIT_ASSIGNED_CONTEXT ( ( #6717, #7547, #3142 ) ) REPRESENTATION_CONTEXT ( 'NONE', 'WORKASPACE' ) );
#9704 = UNCERTAINTY_MEASURE_WITH_UNIT (LENGTH_MEASURE( 1.000000000000000100E-005 ), #4483, 'distance_accuracy_value', 'NONE');
#9705 = ORIENTED_EDGE ( 'NONE', *, *, #3842, .F. ) ;
#9706 =( NAMED_UNIT ( * ) PLANE_ANGLE_UNIT ( ) SI_UNIT ( $, .RADIAN. ) );
#9707 = VECTOR ( 'NONE', #8884, 1000.000000000000000 ) ;
#9708 = CARTESIAN_POINT ( 'NONE',  ( -6219.132872483720300, 306.9921758150600800, 0.0000000000000000000 ) ) ;
#9709 = COLOUR_RGB ( '',0.7921568627450980000, 0.8196078431372548800, 0.9333333333333333500 ) ;
#9710 = CARTESIAN_POINT ( 'NONE',  ( -6220.435658888220100, 306.1790385117200200, 0.0000000000000000000 ) ) ;
#9711 = CARTESIAN_POINT ( 'NONE',  ( -6220.532872483720000, 306.8290385117210800, 0.4800000000000000400 ) ) ;
#9712 = ORIENTED_EDGE ( 'NONE', *, *, #8858, .F. ) ;
#9713 = VECTOR ( 'NONE', #8049, 1000.000000000000000 ) ;
#9714 = ORIENTED_EDGE ( 'NONE', *, *, #8208, .F. ) ;
#9715 = STYLED_ITEM ( 'NONE', ( #3192 ), #9587 ) ;
#9716 = CARTESIAN_POINT ( 'NONE',  ( -6220.882872483721300, 306.1290385117159200, 0.0000000000000000000 ) ) ;
#9717 =( LENGTH_UNIT ( ) NAMED_UNIT ( * ) SI_UNIT ( .MILLI., .METRE. ) );
#9718 = FILL_AREA_STYLE_COLOUR ( '', #5705 ) ;
#9719 = EDGE_LOOP ( 'NONE', ( #4312, #6790, #8549, #7265 ) ) ;
#9720 = CARTESIAN_POINT ( 'NONE',  ( -6218.230086079220200, 307.1790385117190000, 0.02000000000000000000 ) ) ;
#9721 = SURFACE_STYLE_USAGE ( .BOTH. , #10436 ) ;
#9722 = FACE_OUTER_BOUND ( 'NONE', #7517, .T. ) ;
#9723 = DIRECTION ( 'NONE',  ( 0.0000000000000000000, 1.000000000000000000, 0.0000000000000000000 ) ) ;
#9724 = ORIENTED_EDGE ( 'NONE', *, *, #4926, .T. ) ;
#9725 = SURFACE_STYLE_USAGE ( .BOTH. , #5421 ) ;
#9726 = CARTESIAN_POINT ( 'NONE',  ( -6218.392872483719700, 307.1790385117200200, 0.0000000000000000000 ) ) ;
#9727 = CARTESIAN_POINT ( 'NONE',  ( -6219.932872483718700, 307.1790385117190000, 0.02000000000000000000 ) ) ;
#9728 = PRESENTATION_LAYER_ASSIGNMENT (  '', '', ( #1825 ) ) ;
#9729 = CARTESIAN_POINT ( 'NONE',  ( -6218.216577452565600, 307.1090385117199700, 0.5000000000000041100 ) ) ;
#9730 = CARTESIAN_POINT ( 'NONE',  ( -6218.332872483719300, 306.9590385117200000, 0.5000000000000000000 ) ) ;
#9731 = EDGE_LOOP ( 'NONE', ( #5549, #10959, #10119, #4900 ) ) ;
#9732 = SURFACE_STYLE_USAGE ( .BOTH. , #10673 ) ;
#9733 = FACE_OUTER_BOUND ( 'NONE', #4986, .T. ) ;
#9734 = FILL_AREA_STYLE ('',( #3394 ) ) ;
#9735 = CARTESIAN_POINT ( 'NONE',  ( -6218.732872483719800, 306.8321758150610200, 0.0000000000000000000 ) ) ;
#9736 = PRESENTATION_LAYER_ASSIGNMENT (  '', '', ( #8915 ) ) ;
#9737 = PRESENTATION_STYLE_ASSIGNMENT (( #7554 ) ) ;
#9738 = FILL_AREA_STYLE ('',( #11451 ) ) ;
#9739 = CARTESIAN_POINT ( 'NONE',  ( -6220.882872483723100, 306.1290385117123400, 0.02000000000000000700 ) ) ;
#9740 = ORIENTED_EDGE ( 'NONE', *, *, #10774, .T. ) ;
#9741 = PRESENTATION_STYLE_ASSIGNMENT (( #5974 ) ) ;
#9742 =( LENGTH_UNIT ( ) NAMED_UNIT ( * ) SI_UNIT ( .MILLI., .METRE. ) );
#9743 = EDGE_LOOP ( 'NONE', ( #6108, #9555, #9010, #1977 ) ) ;
#9744 = FILL_AREA_STYLE ('',( #10721 ) ) ;
#9745 =( GEOMETRIC_REPRESENTATION_CONTEXT ( 3 ) GLOBAL_UNCERTAINTY_ASSIGNED_CONTEXT ( ( #10735 ) ) GLOBAL_UNIT_ASSIGNED_CONTEXT ( ( #9436, #9289, #8401 ) ) REPRESENTATION_CONTEXT ( 'NONE', 'WORKASPACE' ) );
#9746 = COLOUR_RGB ( '',0.7921568627450980000, 0.8196078431372548800, 0.9333333333333333500 ) ;
#9747 = SURFACE_STYLE_USAGE ( .BOTH. , #11501 ) ;
#9748 = PLANE ( 'NONE',  #1563 ) ;
#9749 = ORIENTED_EDGE ( 'NONE', *, *, #7752, .F. ) ;
#9750 = STYLED_ITEM ( 'NONE', ( #9250 ), #4734 ) ;
#9751 =( NAMED_UNIT ( * ) SI_UNIT ( $, .STERADIAN. ) SOLID_ANGLE_UNIT ( ) );
#9752 = CARTESIAN_POINT ( 'NONE',  ( -6220.532872483720000, 306.8290385117189800, 0.4800000000000000400 ) ) ;
#9753 = LINE ( 'NONE', #1196, #1814 ) ;
#9754 = PRESENTATION_STYLE_ASSIGNMENT (( #1865 ) ) ;
#9755 = ADVANCED_FACE ( 'NONE', ( #10953 ), #10621, .T. ) ;
#9756 = VERTEX_POINT ( 'NONE', #8905 ) ;
#9757 = FILL_AREA_STYLE_COLOUR ( '', #2941 ) ;
#9758 =( NAMED_UNIT ( * ) PLANE_ANGLE_UNIT ( ) SI_UNIT ( $, .RADIAN. ) );
#9759 = ADVANCED_FACE ( 'NONE', ( #4025 ), #9866, .F. ) ;
#9760 = CARTESIAN_POINT ( 'NONE',  ( -6220.882872484785400, 307.2290385118852800, 0.4800000000000000400 ) ) ;
#9761 = ORIENTED_EDGE ( 'NONE', *, *, #7896, .F. ) ;
#9762 = ORIENTED_EDGE ( 'NONE', *, *, #3755, .F. ) ;
#9764 =( GEOMETRIC_REPRESENTATION_CONTEXT ( 3 ) GLOBAL_UNCERTAINTY_ASSIGNED_CONTEXT ( ( #3361 ) ) GLOBAL_UNIT_ASSIGNED_CONTEXT ( ( #3340, #8946, #10701 ) ) REPRESENTATION_CONTEXT ( 'NONE', 'WORKASPACE' ) );
#9763 = DIRECTION ( 'NONE',  ( -1.000000000000000000, 4.934324553767984300E-012, 0.0000000000000000000 ) ) ;
#9765 = SURFACE_STYLE_FILL_AREA ( #3229 ) ;
#9766 = FACE_OUTER_BOUND ( 'NONE', #8447, .T. ) ;
#9767 = EDGE_CURVE ( 'NONE', #6182, #4820, #5702, .T. ) ;
#9768 = EDGE_LOOP ( 'NONE', ( #9053, #6579, #6812, #9621 ) ) ;
#9769 = DIRECTION ( 'NONE',  ( 0.0000000000000000000, -1.000000000000000000, 0.0000000000000000000 ) ) ;
#9770 =( GEOMETRIC_REPRESENTATION_CONTEXT ( 3 ) GLOBAL_UNCERTAINTY_ASSIGNED_CONTEXT ( ( #4002 ) ) GLOBAL_UNIT_ASSIGNED_CONTEXT ( ( #2791, #7172, #10602 ) ) REPRESENTATION_CONTEXT ( 'NONE', 'WORKASPACE' ) );
#9771 = FILL_AREA_STYLE_COLOUR ( '', #8414 ) ;
#9772 = FILL_AREA_STYLE_COLOUR ( '', #2587 ) ;
#9773 =( NAMED_UNIT ( * ) SI_UNIT ( $, .STERADIAN. ) SOLID_ANGLE_UNIT ( ) );
#9774 = SURFACE_STYLE_USAGE ( .BOTH. , #11448 ) ;
#9775 = DIRECTION ( 'NONE',  ( 1.000000000000000000, 0.0000000000000000000, 0.0000000000000000000 ) ) ;
#9776 = DIRECTION ( 'NONE',  ( 0.0000000000000000000, -1.000000000000000000, 2.509727251063035800E-017 ) ) ;
#9777 = FACE_OUTER_BOUND ( 'NONE', #2694, .T. ) ;
#9778 = ORIENTED_EDGE ( 'NONE', *, *, #3739, .F. ) ;
#9779 = ORIENTED_EDGE ( 'NONE', *, *, #6824, .F. ) ;
#9780 =( NAMED_UNIT ( * ) SI_UNIT ( $, .STERADIAN. ) SOLID_ANGLE_UNIT ( ) );
#9781 = UNCERTAINTY_MEASURE_WITH_UNIT (LENGTH_MEASURE( 1.000000000000000100E-005 ), #10074, 'distance_accuracy_value', 'NONE');
#9782 = PRESENTATION_LAYER_ASSIGNMENT (  '', '', ( #5623 ) ) ;
#9783 =( NAMED_UNIT ( * ) PLANE_ANGLE_UNIT ( ) SI_UNIT ( $, .RADIAN. ) );
#9784 = DIRECTION ( 'NONE',  ( -1.000000000000000000, 0.0000000000000000000, -0.0000000000000000000 ) ) ;
#9785 = DIRECTION ( 'NONE',  ( 1.000000000000000000, 0.0000000000000000000, 0.0000000000000000000 ) ) ;
#9786 = DIRECTION ( 'NONE',  ( 7.130592608383149400E-024, 1.000000000000000000, -4.420600455158045900E-035 ) ) ;
#9787 =( LENGTH_UNIT ( ) NAMED_UNIT ( * ) SI_UNIT ( .MILLI., .METRE. ) );
#9788 = STYLED_ITEM ( 'NONE', ( #7238 ), #1417 ) ;
#9789 = LINE ( 'NONE', #2708, #2002 ) ;
#9790 = FACE_OUTER_BOUND ( 'NONE', #4599, .T. ) ;
#9791 = EDGE_CURVE ( 'NONE', #5084, #11220, #7510, .T. ) ;
#9792 = VERTEX_POINT ( 'NONE', #10790 ) ;
#9793 = DIRECTION ( 'NONE',  ( -3.486326665944036700E-016, -6.098636300405633800E-016, -1.000000000000000000 ) ) ;
#9794 = DIRECTION ( 'NONE',  ( 1.000000000000000000, 0.0000000000000000000, 0.0000000000000000000 ) ) ;
#9795 = FILL_AREA_STYLE_COLOUR ( '', #6811 ) ;
#9796 = PRESENTATION_LAYER_ASSIGNMENT (  '', '', ( #9207 ) ) ;
#9797 = DIRECTION ( 'NONE',  ( -1.000000000000000000, 0.0000000000000000000, -0.0000000000000000000 ) ) ;
#9798 = SURFACE_STYLE_FILL_AREA ( #8641 ) ;
#9799 = FILL_AREA_STYLE ('',( #1673 ) ) ;
#9800 = ORIENTED_EDGE ( 'NONE', *, *, #6622, .F. ) ;
#9801 =( GEOMETRIC_REPRESENTATION_CONTEXT ( 3 ) GLOBAL_UNCERTAINTY_ASSIGNED_CONTEXT ( ( #9288 ) ) GLOBAL_UNIT_ASSIGNED_CONTEXT ( ( #2898, #8263, #1912 ) ) REPRESENTATION_CONTEXT ( 'NONE', 'WORKASPACE' ) );
#9802 =( NAMED_UNIT ( * ) SI_UNIT ( $, .STERADIAN. ) SOLID_ANGLE_UNIT ( ) );
#9803 = CARTESIAN_POINT ( 'NONE',  ( -6218.048202466950000, 306.1790385117200200, 0.0000000000000000000 ) ) ;
#9804 =( NAMED_UNIT ( * ) PLANE_ANGLE_UNIT ( ) SI_UNIT ( $, .RADIAN. ) );
#9805 = COLOUR_RGB ( '',0.7921568627450980000, 0.8196078431372548800, 0.9333333333333333500 ) ;
#9806 = DIRECTION ( 'NONE',  ( 1.000000000000000000, 0.0000000000000000000, -0.0000000000000000000 ) ) ;
#9807 = SURFACE_SIDE_STYLE ('',( #2799 ) ) ;
#9808 = ORIENTED_EDGE ( 'NONE', *, *, #7303, .T. ) ;
#9809 =( NAMED_UNIT ( * ) PLANE_ANGLE_UNIT ( ) SI_UNIT ( $, .RADIAN. ) );
#9810 = ADVANCED_FACE ( 'NONE', ( #8059 ), #7207, .F. ) ;
#9811 = PLANE ( 'NONE',  #4079 ) ;
#9812 = ORIENTED_EDGE ( 'NONE', *, *, #3864, .T. ) ;
#9813 = AXIS2_PLACEMENT_3D ( 'NONE', #5411, #923, #7227 ) ;
#9814 =( GEOMETRIC_REPRESENTATION_CONTEXT ( 3 ) GLOBAL_UNCERTAINTY_ASSIGNED_CONTEXT ( ( #4236 ) ) GLOBAL_UNIT_ASSIGNED_CONTEXT ( ( #5734, #5699, #8381 ) ) REPRESENTATION_CONTEXT ( 'NONE', 'WORKASPACE' ) );
#9815 = MECHANICAL_DESIGN_GEOMETRIC_PRESENTATION_REPRESENTATION (  '', ( #6394 ), #6242 ) ;
#9816 = EDGE_CURVE ( 'NONE', #3861, #4478, #9022, .T. ) ;
#9817 = VECTOR ( 'NONE', #2078, 1000.000000000000000 ) ;
#9818 = SURFACE_SIDE_STYLE ('',( #1557 ) ) ;
#9819 = ADVANCED_FACE ( 'NONE', ( #7757 ), #3750, .T. ) ;
#9820 = PRESENTATION_STYLE_ASSIGNMENT (( #5900 ) ) ;
#9821 = CARTESIAN_POINT ( 'NONE',  ( -6217.832872483720200, 306.5762521072196000, 0.02000000000000000000 ) ) ;
#9822 = CARTESIAN_POINT ( 'NONE',  ( -6220.532872483720000, 306.6790385117190000, 0.5000000000000000000 ) ) ;
#9823 = EDGE_LOOP ( 'NONE', ( #2874, #11377, #5718, #5826 ) ) ;
#9824 = CARTESIAN_POINT ( 'NONE',  ( -6218.332872483720200, 306.6190385117200200, 0.5000000000000000000 ) ) ;
#9825 = SURFACE_STYLE_USAGE ( .BOTH. , #10646 ) ;
#9826 = DIRECTION ( 'NONE',  ( 1.000000000000000000, -6.017408792641659600E-013, -5.472801415309319700E-024 ) ) ;
#9827 = ORIENTED_EDGE ( 'NONE', *, *, #7527, .F. ) ;
#9828 = EDGE_LOOP ( 'NONE', ( #4028, #7702, #7042, #1435 ) ) ;
#9829 = EDGE_CURVE ( 'NONE', #11450, #5528, #2054, .T. ) ;
#9830 = PRESENTATION_STYLE_ASSIGNMENT (( #7332 ) ) ;
#9831 = FILL_AREA_STYLE ('',( #4544 ) ) ;
#9832 = PRESENTATION_LAYER_ASSIGNMENT (  '', '', ( #7678 ) ) ;
#9833 = EDGE_CURVE ( 'NONE', #3622, #3530, #11345, .T. ) ;
#9834 = ORIENTED_EDGE ( 'NONE', *, *, #8055, .F. ) ;
#9835 = DIRECTION ( 'NONE',  ( -0.0000000000000000000, 0.0000000000000000000, -1.000000000000000000 ) ) ;
#9836 = DIRECTION ( 'NONE',  ( 7.495138761179857200E-016, 3.939484632289244900E-016, 1.000000000000000000 ) ) ;
#9837 = PRESENTATION_LAYER_ASSIGNMENT (  '', '', ( #1483 ) ) ;
#9838 = DIRECTION ( 'NONE',  ( -1.000000000000000000, 0.0000000000000000000, -0.0000000000000000000 ) ) ;
#9839 = EDGE_CURVE ( 'NONE', #2169, #3176, #2336, .T. ) ;
#9840 = ORIENTED_EDGE ( 'NONE', *, *, #888, .T. ) ;
#9841 = PLANE ( 'NONE',  #3794 ) ;
#9842 = EDGE_CURVE ( 'NONE', #10109, #2920, #7641, .T. ) ;
#9843 = SURFACE_STYLE_FILL_AREA ( #9738 ) ;
#9844 = MANIFOLD_SOLID_BREP ( '2-1-solid1', #8708 ) ;
#9845 = VECTOR ( 'NONE', #6740, 1000.000000000000000 ) ;
#9846 = VECTOR ( 'NONE', #10988, 1000.000000000000000 ) ;
#9847 =( NAMED_UNIT ( * ) PLANE_ANGLE_UNIT ( ) SI_UNIT ( $, .RADIAN. ) );
#9848 = VERTEX_POINT ( 'NONE', #9298 ) ;
#9849 = VECTOR ( 'NONE', #9139, 1000.000000000000000 ) ;
#9850 = DIRECTION ( 'NONE',  ( 0.0000000000000000000, -0.0000000000000000000, -1.000000000000000000 ) ) ;
#9851 = PLANE ( 'NONE',  #5356 ) ;
#9852 = UNCERTAINTY_MEASURE_WITH_UNIT (LENGTH_MEASURE( 1.000000000000000100E-005 ), #5343, 'distance_accuracy_value', 'NONE');
#9853 = EDGE_LOOP ( 'NONE', ( #6877, #3608, #8303, #9327 ) ) ;
#9854 = CARTESIAN_POINT ( 'NONE',  ( -6220.532872483720000, 306.6790385117190000, 0.4800000000000000400 ) ) ;
#9855 =( NAMED_UNIT ( * ) PLANE_ANGLE_UNIT ( ) SI_UNIT ( $, .RADIAN. ) );
#9856 = AXIS2_PLACEMENT_3D ( 'NONE', #55, #7940, #6272 ) ;
#9857 = LINE ( 'NONE', #6548, #11081 ) ;
#9858 = FACE_OUTER_BOUND ( 'NONE', #11300, .T. ) ;
#9859 = VERTEX_POINT ( 'NONE', #2098 ) ;
#9860 = SURFACE_STYLE_USAGE ( .BOTH. , #3647 ) ;
#9861 = SURFACE_STYLE_FILL_AREA ( #7242 ) ;
#9862 = ORIENTED_EDGE ( 'NONE', *, *, #2844, .T. ) ;
#9863 = DIRECTION ( 'NONE',  ( -1.000000000000000000, 0.0000000000000000000, -0.0000000000000000000 ) ) ;
#9864 = DIRECTION ( 'NONE',  ( 1.000000000000000000, 0.0000000000000000000, -0.0000000000000000000 ) ) ;
#9865 =( NAMED_UNIT ( * ) PLANE_ANGLE_UNIT ( ) SI_UNIT ( $, .RADIAN. ) );
#9866 = CYLINDRICAL_SURFACE ( 'NONE', #4374, 0.4499999999980630600 ) ;
#9867 = FILL_AREA_STYLE_COLOUR ( '', #11056 ) ;
#9868 = ORIENTED_EDGE ( 'NONE', *, *, #10346, .F. ) ;
#9869 = PRESENTATION_LAYER_ASSIGNMENT (  '', '', ( #1897 ) ) ;
#9870 = COLOUR_RGB ( '',0.7921568627450980000, 0.8196078431372548800, 0.9333333333333333500 ) ;
#9871 = ORIENTED_EDGE ( 'NONE', *, *, #616, .F. ) ;
#9872 = MECHANICAL_DESIGN_GEOMETRIC_PRESENTATION_REPRESENTATION (  '', ( #8089 ), #10819 ) ;
#9873 =( NAMED_UNIT ( * ) PLANE_ANGLE_UNIT ( ) SI_UNIT ( $, .RADIAN. ) );
#9874 = CARTESIAN_POINT ( 'NONE',  ( -6220.882872483718500, 306.1290385117224600, 0.4800000000000003700 ) ) ;
#9875 = VECTOR ( 'NONE', #2323, 1000.000000000000000 ) ;
#9876 = ADVANCED_FACE ( 'NONE', ( #9858 ), #10145, .T. ) ;
#9877 = CARTESIAN_POINT ( 'NONE',  ( -6218.048202466950000, 306.1790385117200200, 0.01999999999999999700 ) ) ;
#9878 = UNCERTAINTY_MEASURE_WITH_UNIT (LENGTH_MEASURE( 1.000000000000000100E-005 ), #11382, 'distance_accuracy_value', 'NONE');
#9879 = ORIENTED_EDGE ( 'NONE', *, *, #6215, .T. ) ;
#9880 =( NAMED_UNIT ( * ) SI_UNIT ( $, .STERADIAN. ) SOLID_ANGLE_UNIT ( ) );
#9881 =( GEOMETRIC_REPRESENTATION_CONTEXT ( 3 ) GLOBAL_UNCERTAINTY_ASSIGNED_CONTEXT ( ( #5080 ) ) GLOBAL_UNIT_ASSIGNED_CONTEXT ( ( #5494, #10740, #8056 ) ) REPRESENTATION_CONTEXT ( 'NONE', 'WORKASPACE' ) );
#9882 = STYLED_ITEM ( 'NONE', ( #4390 ), #10540 ) ;
#9883 =( LENGTH_UNIT ( ) NAMED_UNIT ( * ) SI_UNIT ( .MILLI., .METRE. ) );
#9884 = CARTESIAN_POINT ( 'NONE',  ( -6220.382872483720300, 306.8290385117210800, 0.4800000000000000400 ) ) ;
#9885 = MECHANICAL_DESIGN_GEOMETRIC_PRESENTATION_REPRESENTATION (  '', ( #3936 ), #9508 ) ;
#9886 = EDGE_CURVE ( 'NONE', #7226, #4200, #1211, .T. ) ;
#9887 =( LENGTH_UNIT ( ) NAMED_UNIT ( * ) SI_UNIT ( .MILLI., .METRE. ) );
#9888 = COLOUR_RGB ( '',0.7921568627450980000, 0.8196078431372548800, 0.9333333333333333500 ) ;
#9889 = CARTESIAN_POINT ( 'NONE',  ( -6220.532872483720000, 306.6790385117209900, 0.5000000000000000000 ) ) ;
#9890 = DIRECTION ( 'NONE',  ( 0.0000000000000000000, 1.000000000000000000, 0.0000000000000000000 ) ) ;
#9891 = FILL_AREA_STYLE ('',( #2069 ) ) ;
#9892 = CARTESIAN_POINT ( 'NONE',  ( -6220.522872483719800, 306.9590385117194800, 0.5000000000000000000 ) ) ;
#9893 = LINE ( 'NONE', #8632, #11384 ) ;
#9894 = ORIENTED_EDGE ( 'NONE', *, *, #4243, .F. ) ;
#9895 =( NAMED_UNIT ( * ) SI_UNIT ( $, .STERADIAN. ) SOLID_ANGLE_UNIT ( ) );
#9896 = EDGE_CURVE ( 'NONE', #4973, #10934, #3171, .T. ) ;
#9897 = SURFACE_STYLE_USAGE ( .BOTH. , #6248 ) ;
#9898 =( NAMED_UNIT ( * ) SI_UNIT ( $, .STERADIAN. ) SOLID_ANGLE_UNIT ( ) );
#9899 = CARTESIAN_POINT ( 'NONE',  ( -6217.832872483720200, 306.7818249162194200, 0.01999999999999999700 ) ) ;
#9900 = VECTOR ( 'NONE', #5567, 1000.000000000000000 ) ;
#9901 = AXIS2_PLACEMENT_3D ( 'NONE', #8892, #7955, #836 ) ;
#9902 = CARTESIAN_POINT ( 'NONE',  ( -6219.432737906850000, 306.1790385117200200, 0.02000000000000000000 ) ) ;
#9903 = EDGE_CURVE ( 'NONE', #4200, #9477, #10371, .T. ) ;
#9904 = SURFACE_STYLE_FILL_AREA ( #9198 ) ;
#9905 = VECTOR ( 'NONE', #8771, 1000.000000000000000 ) ;
#9906 = FILL_AREA_STYLE_COLOUR ( '', #5377 ) ;
#9907 = CARTESIAN_POINT ( 'NONE',  ( -6220.382872483720300, 306.6790385117209900, 0.4800000000000000400 ) ) ;
#9908 = CLOSED_SHELL ( 'NONE', ( #9520, #6441, #3994, #4511, #946, #1827, #6197, #5577, #4734, #9072, #5337, #1358, #3778, #9876, #147, #4931, #8695, #2182, #9698, #9350, #7556, #1417 ) ) ;
#9909 = EDGE_CURVE ( 'NONE', #7456, #5546, #8319, .T. ) ;
#9910 = PLANE ( 'NONE',  #9813 ) ;
#9911 = COLOUR_RGB ( '',0.7921568627450980000, 0.8196078431372548800, 0.9333333333333333500 ) ;
#9913 = FACE_OUTER_BOUND ( 'NONE', #7911, .T. ) ;
#9912 =( LENGTH_UNIT ( ) NAMED_UNIT ( * ) SI_UNIT ( .MILLI., .METRE. ) );
#9914 = FILL_AREA_STYLE ('',( #2805 ) ) ;
#9915 = ORIENTED_EDGE ( 'NONE', *, *, #6326, .F. ) ;
#9916 = FACE_OUTER_BOUND ( 'NONE', #2328, .T. ) ;
#9917 = UNCERTAINTY_MEASURE_WITH_UNIT (LENGTH_MEASURE( 1.000000000000000100E-005 ), #10978, 'distance_accuracy_value', 'NONE');
#9918 = ORIENTED_EDGE ( 'NONE', *, *, #10606, .F. ) ;
#9919 = FILL_AREA_STYLE ('',( #1982 ) ) ;
#9920 = ORIENTED_EDGE ( 'NONE', *, *, #11349, .F. ) ;
#9921 =( GEOMETRIC_REPRESENTATION_CONTEXT ( 3 ) GLOBAL_UNCERTAINTY_ASSIGNED_CONTEXT ( ( #6216 ) ) GLOBAL_UNIT_ASSIGNED_CONTEXT ( ( #5151, #6913, #2573 ) ) REPRESENTATION_CONTEXT ( 'NONE', 'WORKASPACE' ) );
#9922 = LINE ( 'NONE', #3907, #2832 ) ;
#9923 = UNCERTAINTY_MEASURE_WITH_UNIT (LENGTH_MEASURE( 1.000000000000000100E-005 ), #8022, 'distance_accuracy_value', 'NONE');
#9925 =( LENGTH_UNIT ( ) NAMED_UNIT ( * ) SI_UNIT ( .MILLI., .METRE. ) );
#9924 =( GEOMETRIC_REPRESENTATION_CONTEXT ( 3 ) GLOBAL_UNCERTAINTY_ASSIGNED_CONTEXT ( ( #9064 ) ) GLOBAL_UNIT_ASSIGNED_CONTEXT ( ( #2982, #11046, #4042 ) ) REPRESENTATION_CONTEXT ( 'NONE', 'WORKASPACE' ) );
#9926 = PRESENTATION_STYLE_ASSIGNMENT (( #7494 ) ) ;
#9927 = EDGE_CURVE ( 'NONE', #3818, #4676, #5679, .T. ) ;
#9928 = CARTESIAN_POINT ( 'NONE',  ( -6218.632872483720300, 306.1790385117192300, 0.02000000000000000000 ) ) ;
#9929 = MECHANICAL_DESIGN_GEOMETRIC_PRESENTATION_REPRESENTATION (  '', ( #5316 ), #8517 ) ;
#9930 = ORIENTED_EDGE ( 'NONE', *, *, #1334, .F. ) ;
#9931 = FILL_AREA_STYLE ('',( #4880 ) ) ;
#9932 = ORIENTED_EDGE ( 'NONE', *, *, #3575, .T. ) ;
#9933 = CARTESIAN_POINT ( 'NONE',  ( -6218.632872483720300, 307.1790385117190000, 0.02000000000000000000 ) ) ;
#9934 = ORIENTED_EDGE ( 'NONE', *, *, #9421, .T. ) ;
#9935 = UNCERTAINTY_MEASURE_WITH_UNIT (LENGTH_MEASURE( 1.000000000000000100E-005 ), #9742, 'distance_accuracy_value', 'NONE');
#9936 = UNCERTAINTY_MEASURE_WITH_UNIT (LENGTH_MEASURE( 1.000000000000000100E-005 ), #3413, 'distance_accuracy_value', 'NONE');
#9937 = VECTOR ( 'NONE', #10642, 1000.000000000000000 ) ;
#9938 = DIRECTION ( 'NONE',  ( -1.000000000000000000, 0.0000000000000000000, -0.0000000000000000000 ) ) ;
#9939 = LINE ( 'NONE', #5006, #3241 ) ;
#9940 = ADVANCED_FACE ( 'NONE', ( #6228 ), #5724, .T. ) ;
#9941 = AXIS2_PLACEMENT_3D ( 'NONE', #1327, #8423, #3158 ) ;
#9942 = FILL_AREA_STYLE_COLOUR ( '', #469 ) ;
#9943 = DIRECTION ( 'NONE',  ( 1.696420781626150100E-012, -3.190488766595687100E-024, 1.000000000000000000 ) ) ;
#9944 = STYLED_ITEM ( 'NONE', ( #3630 ), #1358 ) ;
#9945 = LINE ( 'NONE', #626, #7587 ) ;
#9946 = DIRECTION ( 'NONE',  ( 0.0000000000000000000, -0.0000000000000000000, -1.000000000000000000 ) ) ;
#9947 = ADVANCED_FACE ( 'NONE', ( #9993 ), #356, .T. ) ;
#9948 = DIRECTION ( 'NONE',  ( 0.0000000000000000000, -0.0000000000000000000, -1.000000000000000000 ) ) ;
#9949 = VERTEX_POINT ( 'NONE', #10938 ) ;
#9950 = VECTOR ( 'NONE', #3993, 1000.000000000000000 ) ;
#9951 = CARTESIAN_POINT ( 'NONE',  ( -6219.432737906850000, 306.1790385117200200, 0.01999999999999999700 ) ) ;
#9952 = EDGE_LOOP ( 'NONE', ( #1388, #10546, #2801, #725 ) ) ;
#9953 = DIRECTION ( 'NONE',  ( 1.000000000000000000, 0.0000000000000000000, 0.0000000000000000000 ) ) ;
#9954 = CARTESIAN_POINT ( 'NONE',  ( -6220.832872483720200, 306.3943684949489900, 0.0000000000000000000 ) ) ;
#9955 =( GEOMETRIC_REPRESENTATION_CONTEXT ( 3 ) GLOBAL_UNCERTAINTY_ASSIGNED_CONTEXT ( ( #5441 ) ) GLOBAL_UNIT_ASSIGNED_CONTEXT ( ( #7012, #7919, #38 ) ) REPRESENTATION_CONTEXT ( 'NONE', 'WORKASPACE' ) );
#9956 = PRESENTATION_LAYER_ASSIGNMENT (  '', '', ( #1981 ) ) ;
#9957 = CARTESIAN_POINT ( 'NONE',  ( -6218.632872483720300, 307.0721758150609700, 0.0000000000000000000 ) ) ;
#9958 = SURFACE_STYLE_FILL_AREA ( #4733 ) ;
#9959 =( LENGTH_UNIT ( ) NAMED_UNIT ( * ) SI_UNIT ( .MILLI., .METRE. ) );
#9960 = MECHANICAL_DESIGN_GEOMETRIC_PRESENTATION_REPRESENTATION (  '', ( #5185 ), #10899 ) ;
#9961 = ORIENTED_EDGE ( 'NONE', *, *, #598, .F. ) ;
#9962 = SURFACE_STYLE_FILL_AREA ( #2238 ) ;
#9963 = PLANE ( 'NONE',  #11303 ) ;
#9964 = ORIENTED_EDGE ( 'NONE', *, *, #6468, .T. ) ;
#9965 = EDGE_CURVE ( 'NONE', #5045, #1343, #4140, .T. ) ;
#9966 = DIRECTION ( 'NONE',  ( -0.0000000000000000000, -0.0000000000000000000, 1.000000000000000000 ) ) ;
#9967 =( NAMED_UNIT ( * ) SI_UNIT ( $, .STERADIAN. ) SOLID_ANGLE_UNIT ( ) );
#9968 = SURFACE_SIDE_STYLE ('',( #3414 ) ) ;
#9969 = FILL_AREA_STYLE ('',( #6350 ) ) ;
#9970 = VECTOR ( 'NONE', #5989, 1000.000000000000000 ) ;
#9971 =( NAMED_UNIT ( * ) PLANE_ANGLE_UNIT ( ) SI_UNIT ( $, .RADIAN. ) );
#9972 = VERTEX_POINT ( 'NONE', #9332 ) ;
#9973 = FACE_OUTER_BOUND ( 'NONE', #9511, .T. ) ;
#9974 = STYLED_ITEM ( 'NONE', ( #3559 ), #4643 ) ;
#9975 = EDGE_CURVE ( 'NONE', #4250, #4794, #1769, .T. ) ;
#9976 = ORIENTED_EDGE ( 'NONE', *, *, #1106, .T. ) ;
#9977 = FILL_AREA_STYLE_COLOUR ( '', #4360 ) ;
#9978 = LINE ( 'NONE', #6066, #11065 ) ;
#9979 = CARTESIAN_POINT ( 'NONE',  ( -6220.382872483720300, 306.6790385117200200, 0.4800000000000000400 ) ) ;
#9980 = CARTESIAN_POINT ( 'NONE',  ( -6219.432737906850000, 306.1790385117199700, -2.675816190509729400E-025 ) ) ;
#9981 = DIRECTION ( 'NONE',  ( -1.000000000000000000, -0.0000000000000000000, 0.0000000000000000000 ) ) ;
#9982 = SURFACE_STYLE_FILL_AREA ( #5131 ) ;
#9983 = FACE_OUTER_BOUND ( 'NONE', #195, .T. ) ;
#9984 = CARTESIAN_POINT ( 'NONE',  ( -6218.216577452560200, 307.1090385117190100, 0.4800000000000000400 ) ) ;
#9985 = ORIENTED_EDGE ( 'NONE', *, *, #3876, .T. ) ;
#9986 = SURFACE_SIDE_STYLE ('',( #3416 ) ) ;
#9987 = CARTESIAN_POINT ( 'NONE',  ( -6220.832872483720200, 306.3943684949496200, 0.4800000000000000400 ) ) ;
#9988 = COLOUR_RGB ( '',0.7921568627450980000, 0.8196078431372548800, 0.9333333333333333500 ) ;
#9989 = ORIENTED_EDGE ( 'NONE', *, *, #9398, .T. ) ;
#9990 = EDGE_CURVE ( 'NONE', #1355, #2806, #10502, .T. ) ;
#9991 = PRESENTATION_LAYER_ASSIGNMENT (  '', '', ( #2448 ) ) ;
#9992 = EDGE_CURVE ( 'NONE', #9087, #8942, #8871, .T. ) ;
#9993 = FACE_OUTER_BOUND ( 'NONE', #2963, .T. ) ;
#9994 = DIRECTION ( 'NONE',  ( 1.000000000000000000, 0.0000000000000000000, -7.228014483267808200E-016 ) ) ;
#9995 = AXIS2_PLACEMENT_3D ( 'NONE', #7899, #4292, #9611 ) ;
#9996 = ORIENTED_EDGE ( 'NONE', *, *, #10056, .F. ) ;
#9997 = EDGE_CURVE ( 'NONE', #8433, #3775, #3742, .T. ) ;
#9998 = VECTOR ( 'NONE', #3896, 1000.000000000000000 ) ;
#9999 = SURFACE_STYLE_USAGE ( .BOTH. , #3748 ) ;
#10000 = EDGE_CURVE ( 'NONE', #2394, #8081, #8581, .T. ) ;
#10001 = CYLINDRICAL_SURFACE ( 'NONE', #5487, 0.4499999999989512400 ) ;
#10002 = UNCERTAINTY_MEASURE_WITH_UNIT (LENGTH_MEASURE( 1.000000000000000100E-005 ), #7820, 'distance_accuracy_value', 'NONE');
#10003 = DIRECTION ( 'NONE',  ( 0.0000000000000000000, 0.0000000000000000000, 1.000000000000000000 ) ) ;
#10004 = ORIENTED_EDGE ( 'NONE', *, *, #3864, .F. ) ;
#10005 = DIRECTION ( 'NONE',  ( 1.000000000000000000, -0.0000000000000000000, 0.0000000000000000000 ) ) ;
#10006 = FACE_OUTER_BOUND ( 'NONE', #9568, .T. ) ;
#10007 = ADVANCED_FACE ( 'NONE', ( #8191 ), #9009, .T. ) ;
#10008 = DIRECTION ( 'NONE',  ( 0.0000000000000000000, 0.0000000000000000000, -1.000000000000000000 ) ) ;
#10009 = DIRECTION ( 'NONE',  ( 1.000000000000000000, 0.0000000000000000000, -0.0000000000000000000 ) ) ;
#10010 = VERTEX_POINT ( 'NONE', #10250 ) ;
#10011 =( LENGTH_UNIT ( ) NAMED_UNIT ( * ) SI_UNIT ( .MILLI., .METRE. ) );
#10012 = FILL_AREA_STYLE ('',( #2903 ) ) ;
#10013 = VERTEX_POINT ( 'NONE', #2356 ) ;
#10014 = PRESENTATION_LAYER_ASSIGNMENT (  '', '', ( #7406 ) ) ;
#10015 = MECHANICAL_DESIGN_GEOMETRIC_PRESENTATION_REPRESENTATION (  '', ( #7836 ), #3906 ) ;
#10016 = CARTESIAN_POINT ( 'NONE',  ( -6219.932872483719600, 307.1790385117190000, 0.02000000000000000000 ) ) ;
#10017 = ORIENTED_EDGE ( 'NONE', *, *, #8793, .T. ) ;
#10018 = EDGE_CURVE ( 'NONE', #3473, #2696, #1906, .T. ) ;
#10019 = VECTOR ( 'NONE', #2441, 1000.000000000000000 ) ;
#10020 = FILL_AREA_STYLE ('',( #9942 ) ) ;
#10021 = VECTOR ( 'NONE', #3436, 1000.000000000000000 ) ;
#10022 = DIRECTION ( 'NONE',  ( 6.243894290491559700E-012, 0.0000000000000000000, 1.000000000000000000 ) ) ;
#10023 = FILL_AREA_STYLE ('',( #6330 ) ) ;
#10024 = ORIENTED_EDGE ( 'NONE', *, *, #6904, .T. ) ;
#10025 = PLANE ( 'NONE',  #937 ) ;
#10026 = SURFACE_STYLE_USAGE ( .BOTH. , #231 ) ;
#10027 = PRESENTATION_STYLE_ASSIGNMENT (( #4915 ) ) ;
#10028 = MECHANICAL_DESIGN_GEOMETRIC_PRESENTATION_REPRESENTATION (  '', ( #1291 ), #3087 ) ;
#10029 =( LENGTH_UNIT ( ) NAMED_UNIT ( * ) SI_UNIT ( .MILLI., .METRE. ) );
#10030 =( GEOMETRIC_REPRESENTATION_CONTEXT ( 3 ) GLOBAL_UNCERTAINTY_ASSIGNED_CONTEXT ( ( #7921 ) ) GLOBAL_UNIT_ASSIGNED_CONTEXT ( ( #7074, #9804, #9691 ) ) REPRESENTATION_CONTEXT ( 'NONE', 'WORKASPACE' ) );
#10031 = PRESENTATION_STYLE_ASSIGNMENT (( #9725 ) ) ;
#10032 = DIRECTION ( 'NONE',  ( -2.824407374646320000E-011, 0.0000000000000000000, -1.000000000000000000 ) ) ;
#10033 = DIRECTION ( 'NONE',  ( 0.0000000000000000000, 0.0000000000000000000, 1.000000000000000000 ) ) ;
#10034 = VERTEX_POINT ( 'NONE', #7668 ) ;
#10035 = DIRECTION ( 'NONE',  ( -1.000000000000000000, 0.0000000000000000000, -0.0000000000000000000 ) ) ;
#10036 = SURFACE_STYLE_FILL_AREA ( #2781 ) ;
#10037 = DIRECTION ( 'NONE',  ( 0.0000000000000000000, 1.000000000000000000, 0.0000000000000000000 ) ) ;
#10038 = VECTOR ( 'NONE', #6940, 1000.000000000000000 ) ;
#10039 = FILL_AREA_STYLE ('',( #5576 ) ) ;
#10040 = STYLED_ITEM ( 'NONE', ( #10082 ), #6778 ) ;
#10041 = AXIS2_PLACEMENT_3D ( 'NONE', #10344, #7621, #7691 ) ;
#10042 = ORIENTED_EDGE ( 'NONE', *, *, #9016, .T. ) ;
#10043 = CARTESIAN_POINT ( 'NONE',  ( -6220.500255099210300, 306.9921758150600800, 0.0000000000000000000 ) ) ;
#10044 = STYLED_ITEM ( 'NONE', ( #11472 ), #4161 ) ;
#10045 = CARTESIAN_POINT ( 'NONE',  ( -6220.332872483720200, 306.9590385117189700, 0.5000000000000000000 ) ) ;
#10046 = CARTESIAN_POINT ( 'NONE',  ( -6220.532872483720000, 306.8290385117210800, 0.4800000000000000400 ) ) ;
#10047 =( LENGTH_UNIT ( ) NAMED_UNIT ( * ) SI_UNIT ( .MILLI., .METRE. ) );
#10048 = FACE_OUTER_BOUND ( 'NONE', #7351, .T. ) ;
#10049 = SURFACE_STYLE_FILL_AREA ( #8023 ) ;
#10050 = ORIENTED_EDGE ( 'NONE', *, *, #3411, .T. ) ;
#10051 = EDGE_CURVE ( 'NONE', #5660, #9316, #5116, .T. ) ;
#10052 =( NAMED_UNIT ( * ) SI_UNIT ( $, .STERADIAN. ) SOLID_ANGLE_UNIT ( ) );
#10053 = DIRECTION ( 'NONE',  ( -1.000000000000000000, -0.0000000000000000000, 0.0000000000000000000 ) ) ;
#10054 = SURFACE_SIDE_STYLE ('',( #5155 ) ) ;
#10055 = SURFACE_STYLE_USAGE ( .BOTH. , #7302 ) ;
#10056 = EDGE_CURVE ( 'NONE', #3890, #8289, #4128, .T. ) ;
#10057 = DIRECTION ( 'NONE',  ( 0.0000000000000000000, -1.000000000000000000, -0.0000000000000000000 ) ) ;
#10058 = ADVANCED_FACE ( 'NONE', ( #7196 ), #8547, .T. ) ;
#10059 = PRESENTATION_LAYER_ASSIGNMENT (  '', '', ( #8050 ) ) ;
#10060 = ORIENTED_EDGE ( 'NONE', *, *, #7136, .F. ) ;
#10061 = FACE_OUTER_BOUND ( 'NONE', #560, .T. ) ;
#10062 = UNCERTAINTY_MEASURE_WITH_UNIT (LENGTH_MEASURE( 1.000000000000000100E-005 ), #6204, 'distance_accuracy_value', 'NONE');
#10063 = CLOSED_SHELL ( 'NONE', ( #4502, #8435, #7949, #2652, #885, #11471 ) ) ;
#10064 = ORIENTED_EDGE ( 'NONE', *, *, #2013, .T. ) ;
#10065 = EDGE_CURVE ( 'NONE', #2310, #8211, #247, .T. ) ;
#10066 = FILL_AREA_STYLE_COLOUR ( '', #7849 ) ;
#10067 = LINE ( 'NONE', #3833, #728 ) ;
#10068 =( NAMED_UNIT ( * ) PLANE_ANGLE_UNIT ( ) SI_UNIT ( $, .RADIAN. ) );
#10069 = DIRECTION ( 'NONE',  ( 1.000000000000000000, 0.0000000000000000000, 0.0000000000000000000 ) ) ;
#10070 = ORIENTED_EDGE ( 'NONE', *, *, #6956, .F. ) ;
#10072 = DIRECTION ( 'NONE',  ( -1.552091788446439900E-012, 1.000000000000000000, 0.0000000000000000000 ) ) ;
#10071 = PRESENTATION_LAYER_ASSIGNMENT (  '', '', ( #8886 ) ) ;
#10073 = PRESENTATION_LAYER_ASSIGNMENT (  '', '', ( #8724 ) ) ;
#10074 =( LENGTH_UNIT ( ) NAMED_UNIT ( * ) SI_UNIT ( .MILLI., .METRE. ) );
#10075 = FILL_AREA_STYLE_COLOUR ( '', #7014 ) ;
#10076 = EDGE_CURVE ( 'NONE', #1253, #5695, #2316, .T. ) ;
#10077 = CARTESIAN_POINT ( 'NONE',  ( -6217.832872483720200, 306.7818249162210100, 0.0000000000000000000 ) ) ;
#10078 = EDGE_LOOP ( 'NONE', ( #1917, #32, #3081, #7165 ) ) ;
#10079 =( NAMED_UNIT ( * ) PLANE_ANGLE_UNIT ( ) SI_UNIT ( $, .RADIAN. ) );
#10080 =( LENGTH_UNIT ( ) NAMED_UNIT ( * ) SI_UNIT ( .MILLI., .METRE. ) );
#10081 = LINE ( 'NONE', #3058, #10896 ) ;
#10082 = PRESENTATION_STYLE_ASSIGNMENT (( #7016 ) ) ;
#10083 = LINE ( 'NONE', #363, #6334 ) ;
#10084 = PLANE ( 'NONE',  #11216 ) ;
#10085 = VECTOR ( 'NONE', #4667, 1000.000000000000000 ) ;
#10086 = ORIENTED_EDGE ( 'NONE', *, *, #3883, .T. ) ;
#10087 =( NAMED_UNIT ( * ) SI_UNIT ( $, .STERADIAN. ) SOLID_ANGLE_UNIT ( ) );
#10088 = SURFACE_STYLE_FILL_AREA ( #10236 ) ;
#10089 = DIRECTION ( 'NONE',  ( -1.000000000000000000, -0.0000000000000000000, -0.0000000000000000000 ) ) ;
#10090 = EDGE_LOOP ( 'NONE', ( #6816, #10519, #2934, #9690 ) ) ;
#10091 =( GEOMETRIC_REPRESENTATION_CONTEXT ( 3 ) GLOBAL_UNCERTAINTY_ASSIGNED_CONTEXT ( ( #5870 ) ) GLOBAL_UNIT_ASSIGNED_CONTEXT ( ( #1335, #10270, #3989 ) ) REPRESENTATION_CONTEXT ( 'NONE', 'WORKASPACE' ) );
#10092 = CARTESIAN_POINT ( 'NONE',  ( -6220.532872483720000, 306.6790385117209900, 0.5000000000000000000 ) ) ;
#10093 = FILL_AREA_STYLE_COLOUR ( '', #7157 ) ;
#10094 =( LENGTH_UNIT ( ) NAMED_UNIT ( * ) SI_UNIT ( .MILLI., .METRE. ) );
#10095 = ORIENTED_EDGE ( 'NONE', *, *, #8633, .T. ) ;
#10096 = CARTESIAN_POINT ( 'NONE',  ( -6219.432737906850000, 306.1790385117209900, 0.02000000000000000000 ) ) ;
#10097 =( NAMED_UNIT ( * ) PLANE_ANGLE_UNIT ( ) SI_UNIT ( $, .RADIAN. ) );
#10098 = MECHANICAL_DESIGN_GEOMETRIC_PRESENTATION_REPRESENTATION (  '', ( #713 ), #9661 ) ;
#10099 = AXIS2_PLACEMENT_3D ( 'NONE', #6586, #10233, #521 ) ;
#10100 = FILL_AREA_STYLE ('',( #5644 ) ) ;
#10101 = MECHANICAL_DESIGN_GEOMETRIC_PRESENTATION_REPRESENTATION (  '', ( #3563 ), #3318 ) ;
#10102 = VECTOR ( 'NONE', #3541, 1000.000000000000000 ) ;
#10103 = LINE ( 'NONE', #432, #636 ) ;
#10104 = DIRECTION ( 'NONE',  ( 2.639666263348779900E-011, -0.0000000000000000000, -1.000000000000000000 ) ) ;
#10105 = VERTEX_POINT ( 'NONE', #8735 ) ;
#10106 = ADVANCED_FACE ( 'NONE', ( #6764 ), #2555, .T. ) ;
#10107 =( NAMED_UNIT ( * ) SI_UNIT ( $, .STERADIAN. ) SOLID_ANGLE_UNIT ( ) );
#10108 = CARTESIAN_POINT ( 'NONE',  ( -6220.617542500490300, 307.1790385117200200, 0.02000000000000000000 ) ) ;
#10109 = VERTEX_POINT ( 'NONE', #10387 ) ;
#10110 = SURFACE_STYLE_USAGE ( .BOTH. , #256 ) ;
#10111 = DIRECTION ( 'NONE',  ( 0.0000000000000000000, 0.0000000000000000000, -1.000000000000000000 ) ) ;
#10112 = CIRCLE ( 'NONE', #5499, 0.4500000000033921300 ) ;
#10113 = FACE_OUTER_BOUND ( 'NONE', #6433, .T. ) ;
#10114 = STYLED_ITEM ( 'NONE', ( #2295 ), #4502 ) ;
#10115 = EDGE_CURVE ( 'NONE', #5546, #3965, #4410, .T. ) ;
#10116 = EDGE_LOOP ( 'NONE', ( #2612, #11341, #10349, #8021, #7420, #11508, #4912, #2450 ) ) ;
#10117 = VECTOR ( 'NONE', #9255, 1000.000000000000000 ) ;
#10118 = PLANE ( 'NONE',  #5069 ) ;
#10119 = ORIENTED_EDGE ( 'NONE', *, *, #4096, .F. ) ;
#10120 =( NAMED_UNIT ( * ) PLANE_ANGLE_UNIT ( ) SI_UNIT ( $, .RADIAN. ) );
#10121 = SURFACE_SIDE_STYLE ('',( #5786 ) ) ;
#10122 = UNCERTAINTY_MEASURE_WITH_UNIT (LENGTH_MEASURE( 1.000000000000000100E-005 ), #5909, 'distance_accuracy_value', 'NONE');
#10123 = DIRECTION ( 'NONE',  ( 0.0000000000000000000, -0.0000000000000000000, -1.000000000000000000 ) ) ;
#10124 = DIRECTION ( 'NONE',  ( 0.0000000000000000000, -1.000000000000000000, -0.0000000000000000000 ) ) ;
#10125 = APPLICATION_CONTEXT ( 'automotive_design' ) ;
#10126 = VECTOR ( 'NONE', #268, 1000.000000000000000 ) ;
#10127 = PRESENTATION_STYLE_ASSIGNMENT (( #1199 ) ) ;
#10128 = DIRECTION ( 'NONE',  ( 0.0000000000000000000, 1.000000000000000000, -4.015563601695903800E-016 ) ) ;
#10129 = LINE ( 'NONE', #8636, #4293 ) ;
#10130 = ORIENTED_EDGE ( 'NONE', *, *, #10201, .T. ) ;
#10131 = VECTOR ( 'NONE', #6449, 1000.000000000000000 ) ;
#10132 = LINE ( 'NONE', #8975, #11087 ) ;
#10133 = LINE ( 'NONE', #9187, #4298 ) ;
#10134 = UNCERTAINTY_MEASURE_WITH_UNIT (LENGTH_MEASURE( 1.000000000000000100E-005 ), #485, 'distance_accuracy_value', 'NONE');
#10135 = VERTEX_POINT ( 'NONE', #2515 ) ;
#10136 = AXIS2_PLACEMENT_3D ( 'NONE', #5284, #5355, #6292 ) ;
#10137 = FILL_AREA_STYLE ('',( #9326 ) ) ;
#10138 = AXIS2_PLACEMENT_3D ( 'NONE', #4373, #1788, #5305 ) ;
#10139 = VECTOR ( 'NONE', #742, 1000.000000000000000 ) ;
#10141 = EDGE_CURVE ( 'NONE', #735, #2591, #3440, .T. ) ;
#10140 = SURFACE_STYLE_USAGE ( .BOTH. , #7431 ) ;
#10142 = SURFACE_SIDE_STYLE ('',( #10974 ) ) ;
#10143 = STYLED_ITEM ( 'NONE', ( #4840 ), #707 ) ;
#10144 = VECTOR ( 'NONE', #4949, 1000.000000000000000 ) ;
#10145 = PLANE ( 'NONE',  #8539 ) ;
#10146 = SURFACE_STYLE_FILL_AREA ( #3975 ) ;
#10147 = ORIENTED_EDGE ( 'NONE', *, *, #2517, .F. ) ;
#10148 = DIRECTION ( 'NONE',  ( 8.589123698990059600E-026, 1.000000000000000000, -2.267075416283500100E-012 ) ) ;
#10149 = SURFACE_SIDE_STYLE ('',( #1089 ) ) ;
#10150 = SURFACE_SIDE_STYLE ('',( #11281 ) ) ;
#10151 = SURFACE_SIDE_STYLE ('',( #8425 ) ) ;
#10152 = DIRECTION ( 'NONE',  ( -0.0000000000000000000, -1.000000000000000000, 0.0000000000000000000 ) ) ;
#10153 = FILL_AREA_STYLE_COLOUR ( '', #6164 ) ;
#10154 = AXIS2_PLACEMENT_3D ( 'NONE', #436, #11325, #6002 ) ;
#10155 = LINE ( 'NONE', #4033, #5303 ) ;
#10156 = ORIENTED_EDGE ( 'NONE', *, *, #10543, .F. ) ;
#10157 = AXIS2_PLACEMENT_3D ( 'NONE', #11227, #9586, #3397 ) ;
#10158 = DIRECTION ( 'NONE',  ( 4.547473508864709900E-012, 0.0000000000000000000, 1.000000000000000000 ) ) ;
#10159 = VECTOR ( 'NONE', #316, 1000.000000000000000 ) ;
#10160 = LINE ( 'NONE', #986, #4190 ) ;
#10161 = CARTESIAN_POINT ( 'NONE',  ( -6218.048202466950000, 307.1790385117200200, 0.0000000000000000000 ) ) ;
#10162 = FILL_AREA_STYLE_COLOUR ( '', #3134 ) ;
#10163 = DIRECTION ( 'NONE',  ( 0.0000000000000000000, -1.000000000000000000, 0.0000000000000000000 ) ) ;
#10164 = FACE_OUTER_BOUND ( 'NONE', #11048, .T. ) ;
#10165 = DIRECTION ( 'NONE',  ( 0.0000000000000000000, 0.0000000000000000000, -1.000000000000000000 ) ) ;
#10166 = ADVANCED_FACE ( 'NONE', ( #6217 ), #7762, .T. ) ;
#10167 =( NAMED_UNIT ( * ) PLANE_ANGLE_UNIT ( ) SI_UNIT ( $, .RADIAN. ) );
#10168 = STYLED_ITEM ( 'NONE', ( #9400 ), #10533 ) ;
#10169 = PRESENTATION_LAYER_ASSIGNMENT (  '', '', ( #7578 ) ) ;
#10170 = LINE ( 'NONE', #5493, #1532 ) ;
#10171 = CARTESIAN_POINT ( 'NONE',  ( -6218.132872483720300, 306.1790385117200200, 0.5050000000000000000 ) ) ;
#10172 = COLOUR_RGB ( '',0.7921568627450980000, 0.8196078431372548800, 0.9333333333333333500 ) ;
#10173 = SURFACE_STYLE_USAGE ( .BOTH. , #8403 ) ;
#10174 = CARTESIAN_POINT ( 'NONE',  ( -6217.832872483720200, 306.7818249162190200, 0.02000000000000000000 ) ) ;
#10175 =( NAMED_UNIT ( * ) PLANE_ANGLE_UNIT ( ) SI_UNIT ( $, .RADIAN. ) );
#10176 = ORIENTED_EDGE ( 'NONE', *, *, #4165, .T. ) ;
#10177 = CARTESIAN_POINT ( 'NONE',  ( -6220.532872483720000, 306.8290385117200000, 0.4800000000000000400 ) ) ;
#10178 =( GEOMETRIC_REPRESENTATION_CONTEXT ( 3 ) GLOBAL_UNCERTAINTY_ASSIGNED_CONTEXT ( ( #9554 ) ) GLOBAL_UNIT_ASSIGNED_CONTEXT ( ( #10029, #6447, #1120 ) ) REPRESENTATION_CONTEXT ( 'NONE', 'WORKASPACE' ) );
#10179 = LINE ( 'NONE', #9337, #7809 ) ;
#10180 =( GEOMETRIC_REPRESENTATION_CONTEXT ( 3 ) GLOBAL_UNCERTAINTY_ASSIGNED_CONTEXT ( ( #8694 ) ) GLOBAL_UNIT_ASSIGNED_CONTEXT ( ( #9453, #5062, #10362 ) ) REPRESENTATION_CONTEXT ( 'NONE', 'WORKASPACE' ) );
#10181 = MECHANICAL_DESIGN_GEOMETRIC_PRESENTATION_REPRESENTATION (  '', ( #10044 ), #9225 ) ;
#10182 = EDGE_CURVE ( 'NONE', #4763, #2007, #8451, .T. ) ;
#10183 = ORIENTED_EDGE ( 'NONE', *, *, #5456, .T. ) ;
#10184 = SURFACE_STYLE_USAGE ( .BOTH. , #10151 ) ;
#10185 = EDGE_LOOP ( 'NONE', ( #3098, #5124, #4683, #3803 ) ) ;
#10186 = VERTEX_POINT ( 'NONE', #9635 ) ;
#10187 =( LENGTH_UNIT ( ) NAMED_UNIT ( * ) SI_UNIT ( .MILLI., .METRE. ) );
#10188 = FILL_AREA_STYLE_COLOUR ( '', #22 ) ;
#10189 = ORIENTED_EDGE ( 'NONE', *, *, #8571, .F. ) ;
#10190 = PRESENTATION_STYLE_ASSIGNMENT (( #4454 ) ) ;
#10191 = EDGE_CURVE ( 'NONE', #3531, #414, #922, .T. ) ;
#10192 = UNCERTAINTY_MEASURE_WITH_UNIT (LENGTH_MEASURE( 1.000000000000000100E-005 ), #2615, 'distance_accuracy_value', 'NONE');
#10193 = EDGE_CURVE ( 'NONE', #5084, #1253, #11324, .T. ) ;
#10194 = EDGE_LOOP ( 'NONE', ( #10613, #1510, #8429, #8828 ) ) ;
#10195 =( NAMED_UNIT ( * ) SI_UNIT ( $, .STERADIAN. ) SOLID_ANGLE_UNIT ( ) );
#10196 = ORIENTED_EDGE ( 'NONE', *, *, #8418, .F. ) ;
#10197 = SURFACE_STYLE_USAGE ( .BOTH. , #2341 ) ;
#10198 = DIRECTION ( 'NONE',  ( -1.000000000000000000, 8.589123698990169800E-026, -1.947219118539887300E-037 ) ) ;
#10199 = AXIS2_PLACEMENT_3D ( 'NONE', #5127, #1613, #3408 ) ;
#10200 = SURFACE_SIDE_STYLE ('',( #2608 ) ) ;
#10201 = EDGE_CURVE ( 'NONE', #6104, #11477, #101, .T. ) ;
#10202 = SURFACE_STYLE_FILL_AREA ( #98 ) ;
#10203 =( NAMED_UNIT ( * ) SI_UNIT ( $, .STERADIAN. ) SOLID_ANGLE_UNIT ( ) );
#10204 = STYLED_ITEM ( 'NONE', ( #181 ), #7499 ) ;
#10205 = EDGE_CURVE ( 'NONE', #6957, #11455, #1336, .T. ) ;
#10206 = PRESENTATION_LAYER_ASSIGNMENT (  '', '', ( #4639 ) ) ;
#10207 = FILL_AREA_STYLE_COLOUR ( '', #6739 ) ;
#10208 = ORIENTED_EDGE ( 'NONE', *, *, #844, .T. ) ;
#10209 =( NAMED_UNIT ( * ) PLANE_ANGLE_UNIT ( ) SI_UNIT ( $, .RADIAN. ) );
#10210 = CARTESIAN_POINT ( 'NONE',  ( -6220.532872483720000, 306.6790385117209900, 0.4800000000000000400 ) ) ;
#10211 = PRESENTATION_STYLE_ASSIGNMENT (( #6843 ) ) ;
#10212 = DIRECTION ( 'NONE',  ( 1.000000000000000000, 0.0000000000000000000, 0.0000000000000000000 ) ) ;
#10213 = ORIENTED_EDGE ( 'NONE', *, *, #533, .F. ) ;
#10214 = FACE_OUTER_BOUND ( 'NONE', #3723, .T. ) ;
#10215 =( GEOMETRIC_REPRESENTATION_CONTEXT ( 3 ) GLOBAL_UNCERTAINTY_ASSIGNED_CONTEXT ( ( #434 ) ) GLOBAL_UNIT_ASSIGNED_CONTEXT ( ( #7786, #4260, #2416 ) ) REPRESENTATION_CONTEXT ( 'NONE', 'WORKASPACE' ) );
#10216 = EDGE_LOOP ( 'NONE', ( #7649, #1817, #10086, #8363, #381, #4057, #9293, #8411, #8102, #7389, #11027, #4925, #6231, #4703, #10868, #1366, #9353, #6138, #7732, #11441, #6094, #1289 ) ) ;
#10217 = ADVANCED_FACE ( 'NONE', ( #5946 ), #8004, .T. ) ;
#10218 = AXIS2_PLACEMENT_3D ( 'NONE', #5085, #2354, #11275 ) ;
#10219 = EDGE_CURVE ( 'NONE', #5737, #10135, #9687, .T. ) ;
#10220 = VECTOR ( 'NONE', #7441, 1000.000000000000000 ) ;
#10221 = CARTESIAN_POINT ( 'NONE',  ( -6218.332872483720200, 306.1790385117190000, 0.5000000000000000000 ) ) ;
#10222 = VERTEX_POINT ( 'NONE', #10649 ) ;
#10223 = LINE ( 'NONE', #5634, #2171 ) ;
#10224 = CARTESIAN_POINT ( 'NONE',  ( -6220.617542500490300, 306.1790385117200200, 0.5000000000000000000 ) ) ;
#10225 = ORIENTED_EDGE ( 'NONE', *, *, #4311, .T. ) ;
#10226 = ORIENTED_EDGE ( 'NONE', *, *, #11064, .F. ) ;
#10227 = CARTESIAN_POINT ( 'NONE',  ( -6220.500255099210300, 306.9921758150600800, 0.0000000000000000000 ) ) ;
#10228 = AXIS2_PLACEMENT_3D ( 'NONE', #5540, #5578, #250 ) ;
#10229 = SURFACE_STYLE_USAGE ( .BOTH. , #2113 ) ;
#10230 = SURFACE_STYLE_FILL_AREA ( #3621 ) ;
#10231 = COLOUR_RGB ( '',0.7921568627450980000, 0.8196078431372548800, 0.9333333333333333500 ) ;
#10232 = CARTESIAN_POINT ( 'NONE',  ( -6220.532872483720000, 306.6790385117209900, 0.4800000000000000400 ) ) ;
#10233 = DIRECTION ( 'NONE',  ( 3.297084827382099900E-012, -1.000000000000000000, -8.526512829271129700E-013 ) ) ;
#10234 =( GEOMETRIC_REPRESENTATION_CONTEXT ( 3 ) GLOBAL_UNCERTAINTY_ASSIGNED_CONTEXT ( ( #1364 ) ) GLOBAL_UNIT_ASSIGNED_CONTEXT ( ( #7834, #3406, #6962 ) ) REPRESENTATION_CONTEXT ( 'NONE', 'WORKASPACE' ) );
#10235 = VERTEX_POINT ( 'NONE', #11469 ) ;
#10236 = FILL_AREA_STYLE ('',( #3056 ) ) ;
#10237 = PRESENTATION_STYLE_ASSIGNMENT (( #10772 ) ) ;
#10238 = CARTESIAN_POINT ( 'NONE',  ( -6219.132872483720300, 306.1790385117193400, 0.02000000000000000000 ) ) ;
#10239 = ORIENTED_EDGE ( 'NONE', *, *, #9674, .T. ) ;
#10240 = DIRECTION ( 'NONE',  ( -1.000000000000000000, 0.0000000000000000000, -0.0000000000000000000 ) ) ;
#10241 = PRESENTATION_STYLE_ASSIGNMENT (( #2215 ) ) ;
#10242 = CARTESIAN_POINT ( 'NONE',  ( -6218.332872483720200, 306.1790385117200200, 0.5000000000000000000 ) ) ;
#10243 = DIRECTION ( 'NONE',  ( -1.000000000000000000, -0.0000000000000000000, -0.0000000000000000000 ) ) ;
#10244 = STYLED_ITEM ( 'NONE', ( #8834 ), #6551 ) ;
#10245 = VERTEX_POINT ( 'NONE', #1857 ) ;
#10246 = AXIS2_PLACEMENT_3D ( 'NONE', #3240, #11228, #8606 ) ;
#10247 =( NAMED_UNIT ( * ) PLANE_ANGLE_UNIT ( ) SI_UNIT ( $, .RADIAN. ) );
#10248 = PRESENTATION_LAYER_ASSIGNMENT (  '', '', ( #9076 ) ) ;
#10249 =( NAMED_UNIT ( * ) SI_UNIT ( $, .STERADIAN. ) SOLID_ANGLE_UNIT ( ) );
#10250 = CARTESIAN_POINT ( 'NONE',  ( -6218.632872483720300, 307.0721758150609700, 0.02000000000000000000 ) ) ;
#10251 = ORIENTED_EDGE ( 'NONE', *, *, #1131, .T. ) ;
#10252 = PRESENTATION_STYLE_ASSIGNMENT (( #1380 ) ) ;
#10253 = ORIENTED_EDGE ( 'NONE', *, *, #6560, .T. ) ;
#10254 = CARTESIAN_POINT ( 'NONE',  ( -6220.832872483720200, 306.5762521072200000, 0.0000000000000000000 ) ) ;
#10255 = CARTESIAN_POINT ( 'NONE',  ( -6218.230086079220200, 306.1790385117200200, 0.4899999999999999900 ) ) ;
#10256 = EDGE_CURVE ( 'NONE', #4697, #3985, #2445, .T. ) ;
#10257 = DIRECTION ( 'NONE',  ( 0.0000000000000000000, 0.0000000000000000000, -1.000000000000000000 ) ) ;
#10258 = ORIENTED_EDGE ( 'NONE', *, *, #7443, .T. ) ;
#10259 =( NAMED_UNIT ( * ) PLANE_ANGLE_UNIT ( ) SI_UNIT ( $, .RADIAN. ) );
#10260 = AXIS2_PLACEMENT_3D ( 'NONE', #3126, #6623, #4801 ) ;
#10261 = EDGE_CURVE ( 'NONE', #8383, #8262, #2178, .T. ) ;
#10262 = LINE ( 'NONE', #1746, #4864 ) ;
#10263 =( NAMED_UNIT ( * ) SI_UNIT ( $, .STERADIAN. ) SOLID_ANGLE_UNIT ( ) );
#10265 =( GEOMETRIC_REPRESENTATION_CONTEXT ( 3 ) GLOBAL_UNCERTAINTY_ASSIGNED_CONTEXT ( ( #8705 ) ) GLOBAL_UNIT_ASSIGNED_CONTEXT ( ( #5507, #1032, #10807 ) ) REPRESENTATION_CONTEXT ( 'NONE', 'WORKASPACE' ) );
#10264 = FILL_AREA_STYLE ('',( #2262 ) ) ;
#10266 = ORIENTED_EDGE ( 'NONE', *, *, #5432, .F. ) ;
#10267 = FILL_AREA_STYLE_COLOUR ( '', #54 ) ;
#10268 = EDGE_CURVE ( 'NONE', #4261, #7336, #10776, .T. ) ;
#10269 = PRESENTATION_STYLE_ASSIGNMENT (( #4098 ) ) ;
#10270 =( NAMED_UNIT ( * ) PLANE_ANGLE_UNIT ( ) SI_UNIT ( $, .RADIAN. ) );
#10271 = ORIENTED_EDGE ( 'NONE', *, *, #7181, .F. ) ;
#10272 = CARTESIAN_POINT ( 'NONE',  ( -6217.782872483719100, 306.1290385117163700, 0.0000000000000000000 ) ) ;
#10273 =( NAMED_UNIT ( * ) PLANE_ANGLE_UNIT ( ) SI_UNIT ( $, .RADIAN. ) );
#10274 = ADVANCED_FACE ( 'NONE', ( #1061 ), #1475, .T. ) ;
#10275 = CARTESIAN_POINT ( 'NONE',  ( -6218.632872483720300, 306.7290385117190100, 0.02000000000000000000 ) ) ;
#10276 = VECTOR ( 'NONE', #11424, 1000.000000000000000 ) ;
#10277 = DIRECTION ( 'NONE',  ( -9.094947017728610300E-012, 0.0000000000000000000, -1.000000000000000000 ) ) ;
#10278 = CARTESIAN_POINT ( 'NONE',  ( -6219.932872483718700, 306.8321758150599400, 0.02000000000000000000 ) ) ;
#10279 = CARTESIAN_POINT ( 'NONE',  ( -6218.732872483719800, 306.7290385117200300, 0.0000000000000000000 ) ) ;
#10280 = ORIENTED_EDGE ( 'NONE', *, *, #245, .T. ) ;
#10281 = MECHANICAL_DESIGN_GEOMETRIC_PRESENTATION_REPRESENTATION (  '', ( #8886 ), #530 ) ;
#10282 = VECTOR ( 'NONE', #1489, 1000.000000000000000 ) ;
#10284 = EDGE_CURVE ( 'NONE', #1899, #5816, #5805, .T. ) ;
#10283 = DIRECTION ( 'NONE',  ( 1.000000000000000000, 0.0000000000000000000, 0.0000000000000000000 ) ) ;
#10285 = PRESENTATION_LAYER_ASSIGNMENT (  '', '', ( #10479 ) ) ;
#10286 = LINE ( 'NONE', #3984, #4453 ) ;
#10287 = CARTESIAN_POINT ( 'NONE',  ( -6218.332872483720200, 306.6190385117200200, 0.4800000000000000400 ) ) ;
#10288 = EDGE_LOOP ( 'NONE', ( #6153, #2366, #8826, #8533 ) ) ;
#10289 = PRESENTATION_STYLE_ASSIGNMENT (( #3010 ) ) ;
#10290 = EDGE_LOOP ( 'NONE', ( #6418, #7017, #3329, #5769 ) ) ;
#10291 =( LENGTH_UNIT ( ) NAMED_UNIT ( * ) SI_UNIT ( .MILLI., .METRE. ) );
#10292 = DIRECTION ( 'NONE',  ( -0.0000000000000000000, -0.0000000000000000000, -1.000000000000000000 ) ) ;
#10293 = DIRECTION ( 'NONE',  ( -1.000000000000000000, 5.884182030513439500E-014, -9.094947017729300200E-012 ) ) ;
#10294 = FILL_AREA_STYLE_COLOUR ( '', #5736 ) ;
#10295 = ORIENTED_EDGE ( 'NONE', *, *, #9251, .F. ) ;
#10296 = FACE_OUTER_BOUND ( 'NONE', #4322, .T. ) ;
#10297 = LINE ( 'NONE', #1555, #2522 ) ;
#10298 = ORIENTED_EDGE ( 'NONE', *, *, #5763, .F. ) ;
#10299 = CARTESIAN_POINT ( 'NONE',  ( -6220.882872483718500, 306.1290385117224600, 0.4800000000000003700 ) ) ;
#10300 = SURFACE_STYLE_USAGE ( .BOTH. , #4065 ) ;
#10301 = PRESENTATION_STYLE_ASSIGNMENT (( #6224 ) ) ;
#10302 =( NAMED_UNIT ( * ) PLANE_ANGLE_UNIT ( ) SI_UNIT ( $, .RADIAN. ) );
#10303 =( LENGTH_UNIT ( ) NAMED_UNIT ( * ) SI_UNIT ( .MILLI., .METRE. ) );
#10304 = FACE_OUTER_BOUND ( 'NONE', #4186, .T. ) ;
#10305 =( LENGTH_UNIT ( ) NAMED_UNIT ( * ) SI_UNIT ( .MILLI., .METRE. ) );
#10306 = PLANE ( 'NONE',  #10831 ) ;
#10307 = AXIS2_PLACEMENT_3D ( 'NONE', #11171, #464, #7552 ) ;
#10308 = STYLED_ITEM ( 'NONE', ( #4124 ), #10324 ) ;
#10309 = CLOSED_SHELL ( 'NONE', ( #7000, #6147, #8074, #7004, #1130, #3705 ) ) ;
#10310 = PRESENTATION_LAYER_ASSIGNMENT (  '', '', ( #9359 ) ) ;
#10311 = SURFACE_SIDE_STYLE ('',( #9798 ) ) ;
#10312 =( GEOMETRIC_REPRESENTATION_CONTEXT ( 3 ) GLOBAL_UNCERTAINTY_ASSIGNED_CONTEXT ( ( #7366 ) ) GLOBAL_UNIT_ASSIGNED_CONTEXT ( ( #8335, #1166, #4787 ) ) REPRESENTATION_CONTEXT ( 'NONE', 'WORKASPACE' ) );
#10313 = FILL_AREA_STYLE_COLOUR ( '', #642 ) ;
#10314 = COLOUR_RGB ( '',0.7921568627450980000, 0.8196078431372548800, 0.9333333333333333500 ) ;
#10315 = SURFACE_STYLE_FILL_AREA ( #8302 ) ;
#10316 = LINE ( 'NONE', #4956, #9351 ) ;
#10317 = DIRECTION ( 'NONE',  ( 0.0000000000000000000, 1.911804048442970100E-012, -1.000000000000000000 ) ) ;
#10318 = ORIENTED_EDGE ( 'NONE', *, *, #9679, .F. ) ;
#10319 = DIRECTION ( 'NONE',  ( 1.000000000000000000, 0.0000000000000000000, 0.0000000000000000000 ) ) ;
#10320 = EDGE_LOOP ( 'NONE', ( #281, #8952, #6645, #9530 ) ) ;
#10321 = ORIENTED_EDGE ( 'NONE', *, *, #8847, .F. ) ;
#10322 = MANIFOLD_SOLID_BREP ( '16-1-solid1', #10309 ) ;
#10323 = AXIS2_PLACEMENT_3D ( 'NONE', #600, #7755, #718 ) ;
#10324 = ADVANCED_FACE ( 'NONE', ( #7167 ), #6294, .T. ) ;
#10325 = AXIS2_PLACEMENT_3D ( 'NONE', #6305, #1297, #11001 ) ;
#10326 = DIRECTION ( 'NONE',  ( 0.0000000000000000000, 0.0000000000000000000, 1.000000000000000000 ) ) ;
#10327 = MECHANICAL_DESIGN_GEOMETRIC_PRESENTATION_REPRESENTATION (  '', ( #222 ), #4538 ) ;
#10328 = VECTOR ( 'NONE', #8199, 1000.000000000000000 ) ;
#10329 = SURFACE_SIDE_STYLE ('',( #2075 ) ) ;
#10330 = CIRCLE ( 'NONE', #7957, 0.4500000000620119100 ) ;
#10331 = UNCERTAINTY_MEASURE_WITH_UNIT (LENGTH_MEASURE( 1.000000000000000100E-005 ), #11061, 'distance_accuracy_value', 'NONE');
#10332 = DIRECTION ( 'NONE',  ( 0.0000000000000000000, -1.000000000000000000, 0.0000000000000000000 ) ) ;
#10333 = ORIENTED_EDGE ( 'NONE', *, *, #8237, .F. ) ;
#10334 =( LENGTH_UNIT ( ) NAMED_UNIT ( * ) SI_UNIT ( .MILLI., .METRE. ) );
#10335 = DIRECTION ( 'NONE',  ( -0.0000000000000000000, 0.0000000000000000000, -1.000000000000000000 ) ) ;
#10336 = DIRECTION ( 'NONE',  ( -7.495138761179857200E-016, -3.939484632289244900E-016, -1.000000000000000000 ) ) ;
#10337 = FACE_OUTER_BOUND ( 'NONE', #6671, .T. ) ;
#10338 = DIRECTION ( 'NONE',  ( 1.000000000000000000, 1.110223024619855400E-012, 0.0000000000000000000 ) ) ;
#10339 = PLANE ( 'NONE',  #1345 ) ;
#10340 = STYLED_ITEM ( 'NONE', ( #6820 ), #5337 ) ;
#10341 = DIRECTION ( 'NONE',  ( 0.0000000000000000000, -0.0000000000000000000, 1.000000000000000000 ) ) ;
#10342 = ORIENTED_EDGE ( 'NONE', *, *, #4103, .F. ) ;
#10343 =( NAMED_UNIT ( * ) PLANE_ANGLE_UNIT ( ) SI_UNIT ( $, .RADIAN. ) );
#10344 = CARTESIAN_POINT ( 'NONE',  ( -6220.332872483720200, 306.4690385117199900, 0.4800000000000000400 ) ) ;
#10345 = AXIS2_PLACEMENT_3D ( 'NONE', #5068, #8748, #11328 ) ;
#10346 = EDGE_CURVE ( 'NONE', #6207, #7789, #8440, .T. ) ;
#10347 = ORIENTED_EDGE ( 'NONE', *, *, #7052, .T. ) ;
#10348 = LINE ( 'NONE', #6674, #3402 ) ;
#10349 = ORIENTED_EDGE ( 'NONE', *, *, #6413, .F. ) ;
#10350 = SURFACE_STYLE_USAGE ( .BOTH. , #4154 ) ;
#10351 =( NAMED_UNIT ( * ) SI_UNIT ( $, .STERADIAN. ) SOLID_ANGLE_UNIT ( ) );
#10352 = LINE ( 'NONE', #232, #912 ) ;
#10353 = VECTOR ( 'NONE', #8106, 1000.000000000000000 ) ;
#10354 = MECHANICAL_DESIGN_GEOMETRIC_PRESENTATION_REPRESENTATION (  '', ( #6793 ), #5242 ) ;
#10355 = EDGE_LOOP ( 'NONE', ( #8332, #1659, #10428, #5709 ) ) ;
#10356 = DIRECTION ( 'NONE',  ( 0.0000000000000000000, 0.0000000000000000000, 1.000000000000000000 ) ) ;
#10357 = PRESENTATION_LAYER_ASSIGNMENT (  '', '', ( #1213 ) ) ;
#10358 = CARTESIAN_POINT ( 'NONE',  ( -6220.832872483720200, 306.5762521072194300, 1.850371707708595100E-019 ) ) ;
#10359 = DIRECTION ( 'NONE',  ( 0.0000000000000000000, 0.0000000000000000000, -1.000000000000000000 ) ) ;
#10360 = SURFACE_STYLE_FILL_AREA ( #4355 ) ;
#10361 = EDGE_CURVE ( 'NONE', #11220, #6367, #6615, .T. ) ;
#10362 =( NAMED_UNIT ( * ) SI_UNIT ( $, .STERADIAN. ) SOLID_ANGLE_UNIT ( ) );
#10363 = DIRECTION ( 'NONE',  ( 1.000000000000000000, 3.700743406565736600E-013, 0.0000000000000000000 ) ) ;
#10364 = ORIENTED_EDGE ( 'NONE', *, *, #2059, .F. ) ;
#10365 = PRESENTATION_STYLE_ASSIGNMENT (( #2700 ) ) ;
#10366 = ORIENTED_EDGE ( 'NONE', *, *, #508, .T. ) ;
#10367 = FILL_AREA_STYLE ('',( #4217 ) ) ;
#10368 =( NAMED_UNIT ( * ) PLANE_ANGLE_UNIT ( ) SI_UNIT ( $, .RADIAN. ) );
#10369 = CARTESIAN_POINT ( 'NONE',  ( -6218.132872483720300, 306.1790385117200200, 0.5050000000000000000 ) ) ;
#10370 = STYLED_ITEM ( 'NONE', ( #4774 ), #2461 ) ;
#10371 = LINE ( 'NONE', #5572, #7746 ) ;
#10372 =( LENGTH_UNIT ( ) NAMED_UNIT ( * ) SI_UNIT ( .MILLI., .METRE. ) );
#10373 = ADVANCED_FACE ( 'NONE', ( #8299 ), #1001, .T. ) ;
#10374 = ORIENTED_EDGE ( 'NONE', *, *, #2038, .F. ) ;
#10375 = COLOUR_RGB ( '',0.7921568627450980000, 0.8196078431372548800, 0.9333333333333333500 ) ;
#10376 = ORIENTED_EDGE ( 'NONE', *, *, #4037, .T. ) ;
#10377 =( NAMED_UNIT ( * ) SI_UNIT ( $, .STERADIAN. ) SOLID_ANGLE_UNIT ( ) );
#10378 = SURFACE_STYLE_USAGE ( .BOTH. , #7756 ) ;
#10379 = AXIS2_PLACEMENT_3D ( 'NONE', #6529, #3905, #9266 ) ;
#10380 = PRESENTATION_STYLE_ASSIGNMENT (( #3731 ) ) ;
#10381 = AXIS2_PLACEMENT_3D ( 'NONE', #8589, #10332, #2404 ) ;
#10382 =( GEOMETRIC_REPRESENTATION_CONTEXT ( 3 ) GLOBAL_UNCERTAINTY_ASSIGNED_CONTEXT ( ( #17 ) ) GLOBAL_UNIT_ASSIGNED_CONTEXT ( ( #556, #9538, #11335 ) ) REPRESENTATION_CONTEXT ( 'NONE', 'WORKASPACE' ) );
#10383 = PLANE ( 'NONE',  #6746 ) ;
#10384 = EDGE_CURVE ( 'NONE', #4991, #6256, #235, .T. ) ;
#10385 = ORIENTED_EDGE ( 'NONE', *, *, #10219, .F. ) ;
#10386 = UNCERTAINTY_MEASURE_WITH_UNIT (LENGTH_MEASURE( 1.000000000000000100E-005 ), #3829, 'distance_accuracy_value', 'NONE');
#10387 = CARTESIAN_POINT ( 'NONE',  ( -6219.932872483718700, 307.1790385117200200, 0.0000000000000000000 ) ) ;
#10388 = VERTEX_POINT ( 'NONE', #4623 ) ;
#10389 = UNCERTAINTY_MEASURE_WITH_UNIT (LENGTH_MEASURE( 1.000000000000000100E-005 ), #10873, 'distance_accuracy_value', 'NONE');
#10390 = CARTESIAN_POINT ( 'NONE',  ( -6220.532872483720000, 306.8290385117210800, 0.5000000000000000000 ) ) ;
#10391 =( LENGTH_UNIT ( ) NAMED_UNIT ( * ) SI_UNIT ( .MILLI., .METRE. ) );
#10392 = DIRECTION ( 'NONE',  ( -9.094947017729300200E-012, 0.0000000000000000000, 1.000000000000000000 ) ) ;
#10393 = EDGE_CURVE ( 'NONE', #1724, #8916, #10352, .T. ) ;
#10394 = VERTEX_POINT ( 'NONE', #5484 ) ;
#10395 = SURFACE_SIDE_STYLE ('',( #6287 ) ) ;
#10396 =( NAMED_UNIT ( * ) SI_UNIT ( $, .STERADIAN. ) SOLID_ANGLE_UNIT ( ) );
#10397 = COLOUR_RGB ( '',0.7921568627450980000, 0.8196078431372548800, 0.9333333333333333500 ) ;
#10398 = UNCERTAINTY_MEASURE_WITH_UNIT (LENGTH_MEASURE( 1.000000000000000100E-005 ), #7925, 'distance_accuracy_value', 'NONE');
#10399 = CARTESIAN_POINT ( 'NONE',  ( -6218.332872483720200, 306.9590385117200000, 0.4800000000000000400 ) ) ;
#10400 = EDGE_LOOP ( 'NONE', ( #3274, #5485, #8794, #2490 ) ) ;
#10401 = PRESENTATION_LAYER_ASSIGNMENT (  '', '', ( #10845 ) ) ;
#10402 = EDGE_CURVE ( 'NONE', #4250, #2391, #8690, .T. ) ;
#10403 =( NAMED_UNIT ( * ) SI_UNIT ( $, .STERADIAN. ) SOLID_ANGLE_UNIT ( ) );
#10404 = MECHANICAL_DESIGN_GEOMETRIC_PRESENTATION_REPRESENTATION (  '', ( #1483 ), #4854 ) ;
#10405 = UNCERTAINTY_MEASURE_WITH_UNIT (LENGTH_MEASURE( 1.000000000000000100E-005 ), #7164, 'distance_accuracy_value', 'NONE');
#10406 = EDGE_CURVE ( 'NONE', #6620, #7274, #3269, .T. ) ;
#10407 = DIRECTION ( 'NONE',  ( -7.495138761178035000E-016, -3.939484632289041300E-016, -1.000000000000000000 ) ) ;
#10408 = EDGE_CURVE ( 'NONE', #1122, #6607, #3978, .T. ) ;
#10409 = DIRECTION ( 'NONE',  ( -1.000000000000000000, -0.0000000000000000000, -0.0000000000000000000 ) ) ;
#10410 = ORIENTED_EDGE ( 'NONE', *, *, #4540, .T. ) ;
#10411 = FILL_AREA_STYLE ('',( #1599 ) ) ;
#10412 = SURFACE_STYLE_FILL_AREA ( #6162 ) ;
#10413 =( NAMED_UNIT ( * ) SI_UNIT ( $, .STERADIAN. ) SOLID_ANGLE_UNIT ( ) );
#10414 = SURFACE_SIDE_STYLE ('',( #1802 ) ) ;
#10415 = SURFACE_SIDE_STYLE ('',( #6119 ) ) ;
#10416 = DIRECTION ( 'NONE',  ( 1.000000000000000000, 3.297084827382099900E-012, 0.0000000000000000000 ) ) ;
#10417 = ORIENTED_EDGE ( 'NONE', *, *, #7980, .F. ) ;
#10418 = CARTESIAN_POINT ( 'NONE',  ( -6218.732872483719800, 307.1790385117200200, 1.440281037346680400E-025 ) ) ;
#10419 = PRESENTATION_STYLE_ASSIGNMENT (( #2526 ) ) ;
#10420 = ORIENTED_EDGE ( 'NONE', *, *, #8723, .F. ) ;
#10421 = PLANE ( 'NONE',  #10218 ) ;
#10422 = PRESENTATION_LAYER_ASSIGNMENT (  '', '', ( #9264 ) ) ;
#10423 = COLOUR_RGB ( '',0.7921568627450980000, 0.8196078431372548800, 0.9333333333333333500 ) ;
#10424 = PLANE ( 'NONE',  #13 ) ;
#10425 = SURFACE_SIDE_STYLE ('',( #37 ) ) ;
#10426 = STYLED_ITEM ( 'NONE', ( #4677 ), #1070 ) ;
#10427 =( NAMED_UNIT ( * ) SI_UNIT ( $, .STERADIAN. ) SOLID_ANGLE_UNIT ( ) );
#10428 = ORIENTED_EDGE ( 'NONE', *, *, #4425, .T. ) ;
#10429 = ADVANCED_FACE ( 'NONE', ( #4258 ), #1078, .T. ) ;
#10430 = VECTOR ( 'NONE', #5928, 1000.000000000000000 ) ;
#10431 = COLOUR_RGB ( '',0.7921568627450980000, 0.8196078431372548800, 0.9333333333333333500 ) ;
#10432 = CARTESIAN_POINT ( 'NONE',  ( -6218.392872483719700, 307.0721758150600100, 4.204061456548730200E-143 ) ) ;
#10433 =( LENGTH_UNIT ( ) NAMED_UNIT ( * ) SI_UNIT ( .MILLI., .METRE. ) );
#10434 = VERTEX_POINT ( 'NONE', #9987 ) ;
#10435 = FILL_AREA_STYLE_COLOUR ( '', #5177 ) ;
#10436 = SURFACE_SIDE_STYLE ('',( #4823 ) ) ;
#10437 = LINE ( 'NONE', #8296, #5748 ) ;
#10438 =( NAMED_UNIT ( * ) PLANE_ANGLE_UNIT ( ) SI_UNIT ( $, .RADIAN. ) );
#10439 = ORIENTED_EDGE ( 'NONE', *, *, #7065, .T. ) ;
#10440 = VERTEX_POINT ( 'NONE', #7383 ) ;
#10441 = FILL_AREA_STYLE ('',( #7745 ) ) ;
#10442 = PLANE ( 'NONE',  #496 ) ;
#10443 = PRESENTATION_LAYER_ASSIGNMENT (  '', '', ( #8675 ) ) ;
#10444 = COLOUR_RGB ( '',0.7921568627450980000, 0.8196078431372548800, 0.9333333333333333500 ) ;
#10445 = STYLED_ITEM ( 'NONE', ( #11170 ), #10598 ) ;
#10446 = STYLED_ITEM ( 'NONE', ( #7195 ), #3641 ) ;
#10447 = EDGE_LOOP ( 'NONE', ( #10858, #7558, #6786, #989 ) ) ;
#10448 = EDGE_LOOP ( 'NONE', ( #3210, #11496, #9827, #9333 ) ) ;
#10449 = VERTEX_POINT ( 'NONE', #4663 ) ;
#10450 = DIRECTION ( 'NONE',  ( 1.000000000000000000, -0.0000000000000000000, 0.0000000000000000000 ) ) ;
#10451 =( NAMED_UNIT ( * ) PLANE_ANGLE_UNIT ( ) SI_UNIT ( $, .RADIAN. ) );
#10452 = VERTEX_POINT ( 'NONE', #10850 ) ;
#10453 = EDGE_CURVE ( 'NONE', #7659, #371, #5790, .T. ) ;
#10454 = UNCERTAINTY_MEASURE_WITH_UNIT (LENGTH_MEASURE( 1.000000000000000100E-005 ), #3825, 'distance_accuracy_value', 'NONE');
#10455 = ORIENTED_EDGE ( 'NONE', *, *, #1625, .T. ) ;
#10456 = AXIS2_PLACEMENT_3D ( 'NONE', #10460, #6981, #5174 ) ;
#10457 = EDGE_CURVE ( 'NONE', #9232, #8906, #5227, .T. ) ;
#10458 =( NAMED_UNIT ( * ) PLANE_ANGLE_UNIT ( ) SI_UNIT ( $, .RADIAN. ) );
#10459 = SURFACE_STYLE_FILL_AREA ( #4071 ) ;
#10460 = CARTESIAN_POINT ( 'NONE',  ( -6220.882872483715800, 307.2290385117060500, 0.02000000000000000000 ) ) ;
#10461 = CARTESIAN_POINT ( 'NONE',  ( -6220.832872483720200, 306.3943684949496200, 0.02000000000000000400 ) ) ;
#10462 = ORIENTED_EDGE ( 'NONE', *, *, #6898, .T. ) ;
#10463 = DIRECTION ( 'NONE',  ( -1.000000000000000000, -0.0000000000000000000, -0.0000000000000000000 ) ) ;
#10464 = UNCERTAINTY_MEASURE_WITH_UNIT (LENGTH_MEASURE( 1.000000000000000100E-005 ), #3320, 'distance_accuracy_value', 'NONE');
#10465 = ORIENTED_EDGE ( 'NONE', *, *, #9458, .T. ) ;
#10466 = CARTESIAN_POINT ( 'NONE',  ( -6220.532872483720000, 306.8290385117210800, 0.4800000000000000400 ) ) ;
#10467 = CARTESIAN_POINT ( 'NONE',  ( -6220.532872483720000, 306.8290385117200000, 0.4800000000000000400 ) ) ;
#10468 =( NAMED_UNIT ( * ) PLANE_ANGLE_UNIT ( ) SI_UNIT ( $, .RADIAN. ) );
#10469 = SURFACE_SIDE_STYLE ('',( #6744 ) ) ;
#10470 = LINE ( 'NONE', #541, #7315 ) ;
#10471 = PRESENTATION_LAYER_ASSIGNMENT (  '', '', ( #5153 ) ) ;
#10472 = CARTESIAN_POINT ( 'NONE',  ( -6220.332872483720200, 306.7818249162199900, 0.5000000000000000000 ) ) ;
#10473 = VERTEX_POINT ( 'NONE', #10729 ) ;
#10474 = CARTESIAN_POINT ( 'NONE',  ( -6220.532872483720000, 306.8290385117200000, 0.4800000000000000400 ) ) ;
#10475 = ADVANCED_FACE ( 'NONE', ( #9673 ), #2977, .T. ) ;
#10476 = VECTOR ( 'NONE', #377, 1000.000000000000000 ) ;
#10477 = ORIENTED_EDGE ( 'NONE', *, *, #9990, .T. ) ;
#10478 = EDGE_CURVE ( 'NONE', #4108, #49, #7452, .T. ) ;
#10479 = STYLED_ITEM ( 'NONE', ( #11231 ), #321 ) ;
#10480 = VECTOR ( 'NONE', #2942, 1000.000000000000000 ) ;
#10481 = FILL_AREA_STYLE_COLOUR ( '', #11014 ) ;
#10482 = VECTOR ( 'NONE', #5287, 1000.000000000000000 ) ;
#10483 = FACE_OUTER_BOUND ( 'NONE', #8725, .T. ) ;
#10484 = CARTESIAN_POINT ( 'NONE',  ( -6218.632872483720300, 306.1790385117200200, 0.0000000000000000000 ) ) ;
#10485 = FILL_AREA_STYLE_COLOUR ( '', #5387 ) ;
#10486 = VERTEX_POINT ( 'NONE', #343 ) ;
#10487 = CARTESIAN_POINT ( 'NONE',  ( -6219.932872483718700, 306.9921758150609900, 3.076888951331590100E-037 ) ) ;
#10488 = LINE ( 'NONE', #1036, #10476 ) ;
#10489 = DIRECTION ( 'NONE',  ( -2.742694960033979600E-011, 0.0000000000000000000, -1.000000000000000000 ) ) ;
#10490 = LINE ( 'NONE', #7199, #1902 ) ;
#10491 =( GEOMETRIC_REPRESENTATION_CONTEXT ( 3 ) GLOBAL_UNCERTAINTY_ASSIGNED_CONTEXT ( ( #3014 ) ) GLOBAL_UNIT_ASSIGNED_CONTEXT ( ( #3336, #1591, #3384 ) ) REPRESENTATION_CONTEXT ( 'NONE', 'WORKASPACE' ) );
#10492 = VECTOR ( 'NONE', #3717, 1000.000000000000000 ) ;
#10493 = DIRECTION ( 'NONE',  ( -0.0000000000000000000, 1.000000000000000000, 0.0000000000000000000 ) ) ;
#10494 = PRESENTATION_LAYER_ASSIGNMENT (  '', '', ( #9944 ) ) ;
#10495 = EDGE_LOOP ( 'NONE', ( #11136, #6419, #10239, #514 ) ) ;
#10496 = DIRECTION ( 'NONE',  ( 0.0000000000000000000, 0.0000000000000000000, -1.000000000000000000 ) ) ;
#10497 = CARTESIAN_POINT ( 'NONE',  ( -6218.332872483720200, 307.1090385117190100, 0.5000000000000000000 ) ) ;
#10498 = VECTOR ( 'NONE', #418, 1000.000000000000000 ) ;
#10499 = ORIENTED_EDGE ( 'NONE', *, *, #10847, .F. ) ;
#10500 = FILL_AREA_STYLE ('',( #9647 ) ) ;
#10501 = SURFACE_STYLE_USAGE ( .BOTH. , #7853 ) ;
#10502 = LINE ( 'NONE', #11100, #5952 ) ;
#10503 = CARTESIAN_POINT ( 'NONE',  ( -6217.832872483720200, 306.7290385117190100, 0.0000000000000000000 ) ) ;
#10504 = ORIENTED_EDGE ( 'NONE', *, *, #2683, .T. ) ;
#10505 = MECHANICAL_DESIGN_GEOMETRIC_PRESENTATION_REPRESENTATION (  '', ( #9141 ), #3787 ) ;
#10506 = AXIS2_PLACEMENT_3D ( 'NONE', #4234, #10562, #1655 ) ;
#10507 = CIRCLE ( 'NONE', #7479, 0.2700000000048774500 ) ;
#10508 = SURFACE_STYLE_FILL_AREA ( #211 ) ;
#10509 = PLANE ( 'NONE',  #8018 ) ;
#10510 = DIRECTION ( 'NONE',  ( -1.000000000000000000, 0.0000000000000000000, -0.0000000000000000000 ) ) ;
#10511 = ORIENTED_EDGE ( 'NONE', *, *, #10809, .T. ) ;
#10512 = CARTESIAN_POINT ( 'NONE',  ( -6220.435658888220100, 306.1790385117190000, 0.01999999999999999700 ) ) ;
#10513 = CARTESIAN_POINT ( 'NONE',  ( -6220.670740449360900, 306.8321758150610200, 0.02000000000000000000 ) ) ;
#10514 = STYLED_ITEM ( 'NONE', ( #4755 ), #2767 ) ;
#10515 = MANIFOLD_SOLID_BREP ( '20-1-solid1', #6337 ) ;
#10516 = DIRECTION ( 'NONE',  ( -0.0000000000000000000, -0.0000000000000000000, -1.000000000000000000 ) ) ;
#10517 = VECTOR ( 'NONE', #71, 1000.000000000000000 ) ;
#10518 = EDGE_CURVE ( 'NONE', #4, #1205, #10081, .T. ) ;
#10519 = ORIENTED_EDGE ( 'NONE', *, *, #6771, .F. ) ;
#10520 = UNCERTAINTY_MEASURE_WITH_UNIT (LENGTH_MEASURE( 1.000000000000000100E-005 ), #2304, 'distance_accuracy_value', 'NONE');
#10521 = VECTOR ( 'NONE', #46, 1000.000000000000000 ) ;
#10522 = SURFACE_STYLE_FILL_AREA ( #2561 ) ;
#10523 = CARTESIAN_POINT ( 'NONE',  ( -6220.532872483720000, 307.1790385117200200, 0.5000000000000000000 ) ) ;
#10524 = ORIENTED_EDGE ( 'NONE', *, *, #5654, .T. ) ;
#10525 = PRESENTATION_LAYER_ASSIGNMENT (  '', '', ( #4610 ) ) ;
#10526 = DIRECTION ( 'NONE',  ( -2.717825964282370000E-011, 0.0000000000000000000, 1.000000000000000000 ) ) ;
#10527 = AXIS2_PLACEMENT_3D ( 'NONE', #2225, #396, #1324 ) ;
#10528 =( NAMED_UNIT ( * ) PLANE_ANGLE_UNIT ( ) SI_UNIT ( $, .RADIAN. ) );
#10529 = PRESENTATION_LAYER_ASSIGNMENT (  '', '', ( #9974 ) ) ;
#10530 =( NAMED_UNIT ( * ) PLANE_ANGLE_UNIT ( ) SI_UNIT ( $, .RADIAN. ) );
#10531 = ORIENTED_EDGE ( 'NONE', *, *, #792, .T. ) ;
#10532 = FACE_OUTER_BOUND ( 'NONE', #462, .T. ) ;
#10533 = ADVANCED_FACE ( 'NONE', ( #615 ), #2240, .T. ) ;
#10534 = ORIENTED_EDGE ( 'NONE', *, *, #10955, .F. ) ;
#10535 = CARTESIAN_POINT ( 'NONE',  ( -6220.832872483720200, 306.7818249162199900, 0.0000000000000000000 ) ) ;
#10536 = DIRECTION ( 'NONE',  ( 1.000000000000000000, 0.0000000000000000000, -0.0000000000000000000 ) ) ;
#10537 = LINE ( 'NONE', #11372, #9186 ) ;
#10538 = EDGE_CURVE ( 'NONE', #3747, #10013, #4112, .T. ) ;
#10539 = CARTESIAN_POINT ( 'NONE',  ( -6218.165489868230000, 306.9921758150609900, 4.235164736271501700E-019 ) ) ;
#10540 = ADVANCED_FACE ( 'NONE', ( #3135 ), #4893, .T. ) ;
#10541 = FILL_AREA_STYLE_COLOUR ( '', #9589 ) ;
#10542 = AXIS2_PLACEMENT_3D ( 'NONE', #6089, #2659, #5148 ) ;
#10543 = EDGE_CURVE ( 'NONE', #3849, #6934, #8679, .T. ) ;
#10544 = VECTOR ( 'NONE', #11293, 1000.000000000000000 ) ;
#10545 = LINE ( 'NONE', #7340, #988 ) ;
#10546 = ORIENTED_EDGE ( 'NONE', *, *, #4938, .F. ) ;
#10547 = PRESENTATION_LAYER_ASSIGNMENT (  '', '', ( #597 ) ) ;
#10548 = EDGE_CURVE ( 'NONE', #11340, #7123, #2859, .T. ) ;
#10549 = MECHANICAL_DESIGN_GEOMETRIC_PRESENTATION_REPRESENTATION (  '', ( #2616 ), #7394 ) ;
#10550 = SURFACE_SIDE_STYLE ('',( #11232 ) ) ;
#10551 = CARTESIAN_POINT ( 'NONE',  ( -6217.832872483720200, 306.7818249162199900, 0.4899999999999999900 ) ) ;
#10552 = CARTESIAN_POINT ( 'NONE',  ( -6220.532872483720000, 306.6790385117190000, 0.4800000000000000400 ) ) ;
#10553 = ORIENTED_EDGE ( 'NONE', *, *, #7013, .F. ) ;
#10554 = FILL_AREA_STYLE ('',( #3522 ) ) ;
#10555 = SURFACE_STYLE_FILL_AREA ( #2409 ) ;
#10556 = ORIENTED_EDGE ( 'NONE', *, *, #2638, .T. ) ;
#10557 = SURFACE_SIDE_STYLE ('',( #9644 ) ) ;
#10558 = CARTESIAN_POINT ( 'NONE',  ( -6220.532872483720000, 306.8290385117210800, 0.4800000000000000400 ) ) ;
#10559 = STYLED_ITEM ( 'NONE', ( #9820 ), #8985 ) ;
#10560 = CARTESIAN_POINT ( 'NONE',  ( -6220.532872483720000, 307.1790385117200200, 0.5000000000000000000 ) ) ;
#10561 = DIRECTION ( 'NONE',  ( 1.000000000000000000, 0.0000000000000000000, 0.0000000000000000000 ) ) ;
#10562 = DIRECTION ( 'NONE',  ( 0.0000000000000000000, 0.0000000000000000000, 1.000000000000000000 ) ) ;
#10563 = PRESENTATION_LAYER_ASSIGNMENT (  '', '', ( #910 ) ) ;
#10564 = VECTOR ( 'NONE', #1447, 1000.000000000000000 ) ;
#10565 = CARTESIAN_POINT ( 'NONE',  ( -6220.522872483719800, 306.9590385117200000, 0.4800000000000000400 ) ) ;
#10566 = VERTEX_POINT ( 'NONE', #10238 ) ;
#10567 = EDGE_CURVE ( 'NONE', #5380, #6466, #8146, .T. ) ;
#10568 = SURFACE_STYLE_FILL_AREA ( #1474 ) ;
#10569 = DIRECTION ( 'NONE',  ( -0.0000000000000000000, -0.0000000000000000000, -1.000000000000000000 ) ) ;
#10570 = LINE ( 'NONE', #3689, #6566 ) ;
#10571 = CARTESIAN_POINT ( 'NONE',  ( -6220.382872483720300, 306.8290385117189800, 0.4800000000000000400 ) ) ;
#10572 =( NAMED_UNIT ( * ) PLANE_ANGLE_UNIT ( ) SI_UNIT ( $, .RADIAN. ) );
#10573 = ORIENTED_EDGE ( 'NONE', *, *, #6904, .F. ) ;
#10574 = CARTESIAN_POINT ( 'NONE',  ( -6219.532872483720000, 306.1790385117200200, 0.02000000000000000000 ) ) ;
#10575 = ORIENTED_EDGE ( 'NONE', *, *, #894, .F. ) ;
#10576 = STYLED_ITEM ( 'NONE', ( #4174 ), #6147 ) ;
#10577 =( NAMED_UNIT ( * ) SI_UNIT ( $, .STERADIAN. ) SOLID_ANGLE_UNIT ( ) );
#10578 = VERTEX_POINT ( 'NONE', #1383 ) ;
#10579 = PRESENTATION_LAYER_ASSIGNMENT (  '', '', ( #8827 ) ) ;
#10580 = FACE_OUTER_BOUND ( 'NONE', #5904, .T. ) ;
#10581 = CARTESIAN_POINT ( 'NONE',  ( -6220.832872483720200, 306.6190385117200200, 0.0000000000000000000 ) ) ;
#10582 = CARTESIAN_POINT ( 'NONE',  ( -6218.132872483720300, 307.1790385117200200, 0.5000000000000000000 ) ) ;
#10583 = CARTESIAN_POINT ( 'NONE',  ( -6220.617542500490300, 307.1790385117200200, 0.02000000000000000000 ) ) ;
#10584 = VERTEX_POINT ( 'NONE', #11266 ) ;
#10585 = DIRECTION ( 'NONE',  ( 0.0000000000000000000, -1.000000000000000000, -0.0000000000000000000 ) ) ;
#10586 =( NAMED_UNIT ( * ) PLANE_ANGLE_UNIT ( ) SI_UNIT ( $, .RADIAN. ) );
#10587 = DIRECTION ( 'NONE',  ( 2.694196650005840100E-024, 9.811002025623255400E-037, -1.000000000000000000 ) ) ;
#10588 = ORIENTED_EDGE ( 'NONE', *, *, #8005, .F. ) ;
#10589 = ADVANCED_FACE ( 'NONE', ( #11435 ), #3277, .T. ) ;
#10590 = CARTESIAN_POINT ( 'NONE',  ( -6220.532872483720000, 306.8290385117210800, 0.4800000000000000400 ) ) ;
#10591 =( GEOMETRIC_REPRESENTATION_CONTEXT ( 3 ) GLOBAL_UNCERTAINTY_ASSIGNED_CONTEXT ( ( #3009 ) ) GLOBAL_UNIT_ASSIGNED_CONTEXT ( ( #3291, #6857, #2438 ) ) REPRESENTATION_CONTEXT ( 'NONE', 'WORKASPACE' ) );
#10592 = FACE_OUTER_BOUND ( 'NONE', #3415, .T. ) ;
#10593 = PRESENTATION_LAYER_ASSIGNMENT (  '', '', ( #7280 ) ) ;
#10594 =( GEOMETRIC_REPRESENTATION_CONTEXT ( 3 ) GLOBAL_UNCERTAINTY_ASSIGNED_CONTEXT ( ( #8149 ) ) GLOBAL_UNIT_ASSIGNED_CONTEXT ( ( #4564, #10751, #3638 ) ) REPRESENTATION_CONTEXT ( 'NONE', 'WORKASPACE' ) );
#10595 = SURFACE_STYLE_FILL_AREA ( #9831 ) ;
#10596 = PLANE ( 'NONE',  #4474 ) ;
#10597 = PRESENTATION_STYLE_ASSIGNMENT (( #4966 ) ) ;
#10598 = ADVANCED_FACE ( 'NONE', ( #1875 ), #1419, .T. ) ;
#10599 = UNCERTAINTY_MEASURE_WITH_UNIT (LENGTH_MEASURE( 1.000000000000000100E-005 ), #9090, 'distance_accuracy_value', 'NONE');
#10600 = VERTEX_POINT ( 'NONE', #7654 ) ;
#10601 = FILL_AREA_STYLE ('',( #5199 ) ) ;
#10602 =( NAMED_UNIT ( * ) SI_UNIT ( $, .STERADIAN. ) SOLID_ANGLE_UNIT ( ) );
#10603 =( LENGTH_UNIT ( ) NAMED_UNIT ( * ) SI_UNIT ( .MILLI., .METRE. ) );
#10604 = ORIENTED_EDGE ( 'NONE', *, *, #7325, .F. ) ;
#10605 =( NAMED_UNIT ( * ) SI_UNIT ( $, .STERADIAN. ) SOLID_ANGLE_UNIT ( ) );
#10606 = EDGE_CURVE ( 'NONE', #9848, #972, #75, .T. ) ;
#10607 = FACE_OUTER_BOUND ( 'NONE', #3185, .T. ) ;
#10608 = VERTEX_POINT ( 'NONE', #3206 ) ;
#10609 = VECTOR ( 'NONE', #408, 1000.000000000000000 ) ;
#10610 = CARTESIAN_POINT ( 'NONE',  ( -6219.132872483720300, 307.1790385117190000, 0.0000000000000000000 ) ) ;
#10611 = AXIS2_PLACEMENT_3D ( 'NONE', #9979, #1107, #2830 ) ;
#10612 = EDGE_CURVE ( 'NONE', #9365, #977, #3547, .T. ) ;
#10613 = ORIENTED_EDGE ( 'NONE', *, *, #7637, .F. ) ;
#10614 = DIRECTION ( 'NONE',  ( 0.0000000000000000000, 0.0000000000000000000, -1.000000000000000000 ) ) ;
#10615 = FILL_AREA_STYLE_COLOUR ( '', #273 ) ;
#10616 = ORIENTED_EDGE ( 'NONE', *, *, #3356, .F. ) ;
#10617 = MECHANICAL_DESIGN_GEOMETRIC_PRESENTATION_REPRESENTATION (  '', ( #10783 ), #6477 ) ;
#10618 = DIRECTION ( 'NONE',  ( 1.000000000000000000, -2.504160057532899900E-024, -4.547473508864339900E-012 ) ) ;
#10619 = EDGE_CURVE ( 'NONE', #8070, #7456, #11306, .T. ) ;
#10620 = SURFACE_STYLE_FILL_AREA ( #8955 ) ;
#10621 = PLANE ( 'NONE',  #4739 ) ;
#10622 = ORIENTED_EDGE ( 'NONE', *, *, #6383, .F. ) ;
#10623 =( LENGTH_UNIT ( ) NAMED_UNIT ( * ) SI_UNIT ( .MILLI., .METRE. ) );
#10624 = VERTEX_POINT ( 'NONE', #8569 ) ;
#10625 = SURFACE_SIDE_STYLE ('',( #927 ) ) ;
#10626 = CARTESIAN_POINT ( 'NONE',  ( -6220.617542500490300, 306.1790385117190000, 0.2500000000000000000 ) ) ;
#10627 = VECTOR ( 'NONE', #4385, 1000.000000000000000 ) ;
#10628 =( LENGTH_UNIT ( ) NAMED_UNIT ( * ) SI_UNIT ( .MILLI., .METRE. ) );
#10629 = CARTESIAN_POINT ( 'NONE',  ( -6219.232872483719800, 306.1790385117200200, 1.288113319412484200E-144 ) ) ;
#10630 = DIRECTION ( 'NONE',  ( 0.0000000000000000000, 0.0000000000000000000, 1.000000000000000000 ) ) ;
#10631 = SURFACE_STYLE_FILL_AREA ( #4464 ) ;
#10632 =( LENGTH_UNIT ( ) NAMED_UNIT ( * ) SI_UNIT ( .MILLI., .METRE. ) );
#10633 = DIRECTION ( 'NONE',  ( -1.000000000000000000, 0.0000000000000000000, 0.0000000000000000000 ) ) ;
#10634 = AXIS2_PLACEMENT_3D ( 'NONE', #775, #733, #5995 ) ;
#10635 = ORIENTED_EDGE ( 'NONE', *, *, #2449, .F. ) ;
#10636 = VECTOR ( 'NONE', #6062, 1000.000000000000000 ) ;
#10637 = AXIS2_PLACEMENT_3D ( 'NONE', #3666, #1007, #1779 ) ;
#10638 = LINE ( 'NONE', #4861, #6889 ) ;
#10639 = EDGE_LOOP ( 'NONE', ( #8127, #2432, #10524, #9211 ) ) ;
#10640 = DIRECTION ( 'NONE',  ( 0.0000000000000000000, -0.0000000000000000000, 1.000000000000000000 ) ) ;
#10641 = COLOUR_RGB ( '',0.7921568627450980000, 0.8196078431372548800, 0.9333333333333333500 ) ;
#10642 = DIRECTION ( 'NONE',  ( 7.058096291289260200E-024, 1.095481329577433300E-035, -1.000000000000000000 ) ) ;
#10643 = FACE_OUTER_BOUND ( 'NONE', #10447, .T. ) ;
#10644 =( LENGTH_UNIT ( ) NAMED_UNIT ( * ) SI_UNIT ( .MILLI., .METRE. ) );
#10645 = VECTOR ( 'NONE', #4904, 1000.000000000000000 ) ;
#10646 = SURFACE_SIDE_STYLE ('',( #4060 ) ) ;
#10647 = SURFACE_SIDE_STYLE ('',( #133 ) ) ;
#10648 = EDGE_LOOP ( 'NONE', ( #4302, #6570, #4757, #7126 ) ) ;
#10649 = CARTESIAN_POINT ( 'NONE',  ( -6220.332872483720200, 306.6190385117200200, 0.5000000000000000000 ) ) ;
#10650 = LINE ( 'NONE', #10242, #3294 ) ;
#10651 = CIRCLE ( 'NONE', #5837, 0.4500000000486892300 ) ;
#10652 = ORIENTED_EDGE ( 'NONE', *, *, #1048, .T. ) ;
#10653 = ADVANCED_FACE ( 'NONE', ( #2152 ), #10306, .T. ) ;
#10654 = SURFACE_SIDE_STYLE ('',( #10595 ) ) ;
#10655 = AXIS2_PLACEMENT_3D ( 'NONE', #3167, #4957, #1410 ) ;
#10656 = VECTOR ( 'NONE', #1090, 1000.000000000000000 ) ;
#10657 = FILL_AREA_STYLE ('',( #44 ) ) ;
#10658 = VECTOR ( 'NONE', #7945, 1000.000000000000000 ) ;
#10659 = VERTEX_POINT ( 'NONE', #10275 ) ;
#10660 = PLANE ( 'NONE',  #4162 ) ;
#10661 = FACE_OUTER_BOUND ( 'NONE', #9952, .T. ) ;
#10662 = DIRECTION ( 'NONE',  ( 6.199485369506870100E-012, 0.0000000000000000000, 1.000000000000000000 ) ) ;
#10663 = LINE ( 'NONE', #1095, #3611 ) ;
#10664 = ADVANCED_FACE ( 'NONE', ( #9383 ), #10442, .T. ) ;
#10665 = CARTESIAN_POINT ( 'NONE',  ( -6218.048202466950000, 306.1790385117200200, 0.4800000000000000400 ) ) ;
#10666 = ORIENTED_EDGE ( 'NONE', *, *, #6969, .T. ) ;
#10667 = UNCERTAINTY_MEASURE_WITH_UNIT (LENGTH_MEASURE( 1.000000000000000100E-005 ), #10931, 'distance_accuracy_value', 'NONE');
#10668 = DIRECTION ( 'NONE',  ( -0.0000000000000000000, -0.0000000000000000000, 1.000000000000000000 ) ) ;
#10669 =( GEOMETRIC_REPRESENTATION_CONTEXT ( 3 ) GLOBAL_UNCERTAINTY_ASSIGNED_CONTEXT ( ( #2514 ) ) GLOBAL_UNIT_ASSIGNED_CONTEXT ( ( #9446, #5767, #2250 ) ) REPRESENTATION_CONTEXT ( 'NONE', 'WORKASPACE' ) );
#10670 = AXIS2_PLACEMENT_3D ( 'NONE', #9739, #3567, #9776 ) ;
#10671 =( NAMED_UNIT ( * ) SI_UNIT ( $, .STERADIAN. ) SOLID_ANGLE_UNIT ( ) );
#10672 = PRESENTATION_LAYER_ASSIGNMENT (  '', '', ( #2897 ) ) ;
#10673 = SURFACE_SIDE_STYLE ('',( #10620 ) ) ;
#10674 = UNCERTAINTY_MEASURE_WITH_UNIT (LENGTH_MEASURE( 1.000000000000000100E-005 ), #6451, 'distance_accuracy_value', 'NONE');
#10675 = PRESENTATION_LAYER_ASSIGNMENT (  '', '', ( #9146 ) ) ;
#10676 = COLOUR_RGB ( '',0.7921568627450980000, 0.8196078431372548800, 0.9333333333333333500 ) ;
#10677 = VERTEX_POINT ( 'NONE', #5158 ) ;
#10678 = SURFACE_STYLE_FILL_AREA ( #3476 ) ;
#10679 =( NAMED_UNIT ( * ) SI_UNIT ( $, .STERADIAN. ) SOLID_ANGLE_UNIT ( ) );
#10680 = SURFACE_STYLE_USAGE ( .BOTH. , #3535 ) ;
#10681 = SURFACE_SIDE_STYLE ('',( #2738 ) ) ;
#10682 = DIRECTION ( 'NONE',  ( 0.0000000000000000000, 0.0000000000000000000, 1.000000000000000000 ) ) ;
#10683 = PRODUCT_DEFINITION_FORMATION_WITH_SPECIFIED_SOURCE ( 'ANY', '', #3389, .NOT_KNOWN. ) ;
#10684 = CARTESIAN_POINT ( 'NONE',  ( -6220.882872483718500, 306.1290385117224600, 0.5000000000000003300 ) ) ;
#10685 = ORIENTED_EDGE ( 'NONE', *, *, #9095, .T. ) ;
#10686 = DIRECTION ( 'NONE',  ( 6.017408792641659600E-013, 1.000000000000000000, 0.0000000000000000000 ) ) ;
#10687 = EDGE_CURVE ( 'NONE', #4200, #329, #8667, .T. ) ;
#10688 = FILL_AREA_STYLE ('',( #1735 ) ) ;
#10689 = CIRCLE ( 'NONE', #8014, 0.4500000000238202300 ) ;
#10690 = VECTOR ( 'NONE', #6320, 1000.000000000000000 ) ;
#10691 = CARTESIAN_POINT ( 'NONE',  ( -6220.532872483720000, 306.8290385117210800, 0.4800000000000000400 ) ) ;
#10692 = DIRECTION ( 'NONE',  ( -0.0000000000000000000, 0.0000000000000000000, 1.000000000000000000 ) ) ;
#10693 = SURFACE_STYLE_USAGE ( .BOTH. , #4588 ) ;
#10694 = ORIENTED_EDGE ( 'NONE', *, *, #9398, .F. ) ;
#10695 = FILL_AREA_STYLE ('',( #4508 ) ) ;
#10696 = DIRECTION ( 'NONE',  ( -1.000000000000000000, -0.0000000000000000000, 0.0000000000000000000 ) ) ;
#10697 = CYLINDRICAL_SURFACE ( 'NONE', #10727, 0.4500000000620119100 ) ;
#10698 = AXIS2_PLACEMENT_3D ( 'NONE', #2040, #1295, #1181 ) ;
#10699 = ORIENTED_EDGE ( 'NONE', *, *, #8280, .F. ) ;
#10701 =( NAMED_UNIT ( * ) SI_UNIT ( $, .STERADIAN. ) SOLID_ANGLE_UNIT ( ) );
#10700 = MECHANICAL_DESIGN_GEOMETRIC_PRESENTATION_REPRESENTATION (  '', ( #8217 ), #2610 ) ;
#10702 = VECTOR ( 'NONE', #4886, 1000.000000000000000 ) ;
#10703 = EDGE_CURVE ( 'NONE', #3652, #6182, #6853, .T. ) ;
#10704 = ORIENTED_EDGE ( 'NONE', *, *, #9251, .T. ) ;
#10705 = DIRECTION ( 'NONE',  ( 1.000000000000000000, 0.0000000000000000000, -0.0000000000000000000 ) ) ;
#10706 =( LENGTH_UNIT ( ) NAMED_UNIT ( * ) SI_UNIT ( .MILLI., .METRE. ) );
#10707 = CARTESIAN_POINT ( 'NONE',  ( -6218.230086079220200, 306.1790385117200200, 0.5000000000000000000 ) ) ;
#10708 =( NAMED_UNIT ( * ) PLANE_ANGLE_UNIT ( ) SI_UNIT ( $, .RADIAN. ) );
#10709 = FILL_AREA_STYLE_COLOUR ( '', #2505 ) ;
#10710 = PRESENTATION_STYLE_ASSIGNMENT (( #2994 ) ) ;
#10711 = SURFACE_STYLE_USAGE ( .BOTH. , #8030 ) ;
#10712 = FACE_OUTER_BOUND ( 'NONE', #233, .T. ) ;
#10713 = FACE_OUTER_BOUND ( 'NONE', #8395, .T. ) ;
#10714 = SURFACE_STYLE_FILL_AREA ( #5857 ) ;
#10715 = ORIENTED_EDGE ( 'NONE', *, *, #5218, .F. ) ;
#10716 = EDGE_LOOP ( 'NONE', ( #5775, #7493, #2480, #11183 ) ) ;
#10717 = DIRECTION ( 'NONE',  ( 0.0000000000000000000, 0.0000000000000000000, 1.000000000000000000 ) ) ;
#10718 = ORIENTED_EDGE ( 'NONE', *, *, #8048, .F. ) ;
#10719 = ADVANCED_FACE ( 'NONE', ( #9374 ), #6056, .T. ) ;
#10720 = MECHANICAL_DESIGN_GEOMETRIC_PRESENTATION_REPRESENTATION (  '', ( #8524 ), #769 ) ;
#10721 = FILL_AREA_STYLE_COLOUR ( '', #9118 ) ;
#10722 = DIRECTION ( 'NONE',  ( 0.0000000000000000000, 0.0000000000000000000, 1.000000000000000000 ) ) ;
#10723 = VECTOR ( 'NONE', #8105, 1000.000000000000000 ) ;
#10724 = CARTESIAN_POINT ( 'NONE',  ( -6220.532872483720000, 306.8290385117210800, 0.4800000000000000400 ) ) ;
#10725 = CARTESIAN_POINT ( 'NONE',  ( -6218.632872483720300, 306.1790385117200200, 0.01999999999999999700 ) ) ;
#10726 = CARTESIAN_POINT ( 'NONE',  ( -6220.382872483720300, 306.6790385117200200, 0.5000000000000000000 ) ) ;
#10727 = AXIS2_PLACEMENT_3D ( 'NONE', #893, #7145, #4547 ) ;
#10728 = CYLINDRICAL_SURFACE ( 'NONE', #10670, 0.2700000000065427800 ) ;
#10729 = CARTESIAN_POINT ( 'NONE',  ( -6220.532872483720000, 306.8290385117200000, 0.4800000000000000400 ) ) ;
#10730 = ORIENTED_EDGE ( 'NONE', *, *, #5002, .T. ) ;
#10731 = VERTEX_POINT ( 'NONE', #709 ) ;
#10732 = ORIENTED_EDGE ( 'NONE', *, *, #11163, .F. ) ;
#10733 = CARTESIAN_POINT ( 'NONE',  ( -6219.132872483720300, 306.1790385117200200, 0.02000000000000000000 ) ) ;
#10734 = FILL_AREA_STYLE_COLOUR ( '', #2476 ) ;
#10735 = UNCERTAINTY_MEASURE_WITH_UNIT (LENGTH_MEASURE( 1.000000000000000100E-005 ), #9436, 'distance_accuracy_value', 'NONE');
#10736 = PRESENTATION_LAYER_ASSIGNMENT (  '', '', ( #10168 ) ) ;
#10737 =( GEOMETRIC_REPRESENTATION_CONTEXT ( 3 ) GLOBAL_UNCERTAINTY_ASSIGNED_CONTEXT ( ( #2728 ) ) GLOBAL_UNIT_ASSIGNED_CONTEXT ( ( #7513, #3970, #9478 ) ) REPRESENTATION_CONTEXT ( 'NONE', 'WORKASPACE' ) );
#10738 = CARTESIAN_POINT ( 'NONE',  ( -6217.832872483720200, 306.9637085284927000, 0.4800000000000000400 ) ) ;
#10739 = SURFACE_STYLE_FILL_AREA ( #5715 ) ;
#10740 =( NAMED_UNIT ( * ) PLANE_ANGLE_UNIT ( ) SI_UNIT ( $, .RADIAN. ) );
#10741 = ORIENTED_EDGE ( 'NONE', *, *, #10018, .T. ) ;
#10742 = MECHANICAL_DESIGN_GEOMETRIC_PRESENTATION_REPRESENTATION (  '', ( #8247 ), #10030 ) ;
#10743 = UNCERTAINTY_MEASURE_WITH_UNIT (LENGTH_MEASURE( 1.000000000000000100E-005 ), #11339, 'distance_accuracy_value', 'NONE');
#10744 =( NAMED_UNIT ( * ) SI_UNIT ( $, .STERADIAN. ) SOLID_ANGLE_UNIT ( ) );
#10745 = FACE_OUTER_BOUND ( 'NONE', #1075, .T. ) ;
#10746 = PLANE ( 'NONE',  #2650 ) ;
#10747 = SURFACE_STYLE_USAGE ( .BOTH. , #1792 ) ;
#10748 =( NAMED_UNIT ( * ) SI_UNIT ( $, .STERADIAN. ) SOLID_ANGLE_UNIT ( ) );
#10749 = COLOUR_RGB ( '',0.7921568627450980000, 0.8196078431372548800, 0.9333333333333333500 ) ;
#10750 = FACE_OUTER_BOUND ( 'NONE', #3151, .T. ) ;
#10751 =( NAMED_UNIT ( * ) PLANE_ANGLE_UNIT ( ) SI_UNIT ( $, .RADIAN. ) );
#10752 =( NAMED_UNIT ( * ) PLANE_ANGLE_UNIT ( ) SI_UNIT ( $, .RADIAN. ) );
#10753 = PRESENTATION_STYLE_ASSIGNMENT (( #6480 ) ) ;
#10754 = VERTEX_POINT ( 'NONE', #672 ) ;
#10755 = UNCERTAINTY_MEASURE_WITH_UNIT (LENGTH_MEASURE( 1.000000000000000100E-005 ), #5772, 'distance_accuracy_value', 'NONE');
#10756 = EDGE_LOOP ( 'NONE', ( #2104, #9423, #7816, #5671 ) ) ;
#10757 = PRESENTATION_LAYER_ASSIGNMENT (  '', '', ( #9593 ) ) ;
#10758 = STYLED_ITEM ( 'NONE', ( #7105 ), #11353 ) ;
#10759 = MECHANICAL_DESIGN_GEOMETRIC_PRESENTATION_REPRESENTATION (  '', ( #5879 ), #6460 ) ;
#10760 = EDGE_CURVE ( 'NONE', #2538, #4491, #3117, .T. ) ;
#10761 = UNCERTAINTY_MEASURE_WITH_UNIT (LENGTH_MEASURE( 1.000000000000000100E-005 ), #2764, 'distance_accuracy_value', 'NONE');
#10762 = COLOUR_RGB ( '',0.7921568627450980000, 0.8196078431372548800, 0.9333333333333333500 ) ;
#10763 = DIRECTION ( 'NONE',  ( 0.0000000000000000000, -0.0000000000000000000, 1.000000000000000000 ) ) ;
#10764 = VECTOR ( 'NONE', #5557, 1000.000000000000000 ) ;
#10765 = PRESENTATION_STYLE_ASSIGNMENT (( #8228 ) ) ;
#10766 = PLANE ( 'NONE',  #5489 ) ;
#10767 = ORIENTED_EDGE ( 'NONE', *, *, #170, .F. ) ;
#10768 = CARTESIAN_POINT ( 'NONE',  ( -6220.882872483718500, 307.2290385117166200, 0.0000000000000000000 ) ) ;
#10769 = SURFACE_STYLE_USAGE ( .BOTH. , #1145 ) ;
#10770 = SURFACE_SIDE_STYLE ('',( #2213 ) ) ;
#10771 = EDGE_LOOP ( 'NONE', ( #7069, #6943, #3543, #9334 ) ) ;
#10772 = SURFACE_STYLE_USAGE ( .BOTH. , #6099 ) ;
#10773 = ORIENTED_EDGE ( 'NONE', *, *, #9329, .T. ) ;
#10774 = EDGE_CURVE ( 'NONE', #8151, #9792, #8419, .T. ) ;
#10775 = PRESENTATION_STYLE_ASSIGNMENT (( #5512 ) ) ;
#10776 = LINE ( 'NONE', #2636, #10482 ) ;
#10777 =( NAMED_UNIT ( * ) SI_UNIT ( $, .STERADIAN. ) SOLID_ANGLE_UNIT ( ) );
#10778 = AXIS2_PLACEMENT_3D ( 'NONE', #2735, #1952, #3635 ) ;
#10779 = EDGE_CURVE ( 'NONE', #1543, #3708, #9249, .T. ) ;
#10780 = CARTESIAN_POINT ( 'NONE',  ( -6217.832872483720200, 306.5762521072184700, 0.02000000000000000000 ) ) ;
#10781 = VECTOR ( 'NONE', #7222, 1000.000000000000000 ) ;
#10782 =( LENGTH_UNIT ( ) NAMED_UNIT ( * ) SI_UNIT ( .MILLI., .METRE. ) );
#10783 = STYLED_ITEM ( 'NONE', ( #10190 ), #7382 ) ;
#10784 = FACE_OUTER_BOUND ( 'NONE', #1180, .T. ) ;
#10785 = PRESENTATION_STYLE_ASSIGNMENT (( #579 ) ) ;
#10786 = EDGE_CURVE ( 'NONE', #9657, #8662, #6045, .T. ) ;
#10787 = EDGE_CURVE ( 'NONE', #335, #4216, #2142, .T. ) ;
#10788 = CIRCLE ( 'NONE', #10882, 0.4499999999865167400 ) ;
#10789 = ADVANCED_FACE ( 'NONE', ( #2978 ), #9543, .T. ) ;
#10790 = CARTESIAN_POINT ( 'NONE',  ( -6219.432737906850000, 306.1790385117199700, 0.02000000000000000000 ) ) ;
#10791 = SURFACE_STYLE_FILL_AREA ( #6071 ) ;
#10792 = LINE ( 'NONE', #177, #4004 ) ;
#10793 = CARTESIAN_POINT ( 'NONE',  ( -6218.332872483720200, 306.9590385117200000, 0.5000000000000000000 ) ) ;
#10794 = ORIENTED_EDGE ( 'NONE', *, *, #4856, .T. ) ;
#10795 = ADVANCED_FACE ( 'NONE', ( #2273 ), #10728, .F. ) ;
#10796 = PRESENTATION_STYLE_ASSIGNMENT (( #6641 ) ) ;
#10797 = CARTESIAN_POINT ( 'NONE',  ( -6220.532872483720000, 306.6790385117209900, 0.4800000000000000400 ) ) ;
#10798 = DIRECTION ( 'NONE',  ( 0.0000000000000000000, -0.0000000000000000000, 1.000000000000000000 ) ) ;
#10799 = CARTESIAN_POINT ( 'NONE',  ( -6218.732872483719800, 306.8321758150610200, 0.02000000000000000000 ) ) ;
#10800 = DIRECTION ( 'NONE',  ( 0.0000000000000000000, 0.0000000000000000000, 1.000000000000000000 ) ) ;
#10801 = VERTEX_POINT ( 'NONE', #9892 ) ;
#10802 = CARTESIAN_POINT ( 'NONE',  ( -6220.532872483720000, 306.6790385117200200, 0.5000000000000000000 ) ) ;
#10803 = DIRECTION ( 'NONE',  ( -9.094947017729450400E-012, 0.0000000000000000000, 1.000000000000000000 ) ) ;
#10804 = LINE ( 'NONE', #5934, #8471 ) ;
#10805 = MECHANICAL_DESIGN_GEOMETRIC_PRESENTATION_REPRESENTATION (  '', ( #910 ), #11389 ) ;
#10806 = ORIENTED_EDGE ( 'NONE', *, *, #3434, .T. ) ;
#10807 =( NAMED_UNIT ( * ) SI_UNIT ( $, .STERADIAN. ) SOLID_ANGLE_UNIT ( ) );
#10808 = PRESENTATION_STYLE_ASSIGNMENT (( #1989 ) ) ;
#10809 = EDGE_CURVE ( 'NONE', #4181, #5235, #1440, .T. ) ;
#10810 = ORIENTED_EDGE ( 'NONE', *, *, #7679, .F. ) ;
#10811 = CARTESIAN_POINT ( 'NONE',  ( -6220.382872483720300, 306.6790385117200200, 0.5000000000000000000 ) ) ;
#10812 = DIRECTION ( 'NONE',  ( -0.0000000000000000000, -1.000000000000000000, -0.0000000000000000000 ) ) ;
#10813 = FILL_AREA_STYLE ('',( #1111 ) ) ;
#10814 = LINE ( 'NONE', #4577, #673 ) ;
#10815 = FILL_AREA_STYLE_COLOUR ( '', #3720 ) ;
#10816 = ORIENTED_EDGE ( 'NONE', *, *, #1570, .F. ) ;
#10817 = PRESENTATION_LAYER_ASSIGNMENT (  '', '', ( #6863 ) ) ;
#10818 = ORIENTED_EDGE ( 'NONE', *, *, #6106, .T. ) ;
#10819 =( GEOMETRIC_REPRESENTATION_CONTEXT ( 3 ) GLOBAL_UNCERTAINTY_ASSIGNED_CONTEXT ( ( #509 ) ) GLOBAL_UNIT_ASSIGNED_CONTEXT ( ( #1450, #11187, #7685 ) ) REPRESENTATION_CONTEXT ( 'NONE', 'WORKASPACE' ) );
#10820 = CARTESIAN_POINT ( 'NONE',  ( -6220.332872483720200, 306.9590385117200000, 0.5000000000000000000 ) ) ;
#10821 = CARTESIAN_POINT ( 'NONE',  ( -6219.132872483720300, 307.1790385117190000, 0.02000000000000000000 ) ) ;
#10822 = SURFACE_STYLE_FILL_AREA ( #6766 ) ;
#10823 = PLANE ( 'NONE',  #1595 ) ;
#10824 = ORIENTED_EDGE ( 'NONE', *, *, #10402, .F. ) ;
#10825 = UNCERTAINTY_MEASURE_WITH_UNIT (LENGTH_MEASURE( 1.000000000000000100E-005 ), #6358, 'distance_accuracy_value', 'NONE');
#10826 = LINE ( 'NONE', #1490, #1805 ) ;
#10827 = SURFACE_SIDE_STYLE ('',( #949 ) ) ;
#10828 = EDGE_LOOP ( 'NONE', ( #4968, #684, #3348, #9379 ) ) ;
#10829 = CARTESIAN_POINT ( 'NONE',  ( -6218.282872483720000, 307.1790385117200200, 0.5000000000000000000 ) ) ;
#10830 =( GEOMETRIC_REPRESENTATION_CONTEXT ( 3 ) GLOBAL_UNCERTAINTY_ASSIGNED_CONTEXT ( ( #2494 ) ) GLOBAL_UNIT_ASSIGNED_CONTEXT ( ( #10291, #4240, #2290 ) ) REPRESENTATION_CONTEXT ( 'NONE', 'WORKASPACE' ) );
#10831 = AXIS2_PLACEMENT_3D ( 'NONE', #1491, #790, #9623 ) ;
#10832 = PLANE ( 'NONE',  #10228 ) ;
#10833 = AXIS2_PLACEMENT_3D ( 'NONE', #3492, #6888, #4274 ) ;
#10834 = SURFACE_SIDE_STYLE ('',( #10202 ) ) ;
#10835 = PRESENTATION_STYLE_ASSIGNMENT (( #3146 ) ) ;
#10836 = CARTESIAN_POINT ( 'NONE',  ( -6220.532872483720000, 306.8290385117210800, 0.4800000000000000400 ) ) ;
#10837 = PLANE ( 'NONE',  #3646 ) ;
#10838 = CARTESIAN_POINT ( 'NONE',  ( -6220.882872483722200, 307.2290385117256100, 0.0000000000000000000 ) ) ;
#10839 = COLOUR_RGB ( '',0.7921568627450980000, 0.8196078431372548800, 0.9333333333333333500 ) ;
#10840 = EDGE_CURVE ( 'NONE', #735, #5101, #5903, .T. ) ;
#10841 =( LENGTH_UNIT ( ) NAMED_UNIT ( * ) SI_UNIT ( .MILLI., .METRE. ) );
#10842 =( NAMED_UNIT ( * ) PLANE_ANGLE_UNIT ( ) SI_UNIT ( $, .RADIAN. ) );
#10843 = DIRECTION ( 'NONE',  ( 1.000000000000000000, 0.0000000000000000000, 0.0000000000000000000 ) ) ;
#10844 = CARTESIAN_POINT ( 'NONE',  ( -6219.132872483720300, 307.1790385117190000, 0.0000000000000000000 ) ) ;
#10845 = STYLED_ITEM ( 'NONE', ( #9097 ), #4998 ) ;
#10846 = FILL_AREA_STYLE_COLOUR ( '', #1497 ) ;
#10847 = EDGE_CURVE ( 'NONE', #5765, #2864, #9789, .T. ) ;
#10848 = CARTESIAN_POINT ( 'NONE',  ( -6217.782872483719100, 306.1290385117098900, 0.4800000000000000900 ) ) ;
#10849 = ADVANCED_FACE ( 'NONE', ( #6726 ), #9811, .T. ) ;
#10850 = CARTESIAN_POINT ( 'NONE',  ( -6220.382872483720300, 306.8290385117200000, 0.5000000000000000000 ) ) ;
#10851 = ORIENTED_EDGE ( 'NONE', *, *, #5160, .F. ) ;
#10852 = EDGE_CURVE ( 'NONE', #2007, #7137, #11284, .T. ) ;
#10853 = DIRECTION ( 'NONE',  ( 1.000000000000000000, 0.0000000000000000000, 0.0000000000000000000 ) ) ;
#10854 = ORIENTED_EDGE ( 'NONE', *, *, #11135, .F. ) ;
#10856 = COLOUR_RGB ( '',0.7921568627450980000, 0.8196078431372548800, 0.9333333333333333500 ) ;
#10855 = FILL_AREA_STYLE ('',( #3743 ) ) ;
#10857 = ORIENTED_EDGE ( 'NONE', *, *, #11363, .T. ) ;
#10858 = ORIENTED_EDGE ( 'NONE', *, *, #1689, .F. ) ;
#10859 = CARTESIAN_POINT ( 'NONE',  ( -6220.435658888220100, 307.1790385117200200, 0.0000000000000000000 ) ) ;
#10860 = DIRECTION ( 'NONE',  ( -1.000000000000000000, 0.0000000000000000000, 0.0000000000000000000 ) ) ;
#10862 = CARTESIAN_POINT ( 'NONE',  ( -6220.435658888220100, 306.1790385117190000, 0.5000000000000002200 ) ) ;
#10861 = AXIS2_PLACEMENT_3D ( 'NONE', #278, #4670, #2804 ) ;
#10863 = CYLINDRICAL_SURFACE ( 'NONE', #870, 0.4500000000033921300 ) ;
#10864 = COLOUR_RGB ( '',0.7921568627450980000, 0.8196078431372548800, 0.9333333333333333500 ) ;
#10865 = EDGE_CURVE ( 'NONE', #10624, #3045, #2128, .T. ) ;
#10866 = DIRECTION ( 'NONE',  ( -1.000000000000000000, -0.0000000000000000000, -0.0000000000000000000 ) ) ;
#10867 = PRESENTATION_LAYER_ASSIGNMENT (  '', '', ( #5316 ) ) ;
#10868 = ORIENTED_EDGE ( 'NONE', *, *, #10402, .T. ) ;
#10869 = CARTESIAN_POINT ( 'NONE',  ( -6218.732872483719800, 307.1790385117190000, -9.824459793975353300E-037 ) ) ;
#10870 = CARTESIAN_POINT ( 'NONE',  ( -6220.532872483720000, 306.6790385117209900, 0.5000000000000000000 ) ) ;
#10871 = ORIENTED_EDGE ( 'NONE', *, *, #4696, .F. ) ;
#10872 = ORIENTED_EDGE ( 'NONE', *, *, #1471, .T. ) ;
#10873 =( LENGTH_UNIT ( ) NAMED_UNIT ( * ) SI_UNIT ( .MILLI., .METRE. ) );
#10874 = VECTOR ( 'NONE', #5622, 1000.000000000000000 ) ;
#10875 =( GEOMETRIC_REPRESENTATION_CONTEXT ( 3 ) GLOBAL_UNCERTAINTY_ASSIGNED_CONTEXT ( ( #5091 ) ) GLOBAL_UNIT_ASSIGNED_CONTEXT ( ( #7823, #5230, #7035 ) ) REPRESENTATION_CONTEXT ( 'NONE', 'WORKASPACE' ) );
#10876 = DIRECTION ( 'NONE',  ( 0.0000000000000000000, 0.0000000000000000000, 1.000000000000000000 ) ) ;
#10877 = EDGE_LOOP ( 'NONE', ( #24, #3395, #249, #7541 ) ) ;
#10878 = MANIFOLD_SOLID_BREP ( '19-1-solid1', #8036 ) ;
#10879 = FILL_AREA_STYLE ('',( #1252 ) ) ;
#10880 = CARTESIAN_POINT ( 'NONE',  ( -6218.392872483719700, 306.1790385117190000, 0.02000000000000000000 ) ) ;
#10881 = FILL_AREA_STYLE ('',( #2082 ) ) ;
#10882 = AXIS2_PLACEMENT_3D ( 'NONE', #8039, #5401, #1034 ) ;
#10883 =( LENGTH_UNIT ( ) NAMED_UNIT ( * ) SI_UNIT ( .MILLI., .METRE. ) );
#10884 = CARTESIAN_POINT ( 'NONE',  ( -6220.532872483720000, 306.6790385117209900, 0.5000000000000000000 ) ) ;
#10885 = LINE ( 'NONE', #9019, #11179 ) ;
#10886 = SURFACE_STYLE_FILL_AREA ( #7673 ) ;
#10887 = UNCERTAINTY_MEASURE_WITH_UNIT (LENGTH_MEASURE( 1.000000000000000100E-005 ), #5746, 'distance_accuracy_value', 'NONE');
#10888 = FILL_AREA_STYLE ('',( #2015 ) ) ;
#10889 = ORIENTED_EDGE ( 'NONE', *, *, #7771, .T. ) ;
#10890 = FILL_AREA_STYLE_COLOUR ( '', #952 ) ;
#10891 = AXIS2_PLACEMENT_3D ( 'NONE', #8450, #4158, #3111 ) ;
#10892 = LINE ( 'NONE', #406, #8285 ) ;
#10893 = PRESENTATION_LAYER_ASSIGNMENT (  '', '', ( #10308 ) ) ;
#10894 =( GEOMETRIC_REPRESENTATION_CONTEXT ( 3 ) GLOBAL_UNCERTAINTY_ASSIGNED_CONTEXT ( ( #3808 ) ) GLOBAL_UNIT_ASSIGNED_CONTEXT ( ( #6373, #10895, #1903 ) ) REPRESENTATION_CONTEXT ( 'NONE', 'WORKASPACE' ) );
#10895 =( NAMED_UNIT ( * ) PLANE_ANGLE_UNIT ( ) SI_UNIT ( $, .RADIAN. ) );
#10896 = VECTOR ( 'NONE', #6552, 1000.000000000000000 ) ;
#10897 = COLOUR_RGB ( '',0.7921568627450980000, 0.8196078431372548800, 0.9333333333333333500 ) ;
#10898 = LINE ( 'NONE', #10870, #6339 ) ;
#10899 =( GEOMETRIC_REPRESENTATION_CONTEXT ( 3 ) GLOBAL_UNCERTAINTY_ASSIGNED_CONTEXT ( ( #4086 ) ) GLOBAL_UNIT_ASSIGNED_CONTEXT ( ( #11022, #2060, #5730 ) ) REPRESENTATION_CONTEXT ( 'NONE', 'WORKASPACE' ) );
#10900 = LINE ( 'NONE', #158, #8839 ) ;
#10901 = VERTEX_POINT ( 'NONE', #4486 ) ;
#10902 = DIRECTION ( 'NONE',  ( 1.000000000000000000, 0.0000000000000000000, 0.0000000000000000000 ) ) ;
#10903 = ORIENTED_EDGE ( 'NONE', *, *, #8948, .T. ) ;
#10904 = ADVANCED_FACE ( 'NONE', ( #8812 ), #7121, .T. ) ;
#10905 = SURFACE_SIDE_STYLE ('',( #10508 ) ) ;
#10906 =( LENGTH_UNIT ( ) NAMED_UNIT ( * ) SI_UNIT ( .MILLI., .METRE. ) );
#10907 = SURFACE_SIDE_STYLE ('',( #10568 ) ) ;
#10908 = VECTOR ( 'NONE', #2750, 1000.000000000000000 ) ;
#10909 = SURFACE_STYLE_USAGE ( .BOTH. , #7402 ) ;
#10910 = DIRECTION ( 'NONE',  ( -0.0000000000000000000, -1.000000000000000000, -0.0000000000000000000 ) ) ;
#10911 = FACE_OUTER_BOUND ( 'NONE', #7237, .T. ) ;
#10912 = DIRECTION ( 'NONE',  ( 0.0000000000000000000, 0.0000000000000000000, 1.000000000000000000 ) ) ;
#10913 = AXIS2_PLACEMENT_3D ( 'NONE', #9172, #7348, #2881 ) ;
#10914 = EDGE_LOOP ( 'NONE', ( #8462, #10851, #1021, #407 ) ) ;
#10915 =( GEOMETRIC_REPRESENTATION_CONTEXT ( 3 ) GLOBAL_UNCERTAINTY_ASSIGNED_CONTEXT ( ( #1302 ) ) GLOBAL_UNIT_ASSIGNED_CONTEXT ( ( #7893, #2563, #9684 ) ) REPRESENTATION_CONTEXT ( 'NONE', 'WORKASPACE' ) );
#10916 = MECHANICAL_DESIGN_GEOMETRIC_PRESENTATION_REPRESENTATION (  '', ( #10114 ), #8193 ) ;
#10917 = ORIENTED_EDGE ( 'NONE', *, *, #1932, .F. ) ;
#10918 = FILL_AREA_STYLE_COLOUR ( '', #1009 ) ;
#10919 =( NAMED_UNIT ( * ) PLANE_ANGLE_UNIT ( ) SI_UNIT ( $, .RADIAN. ) );
#10920 = CARTESIAN_POINT ( 'NONE',  ( -6218.632872483720300, 307.1790385117200200, 0.02000000000000000000 ) ) ;
#10921 = SURFACE_SIDE_STYLE ('',( #11495 ) ) ;
#10922 = ORIENTED_EDGE ( 'NONE', *, *, #4685, .T. ) ;
#10923 = DIRECTION ( 'NONE',  ( 1.000000000000000000, 0.0000000000000000000, -0.0000000000000000000 ) ) ;
#10924 = DIRECTION ( 'NONE',  ( 1.000000000000000000, 1.880717803722830600E-012, 5.362025623467860300E-024 ) ) ;
#10925 = ORIENTED_EDGE ( 'NONE', *, *, #7751, .F. ) ;
#10926 =( NAMED_UNIT ( * ) PLANE_ANGLE_UNIT ( ) SI_UNIT ( $, .RADIAN. ) );
#10927 =( GEOMETRIC_REPRESENTATION_CONTEXT ( 3 ) GLOBAL_UNCERTAINTY_ASSIGNED_CONTEXT ( ( #5723 ) ) GLOBAL_UNIT_ASSIGNED_CONTEXT ( ( #10906, #5652, #4751 ) ) REPRESENTATION_CONTEXT ( 'NONE', 'WORKASPACE' ) );
#10928 = COLOUR_RGB ( '',0.7921568627450980000, 0.8196078431372548800, 0.9333333333333333500 ) ;
#10929 = COLOUR_RGB ( '',0.7921568627450980000, 0.8196078431372548800, 0.9333333333333333500 ) ;
#10930 = FACE_OUTER_BOUND ( 'NONE', #8531, .T. ) ;
#10931 =( LENGTH_UNIT ( ) NAMED_UNIT ( * ) SI_UNIT ( .MILLI., .METRE. ) );
#10932 = MECHANICAL_DESIGN_GEOMETRIC_PRESENTATION_REPRESENTATION (  '', ( #3505 ), #4187 ) ;
#10933 = PRESENTATION_STYLE_ASSIGNMENT (( #11145 ) ) ;
#10934 = VERTEX_POINT ( 'NONE', #7990 ) ;
#10935 = EDGE_CURVE ( 'NONE', #4820, #3265, #1715, .T. ) ;
#10936 = CARTESIAN_POINT ( 'NONE',  ( -6218.732872483719800, 306.8321758150600000, 0.02000000000000000000 ) ) ;
#10937 = AXIS2_PLACEMENT_3D ( 'NONE', #995, #6208, #9785 ) ;
#10938 = CARTESIAN_POINT ( 'NONE',  ( -6220.382872483720300, 306.8290385117200000, 0.5000000000000000000 ) ) ;
#10939 = ORIENTED_EDGE ( 'NONE', *, *, #1660, .T. ) ;
#10940 =( NAMED_UNIT ( * ) PLANE_ANGLE_UNIT ( ) SI_UNIT ( $, .RADIAN. ) );
#10941 = PRESENTATION_STYLE_ASSIGNMENT (( #5670 ) ) ;
#10942 = DIRECTION ( 'NONE',  ( -1.000000000000000000, 0.0000000000000000000, -0.0000000000000000000 ) ) ;
#10943 = DIRECTION ( 'NONE',  ( 0.0000000000000000000, 1.000000000000000000, 0.0000000000000000000 ) ) ;
#10944 = ORIENTED_EDGE ( 'NONE', *, *, #4980, .F. ) ;
#10945 = DIRECTION ( 'NONE',  ( 0.0000000000000000000, 0.0000000000000000000, 1.000000000000000000 ) ) ;
#10946 = FACE_OUTER_BOUND ( 'NONE', #5495, .T. ) ;
#10947 = PRESENTATION_STYLE_ASSIGNMENT (( #3391 ) ) ;
#10948 = FILL_AREA_STYLE ('',( #6465 ) ) ;
#10949 = VERTEX_POINT ( 'NONE', #7448 ) ;
#10950 = PRESENTATION_LAYER_ASSIGNMENT (  '', '', ( #679 ) ) ;
#10951 =( LENGTH_UNIT ( ) NAMED_UNIT ( * ) SI_UNIT ( .MILLI., .METRE. ) );
#10952 = AXIS2_PLACEMENT_3D ( 'NONE', #3172, #7619, #4999 ) ;
#10953 = FACE_OUTER_BOUND ( 'NONE', #3381, .T. ) ;
#10954 = ORIENTED_EDGE ( 'NONE', *, *, #9791, .F. ) ;
#10955 = EDGE_CURVE ( 'NONE', #5026, #7123, #9363, .T. ) ;
#10956 = CARTESIAN_POINT ( 'NONE',  ( -6218.216577452565600, 307.1090385117199700, 0.4800000000000040900 ) ) ;
#10957 = VECTOR ( 'NONE', #5688, 1000.000000000000000 ) ;
#10958 = DIRECTION ( 'NONE',  ( 3.686689245694870800E-016, -3.686689245745242500E-016, -1.000000000000000000 ) ) ;
#10959 = ORIENTED_EDGE ( 'NONE', *, *, #7058, .F. ) ;
#10960 = DIRECTION ( 'NONE',  ( 1.000000000000000000, 0.0000000000000000000, 0.0000000000000000000 ) ) ;
#10961 = FILL_AREA_STYLE ('',( #3813 ) ) ;
#10962 = ADVANCED_FACE ( 'NONE', ( #6976 ), #10863, .F. ) ;
#10963 = FACE_OUTER_BOUND ( 'NONE', #3129, .T. ) ;
#10964 = DIRECTION ( 'NONE',  ( 1.000000000000000000, 0.0000000000000000000, -0.0000000000000000000 ) ) ;
#10965 = STYLED_ITEM ( 'NONE', ( #2070 ), #3328 ) ;
#10966 = ORIENTED_EDGE ( 'NONE', *, *, #7896, .T. ) ;
#10967 = UNCERTAINTY_MEASURE_WITH_UNIT (LENGTH_MEASURE( 1.000000000000000100E-005 ), #3008, 'distance_accuracy_value', 'NONE');
#10968 = CARTESIAN_POINT ( 'NONE',  ( -6220.832872483720200, 306.9637085284925300, 0.4800000000000000400 ) ) ;
#10969 =( GEOMETRIC_REPRESENTATION_CONTEXT ( 3 ) GLOBAL_UNCERTAINTY_ASSIGNED_CONTEXT ( ( #7214 ) ) GLOBAL_UNIT_ASSIGNED_CONTEXT ( ( #6385, #3759, #9967 ) ) REPRESENTATION_CONTEXT ( 'NONE', 'WORKASPACE' ) );
#10970 = CARTESIAN_POINT ( 'NONE',  ( -6218.392872483719700, 307.1790385117200200, 0.0000000000000000000 ) ) ;
#10971 = ORIENTED_EDGE ( 'NONE', *, *, #6461, .F. ) ;
#10972 =( NAMED_UNIT ( * ) PLANE_ANGLE_UNIT ( ) SI_UNIT ( $, .RADIAN. ) );
#10973 = CARTESIAN_POINT ( 'NONE',  ( -6217.782872483697200, 307.2290385117333400, 0.02000000000000000000 ) ) ;
#10974 = SURFACE_STYLE_FILL_AREA ( #3898 ) ;
#10975 =( NAMED_UNIT ( * ) SI_UNIT ( $, .STERADIAN. ) SOLID_ANGLE_UNIT ( ) );
#10976 = LINE ( 'NONE', #10574, #10038 ) ;
#10977 = ORIENTED_EDGE ( 'NONE', *, *, #4027, .T. ) ;
#10978 =( LENGTH_UNIT ( ) NAMED_UNIT ( * ) SI_UNIT ( .MILLI., .METRE. ) );
#10979 = PRESENTATION_LAYER_ASSIGNMENT (  '', '', ( #8258 ) ) ;
#10980 = LINE ( 'NONE', #2752, #4335 ) ;
#10981 = STYLED_ITEM ( 'NONE', ( #10419 ), #11419 ) ;
#10982 = EDGE_LOOP ( 'NONE', ( #5429, #10183, #9063, #1151 ) ) ;
#10983 = DIRECTION ( 'NONE',  ( 1.000000000000000000, 0.0000000000000000000, 0.0000000000000000000 ) ) ;
#10984 = DIRECTION ( 'NONE',  ( 0.0000000000000000000, -0.0000000000000000000, 1.000000000000000000 ) ) ;
#10985 = MECHANICAL_DESIGN_GEOMETRIC_PRESENTATION_REPRESENTATION (  '', ( #11347 ), #288 ) ;
#10986 = CARTESIAN_POINT ( 'NONE',  ( -6218.132872483720300, 306.1790385117200200, 0.5000000000000000000 ) ) ;
#10987 = CARTESIAN_POINT ( 'NONE',  ( -6220.532872483720000, 306.8290385117210800, 0.4800000000000000400 ) ) ;
#10988 = DIRECTION ( 'NONE',  ( 0.0000000000000000000, 0.0000000000000000000, 1.000000000000000000 ) ) ;
#10989 = LINE ( 'NONE', #4593, #8635 ) ;
#10990 = DIRECTION ( 'NONE',  ( -1.000000000000000000, 0.0000000000000000000, -0.0000000000000000000 ) ) ;
#10991 = DIRECTION ( 'NONE',  ( 0.0000000000000000000, 0.0000000000000000000, -1.000000000000000000 ) ) ;
#10992 = SURFACE_STYLE_FILL_AREA ( #5088 ) ;
#10993 = DIRECTION ( 'NONE',  ( 0.0000000000000000000, 0.0000000000000000000, 1.000000000000000000 ) ) ;
#10994 = ORIENTED_EDGE ( 'NONE', *, *, #4349, .T. ) ;
#10995 = DIRECTION ( 'NONE',  ( 0.0000000000000000000, 2.842170943344290200E-013, 1.000000000000000000 ) ) ;
#10996 = EDGE_CURVE ( 'NONE', #11155, #845, #7826, .T. ) ;
#10997 = DIRECTION ( 'NONE',  ( 1.726396803085320000E-013, 1.000000000000000000, 0.0000000000000000000 ) ) ;
#10998 =( GEOMETRIC_REPRESENTATION_CONTEXT ( 3 ) GLOBAL_UNCERTAINTY_ASSIGNED_CONTEXT ( ( #1432 ) ) GLOBAL_UNIT_ASSIGNED_CONTEXT ( ( #1375, #10120, #10195 ) ) REPRESENTATION_CONTEXT ( 'NONE', 'WORKASPACE' ) );
#10999 = DIRECTION ( 'NONE',  ( -0.0000000000000000000, 1.000000000000000000, 0.0000000000000000000 ) ) ;
#11000 = EDGE_CURVE ( 'NONE', #8433, #2747, #7698, .T. ) ;
#11001 = DIRECTION ( 'NONE',  ( 1.000000000000000000, 0.0000000000000000000, 0.0000000000000000000 ) ) ;
#11002 = LINE ( 'NONE', #6155, #2689 ) ;
#11003 = SURFACE_STYLE_USAGE ( .BOTH. , #2163 ) ;
#11004 = AXIS2_PLACEMENT_3D ( 'NONE', #11151, #1331, #516 ) ;
#11005 = VERTEX_POINT ( 'NONE', #6535 ) ;
#11006 = EDGE_CURVE ( 'NONE', #5630, #1480, #3527, .T. ) ;
#11007 = ORIENTED_EDGE ( 'NONE', *, *, #1859, .F. ) ;
#11008 = ORIENTED_EDGE ( 'NONE', *, *, #9522, .T. ) ;
#11009 = EDGE_CURVE ( 'NONE', #414, #6844, #320, .T. ) ;
#11010 = DIRECTION ( 'NONE',  ( 0.0000000000000000000, 1.000000000000000000, 0.0000000000000000000 ) ) ;
#11011 = DIRECTION ( 'NONE',  ( 0.0000000000000000000, 1.000000000000000000, 0.0000000000000000000 ) ) ;
#11012 = SURFACE_STYLE_USAGE ( .BOTH. , #10142 ) ;
#11013 = VERTEX_POINT ( 'NONE', #257 ) ;
#11014 = COLOUR_RGB ( '',0.7921568627450980000, 0.8196078431372548800, 0.9333333333333333500 ) ;
#11015 = CARTESIAN_POINT ( 'NONE',  ( -6218.392872483719700, 306.1790385117209900, 0.0000000000000000000 ) ) ;
#11016 = ORIENTED_EDGE ( 'NONE', *, *, #5518, .F. ) ;
#11018 = SURFACE_STYLE_USAGE ( .BOTH. , #4747 ) ;
#11017 = MECHANICAL_DESIGN_GEOMETRIC_PRESENTATION_REPRESENTATION (  '', ( #9264 ), #10875 ) ;
#11019 = ADVANCED_FACE ( 'NONE', ( #585 ), #1208, .T. ) ;
#11020 = PLANE ( 'NONE',  #9221 ) ;
#11021 =( GEOMETRIC_REPRESENTATION_CONTEXT ( 3 ) GLOBAL_UNCERTAINTY_ASSIGNED_CONTEXT ( ( #7045 ) ) GLOBAL_UNIT_ASSIGNED_CONTEXT ( ( #3362, #9474, #5984 ) ) REPRESENTATION_CONTEXT ( 'NONE', 'WORKASPACE' ) );
#11022 =( LENGTH_UNIT ( ) NAMED_UNIT ( * ) SI_UNIT ( .MILLI., .METRE. ) );
#11023 = COLOUR_RGB ( '',0.7921568627450980000, 0.8196078431372548800, 0.9333333333333333500 ) ;
#11024 = DIRECTION ( 'NONE',  ( 6.243894290491559700E-012, 0.0000000000000000000, 1.000000000000000000 ) ) ;
#11025 = CARTESIAN_POINT ( 'NONE',  ( -6218.230086079220200, 306.1790385117200200, 0.4800000000000000400 ) ) ;
#11026 = CARTESIAN_POINT ( 'NONE',  ( -6218.230086079220200, 307.1790385117190000, 0.5000000000000000000 ) ) ;
#11027 = ORIENTED_EDGE ( 'NONE', *, *, #4332, .T. ) ;
#11028 = MANIFOLD_SOLID_BREP ( '1-1-solid1', #8250 ) ;
#11029 = SURFACE_SIDE_STYLE ('',( #1399 ) ) ;
#11030 = SURFACE_STYLE_FILL_AREA ( #7612 ) ;
#11031 = SURFACE_STYLE_USAGE ( .BOTH. , #295 ) ;
#11032 = LINE ( 'NONE', #4018, #6059 ) ;
#11033 = UNCERTAINTY_MEASURE_WITH_UNIT (LENGTH_MEASURE( 1.000000000000000100E-005 ), #1851, 'distance_accuracy_value', 'NONE');
#11034 = PLANE ( 'NONE',  #10260 ) ;
#11035 =( GEOMETRIC_REPRESENTATION_CONTEXT ( 3 ) GLOBAL_UNCERTAINTY_ASSIGNED_CONTEXT ( ( #234 ) ) GLOBAL_UNIT_ASSIGNED_CONTEXT ( ( #11467, #5743, #10263 ) ) REPRESENTATION_CONTEXT ( 'NONE', 'WORKASPACE' ) );
#11036 = ORIENTED_EDGE ( 'NONE', *, *, #10687, .T. ) ;
#11037 = DIRECTION ( 'NONE',  ( -1.000000000000000000, 0.0000000000000000000, -0.0000000000000000000 ) ) ;
#11038 = LINE ( 'NONE', #9394, #9950 ) ;
#11039 = PLANE ( 'NONE',  #9662 ) ;
#11040 = ORIENTED_EDGE ( 'NONE', *, *, #8438, .F. ) ;
#11041 = PRESENTATION_LAYER_ASSIGNMENT (  '', '', ( #4290 ) ) ;
#11042 = CARTESIAN_POINT ( 'NONE',  ( -6218.732872483719800, 306.1790385117200200, 0.0000000000000000000 ) ) ;
#11043 = VECTOR ( 'NONE', #1957, 1000.000000000000000 ) ;
#11044 = SURFACE_STYLE_USAGE ( .BOTH. , #1306 ) ;
#11045 = VERTEX_POINT ( 'NONE', #7291 ) ;
#11046 =( NAMED_UNIT ( * ) PLANE_ANGLE_UNIT ( ) SI_UNIT ( $, .RADIAN. ) );
#11047 = CARTESIAN_POINT ( 'NONE',  ( -6220.832872483720200, 306.1790385117190000, 0.4800000000000000400 ) ) ;
#11048 = EDGE_LOOP ( 'NONE', ( #10635, #6004, #275, #3468 ) ) ;
#11049 = MECHANICAL_DESIGN_GEOMETRIC_PRESENTATION_REPRESENTATION (  '', ( #8675 ), #710 ) ;
#11050 = PRESENTATION_LAYER_ASSIGNMENT (  '', '', ( #4309 ) ) ;
#11051 = CARTESIAN_POINT ( 'NONE',  ( -6217.832872483720200, 306.3943684949480800, 0.0000000000000000000 ) ) ;
#11052 = ORIENTED_EDGE ( 'NONE', *, *, #85, .T. ) ;
#11053 = CARTESIAN_POINT ( 'NONE',  ( -6220.382872483720300, 306.8290385117200000, 0.4800000000000000400 ) ) ;
#11054 = EDGE_CURVE ( 'NONE', #3480, #3530, #7122, .T. ) ;
#11055 = CARTESIAN_POINT ( 'NONE',  ( -6220.532872483720000, 307.1790385117200200, 0.5050000000000000000 ) ) ;
#11056 = COLOUR_RGB ( '',0.7921568627450980000, 0.8196078431372548800, 0.9333333333333333500 ) ;
#11057 = CARTESIAN_POINT ( 'NONE',  ( -6220.532872483720000, 306.6790385117209900, 0.4800000000000000400 ) ) ;
#11058 = ORIENTED_EDGE ( 'NONE', *, *, #4842, .T. ) ;
#11059 = LINE ( 'NONE', #9708, #781 ) ;
#11060 =( NAMED_UNIT ( * ) SI_UNIT ( $, .STERADIAN. ) SOLID_ANGLE_UNIT ( ) );
#11061 =( LENGTH_UNIT ( ) NAMED_UNIT ( * ) SI_UNIT ( .MILLI., .METRE. ) );
#11062 = ORIENTED_EDGE ( 'NONE', *, *, #9239, .T. ) ;
#11063 = CARTESIAN_POINT ( 'NONE',  ( -6218.048202466950000, 306.1790385117200200, 0.0000000000000000000 ) ) ;
#11064 = EDGE_CURVE ( 'NONE', #9102, #1724, #2117, .T. ) ;
#11065 = VECTOR ( 'NONE', #1609, 1000.000000000000000 ) ;
#11066 = FILL_AREA_STYLE ('',( #6616 ) ) ;
#11067 = LINE ( 'NONE', #7160, #5681 ) ;
#11068 = PRESENTATION_LAYER_ASSIGNMENT (  '', '', ( #7370 ) ) ;
#11069 = FILL_AREA_STYLE ('',( #475 ) ) ;
#11070 = AXIS2_PLACEMENT_3D ( 'NONE', #4030, #7532, #11077 ) ;
#11071 = EDGE_CURVE ( 'NONE', #5380, #5133, #8526, .T. ) ;
#11072 = ORIENTED_EDGE ( 'NONE', *, *, #8815, .T. ) ;
#11073 = LINE ( 'NONE', #4862, #11206 ) ;
#11074 = FILL_AREA_STYLE ('',( #10188 ) ) ;
#11075 = VECTOR ( 'NONE', #3019, 1000.000000000000000 ) ;
#11076 = ORIENTED_EDGE ( 'NONE', *, *, #5525, .T. ) ;
#11077 = DIRECTION ( 'NONE',  ( -1.000000000000000000, 0.0000000000000000000, 0.0000000000000000000 ) ) ;
#11078 =( LENGTH_UNIT ( ) NAMED_UNIT ( * ) SI_UNIT ( .MILLI., .METRE. ) );
#11079 = FILL_AREA_STYLE ('',( #4890 ) ) ;
#11080 = FILL_AREA_STYLE ('',( #5749 ) ) ;
#11081 = VECTOR ( 'NONE', #6507, 1000.000000000000000 ) ;
#11082 = DIRECTION ( 'NONE',  ( -1.000000000000000000, 0.0000000000000000000, 0.0000000000000000000 ) ) ;
#11083 = ADVANCED_FACE ( 'NONE', ( #9777 ), #8456, .T. ) ;
#11084 = DIRECTION ( 'NONE',  ( -0.0000000000000000000, -0.0000000000000000000, -1.000000000000000000 ) ) ;
#11085 = ORIENTED_EDGE ( 'NONE', *, *, #3062, .T. ) ;
#11086 = VECTOR ( 'NONE', #8253, 1000.000000000000000 ) ;
#11087 = VECTOR ( 'NONE', #1822, 1000.000000000000000 ) ;
#11088 = EDGE_LOOP ( 'NONE', ( #9137, #8063, #3442, #6679 ) ) ;
#11089 =( LENGTH_UNIT ( ) NAMED_UNIT ( * ) SI_UNIT ( .MILLI., .METRE. ) );
#11090 = PLANE ( 'NONE',  #258 ) ;
#11091 = FILL_AREA_STYLE_COLOUR ( '', #10375 ) ;
#11092 = STYLED_ITEM ( 'NONE', ( #8864 ), #8760 ) ;
#11093 = FACE_OUTER_BOUND ( 'NONE', #9645, .T. ) ;
#11094 = COLOUR_RGB ( '',0.7921568627450980000, 0.8196078431372548800, 0.9333333333333333500 ) ;
#11095 = EDGE_CURVE ( 'NONE', #3912, #2747, #9628, .T. ) ;
#11096 = DIRECTION ( 'NONE',  ( -0.0000000000000000000, 0.0000000000000000000, -1.000000000000000000 ) ) ;
#11097 = MECHANICAL_DESIGN_GEOMETRIC_PRESENTATION_REPRESENTATION (  '', ( #5913 ), #8295 ) ;
#11098 = ORIENTED_EDGE ( 'NONE', *, *, #4856, .F. ) ;
#11099 = LINE ( 'NONE', #3546, #3891 ) ;
#11100 = CARTESIAN_POINT ( 'NONE',  ( -6218.165489868230000, 306.9921758150609900, 0.01000000000000000000 ) ) ;
#11101 = VECTOR ( 'NONE', #9007, 1000.000000000000000 ) ;
#11102 = EDGE_LOOP ( 'NONE', ( #3212, #6979, #635, #917 ) ) ;
#11103 =( LENGTH_UNIT ( ) NAMED_UNIT ( * ) SI_UNIT ( .MILLI., .METRE. ) );
#11104 = VECTOR ( 'NONE', #10489, 1000.000000000000000 ) ;
#11105 =( NAMED_UNIT ( * ) PLANE_ANGLE_UNIT ( ) SI_UNIT ( $, .RADIAN. ) );
#11106 = UNCERTAINTY_MEASURE_WITH_UNIT (LENGTH_MEASURE( 1.000000000000000100E-005 ), #8477, 'distance_accuracy_value', 'NONE');
#11107 = DIRECTION ( 'NONE',  ( 5.362025623469409700E-024, 1.008445705408169900E-035, -1.000000000000000000 ) ) ;
#11108 = CYLINDRICAL_SURFACE ( 'NONE', #4796, 0.4499999999865167400 ) ;
#11109 = VECTOR ( 'NONE', #10005, 1000.000000000000000 ) ;
#11110 = VECTOR ( 'NONE', #3921, 1000.000000000000000 ) ;
#11111 = VERTEX_POINT ( 'NONE', #6659 ) ;
#11112 =( GEOMETRIC_REPRESENTATION_CONTEXT ( 3 ) GLOBAL_UNCERTAINTY_ASSIGNED_CONTEXT ( ( #7580 ) ) GLOBAL_UNIT_ASSIGNED_CONTEXT ( ( #7078, #3605, #9697 ) ) REPRESENTATION_CONTEXT ( 'NONE', 'WORKASPACE' ) );
#11113 = VECTOR ( 'NONE', #4379, 1000.000000000000000 ) ;
#11114 =( NAMED_UNIT ( * ) SI_UNIT ( $, .STERADIAN. ) SOLID_ANGLE_UNIT ( ) );
#11115 = DIRECTION ( 'NONE',  ( -9.094947017729350200E-012, 0.0000000000000000000, 1.000000000000000000 ) ) ;
#11116 =( NAMED_UNIT ( * ) SI_UNIT ( $, .STERADIAN. ) SOLID_ANGLE_UNIT ( ) );
#11117 = ORIENTED_EDGE ( 'NONE', *, *, #6103, .T. ) ;
#11118 = UNCERTAINTY_MEASURE_WITH_UNIT (LENGTH_MEASURE( 1.000000000000000100E-005 ), #2492, 'distance_accuracy_value', 'NONE');
#11119 = FILL_AREA_STYLE ('',( #4067 ) ) ;
#11120 =( NAMED_UNIT ( * ) SI_UNIT ( $, .STERADIAN. ) SOLID_ANGLE_UNIT ( ) );
#11121 =( NAMED_UNIT ( * ) PLANE_ANGLE_UNIT ( ) SI_UNIT ( $, .RADIAN. ) );
#11122 = DIRECTION ( 'NONE',  ( -1.000000000000000000, 5.351274978693689700E-013, 4.547473508865250300E-012 ) ) ;
#11123 = FILL_AREA_STYLE_COLOUR ( '', #6860 ) ;
#11125 = UNCERTAINTY_MEASURE_WITH_UNIT (LENGTH_MEASURE( 1.000000000000000100E-005 ), #10334, 'distance_accuracy_value', 'NONE');
#11124 = MECHANICAL_DESIGN_GEOMETRIC_PRESENTATION_REPRESENTATION (  '', ( #1978 ), #2567 ) ;
#11126 = MECHANICAL_DESIGN_GEOMETRIC_PRESENTATION_REPRESENTATION (  '', ( #7723 ), #412 ) ;
#11127 = MECHANICAL_DESIGN_GEOMETRIC_PRESENTATION_REPRESENTATION (  '', ( #5416 ), #8399 ) ;
#11128 = FACE_OUTER_BOUND ( 'NONE', #10116, .T. ) ;
#11129 = FILL_AREA_STYLE ('',( #7626 ) ) ;
#11130 = MECHANICAL_DESIGN_GEOMETRIC_PRESENTATION_REPRESENTATION (  '', ( #10514 ), #1534 ) ;
#11131 = EDGE_LOOP ( 'NONE', ( #492, #6741, #2195, #6222 ) ) ;
#11132 = PRESENTATION_STYLE_ASSIGNMENT (( #9525 ) ) ;
#11133 = DIRECTION ( 'NONE',  ( -0.0000000000000000000, 1.000000000000000000, 0.0000000000000000000 ) ) ;
#11134 = VECTOR ( 'NONE', #1892, 1000.000000000000000 ) ;
#11135 = EDGE_CURVE ( 'NONE', #5616, #11455, #4629, .T. ) ;
#11136 = ORIENTED_EDGE ( 'NONE', *, *, #872, .T. ) ;
#11137 = DIRECTION ( 'NONE',  ( -0.0000000000000000000, -0.0000000000000000000, -1.000000000000000000 ) ) ;
#11138 = SURFACE_SIDE_STYLE ('',( #2609 ) ) ;
#11139 = LINE ( 'NONE', #9569, #9081 ) ;
#11140 = ADVANCED_FACE ( 'NONE', ( #10713 ), #8645, .T. ) ;
#11141 = AXIS2_PLACEMENT_3D ( 'NONE', #3718, #6390, #1062 ) ;
#11142 = CARTESIAN_POINT ( 'NONE',  ( -6217.782872483713600, 307.2290385117690900, 0.0000000000000000000 ) ) ;
#11143 = ORIENTED_EDGE ( 'NONE', *, *, #9373, .F. ) ;
#11144 = DIRECTION ( 'NONE',  ( 4.547473508864810000E-012, 0.0000000000000000000, 1.000000000000000000 ) ) ;
#11145 = SURFACE_STYLE_USAGE ( .BOTH. , #5961 ) ;
#11146 = VERTEX_POINT ( 'NONE', #3948 ) ;
#11147 =( NAMED_UNIT ( * ) PLANE_ANGLE_UNIT ( ) SI_UNIT ( $, .RADIAN. ) );
#11148 = SURFACE_STYLE_FILL_AREA ( #6825 ) ;
#11149 = CARTESIAN_POINT ( 'NONE',  ( -6219.432737906850000, 307.1790385117203600, 2.099331933451452800E-038 ) ) ;
#11150 = COLOUR_RGB ( '',0.7921568627450980000, 0.8196078431372548800, 0.9333333333333333500 ) ;
#11151 = CARTESIAN_POINT ( 'NONE',  ( -6218.732872483719800, 306.9921758150600800, 0.0000000000000000000 ) ) ;
#11152 = ORIENTED_EDGE ( 'NONE', *, *, #6415, .F. ) ;
#11153 = ORIENTED_EDGE ( 'NONE', *, *, #9546, .F. ) ;
#11154 = DIRECTION ( 'NONE',  ( 0.0000000000000000000, -0.0000000000000000000, 1.000000000000000000 ) ) ;
#11155 = VERTEX_POINT ( 'NONE', #1244 ) ;
#11156 = CARTESIAN_POINT ( 'NONE',  ( -6220.882872483722200, 307.2290385117252100, 0.4800000000000000400 ) ) ;
#11157 = DIRECTION ( 'NONE',  ( 1.000000000000000000, 0.0000000000000000000, 0.0000000000000000000 ) ) ;
#11158 = PRESENTATION_LAYER_ASSIGNMENT (  '', '', ( #3202 ) ) ;
#11159 = DIRECTION ( 'NONE',  ( 0.0000000000000000000, 0.0000000000000000000, 1.000000000000000000 ) ) ;
#11160 = SURFACE_STYLE_FILL_AREA ( #5386 ) ;
#11161 =( GEOMETRIC_REPRESENTATION_CONTEXT ( 3 ) GLOBAL_UNCERTAINTY_ASSIGNED_CONTEXT ( ( #4585 ) ) GLOBAL_UNIT_ASSIGNED_CONTEXT ( ( #4404, #3553, #7937 ) ) REPRESENTATION_CONTEXT ( 'NONE', 'WORKASPACE' ) );
#11162 = SURFACE_STYLE_USAGE ( .BOTH. , #344 ) ;
#11163 = EDGE_CURVE ( 'NONE', #8224, #4867, #7958, .T. ) ;
#11164 = PRESENTATION_STYLE_ASSIGNMENT (( #7693 ) ) ;
#11165 =( NAMED_UNIT ( * ) PLANE_ANGLE_UNIT ( ) SI_UNIT ( $, .RADIAN. ) );
#11166 = VERTEX_POINT ( 'NONE', #3040 ) ;
#11167 = CARTESIAN_POINT ( 'NONE',  ( -6218.732872483719800, 306.1790385117200200, 0.0000000000000000000 ) ) ;
#11168 = FILL_AREA_STYLE ('',( #4777 ) ) ;
#11169 = CARTESIAN_POINT ( 'NONE',  ( -6217.832872483720200, 306.3943684949476300, 0.01999999999999999700 ) ) ;
#11170 = PRESENTATION_STYLE_ASSIGNMENT (( #634 ) ) ;
#11171 = CARTESIAN_POINT ( 'NONE',  ( -6217.782872483720900, 307.2290385117171400, 0.0000000000000000000 ) ) ;
#11172 = ORIENTED_EDGE ( 'NONE', *, *, #7601, .F. ) ;
#11173 = ORIENTED_EDGE ( 'NONE', *, *, #3326, .T. ) ;
#11174 =( NAMED_UNIT ( * ) PLANE_ANGLE_UNIT ( ) SI_UNIT ( $, .RADIAN. ) );
#11175 = AXIS2_PLACEMENT_3D ( 'NONE', #5759, #7629, #8512 ) ;
#11176 = EDGE_CURVE ( 'NONE', #10578, #3165, #8249, .T. ) ;
#11177 = UNCERTAINTY_MEASURE_WITH_UNIT (LENGTH_MEASURE( 1.000000000000000100E-005 ), #3268, 'distance_accuracy_value', 'NONE');
#11178 = DIRECTION ( 'NONE',  ( 1.000000000000000000, -6.167905692388529000E-013, 0.0000000000000000000 ) ) ;
#11179 = VECTOR ( 'NONE', #7140, 1000.000000000000000 ) ;
#11180 = ORIENTED_EDGE ( 'NONE', *, *, #3739, .T. ) ;
#11181 = CARTESIAN_POINT ( 'NONE',  ( -6220.832872483720200, 306.3943684949480800, 0.2500000000000000000 ) ) ;
#11182 = VERTEX_POINT ( 'NONE', #9234 ) ;
#11183 = ORIENTED_EDGE ( 'NONE', *, *, #9104, .T. ) ;
#11184 = CARTESIAN_POINT ( 'NONE',  ( -6220.532872483720000, 306.6790385117209900, 0.4800000000000000400 ) ) ;
#11185 = SURFACE_STYLE_USAGE ( .BOTH. , #1409 ) ;
#11186 = PRESENTATION_LAYER_ASSIGNMENT (  '', '', ( #1291 ) ) ;
#11187 =( NAMED_UNIT ( * ) PLANE_ANGLE_UNIT ( ) SI_UNIT ( $, .RADIAN. ) );
#11188 = PLANE ( 'NONE',  #6024 ) ;
#11189 =( GEOMETRIC_REPRESENTATION_CONTEXT ( 3 ) GLOBAL_UNCERTAINTY_ASSIGNED_CONTEXT ( ( #308 ) ) GLOBAL_UNIT_ASSIGNED_CONTEXT ( ( #4561, #7244, #1954 ) ) REPRESENTATION_CONTEXT ( 'NONE', 'WORKASPACE' ) );
#11190 = ORIENTED_EDGE ( 'NONE', *, *, #8629, .F. ) ;
#11191 =( NAMED_UNIT ( * ) PLANE_ANGLE_UNIT ( ) SI_UNIT ( $, .RADIAN. ) );
#11192 = ADVANCED_FACE ( 'NONE', ( #10048 ), #4021, .T. ) ;
#11193 = LINE ( 'NONE', #7874, #5529 ) ;
#11194 = SURFACE_STYLE_USAGE ( .BOTH. , #487 ) ;
#11195 = SURFACE_SIDE_STYLE ('',( #5239 ) ) ;
#11196 = COLOUR_RGB ( '',0.7921568627450980000, 0.8196078431372548800, 0.9333333333333333500 ) ;
#11197 = PRESENTATION_LAYER_ASSIGNMENT (  '', '', ( #2891 ) ) ;
#11198 = ORIENTED_EDGE ( 'NONE', *, *, #2236, .F. ) ;
#11199 = PRESENTATION_LAYER_ASSIGNMENT (  '', '', ( #2503 ) ) ;
#11200 =( GEOMETRIC_REPRESENTATION_CONTEXT ( 3 ) GLOBAL_UNCERTAINTY_ASSIGNED_CONTEXT ( ( #9704 ) ) GLOBAL_UNIT_ASSIGNED_CONTEXT ( ( #4483, #8956, #7289 ) ) REPRESENTATION_CONTEXT ( 'NONE', 'WORKASPACE' ) );
#11201 = SURFACE_SIDE_STYLE ('',( #6530 ) ) ;
#11202 = ORIENTED_EDGE ( 'NONE', *, *, #3673, .T. ) ;
#11203 = PRESENTATION_STYLE_ASSIGNMENT (( #9747 ) ) ;
#11204 = LINE ( 'NONE', #6319, #4552 ) ;
#11205 = ORIENTED_EDGE ( 'NONE', *, *, #7965, .T. ) ;
#11206 = VECTOR ( 'NONE', #10243, 1000.000000000000000 ) ;
#11207 = SURFACE_STYLE_USAGE ( .BOTH. , #10329 ) ;
#11208 = LINE ( 'NONE', #8361, #8877 ) ;
#11209 = VECTOR ( 'NONE', #3152, 1000.000000000000000 ) ;
#11210 = EDGE_CURVE ( 'NONE', #6328, #897, #10179, .T. ) ;
#11211 = FACE_OUTER_BOUND ( 'NONE', #5476, .T. ) ;
#11212 = DIRECTION ( 'NONE',  ( 5.884182022241509700E-014, 1.000000000000000000, 0.0000000000000000000 ) ) ;
#11213 = ORIENTED_EDGE ( 'NONE', *, *, #5801, .F. ) ;
#11214 = CARTESIAN_POINT ( 'NONE',  ( -6220.382872483720300, 306.6790385117209900, 0.4800000000000000400 ) ) ;
#11215 = FILL_AREA_STYLE_COLOUR ( '', #4318 ) ;
#11216 = AXIS2_PLACEMENT_3D ( 'NONE', #2006, #10876, #4618 ) ;
#11217 = EDGE_CURVE ( 'NONE', #4954, #9470, #1275, .T. ) ;
#11218 = VECTOR ( 'NONE', #6525, 1000.000000000000000 ) ;
#11219 =( GEOMETRIC_REPRESENTATION_CONTEXT ( 3 ) GLOBAL_UNCERTAINTY_ASSIGNED_CONTEXT ( ( #9570 ) ) GLOBAL_UNIT_ASSIGNED_CONTEXT ( ( #5745, #9123, #9158 ) ) REPRESENTATION_CONTEXT ( 'NONE', 'WORKASPACE' ) );
#11220 = VERTEX_POINT ( 'NONE', #9378 ) ;
#11221 = DIRECTION ( 'NONE',  ( 3.192717298542328700E-025, -2.842170942938230000E-013, 1.000000000000000000 ) ) ;
#11222 = EDGE_CURVE ( 'NONE', #9084, #4206, #448, .T. ) ;
#11223 = VECTOR ( 'NONE', #1665, 1000.000000000000000 ) ;
#11224 = DIRECTION ( 'NONE',  ( 4.547473508865079800E-012, -0.0000000000000000000, -1.000000000000000000 ) ) ;
#11225 = ORIENTED_EDGE ( 'NONE', *, *, #3686, .F. ) ;
#11226 = CARTESIAN_POINT ( 'NONE',  ( -6218.282872483720000, 306.1790385117200200, 0.5050000000000000000 ) ) ;
#11227 = CARTESIAN_POINT ( 'NONE',  ( -6217.782872483697200, 307.2290385117333400, 0.0000000000000000000 ) ) ;
#11228 = DIRECTION ( 'NONE',  ( -0.0000000000000000000, 1.000000000000000000, -0.0000000000000000000 ) ) ;
#11229 = LINE ( 'NONE', #5285, #11104 ) ;
#11230 = VECTOR ( 'NONE', #7775, 1000.000000000000000 ) ;
#11231 = PRESENTATION_STYLE_ASSIGNMENT (( #3460 ) ) ;
#11232 = SURFACE_STYLE_FILL_AREA ( #787 ) ;
#11233 = ORIENTED_EDGE ( 'NONE', *, *, #8554, .T. ) ;
#11234 = AXIS2_PLACEMENT_3D ( 'NONE', #6977, #7843, #1548 ) ;
#11235 = COLOUR_RGB ( '',0.7921568627450980000, 0.8196078431372548800, 0.9333333333333333500 ) ;
#11236 = FILL_AREA_STYLE_COLOUR ( '', #5044 ) ;
#11237 = FILL_AREA_STYLE ('',( #1499 ) ) ;
#11238 = UNCERTAINTY_MEASURE_WITH_UNIT (LENGTH_MEASURE( 1.000000000000000100E-005 ), #4989, 'distance_accuracy_value', 'NONE');
#11239 = FILL_AREA_STYLE_COLOUR ( '', #9558 ) ;
#11240 = LINE ( 'NONE', #9503, #11334 ) ;
#11241 = SURFACE_STYLE_FILL_AREA ( #4441 ) ;
#11242 = SURFACE_STYLE_FILL_AREA ( #11405 ) ;
#11243 = UNCERTAINTY_MEASURE_WITH_UNIT (LENGTH_MEASURE( 1.000000000000000100E-005 ), #8538, 'distance_accuracy_value', 'NONE');
#11244 = ADVANCED_FACE ( 'NONE', ( #7555 ), #1550, .T. ) ;
#11245 = CLOSED_SHELL ( 'NONE', ( #78, #7620, #9247, #3641, #10166, #9185 ) ) ;
#11246 = CARTESIAN_POINT ( 'NONE',  ( -6218.392872483719700, 307.1790385117190000, -6.084549036442890000E-037 ) ) ;
#11247 = CARTESIAN_POINT ( 'NONE',  ( -6220.588084424261100, 306.4690385117199900, 0.4899999999999999900 ) ) ;
#11248 = VECTOR ( 'NONE', #4484, 1000.000000000000000 ) ;
#11249 = CARTESIAN_POINT ( 'NONE',  ( -6220.532872483720000, 306.6790385117200200, 0.5000000000000000000 ) ) ;
#11250 = PLANE ( 'NONE',  #7583 ) ;
#11251 = VECTOR ( 'NONE', #4398, 1000.000000000000000 ) ;
#11252 = ORIENTED_EDGE ( 'NONE', *, *, #5061, .F. ) ;
#11253 = AXIS2_PLACEMENT_3D ( 'NONE', #8158, #2715, #2831 ) ;
#11254 = FACE_OUTER_BOUND ( 'NONE', #9636, .T. ) ;
#11255 = COLOUR_RGB ( '',0.7921568627450980000, 0.8196078431372548800, 0.9333333333333333500 ) ;
#11256 = ORIENTED_EDGE ( 'NONE', *, *, #447, .F. ) ;
#11257 = CARTESIAN_POINT ( 'NONE',  ( -6218.282872483720000, 306.1790385117200200, 0.5000000000000000000 ) ) ;
#11258 = UNCERTAINTY_MEASURE_WITH_UNIT (LENGTH_MEASURE( 1.000000000000000100E-005 ), #2854, 'distance_accuracy_value', 'NONE');
#11259 = SURFACE_SIDE_STYLE ('',( #7270 ) ) ;
#11260 = DIRECTION ( 'NONE',  ( 0.0000000000000000000, 0.0000000000000000000, -1.000000000000000000 ) ) ;
#11261 = DIRECTION ( 'NONE',  ( 0.0000000000000000000, -1.000000000000000000, 6.023345402730603900E-016 ) ) ;
#11262 = FACE_OUTER_BOUND ( 'NONE', #2824, .T. ) ;
#11263 = VECTOR ( 'NONE', #2649, 1000.000000000000000 ) ;
#11264 = FILL_AREA_STYLE_COLOUR ( '', #9324 ) ;
#11265 = VECTOR ( 'NONE', #3757, 1000.000000000000000 ) ;
#11266 = CARTESIAN_POINT ( 'NONE',  ( -6218.142872483719700, 306.9590385117189700, 0.4799999999999999800 ) ) ;
#11267 = AXIS2_PLACEMENT_3D ( 'NONE', #8578, #3213, #7701 ) ;
#11268 = LINE ( 'NONE', #4841, #6293 ) ;
#11269 = PRESENTATION_STYLE_ASSIGNMENT (( #34 ) ) ;
#11270 = MECHANICAL_DESIGN_GEOMETRIC_PRESENTATION_REPRESENTATION (  '', ( #5876 ), #8101 ) ;
#11271 = ORIENTED_EDGE ( 'NONE', *, *, #4778, .T. ) ;
#11272 = PRESENTATION_LAYER_ASSIGNMENT (  '', '', ( #3314 ) ) ;
#11273 = DIRECTION ( 'NONE',  ( 0.0000000000000000000, 2.842170943344290200E-013, 1.000000000000000000 ) ) ;
#11274 = MECHANICAL_DESIGN_GEOMETRIC_PRESENTATION_REPRESENTATION (  '', ( #11493 ), #565 ) ;
#11275 = DIRECTION ( 'NONE',  ( 0.0000000000000000000, -0.0000000000000000000, -1.000000000000000000 ) ) ;
#11276 = COLOUR_RGB ( '',0.7921568627450980000, 0.8196078431372548800, 0.9333333333333333500 ) ;
#11277 = DIRECTION ( 'NONE',  ( -9.094947017728610300E-012, 0.0000000000000000000, -1.000000000000000000 ) ) ;
#11278 = ORIENTED_EDGE ( 'NONE', *, *, #5063, .F. ) ;
#11279 = EDGE_LOOP ( 'NONE', ( #5016, #5700, #6501, #5098, #10042, #2228, #8265, #2937 ) ) ;
#11280 = ORIENTED_EDGE ( 'NONE', *, *, #3725, .F. ) ;
#11281 = SURFACE_STYLE_FILL_AREA ( #4718 ) ;
#11282 = CARTESIAN_POINT ( 'NONE',  ( -6217.832872483720200, 306.7818249162195300, 0.4799999999999998700 ) ) ;
#11283 = EDGE_CURVE ( 'NONE', #10135, #6345, #1542, .T. ) ;
#11284 = LINE ( 'NONE', #8998, #3954 ) ;
#11285 = UNCERTAINTY_MEASURE_WITH_UNIT (LENGTH_MEASURE( 1.000000000000000100E-005 ), #269, 'distance_accuracy_value', 'NONE');
#11287 = VECTOR ( 'NONE', #4063, 1000.000000000000000 ) ;
#11286 =( NAMED_UNIT ( * ) SI_UNIT ( $, .STERADIAN. ) SOLID_ANGLE_UNIT ( ) );
#11288 =( NAMED_UNIT ( * ) PLANE_ANGLE_UNIT ( ) SI_UNIT ( $, .RADIAN. ) );
#11289 = EDGE_LOOP ( 'NONE', ( #4533, #7125, #3461, #2174, #2214, #7791, #10298, #5971 ) ) ;
#11290 = FILL_AREA_STYLE ('',( #6110 ) ) ;
#11291 = ORIENTED_EDGE ( 'NONE', *, *, #6026, .T. ) ;
#11292 = DIRECTION ( 'NONE',  ( 1.000000000000000000, 0.0000000000000000000, 0.0000000000000000000 ) ) ;
#11293 = DIRECTION ( 'NONE',  ( -0.0000000000000000000, 0.0000000000000000000, -1.000000000000000000 ) ) ;
#11294 = LINE ( 'NONE', #5639, #1729 ) ;
#11295 = CARTESIAN_POINT ( 'NONE',  ( -6219.132872483720300, 307.1790385117200200, 0.02000000000000000000 ) ) ;
#11296 = PLANE ( 'NONE',  #6296 ) ;
#11297 = MECHANICAL_DESIGN_GEOMETRIC_PRESENTATION_REPRESENTATION (  '', ( #9537 ), #383 ) ;
#11298 =( NAMED_UNIT ( * ) SI_UNIT ( $, .STERADIAN. ) SOLID_ANGLE_UNIT ( ) );
#11299 = FILL_AREA_STYLE ('',( #4107 ) ) ;
#11300 = EDGE_LOOP ( 'NONE', ( #4392, #2669, #8585, #5640, #4048, #1991, #7347, #11008 ) ) ;
#11301 = ADVANCED_FACE ( 'NONE', ( #8097 ), #5999, .T. ) ;
#11302 =( NAMED_UNIT ( * ) SI_UNIT ( $, .STERADIAN. ) SOLID_ANGLE_UNIT ( ) );
#11303 = AXIS2_PLACEMENT_3D ( 'NONE', #10793, #9068, #5496 ) ;
#11304 = EDGE_CURVE ( 'NONE', #2787, #8662, #9484, .T. ) ;
#11305 =( GEOMETRIC_REPRESENTATION_CONTEXT ( 3 ) GLOBAL_UNCERTAINTY_ASSIGNED_CONTEXT ( ( #5727 ) ) GLOBAL_UNIT_ASSIGNED_CONTEXT ( ( #3067, #3966, #3103 ) ) REPRESENTATION_CONTEXT ( 'NONE', 'WORKASPACE' ) );
#11306 = LINE ( 'NONE', #2347, #8970 ) ;
#11307 = PLANE ( 'NONE',  #7793 ) ;
#11308 = EDGE_LOOP ( 'NONE', ( #7760, #7436, #3998, #2566, #6483, #11198 ) ) ;
#11309 = SURFACE_SIDE_STYLE ('',( #9553 ) ) ;
#11310 = ORIENTED_EDGE ( 'NONE', *, *, #1927, .F. ) ;
#11311 =( NAMED_UNIT ( * ) PLANE_ANGLE_UNIT ( ) SI_UNIT ( $, .RADIAN. ) );
#11312 = CARTESIAN_POINT ( 'NONE',  ( -6220.532872483720000, 306.6790385117200200, 0.4800000000000000400 ) ) ;
#11313 = VECTOR ( 'NONE', #7672, 1000.000000000000000 ) ;
#11314 = VECTOR ( 'NONE', #1167, 1000.000000000000000 ) ;
#11315 = UNCERTAINTY_MEASURE_WITH_UNIT (LENGTH_MEASURE( 1.000000000000000100E-005 ), #5319, 'distance_accuracy_value', 'NONE');
#11316 = ORIENTED_EDGE ( 'NONE', *, *, #5358, .T. ) ;
#11317 = FILL_AREA_STYLE_COLOUR ( '', #10749 ) ;
#11318 = ORIENTED_EDGE ( 'NONE', *, *, #40, .T. ) ;
#11319 = MECHANICAL_DESIGN_GEOMETRIC_PRESENTATION_REPRESENTATION (  '', ( #190 ), #5170 ) ;
#11320 = SURFACE_SIDE_STYLE ('',( #814 ) ) ;
#11321 = ORIENTED_EDGE ( 'NONE', *, *, #7548, .F. ) ;
#11322 = CARTESIAN_POINT ( 'NONE',  ( -6219.432737906850000, 307.1790385117209900, 0.0000000000000000000 ) ) ;
#11323 = DIRECTION ( 'NONE',  ( 3.486326665909891900E-016, 6.098636300382200700E-016, 1.000000000000000000 ) ) ;
#11324 = LINE ( 'NONE', #607, #7182 ) ;
#11325 = DIRECTION ( 'NONE',  ( -0.0000000000000000000, -0.0000000000000000000, -1.000000000000000000 ) ) ;
#11326 = ORIENTED_EDGE ( 'NONE', *, *, #5801, .T. ) ;
#11327 = PRESENTATION_STYLE_ASSIGNMENT (( #10378 ) ) ;
#11328 = DIRECTION ( 'NONE',  ( 1.000000000000000000, 0.0000000000000000000, -0.0000000000000000000 ) ) ;
#11329 = MECHANICAL_DESIGN_GEOMETRIC_PRESENTATION_REPRESENTATION (  '', ( #10168 ), #1979 ) ;
#11330 = ORIENTED_EDGE ( 'NONE', *, *, #7065, .F. ) ;
#11331 = CARTESIAN_POINT ( 'NONE',  ( -6220.332872483720200, 306.1790385117200200, 0.5000000000000000000 ) ) ;
#11332 =( GEOMETRIC_REPRESENTATION_CONTEXT ( 3 ) GLOBAL_UNCERTAINTY_ASSIGNED_CONTEXT ( ( #6355 ) ) GLOBAL_UNIT_ASSIGNED_CONTEXT ( ( #643, #8612, #534 ) ) REPRESENTATION_CONTEXT ( 'NONE', 'WORKASPACE' ) );
#11333 = DIRECTION ( 'NONE',  ( 0.0000000000000000000, 0.0000000000000000000, 1.000000000000000000 ) ) ;
#11334 = VECTOR ( 'NONE', #8917, 1000.000000000000000 ) ;
#11335 =( NAMED_UNIT ( * ) SI_UNIT ( $, .STERADIAN. ) SOLID_ANGLE_UNIT ( ) );
#11336 = CARTESIAN_POINT ( 'NONE',  ( -6220.532872483720000, 306.6790385117209900, 0.5000000000000000000 ) ) ;
#11337 = MECHANICAL_DESIGN_GEOMETRIC_PRESENTATION_REPRESENTATION (  '', ( #3469 ), #6011 ) ;
#11338 = VECTOR ( 'NONE', #4106, 1000.000000000000000 ) ;
#11339 =( LENGTH_UNIT ( ) NAMED_UNIT ( * ) SI_UNIT ( .MILLI., .METRE. ) );
#11340 = VERTEX_POINT ( 'NONE', #6862 ) ;
#11341 = ORIENTED_EDGE ( 'NONE', *, *, #7229, .T. ) ;
#11342 = CARTESIAN_POINT ( 'NONE',  ( -6220.832872483720200, 307.1090385117199700, 0.5000000000000000000 ) ) ;
#11343 = DIRECTION ( 'NONE',  ( 0.0000000000000000000, -1.000000000000000000, 0.0000000000000000000 ) ) ;
#11344 = MECHANICAL_DESIGN_GEOMETRIC_PRESENTATION_REPRESENTATION (  '', ( #9593 ), #424 ) ;
#11345 = LINE ( 'NONE', #4512, #6649 ) ;
#11346 =( GEOMETRIC_REPRESENTATION_CONTEXT ( 3 ) GLOBAL_UNCERTAINTY_ASSIGNED_CONTEXT ( ( #5455 ) ) GLOBAL_UNIT_ASSIGNED_CONTEXT ( ( #8865, #4432, #8784 ) ) REPRESENTATION_CONTEXT ( 'NONE', 'WORKASPACE' ) );
#11347 = STYLED_ITEM ( 'NONE', ( #8786 ), #3939 ) ;
#11348 =( NAMED_UNIT ( * ) SI_UNIT ( $, .STERADIAN. ) SOLID_ANGLE_UNIT ( ) );
#11349 = EDGE_CURVE ( 'NONE', #9456, #9367, #5462, .T. ) ;
#11350 = LINE ( 'NONE', #2458, #2203 ) ;
#11351 = EDGE_LOOP ( 'NONE', ( #1040, #2277, #6481, #10704, #6555, #361, #1395, #51 ) ) ;
#11352 = VERTEX_POINT ( 'NONE', #1588 ) ;
#11353 = ADVANCED_FACE ( 'NONE', ( #9340 ), #9567, .T. ) ;
#11354 = CARTESIAN_POINT ( 'NONE',  ( -6217.782872483720900, 306.1290385117176800, 0.5000000000000000000 ) ) ;
#11355 = CARTESIAN_POINT ( 'NONE',  ( -6220.332872483720200, 306.9590385117189700, 0.4800000000000000400 ) ) ;
#11356 = EDGE_CURVE ( 'NONE', #1205, #1008, #7255, .T. ) ;
#11357 = ORIENTED_EDGE ( 'NONE', *, *, #2479, .T. ) ;
#11358 = LINE ( 'NONE', #8091, #6388 ) ;
#11359 = DIRECTION ( 'NONE',  ( 5.884182030513439500E-014, 1.000000000000000000, 5.351632381019454300E-025 ) ) ;
#11360 = VECTOR ( 'NONE', #11487, 1000.000000000000000 ) ;
#11361 = DIRECTION ( 'NONE',  ( 2.304180778374998500E-017, 2.304180778384502400E-017, 1.000000000000000000 ) ) ;
#11362 = ORIENTED_EDGE ( 'NONE', *, *, #5885, .T. ) ;
#11363 = EDGE_CURVE ( 'NONE', #5558, #4697, #2379, .T. ) ;
#11365 = PRESENTATION_LAYER_ASSIGNMENT (  '', '', ( #9460 ) ) ;
#11364 =( NAMED_UNIT ( * ) SI_UNIT ( $, .STERADIAN. ) SOLID_ANGLE_UNIT ( ) );
#11366 = SURFACE_STYLE_FILL_AREA ( #7878 ) ;
#11367 = EDGE_CURVE ( 'NONE', #7973, #7776, #6556, .T. ) ;
#11368 = AXIS2_PLACEMENT_3D ( 'NONE', #10560, #6067, #10526 ) ;
#11369 = CARTESIAN_POINT ( 'NONE',  ( -6218.077660543180200, 306.4690385117199900, 0.5000000000000000000 ) ) ;
#11370 =( NAMED_UNIT ( * ) PLANE_ANGLE_UNIT ( ) SI_UNIT ( $, .RADIAN. ) );
#11371 = CARTESIAN_POINT ( 'NONE',  ( -6217.832872483720200, 306.3943684949480800, 0.02000000000000000000 ) ) ;
#11372 = CARTESIAN_POINT ( 'NONE',  ( -6220.382872483720300, 306.6790385117200200, 0.4800000000000000400 ) ) ;
#11373 = UNCERTAINTY_MEASURE_WITH_UNIT (LENGTH_MEASURE( 1.000000000000000100E-005 ), #5402, 'distance_accuracy_value', 'NONE');
#11374 = LINE ( 'NONE', #10232, #4458 ) ;
#11375 = CARTESIAN_POINT ( 'NONE',  ( -6218.332872483719300, 307.1090385117190100, 0.4800000000000000400 ) ) ;
#11376 = SURFACE_STYLE_USAGE ( .BOTH. , #5188 ) ;
#11377 = ORIENTED_EDGE ( 'NONE', *, *, #3399, .F. ) ;
#11378 = VECTOR ( 'NONE', #3439, 1000.000000000000000 ) ;
#11379 = PRESENTATION_STYLE_ASSIGNMENT (( #3109 ) ) ;
#11380 = UNCERTAINTY_MEASURE_WITH_UNIT (LENGTH_MEASURE( 1.000000000000000100E-005 ), #8731, 'distance_accuracy_value', 'NONE');
#11381 = CARTESIAN_POINT ( 'NONE',  ( -6219.932872483719600, 306.1790385117200200, 0.0000000000000000000 ) ) ;
#11382 =( LENGTH_UNIT ( ) NAMED_UNIT ( * ) SI_UNIT ( .MILLI., .METRE. ) );
#11383 =( GEOMETRIC_REPRESENTATION_CONTEXT ( 3 ) GLOBAL_UNCERTAINTY_ASSIGNED_CONTEXT ( ( #3746 ) ) GLOBAL_UNIT_ASSIGNED_CONTEXT ( ( #10303, #2309, #9501 ) ) REPRESENTATION_CONTEXT ( 'NONE', 'WORKASPACE' ) );
#11384 = VECTOR ( 'NONE', #3300, 1000.000000000000000 ) ;
#11385 = SURFACE_STYLE_FILL_AREA ( #10023 ) ;
#11386 = DIRECTION ( 'NONE',  ( -1.880717803723720000E-012, 1.000000000000000000, 0.0000000000000000000 ) ) ;
#11387 = CARTESIAN_POINT ( 'NONE',  ( -6218.732872483719800, 306.1790385117203600, 0.01999999999999999700 ) ) ;
#11388 = CARTESIAN_POINT ( 'NONE',  ( -6220.382872483720300, 306.6790385117209900, 0.5000000000000000000 ) ) ;
#11389 =( GEOMETRIC_REPRESENTATION_CONTEXT ( 3 ) GLOBAL_UNCERTAINTY_ASSIGNED_CONTEXT ( ( #10464 ) ) GLOBAL_UNIT_ASSIGNED_CONTEXT ( ( #3320, #9551, #4229 ) ) REPRESENTATION_CONTEXT ( 'NONE', 'WORKASPACE' ) );
#11390 = EDGE_CURVE ( 'NONE', #7776, #7290, #7544, .T. ) ;
#11391 = ORIENTED_EDGE ( 'NONE', *, *, #5885, .F. ) ;
#11392 = CARTESIAN_POINT ( 'NONE',  ( -6218.392872483719700, 306.9921758150609900, 0.0000000000000000000 ) ) ;
#11393 = CIRCLE ( 'NONE', #663, 0.4499999999980630600 ) ;
#11394 = FILL_AREA_STYLE_COLOUR ( '', #1227 ) ;
#11395 = CARTESIAN_POINT ( 'NONE',  ( -6217.832872483720200, 306.6190385117200200, 0.5000000000000000000 ) ) ;
#11396 = ORIENTED_EDGE ( 'NONE', *, *, #3669, .F. ) ;
#11397 = MECHANICAL_DESIGN_GEOMETRIC_PRESENTATION_REPRESENTATION (  '', ( #6863 ), #4064 ) ;
#11398 = DIRECTION ( 'NONE',  ( 1.000000000000000000, 0.0000000000000000000, 0.0000000000000000000 ) ) ;
#11399 = MECHANICAL_DESIGN_GEOMETRIC_PRESENTATION_REPRESENTATION (  '', ( #2046 ), #4669 ) ;
#11400 = CIRCLE ( 'NONE', #10937, 0.2700000000048774500 ) ;
#11401 = CARTESIAN_POINT ( 'NONE',  ( -6220.332872483720200, 306.4690385117199900, 0.5000000000000000000 ) ) ;
#11402 = ORIENTED_EDGE ( 'NONE', *, *, #8783, .T. ) ;
#11403 = ORIENTED_EDGE ( 'NONE', *, *, #9385, .F. ) ;
#11404 = CARTESIAN_POINT ( 'NONE',  ( -6220.382872483720300, 306.8290385117210800, 0.4800000000000000400 ) ) ;
#11405 = FILL_AREA_STYLE ('',( #4219 ) ) ;
#11406 = SURFACE_STYLE_USAGE ( .BOTH. , #6090 ) ;
#11407 = CARTESIAN_POINT ( 'NONE',  ( -6219.132872483720300, 306.1790385117190000, 0.02000000000000000000 ) ) ;
#11408 = ADVANCED_FACE ( 'NONE', ( #2243 ), #3380, .T. ) ;
#11409 = SURFACE_SIDE_STYLE ('',( #4933 ) ) ;
#11410 = PRESENTATION_LAYER_ASSIGNMENT (  '', '', ( #10244 ) ) ;
#11411 = PRESENTATION_STYLE_ASSIGNMENT (( #3837 ) ) ;
#11412 = LINE ( 'NONE', #3844, #4366 ) ;
#11413 = MECHANICAL_DESIGN_GEOMETRIC_PRESENTATION_REPRESENTATION (  '', ( #2894 ), #5498 ) ;
#11414 = MECHANICAL_DESIGN_GEOMETRIC_PRESENTATION_REPRESENTATION (  '', ( #9076 ), #4147 ) ;
#11415 = ORIENTED_EDGE ( 'NONE', *, *, #2151, .T. ) ;
#11416 = EDGE_LOOP ( 'NONE', ( #549, #639, #2147, #8699 ) ) ;
#11417 = FILL_AREA_STYLE_COLOUR ( '', #2264 ) ;
#11418 = VERTEX_POINT ( 'NONE', #7972 ) ;
#11419 = ADVANCED_FACE ( 'NONE', ( #1125 ), #1782, .T. ) ;
#11420 =( NAMED_UNIT ( * ) SI_UNIT ( $, .STERADIAN. ) SOLID_ANGLE_UNIT ( ) );
#11421 = VECTOR ( 'NONE', #1719, 1000.000000000000000 ) ;
#11422 =( NAMED_UNIT ( * ) PLANE_ANGLE_UNIT ( ) SI_UNIT ( $, .RADIAN. ) );
#11423 = SURFACE_SIDE_STYLE ('',( #4479 ) ) ;
#11424 = DIRECTION ( 'NONE',  ( -1.000000000000000000, -0.0000000000000000000, -0.0000000000000000000 ) ) ;
#11425 = COLOUR_RGB ( '',0.7921568627450980000, 0.8196078431372548800, 0.9333333333333333500 ) ;
#11426 = SURFACE_SIDE_STYLE ('',( #4811 ) ) ;
#11427 = PRESENTATION_STYLE_ASSIGNMENT (( #8681 ) ) ;
#11428 = EDGE_CURVE ( 'NONE', #1858, #1741, #4192, .T. ) ;
#11429 = ORIENTED_EDGE ( 'NONE', *, *, #8277, .T. ) ;
#11430 = DIRECTION ( 'NONE',  ( -0.0000000000000000000, -0.0000000000000000000, 1.000000000000000000 ) ) ;
#11431 = MECHANICAL_DESIGN_GEOMETRIC_PRESENTATION_REPRESENTATION (  '', ( #887 ), #7459 ) ;
#11432 = EDGE_CURVE ( 'NONE', #3504, #7274, #5025, .T. ) ;
#11433 = DIRECTION ( 'NONE',  ( -0.0000000000000000000, -0.0000000000000000000, -1.000000000000000000 ) ) ;
#11434 = DIRECTION ( 'NONE',  ( -6.243894290491639700E-012, 0.0000000000000000000, -1.000000000000000000 ) ) ;
#11435 = FACE_OUTER_BOUND ( 'NONE', #3372, .T. ) ;
#11436 = CARTESIAN_POINT ( 'NONE',  ( -6217.832872483720200, 306.7290385117190100, 0.02000000000000000000 ) ) ;
#11437 = CARTESIAN_POINT ( 'NONE',  ( -6217.995004518081300, 306.8321758150610200, 8.470329472543003400E-019 ) ) ;
#11438 = EDGE_CURVE ( 'NONE', #1773, #8224, #10976, .T. ) ;
#11439 = LINE ( 'NONE', #10691, #2426 ) ;
#11440 = CARTESIAN_POINT ( 'NONE',  ( -6220.532872483720000, 306.8290385117200000, 0.5000000000000000000 ) ) ;
#11441 = ORIENTED_EDGE ( 'NONE', *, *, #3500, .T. ) ;
#11442 = SURFACE_STYLE_USAGE ( .BOTH. , #3470 ) ;
#11443 = VECTOR ( 'NONE', #9580, 1000.000000000000000 ) ;
#11444 = CARTESIAN_POINT ( 'NONE',  ( -6218.632872483720300, 306.1790385117190000, 0.02000000000000000000 ) ) ;
#11445 = DIRECTION ( 'NONE',  ( -0.0000000000000000000, 1.000000000000000000, 0.0000000000000000000 ) ) ;
#11446 = PRESENTATION_LAYER_ASSIGNMENT (  '', '', ( #4341 ) ) ;
#11447 = FILL_AREA_STYLE_COLOUR ( '', #2762 ) ;
#11448 = SURFACE_SIDE_STYLE ('',( #7082 ) ) ;
#11449 = VECTOR ( 'NONE', #5935, 1000.000000000000000 ) ;
#11450 = VERTEX_POINT ( 'NONE', #4331 ) ;
#11451 = FILL_AREA_STYLE_COLOUR ( '', #1904 ) ;
#11452 = SURFACE_STYLE_FILL_AREA ( #2976 ) ;
#11453 = SURFACE_SIDE_STYLE ('',( #1314 ) ) ;
#11454 =( GEOMETRIC_REPRESENTATION_CONTEXT ( 3 ) GLOBAL_UNCERTAINTY_ASSIGNED_CONTEXT ( ( #84 ) ) GLOBAL_UNIT_ASSIGNED_CONTEXT ( ( #9524, #7770, #3459 ) ) REPRESENTATION_CONTEXT ( 'NONE', 'WORKASPACE' ) );
#11455 = VERTEX_POINT ( 'NONE', #9720 ) ;
#11456 = EDGE_CURVE ( 'NONE', #5395, #7474, #9472, .T. ) ;
#11457 = AXIS2_PLACEMENT_3D ( 'NONE', #9024, #3702, #2761 ) ;
#11458 = COLOUR_RGB ( '',0.7921568627450980000, 0.8196078431372548800, 0.9333333333333333500 ) ;
#11459 =( LENGTH_UNIT ( ) NAMED_UNIT ( * ) SI_UNIT ( .MILLI., .METRE. ) );
#11460 = COLOUR_RGB ( '',0.7921568627450980000, 0.8196078431372548800, 0.9333333333333333500 ) ;
#11461 = UNCERTAINTY_MEASURE_WITH_UNIT (LENGTH_MEASURE( 1.000000000000000100E-005 ), #7895, 'distance_accuracy_value', 'NONE');
#11462 = DIRECTION ( 'NONE',  ( 0.0000000000000000000, 2.267075416283530000E-012, 1.000000000000000000 ) ) ;
#11463 = CARTESIAN_POINT ( 'NONE',  ( -6220.832872483720200, 306.9637085284920200, 0.0000000000000000000 ) ) ;
#11464 = PLANE ( 'NONE',  #4731 ) ;
#11465 = VERTEX_POINT ( 'NONE', #7020 ) ;
#11466 = FILL_AREA_STYLE_COLOUR ( '', #1265 ) ;
#11467 =( LENGTH_UNIT ( ) NAMED_UNIT ( * ) SI_UNIT ( .MILLI., .METRE. ) );
#11468 = CARTESIAN_POINT ( 'NONE',  ( -6220.617542500490300, 307.1790385117200200, 0.4800000000000000400 ) ) ;
#11469 = CARTESIAN_POINT ( 'NONE',  ( -6218.142872483719700, 306.9590385117200000, 0.5000000000000000000 ) ) ;
#11470 = AXIS2_PLACEMENT_3D ( 'NONE', #1878, #368, #3872 ) ;
#11471 = ADVANCED_FACE ( 'NONE', ( #6276 ), #2603, .T. ) ;
#11472 = PRESENTATION_STYLE_ASSIGNMENT (( #10110 ) ) ;
#11473 = PRESENTATION_LAYER_ASSIGNMENT (  '', '', ( #3544 ) ) ;
#11474 = ORIENTED_EDGE ( 'NONE', *, *, #7156, .T. ) ;
#11475 = PLANE ( 'NONE',  #5472 ) ;
#11476 =( NAMED_UNIT ( * ) PLANE_ANGLE_UNIT ( ) SI_UNIT ( $, .RADIAN. ) );
#11477 = VERTEX_POINT ( 'NONE', #11436 ) ;
#11478 = ADVANCED_FACE ( 'NONE', ( #6137 ), #10660, .T. ) ;
#11479 = CARTESIAN_POINT ( 'NONE',  ( -6219.132872483720300, 306.8321758150600000, 0.0000000000000000000 ) ) ;
#11480 = LINE ( 'NONE', #4929, #6777 ) ;
#11481 = PRESENTATION_STYLE_ASSIGNMENT (( #3187 ) ) ;
#11482 = PRESENTATION_LAYER_ASSIGNMENT (  '', '', ( #1978 ) ) ;
#11483 = ORIENTED_EDGE ( 'NONE', *, *, #9896, .F. ) ;
#11484 = MECHANICAL_DESIGN_GEOMETRIC_PRESENTATION_REPRESENTATION (  '', ( #783 ), #2954 ) ;
#11485 = CARTESIAN_POINT ( 'NONE',  ( -6220.382872483720300, 307.1790385117200200, 0.5000000000000000000 ) ) ;
#11486 = PRESENTATION_LAYER_ASSIGNMENT (  '', '', ( #2956 ) ) ;
#11487 = DIRECTION ( 'NONE',  ( -1.000000000000000000, -0.0000000000000000000, -0.0000000000000000000 ) ) ;
#11488 = FACE_OUTER_BOUND ( 'NONE', #7606, .T. ) ;
#11489 = PRESENTATION_STYLE_ASSIGNMENT (( #8416 ) ) ;
#11490 = DIRECTION ( 'NONE',  ( -0.0000000000000000000, -0.0000000000000000000, -1.000000000000000000 ) ) ;
#11491 = ORIENTED_EDGE ( 'NONE', *, *, #11006, .T. ) ;
#11492 =( NAMED_UNIT ( * ) SI_UNIT ( $, .STERADIAN. ) SOLID_ANGLE_UNIT ( ) );
#11493 = STYLED_ITEM ( 'NONE', ( #3360 ), #2642 ) ;
#11494 = DIRECTION ( 'NONE',  ( 1.000000000000000000, 0.0000000000000000000, -0.0000000000000000000 ) ) ;
#11495 = SURFACE_STYLE_FILL_AREA ( #10881 ) ;
#11496 = ORIENTED_EDGE ( 'NONE', *, *, #1038, .F. ) ;
#11497 = CARTESIAN_POINT ( 'NONE',  ( -6220.617542500489400, 306.1790385117200200, 0.4800000000000000400 ) ) ;
#11498 = ORIENTED_EDGE ( 'NONE', *, *, #10852, .F. ) ;
#11499 = FILL_AREA_STYLE_COLOUR ( '', #6727 ) ;
#11500 =( GEOMETRIC_REPRESENTATION_CONTEXT ( 3 ) GLOBAL_UNCERTAINTY_ASSIGNED_CONTEXT ( ( #7516 ) ) GLOBAL_UNIT_ASSIGNED_CONTEXT ( ( #10094, #10926, #5678 ) ) REPRESENTATION_CONTEXT ( 'NONE', 'WORKASPACE' ) );
#11501 = SURFACE_SIDE_STYLE ('',( #7044 ) ) ;
#11502 =( NAMED_UNIT ( * ) SI_UNIT ( $, .STERADIAN. ) SOLID_ANGLE_UNIT ( ) );
#11503 = STYLED_ITEM ( 'NONE', ( #355 ), #4570 ) ;
#11504 = CARTESIAN_POINT ( 'NONE',  ( -6218.332872483719300, 306.6190385117200200, 0.4800000000000000400 ) ) ;
#11505 = DIRECTION ( 'NONE',  ( -1.000000000000000000, -0.0000000000000000000, -0.0000000000000000000 ) ) ;
#11506 = ORIENTED_EDGE ( 'NONE', *, *, #7181, .T. ) ;
#11507 = FACE_OUTER_BOUND ( 'NONE', #9853, .T. ) ;
#11508 = ORIENTED_EDGE ( 'NONE', *, *, #3660, .T. ) ;
#11509 = FILL_AREA_STYLE ('',( #4505 ) ) ;
#11510 = CIRCLE ( 'NONE', #1883, 0.4500000001383952500 ) ;
#11511 = DIRECTION ( 'NONE',  ( -1.046092669195530000E-023, 1.000000000000000000, 9.514157401967647900E-035 ) ) ;
ENDSEC;
END-ISO-10303-21;
