ISO-10303-21;
HEADER;
FILE_DESCRIPTION( ( 'Unknown' ), '1' );
FILE_NAME( '//s-e-file01.we-group.com/Data/User_Groups_Only/17_EMC_Product_&_Development/Article_Master/U_Automotive/IndMAIA/Master_Data/01_CAD_drawing/1_Drawing/IndMAIA_5020/Rel_Data/78438366xxx_5020.stp', 'Unknown', ( 'Unknown' ), ( 'Unknown' ), 'PSStep 21.0.46', 'Unknown', '  ' );
FILE_SCHEMA( ( 'AUTOMOTIVE_DESIGN { 1 0 10303 214 1 1 1 1 }' ) );
ENDSEC;
DATA;
#1 = PRODUCT_DEFINITION_CONTEXT( '', #19, 'design' );
#2 = APPLICATION_PROTOCOL_DEFINITION( 'international standard', 'automotive_design', 2001, #19 );
#3 = PRODUCT_CATEGORY_RELATIONSHIP( 'NONE', 'NONE', #20, #21 );
#4 = SHAPE_DEFINITION_REPRESENTATION( #22, #23 );
#5 = PRODUCT_CATEGORY_RELATIONSHIP( 'NONE', 'NONE', #20, #24 );
#6 = CONTEXT_DEPENDENT_SHAPE_REPRESENTATION( #25, #26 );
#7 = SHAPE_DEFINITION_REPRESENTATION( #27, #28 );
#8 = SHAPE_REPRESENTATION_RELATIONSHIP( 'NONE', 'NONE', #28, #29 );
#9 = PRODUCT_CATEGORY_RELATIONSHIP( 'NONE', 'NONE', #20, #30 );
#10 = CONTEXT_DEPENDENT_SHAPE_REPRESENTATION( #31, #32 );
#11 = SHAPE_DEFINITION_REPRESENTATION( #33, #34 );
#12 = SHAPE_REPRESENTATION_RELATIONSHIP( 'NONE', 'NONE', #34, #35 );
#13 = CONTEXT_DEPENDENT_SHAPE_REPRESENTATION( #36, #37 );
#14 = MECHANICAL_DESIGN_GEOMETRIC_PRESENTATION_REPRESENTATION( ' ', ( #38, #39, #40, #41, #42, #43, #44, #45, #46, #47, #48, #49, #50, #51, #52, #53, #54, #55, #56, #57, #58, #59, #60, #61, #62, #63, #64, #65, #66, #67, #68, #69, #70, #71, #72, #73, #74, #75, #76, #77, #78, #79, #80, #81, #82, #83, #84, #85, #86, #87, #88, #89, #90, #91, #92, #93, #94, #95, #96, #97, #98, #99, #100, #101, #102, #103, #104, #105, #106, #107, #108, #109, #110, #111, #112, #113, #114, #115, #116, #117, #118, #119, #120, #121, #122, #123, #124, #125, #126, #127 ), #15 );
#15 =  ( GEOMETRIC_REPRESENTATION_CONTEXT( 3 )GLOBAL_UNCERTAINTY_ASSIGNED_CONTEXT( ( #130 ) )GLOBAL_UNIT_ASSIGNED_CONTEXT( ( #132, #133, #134 ) )REPRESENTATION_CONTEXT( 'NONE', 'WORKSPACE' ) );
#19 = APPLICATION_CONTEXT( 'core data for automotive mechanical design processes' );
#20 = PRODUCT_CATEGORY( 'part', 'NONE' );
#21 = PRODUCT_RELATED_PRODUCT_CATEGORY( 'detail', ' ', ( #136 ) );
#22 = PRODUCT_DEFINITION_SHAPE( 'NONE', 'NONE', #137 );
#23 = SHAPE_REPRESENTATION( 'Assem1', ( #138, #139, #140, #141 ), #142 );
#24 = PRODUCT_RELATED_PRODUCT_CATEGORY( 'detail', ' ', ( #143 ) );
#25 = ( REPRESENTATION_RELATIONSHIP( '', '', #28, #23 )REPRESENTATION_RELATIONSHIP_WITH_TRANSFORMATION( #146 )SHAPE_REPRESENTATION_RELATIONSHIP(  ) );
#26 = PRODUCT_DEFINITION_SHAPE( 'NAUO-PROD-DEF', 'NAUO-PROD-DEF', #148 );
#27 = PRODUCT_DEFINITION_SHAPE( 'NONE', 'NONE', #149 );
#28 = SHAPE_REPRESENTATION( 'body_SSMC_5020', ( #138 ), #142 );
#29 = ADVANCED_BREP_SHAPE_REPRESENTATION( 'body_SSMC_5020', ( #150 ), #15 );
#30 = PRODUCT_RELATED_PRODUCT_CATEGORY( 'detail', ' ', ( #151 ) );
#31 = ( REPRESENTATION_RELATIONSHIP( '', '', #34, #23 )REPRESENTATION_RELATIONSHIP_WITH_TRANSFORMATION( #154 )SHAPE_REPRESENTATION_RELATIONSHIP(  ) );
#32 = PRODUCT_DEFINITION_SHAPE( 'NAUO-PROD-DEF', 'NAUO-PROD-DEF', #156 );
#33 = PRODUCT_DEFINITION_SHAPE( 'NONE', 'NONE', #157 );
#34 = SHAPE_REPRESENTATION( 'land_pattern', ( #138 ), #142 );
#35 = ADVANCED_BREP_SHAPE_REPRESENTATION( 'land_pattern', ( #158 ), #15 );
#36 = ( REPRESENTATION_RELATIONSHIP( '', '', #34, #23 )REPRESENTATION_RELATIONSHIP_WITH_TRANSFORMATION( #161 )SHAPE_REPRESENTATION_RELATIONSHIP(  ) );
#37 = PRODUCT_DEFINITION_SHAPE( 'NAUO-PROD-DEF', 'NAUO-PROD-DEF', #163 );
#38 = STYLED_ITEM( '', ( #164 ), #165 );
#39 = STYLED_ITEM( '', ( #166 ), #167 );
#40 = STYLED_ITEM( '', ( #168 ), #169 );
#41 = STYLED_ITEM( '', ( #170 ), #171 );
#42 = STYLED_ITEM( '', ( #172 ), #173 );
#43 = STYLED_ITEM( '', ( #174 ), #175 );
#44 = STYLED_ITEM( '', ( #176 ), #177 );
#45 = STYLED_ITEM( '', ( #178 ), #179 );
#46 = STYLED_ITEM( '', ( #180 ), #181 );
#47 = STYLED_ITEM( '', ( #182 ), #183 );
#48 = STYLED_ITEM( '', ( #184 ), #185 );
#49 = STYLED_ITEM( '', ( #186 ), #187 );
#50 = STYLED_ITEM( '', ( #188 ), #189 );
#51 = STYLED_ITEM( '', ( #190 ), #191 );
#52 = STYLED_ITEM( '', ( #192 ), #193 );
#53 = STYLED_ITEM( '', ( #194 ), #195 );
#54 = STYLED_ITEM( '', ( #196 ), #197 );
#55 = STYLED_ITEM( '', ( #198 ), #199 );
#56 = STYLED_ITEM( '', ( #200 ), #201 );
#57 = STYLED_ITEM( '', ( #202 ), #203 );
#58 = STYLED_ITEM( '', ( #204 ), #205 );
#59 = STYLED_ITEM( '', ( #206 ), #207 );
#60 = STYLED_ITEM( '', ( #208 ), #209 );
#61 = STYLED_ITEM( '', ( #210 ), #211 );
#62 = STYLED_ITEM( '', ( #212 ), #213 );
#63 = STYLED_ITEM( '', ( #214 ), #215 );
#64 = STYLED_ITEM( '', ( #216 ), #217 );
#65 = STYLED_ITEM( '', ( #218 ), #219 );
#66 = STYLED_ITEM( '', ( #220 ), #221 );
#67 = STYLED_ITEM( '', ( #222 ), #223 );
#68 = STYLED_ITEM( '', ( #224 ), #225 );
#69 = STYLED_ITEM( '', ( #226 ), #227 );
#70 = STYLED_ITEM( '', ( #228 ), #229 );
#71 = STYLED_ITEM( '', ( #230 ), #231 );
#72 = STYLED_ITEM( '', ( #232 ), #233 );
#73 = STYLED_ITEM( '', ( #234 ), #235 );
#74 = STYLED_ITEM( '', ( #236 ), #237 );
#75 = STYLED_ITEM( '', ( #238 ), #239 );
#76 = STYLED_ITEM( '', ( #240 ), #241 );
#77 = STYLED_ITEM( '', ( #242 ), #243 );
#78 = STYLED_ITEM( '', ( #244 ), #245 );
#79 = STYLED_ITEM( '', ( #246 ), #247 );
#80 = STYLED_ITEM( '', ( #248 ), #249 );
#81 = STYLED_ITEM( '', ( #250 ), #251 );
#82 = STYLED_ITEM( '', ( #252 ), #253 );
#83 = STYLED_ITEM( '', ( #254 ), #255 );
#84 = STYLED_ITEM( '', ( #256 ), #257 );
#85 = STYLED_ITEM( '', ( #258 ), #259 );
#86 = STYLED_ITEM( '', ( #260 ), #261 );
#87 = STYLED_ITEM( '', ( #262 ), #263 );
#88 = STYLED_ITEM( '', ( #264 ), #265 );
#89 = STYLED_ITEM( '', ( #266 ), #267 );
#90 = STYLED_ITEM( '', ( #268 ), #269 );
#91 = STYLED_ITEM( '', ( #270 ), #271 );
#92 = STYLED_ITEM( '', ( #272 ), #273 );
#93 = STYLED_ITEM( '', ( #274 ), #275 );
#94 = STYLED_ITEM( '', ( #276 ), #277 );
#95 = STYLED_ITEM( '', ( #278 ), #279 );
#96 = STYLED_ITEM( '', ( #280 ), #281 );
#97 = STYLED_ITEM( '', ( #282 ), #283 );
#98 = STYLED_ITEM( '', ( #284 ), #285 );
#99 = STYLED_ITEM( '', ( #286 ), #287 );
#100 = STYLED_ITEM( '', ( #288 ), #289 );
#101 = STYLED_ITEM( '', ( #290 ), #291 );
#102 = STYLED_ITEM( '', ( #292 ), #293 );
#103 = STYLED_ITEM( '', ( #294 ), #295 );
#104 = STYLED_ITEM( '', ( #296 ), #297 );
#105 = STYLED_ITEM( '', ( #298 ), #299 );
#106 = STYLED_ITEM( '', ( #300 ), #301 );
#107 = STYLED_ITEM( '', ( #302 ), #303 );
#108 = STYLED_ITEM( '', ( #304 ), #305 );
#109 = STYLED_ITEM( '', ( #306 ), #307 );
#110 = STYLED_ITEM( '', ( #308 ), #309 );
#111 = STYLED_ITEM( '', ( #310 ), #311 );
#112 = STYLED_ITEM( '', ( #312 ), #313 );
#113 = STYLED_ITEM( '', ( #314 ), #315 );
#114 = STYLED_ITEM( '', ( #316 ), #317 );
#115 = STYLED_ITEM( '', ( #318 ), #319 );
#116 = STYLED_ITEM( '', ( #320 ), #321 );
#117 = STYLED_ITEM( '', ( #322 ), #323 );
#118 = STYLED_ITEM( '', ( #324 ), #325 );
#119 = STYLED_ITEM( '', ( #326 ), #327 );
#120 = STYLED_ITEM( '', ( #328 ), #329 );
#121 = STYLED_ITEM( '', ( #330 ), #331 );
#122 = STYLED_ITEM( '', ( #332 ), #333 );
#123 = STYLED_ITEM( '', ( #334 ), #335 );
#124 = STYLED_ITEM( '', ( #336 ), #337 );
#125 = STYLED_ITEM( '', ( #338 ), #339 );
#126 = STYLED_ITEM( '', ( #340 ), #341 );
#127 = STYLED_ITEM( '', ( #342 ), #343 );
#130 = UNCERTAINTY_MEASURE_WITH_UNIT( LENGTH_MEASURE( 0.00100000000000000 ), #132, '', '' );
#132 =  ( CONVERSION_BASED_UNIT( 'MILLIMETRE', #346 )LENGTH_UNIT(  )NAMED_UNIT( #349 ) );
#133 =  ( NAMED_UNIT( #351 )PLANE_ANGLE_UNIT(  )SI_UNIT( $, .RADIAN. ) );
#134 =  ( NAMED_UNIT( #351 )SI_UNIT( $, .STERADIAN. )SOLID_ANGLE_UNIT(  ) );
#136 = PRODUCT( 'Assem1', 'Assem1', 'PART-Assem1-DESC', ( #357 ) );
#137 = PRODUCT_DEFINITION( 'NONE', 'NONE', #358, #1 );
#138 = AXIS2_PLACEMENT_3D( '', #359, #360, #361 );
#139 = AXIS2_PLACEMENT_3D( '', #362, #363, #364 );
#140 = AXIS2_PLACEMENT_3D( '', #365, #366, #367 );
#141 = AXIS2_PLACEMENT_3D( '', #368, #369, #370 );
#142 =  ( GEOMETRIC_REPRESENTATION_CONTEXT( 3 )GLOBAL_UNCERTAINTY_ASSIGNED_CONTEXT( ( #373 ) )GLOBAL_UNIT_ASSIGNED_CONTEXT( ( #375, #376, #377 ) )REPRESENTATION_CONTEXT( 'NONE', 'WORKSPACE' ) );
#143 = PRODUCT( 'body_SSMC_5020', 'body_SSMC_5020', 'PART-body_SSMC_5020-DESC', ( #357 ) );
#146 = ITEM_DEFINED_TRANSFORMATION( '', '', #138, #139 );
#148 = NEXT_ASSEMBLY_USAGE_OCCURRENCE( 'NAUO1', 'body_SSMC_5020', 'body_SSMC_5020', #137, #149, $ );
#149 = PRODUCT_DEFINITION( 'body_SSMC_5020', 'body_SSMC_5020', #379, #1 );
#150 = MANIFOLD_SOLID_BREP( 'body_SSMC_5020', #380 );
#151 = PRODUCT( 'land_pattern', 'land_pattern', 'PART-land_pattern-DESC', ( #357 ) );
#154 = ITEM_DEFINED_TRANSFORMATION( '', '', #138, #140 );
#156 = NEXT_ASSEMBLY_USAGE_OCCURRENCE( 'NAUO2', 'land_pattern', 'land_pattern', #137, #157, $ );
#157 = PRODUCT_DEFINITION( 'land_pattern', 'land_pattern', #381, #1 );
#158 = MANIFOLD_SOLID_BREP( 'land_pattern', #382 );
#161 = ITEM_DEFINED_TRANSFORMATION( '', '', #138, #141 );
#163 = NEXT_ASSEMBLY_USAGE_OCCURRENCE( 'NAUO3', 'land_pattern', 'land_pattern', #137, #157, $ );
#164 = PRESENTATION_STYLE_ASSIGNMENT( ( #383 ) );
#165 = ADVANCED_FACE( '', ( #384 ), #385, .T. );
#166 = PRESENTATION_STYLE_ASSIGNMENT( ( #386 ) );
#167 = ADVANCED_FACE( '', ( #387 ), #388, .T. );
#168 = PRESENTATION_STYLE_ASSIGNMENT( ( #389 ) );
#169 = ADVANCED_FACE( '', ( #390 ), #391, .T. );
#170 = PRESENTATION_STYLE_ASSIGNMENT( ( #392 ) );
#171 = ADVANCED_FACE( '', ( #393 ), #394, .T. );
#172 = PRESENTATION_STYLE_ASSIGNMENT( ( #395 ) );
#173 = ADVANCED_FACE( '', ( #396 ), #397, .T. );
#174 = PRESENTATION_STYLE_ASSIGNMENT( ( #398 ) );
#175 = ADVANCED_FACE( '', ( #399 ), #400, .T. );
#176 = PRESENTATION_STYLE_ASSIGNMENT( ( #401 ) );
#177 = ADVANCED_FACE( '', ( #402 ), #403, .T. );
#178 = PRESENTATION_STYLE_ASSIGNMENT( ( #404 ) );
#179 = ADVANCED_FACE( '', ( #405 ), #406, .T. );
#180 = PRESENTATION_STYLE_ASSIGNMENT( ( #407 ) );
#181 = ADVANCED_FACE( '', ( #408 ), #409, .F. );
#182 = PRESENTATION_STYLE_ASSIGNMENT( ( #410 ) );
#183 = ADVANCED_FACE( '', ( #411 ), #412, .F. );
#184 = PRESENTATION_STYLE_ASSIGNMENT( ( #413 ) );
#185 = ADVANCED_FACE( '', ( #414 ), #415, .T. );
#186 = PRESENTATION_STYLE_ASSIGNMENT( ( #416 ) );
#187 = ADVANCED_FACE( '', ( #417 ), #418, .T. );
#188 = PRESENTATION_STYLE_ASSIGNMENT( ( #419 ) );
#189 = ADVANCED_FACE( '', ( #420 ), #421, .T. );
#190 = PRESENTATION_STYLE_ASSIGNMENT( ( #422 ) );
#191 = ADVANCED_FACE( '', ( #423 ), #424, .T. );
#192 = PRESENTATION_STYLE_ASSIGNMENT( ( #425 ) );
#193 = ADVANCED_FACE( '', ( #426 ), #427, .T. );
#194 = PRESENTATION_STYLE_ASSIGNMENT( ( #428 ) );
#195 = ADVANCED_FACE( '', ( #429 ), #430, .T. );
#196 = PRESENTATION_STYLE_ASSIGNMENT( ( #431 ) );
#197 = ADVANCED_FACE( '', ( #432 ), #433, .T. );
#198 = PRESENTATION_STYLE_ASSIGNMENT( ( #434 ) );
#199 = ADVANCED_FACE( '', ( #435 ), #436, .T. );
#200 = PRESENTATION_STYLE_ASSIGNMENT( ( #437 ) );
#201 = ADVANCED_FACE( '', ( #438 ), #439, .T. );
#202 = PRESENTATION_STYLE_ASSIGNMENT( ( #440 ) );
#203 = ADVANCED_FACE( '', ( #441 ), #442, .T. );
#204 = PRESENTATION_STYLE_ASSIGNMENT( ( #443 ) );
#205 = ADVANCED_FACE( '', ( #444 ), #445, .T. );
#206 = PRESENTATION_STYLE_ASSIGNMENT( ( #446 ) );
#207 = ADVANCED_FACE( '', ( #447 ), #448, .T. );
#208 = PRESENTATION_STYLE_ASSIGNMENT( ( #449 ) );
#209 = ADVANCED_FACE( '', ( #450 ), #451, .T. );
#210 = PRESENTATION_STYLE_ASSIGNMENT( ( #452 ) );
#211 = ADVANCED_FACE( '', ( #453 ), #454, .T. );
#212 = PRESENTATION_STYLE_ASSIGNMENT( ( #455 ) );
#213 = ADVANCED_FACE( '', ( #456 ), #457, .T. );
#214 = PRESENTATION_STYLE_ASSIGNMENT( ( #458 ) );
#215 = ADVANCED_FACE( '', ( #459 ), #460, .T. );
#216 = PRESENTATION_STYLE_ASSIGNMENT( ( #461 ) );
#217 = ADVANCED_FACE( '', ( #462 ), #463, .T. );
#218 = PRESENTATION_STYLE_ASSIGNMENT( ( #464 ) );
#219 = ADVANCED_FACE( '', ( #465 ), #466, .T. );
#220 = PRESENTATION_STYLE_ASSIGNMENT( ( #467 ) );
#221 = ADVANCED_FACE( '', ( #468, #469, #470, #471, #472, #473, #474, #475, #476, #477 ), #478, .T. );
#222 = PRESENTATION_STYLE_ASSIGNMENT( ( #479 ) );
#223 = ADVANCED_FACE( '', ( #480, #481 ), #482, .T. );
#224 = PRESENTATION_STYLE_ASSIGNMENT( ( #483 ) );
#225 = ADVANCED_FACE( '', ( #484 ), #485, .T. );
#226 = PRESENTATION_STYLE_ASSIGNMENT( ( #486 ) );
#227 = ADVANCED_FACE( '', ( #487 ), #488, .T. );
#228 = PRESENTATION_STYLE_ASSIGNMENT( ( #489 ) );
#229 = ADVANCED_FACE( '', ( #490 ), #491, .T. );
#230 = PRESENTATION_STYLE_ASSIGNMENT( ( #492 ) );
#231 = ADVANCED_FACE( '', ( #493 ), #494, .T. );
#232 = PRESENTATION_STYLE_ASSIGNMENT( ( #495 ) );
#233 = ADVANCED_FACE( '', ( #496 ), #497, .T. );
#234 = PRESENTATION_STYLE_ASSIGNMENT( ( #498 ) );
#235 = ADVANCED_FACE( '', ( #499 ), #500, .T. );
#236 = PRESENTATION_STYLE_ASSIGNMENT( ( #501 ) );
#237 = ADVANCED_FACE( '', ( #502 ), #503, .T. );
#238 = PRESENTATION_STYLE_ASSIGNMENT( ( #504 ) );
#239 = ADVANCED_FACE( '', ( #505 ), #506, .T. );
#240 = PRESENTATION_STYLE_ASSIGNMENT( ( #507 ) );
#241 = ADVANCED_FACE( '', ( #508 ), #509, .T. );
#242 = PRESENTATION_STYLE_ASSIGNMENT( ( #510 ) );
#243 = ADVANCED_FACE( '', ( #511 ), #512, .T. );
#244 = PRESENTATION_STYLE_ASSIGNMENT( ( #513 ) );
#245 = ADVANCED_FACE( '', ( #514 ), #515, .T. );
#246 = PRESENTATION_STYLE_ASSIGNMENT( ( #516 ) );
#247 = ADVANCED_FACE( '', ( #517 ), #518, .T. );
#248 = PRESENTATION_STYLE_ASSIGNMENT( ( #519 ) );
#249 = ADVANCED_FACE( '', ( #520 ), #521, .F. );
#250 = PRESENTATION_STYLE_ASSIGNMENT( ( #522 ) );
#251 = ADVANCED_FACE( '', ( #523 ), #524, .T. );
#252 = PRESENTATION_STYLE_ASSIGNMENT( ( #525 ) );
#253 = ADVANCED_FACE( '', ( #526, #527 ), #528, .F. );
#254 = PRESENTATION_STYLE_ASSIGNMENT( ( #529 ) );
#255 = ADVANCED_FACE( '', ( #530 ), #531, .F. );
#256 = PRESENTATION_STYLE_ASSIGNMENT( ( #532 ) );
#257 = ADVANCED_FACE( '', ( #533 ), #534, .T. );
#258 = PRESENTATION_STYLE_ASSIGNMENT( ( #535 ) );
#259 = ADVANCED_FACE( '', ( #536 ), #537, .T. );
#260 = PRESENTATION_STYLE_ASSIGNMENT( ( #538 ) );
#261 = ADVANCED_FACE( '', ( #539 ), #540, .T. );
#262 = PRESENTATION_STYLE_ASSIGNMENT( ( #541 ) );
#263 = ADVANCED_FACE( '', ( #542 ), #543, .T. );
#264 = PRESENTATION_STYLE_ASSIGNMENT( ( #544 ) );
#265 = ADVANCED_FACE( '', ( #545 ), #546, .T. );
#266 = PRESENTATION_STYLE_ASSIGNMENT( ( #547 ) );
#267 = ADVANCED_FACE( '', ( #548 ), #549, .T. );
#268 = PRESENTATION_STYLE_ASSIGNMENT( ( #550 ) );
#269 = ADVANCED_FACE( '', ( #551 ), #552, .T. );
#270 = PRESENTATION_STYLE_ASSIGNMENT( ( #553 ) );
#271 = ADVANCED_FACE( '', ( #554 ), #555, .T. );
#272 = PRESENTATION_STYLE_ASSIGNMENT( ( #556 ) );
#273 = ADVANCED_FACE( '', ( #557, #558 ), #559, .T. );
#274 = PRESENTATION_STYLE_ASSIGNMENT( ( #560 ) );
#275 = ADVANCED_FACE( '', ( #561 ), #562, .T. );
#276 = PRESENTATION_STYLE_ASSIGNMENT( ( #563 ) );
#277 = ADVANCED_FACE( '', ( #564 ), #565, .T. );
#278 = PRESENTATION_STYLE_ASSIGNMENT( ( #566 ) );
#279 = ADVANCED_FACE( '', ( #567 ), #568, .T. );
#280 = PRESENTATION_STYLE_ASSIGNMENT( ( #569 ) );
#281 = ADVANCED_FACE( '', ( #570 ), #571, .T. );
#282 = PRESENTATION_STYLE_ASSIGNMENT( ( #572 ) );
#283 = ADVANCED_FACE( '', ( #573 ), #574, .T. );
#284 = PRESENTATION_STYLE_ASSIGNMENT( ( #575 ) );
#285 = ADVANCED_FACE( '', ( #576 ), #577, .T. );
#286 = PRESENTATION_STYLE_ASSIGNMENT( ( #578 ) );
#287 = ADVANCED_FACE( '', ( #579 ), #580, .T. );
#288 = PRESENTATION_STYLE_ASSIGNMENT( ( #581 ) );
#289 = ADVANCED_FACE( '', ( #582 ), #583, .T. );
#290 = PRESENTATION_STYLE_ASSIGNMENT( ( #584 ) );
#291 = ADVANCED_FACE( '', ( #585 ), #586, .T. );
#292 = PRESENTATION_STYLE_ASSIGNMENT( ( #587 ) );
#293 = ADVANCED_FACE( '', ( #588 ), #589, .F. );
#294 = PRESENTATION_STYLE_ASSIGNMENT( ( #590 ) );
#295 = ADVANCED_FACE( '', ( #591 ), #592, .T. );
#296 = PRESENTATION_STYLE_ASSIGNMENT( ( #593 ) );
#297 = ADVANCED_FACE( '', ( #594 ), #595, .T. );
#298 = PRESENTATION_STYLE_ASSIGNMENT( ( #596 ) );
#299 = ADVANCED_FACE( '', ( #597 ), #598, .T. );
#300 = PRESENTATION_STYLE_ASSIGNMENT( ( #599 ) );
#301 = ADVANCED_FACE( '', ( #600 ), #601, .T. );
#302 = PRESENTATION_STYLE_ASSIGNMENT( ( #602 ) );
#303 = ADVANCED_FACE( '', ( #603 ), #604, .T. );
#304 = PRESENTATION_STYLE_ASSIGNMENT( ( #605 ) );
#305 = ADVANCED_FACE( '', ( #606 ), #607, .T. );
#306 = PRESENTATION_STYLE_ASSIGNMENT( ( #608 ) );
#307 = ADVANCED_FACE( '', ( #609 ), #610, .T. );
#308 = PRESENTATION_STYLE_ASSIGNMENT( ( #611 ) );
#309 = ADVANCED_FACE( '', ( #612 ), #613, .T. );
#310 = PRESENTATION_STYLE_ASSIGNMENT( ( #614 ) );
#311 = ADVANCED_FACE( '', ( #615 ), #616, .T. );
#312 = PRESENTATION_STYLE_ASSIGNMENT( ( #617 ) );
#313 = ADVANCED_FACE( '', ( #618, #619 ), #620, .T. );
#314 = PRESENTATION_STYLE_ASSIGNMENT( ( #621 ) );
#315 = ADVANCED_FACE( '', ( #622 ), #623, .F. );
#316 = PRESENTATION_STYLE_ASSIGNMENT( ( #624 ) );
#317 = ADVANCED_FACE( '', ( #625 ), #626, .T. );
#318 = PRESENTATION_STYLE_ASSIGNMENT( ( #627 ) );
#319 = ADVANCED_FACE( '', ( #628 ), #629, .T. );
#320 = PRESENTATION_STYLE_ASSIGNMENT( ( #630 ) );
#321 = ADVANCED_FACE( '', ( #631 ), #632, .T. );
#322 = PRESENTATION_STYLE_ASSIGNMENT( ( #633 ) );
#323 = ADVANCED_FACE( '', ( #634 ), #635, .T. );
#324 = PRESENTATION_STYLE_ASSIGNMENT( ( #636 ) );
#325 = ADVANCED_FACE( '', ( #637 ), #638, .T. );
#326 = PRESENTATION_STYLE_ASSIGNMENT( ( #639 ) );
#327 = ADVANCED_FACE( '', ( #640 ), #641, .F. );
#328 = PRESENTATION_STYLE_ASSIGNMENT( ( #642 ) );
#329 = ADVANCED_FACE( '', ( #643 ), #644, .T. );
#330 = PRESENTATION_STYLE_ASSIGNMENT( ( #645 ) );
#331 = ADVANCED_FACE( '', ( #646 ), #647, .T. );
#332 = PRESENTATION_STYLE_ASSIGNMENT( ( #648 ) );
#333 = ADVANCED_FACE( '', ( #649 ), #650, .T. );
#334 = PRESENTATION_STYLE_ASSIGNMENT( ( #651 ) );
#335 = ADVANCED_FACE( '', ( #652 ), #653, .T. );
#336 = PRESENTATION_STYLE_ASSIGNMENT( ( #654 ) );
#337 = ADVANCED_FACE( '', ( #655 ), #656, .F. );
#338 = PRESENTATION_STYLE_ASSIGNMENT( ( #657 ) );
#339 = ADVANCED_FACE( '', ( #658 ), #659, .T. );
#340 = PRESENTATION_STYLE_ASSIGNMENT( ( #660 ) );
#341 = ADVANCED_FACE( '', ( #661 ), #662, .T. );
#342 = PRESENTATION_STYLE_ASSIGNMENT( ( #663 ) );
#343 = ADVANCED_FACE( '', ( #664 ), #665, .T. );
#346 = LENGTH_MEASURE_WITH_UNIT( LENGTH_MEASURE( 1.00000000000000 ), #666 );
#349 = DIMENSIONAL_EXPONENTS( 1.00000000000000, 0.000000000000000, 0.000000000000000, 0.000000000000000, 0.000000000000000, 0.000000000000000, 0.000000000000000 );
#351 = DIMENSIONAL_EXPONENTS( 0.000000000000000, 0.000000000000000, 0.000000000000000, 0.000000000000000, 0.000000000000000, 0.000000000000000, 0.000000000000000 );
#357 = PRODUCT_CONTEXT( '', #19, 'mechanical' );
#358 = PRODUCT_DEFINITION_FORMATION_WITH_SPECIFIED_SOURCE( ' ', 'NONE', #136, .NOT_KNOWN. );
#359 = CARTESIAN_POINT( '', ( 0.000000000000000, 0.000000000000000, 0.000000000000000 ) );
#360 = DIRECTION( '', ( 0.000000000000000, 0.000000000000000, 1.00000000000000 ) );
#361 = DIRECTION( '', ( 1.00000000000000, 0.000000000000000, 0.000000000000000 ) );
#362 = CARTESIAN_POINT( '', ( 0.000000000000000, 0.000000000000000, 0.000000000000000 ) );
#363 = DIRECTION( '', ( 0.000000000000000, 0.000000000000000, 1.00000000000000 ) );
#364 = DIRECTION( '', ( 1.00000000000000, 0.000000000000000, 0.000000000000000 ) );
#365 = CARTESIAN_POINT( '', ( 1.90000000000000, -1.47451495458029E-14, 2.16133571103058E-15 ) );
#366 = DIRECTION( '', ( -5.09808342501635E-31, -6.66133814775094E-16, 1.00000000000000 ) );
#367 = DIRECTION( '', ( 1.16573417585641E-15, -1.00000000000000, -6.66133814775094E-16 ) );
#368 = CARTESIAN_POINT( '', ( -1.90000000000000, -1.47451495458029E-14, 1.82318163185323E-15 ) );
#369 = DIRECTION( '', ( 5.66553889764799E-16, 6.66133814775094E-16, -1.00000000000000 ) );
#370 = DIRECTION( '', ( -1.16573417585641E-15, -1.00000000000000, -6.66133814775094E-16 ) );
#373 = UNCERTAINTY_MEASURE_WITH_UNIT( LENGTH_MEASURE( 0.00100000000000000 ), #375, '', '' );
#375 =  ( CONVERSION_BASED_UNIT( 'MILLIMETRE', #669 )LENGTH_UNIT(  )NAMED_UNIT( #672 ) );
#376 =  ( NAMED_UNIT( #674 )PLANE_ANGLE_UNIT(  )SI_UNIT( $, .RADIAN. ) );
#377 =  ( NAMED_UNIT( #674 )SI_UNIT( $, .STERADIAN. )SOLID_ANGLE_UNIT(  ) );
#379 = PRODUCT_DEFINITION_FORMATION_WITH_SPECIFIED_SOURCE( ' ', 'NONE', #143, .NOT_KNOWN. );
#380 = CLOSED_SHELL( '', ( #207, #191, #171, #273, #195, #165, #319, #221, #249, #311, #233, #265, #313, #229, #183, #287, #293, #337, #255, #327, #315, #197, #335, #199, #301, #247, #325, #177, #267, #193, #261, #211, #309, #305, #187, #257, #331, #275, #225, #215, #235, #283, #271, #175, #169, #289, #209, #339, #281, #219, #269, #201, #227, #213, #343, #285, #341, #317, #185, #329, #277, #173, #237, #245, #239, #251, #263, #223, #253, #259, #291, #297, #307, #295, #241, #203, #321, #279, #323, #333, #179, #167, #299, #303 ) );
#381 = PRODUCT_DEFINITION_FORMATION_WITH_SPECIFIED_SOURCE( ' ', 'NONE', #151, .NOT_KNOWN. );
#382 = CLOSED_SHELL( '', ( #189, #217, #231, #205, #243, #181 ) );
#383 = SURFACE_STYLE_USAGE( .BOTH., #680 );
#384 = FACE_OUTER_BOUND( '', #681, .T. );
#385 = PLANE( '', #682 );
#386 = SURFACE_STYLE_USAGE( .BOTH., #683 );
#387 = FACE_OUTER_BOUND( '', #684, .T. );
#388 = PLANE( '', #685 );
#389 = SURFACE_STYLE_USAGE( .BOTH., #686 );
#390 = FACE_OUTER_BOUND( '', #687, .T. );
#391 = PLANE( '', #688 );
#392 = SURFACE_STYLE_USAGE( .BOTH., #689 );
#393 = FACE_OUTER_BOUND( '', #690, .T. );
#394 = SURFACE_OF_LINEAR_EXTRUSION( '', #691, #692 );
#395 = SURFACE_STYLE_USAGE( .BOTH., #693 );
#396 = FACE_OUTER_BOUND( '', #694, .T. );
#397 = PLANE( '', #695 );
#398 = SURFACE_STYLE_USAGE( .BOTH., #696 );
#399 = FACE_OUTER_BOUND( '', #697, .T. );
#400 = PLANE( '', #698 );
#401 = SURFACE_STYLE_USAGE( .BOTH., #699 );
#402 = FACE_OUTER_BOUND( '', #700, .T. );
#403 = SURFACE_OF_LINEAR_EXTRUSION( '', #701, #702 );
#404 = SURFACE_STYLE_USAGE( .BOTH., #703 );
#405 = FACE_OUTER_BOUND( '', #704, .T. );
#406 = PLANE( '', #705 );
#407 = SURFACE_STYLE_USAGE( .BOTH., #706 );
#408 = FACE_OUTER_BOUND( '', #707, .T. );
#409 = PLANE( '', #708 );
#410 = SURFACE_STYLE_USAGE( .BOTH., #709 );
#411 = FACE_OUTER_BOUND( '', #710, .T. );
#412 = PLANE( '', #711 );
#413 = SURFACE_STYLE_USAGE( .BOTH., #712 );
#414 = FACE_OUTER_BOUND( '', #713, .T. );
#415 = PLANE( '', #714 );
#416 = SURFACE_STYLE_USAGE( .BOTH., #715 );
#417 = FACE_OUTER_BOUND( '', #716, .T. );
#418 = SURFACE_OF_LINEAR_EXTRUSION( '', #717, #718 );
#419 = SURFACE_STYLE_USAGE( .BOTH., #719 );
#420 = FACE_OUTER_BOUND( '', #720, .T. );
#421 = PLANE( '', #721 );
#422 = SURFACE_STYLE_USAGE( .BOTH., #722 );
#423 = FACE_OUTER_BOUND( '', #723, .T. );
#424 = PLANE( '', #724 );
#425 = SURFACE_STYLE_USAGE( .BOTH., #725 );
#426 = FACE_OUTER_BOUND( '', #726, .T. );
#427 = PLANE( '', #727 );
#428 = SURFACE_STYLE_USAGE( .BOTH., #728 );
#429 = FACE_OUTER_BOUND( '', #729, .T. );
#430 = PLANE( '', #730 );
#431 = SURFACE_STYLE_USAGE( .BOTH., #731 );
#432 = FACE_OUTER_BOUND( '', #732, .T. );
#433 = SURFACE_OF_LINEAR_EXTRUSION( '', #733, #734 );
#434 = SURFACE_STYLE_USAGE( .BOTH., #735 );
#435 = FACE_OUTER_BOUND( '', #736, .T. );
#436 = SURFACE_OF_LINEAR_EXTRUSION( '', #737, #738 );
#437 = SURFACE_STYLE_USAGE( .BOTH., #739 );
#438 = FACE_OUTER_BOUND( '', #740, .T. );
#439 = PLANE( '', #741 );
#440 = SURFACE_STYLE_USAGE( .BOTH., #742 );
#441 = FACE_OUTER_BOUND( '', #743, .T. );
#442 = PLANE( '', #744 );
#443 = SURFACE_STYLE_USAGE( .BOTH., #745 );
#444 = FACE_OUTER_BOUND( '', #746, .T. );
#445 = PLANE( '', #747 );
#446 = SURFACE_STYLE_USAGE( .BOTH., #748 );
#447 = FACE_OUTER_BOUND( '', #749, .T. );
#448 = SURFACE_OF_LINEAR_EXTRUSION( '', #750, #751 );
#449 = SURFACE_STYLE_USAGE( .BOTH., #752 );
#450 = FACE_OUTER_BOUND( '', #753, .T. );
#451 = PLANE( '', #754 );
#452 = SURFACE_STYLE_USAGE( .BOTH., #755 );
#453 = FACE_OUTER_BOUND( '', #756, .T. );
#454 = PLANE( '', #757 );
#455 = SURFACE_STYLE_USAGE( .BOTH., #758 );
#456 = FACE_OUTER_BOUND( '', #759, .T. );
#457 = PLANE( '', #760 );
#458 = SURFACE_STYLE_USAGE( .BOTH., #761 );
#459 = FACE_OUTER_BOUND( '', #762, .T. );
#460 = PLANE( '', #763 );
#461 = SURFACE_STYLE_USAGE( .BOTH., #764 );
#462 = FACE_OUTER_BOUND( '', #765, .T. );
#463 = PLANE( '', #766 );
#464 = SURFACE_STYLE_USAGE( .BOTH., #767 );
#465 = FACE_OUTER_BOUND( '', #768, .T. );
#466 = PLANE( '', #769 );
#467 = SURFACE_STYLE_USAGE( .BOTH., #770 );
#468 = FACE_BOUND( '', #771, .T. );
#469 = FACE_BOUND( '', #772, .T. );
#470 = FACE_BOUND( '', #773, .T. );
#471 = FACE_BOUND( '', #774, .T. );
#472 = FACE_OUTER_BOUND( '', #775, .T. );
#473 = FACE_BOUND( '', #776, .T. );
#474 = FACE_BOUND( '', #777, .T. );
#475 = FACE_BOUND( '', #778, .T. );
#476 = FACE_BOUND( '', #779, .T. );
#477 = FACE_BOUND( '', #780, .T. );
#478 = PLANE( '', #781 );
#479 = SURFACE_STYLE_USAGE( .BOTH., #782 );
#480 = FACE_BOUND( '', #783, .T. );
#481 = FACE_OUTER_BOUND( '', #784, .T. );
#482 = PLANE( '', #785 );
#483 = SURFACE_STYLE_USAGE( .BOTH., #786 );
#484 = FACE_OUTER_BOUND( '', #787, .T. );
#485 = PLANE( '', #788 );
#486 = SURFACE_STYLE_USAGE( .BOTH., #789 );
#487 = FACE_OUTER_BOUND( '', #790, .T. );
#488 = PLANE( '', #791 );
#489 = SURFACE_STYLE_USAGE( .BOTH., #792 );
#490 = FACE_OUTER_BOUND( '', #793, .T. );
#491 = PLANE( '', #794 );
#492 = SURFACE_STYLE_USAGE( .BOTH., #795 );
#493 = FACE_OUTER_BOUND( '', #796, .T. );
#494 = PLANE( '', #797 );
#495 = SURFACE_STYLE_USAGE( .BOTH., #798 );
#496 = FACE_OUTER_BOUND( '', #799, .T. );
#497 = PLANE( '', #800 );
#498 = SURFACE_STYLE_USAGE( .BOTH., #801 );
#499 = FACE_OUTER_BOUND( '', #802, .T. );
#500 = PLANE( '', #803 );
#501 = SURFACE_STYLE_USAGE( .BOTH., #804 );
#502 = FACE_OUTER_BOUND( '', #805, .T. );
#503 = PLANE( '', #806 );
#504 = SURFACE_STYLE_USAGE( .BOTH., #807 );
#505 = FACE_OUTER_BOUND( '', #808, .T. );
#506 = PLANE( '', #809 );
#507 = SURFACE_STYLE_USAGE( .BOTH., #810 );
#508 = FACE_OUTER_BOUND( '', #811, .T. );
#509 = SURFACE_OF_LINEAR_EXTRUSION( '', #812, #813 );
#510 = SURFACE_STYLE_USAGE( .BOTH., #814 );
#511 = FACE_OUTER_BOUND( '', #815, .T. );
#512 = PLANE( '', #816 );
#513 = SURFACE_STYLE_USAGE( .BOTH., #817 );
#514 = FACE_OUTER_BOUND( '', #818, .T. );
#515 = SURFACE_OF_LINEAR_EXTRUSION( '', #819, #820 );
#516 = SURFACE_STYLE_USAGE( .BOTH., #821 );
#517 = FACE_OUTER_BOUND( '', #822, .T. );
#518 = SURFACE_OF_LINEAR_EXTRUSION( '', #823, #824 );
#519 = SURFACE_STYLE_USAGE( .BOTH., #825 );
#520 = FACE_OUTER_BOUND( '', #826, .T. );
#521 = PLANE( '', #827 );
#522 = SURFACE_STYLE_USAGE( .BOTH., #828 );
#523 = FACE_OUTER_BOUND( '', #829, .T. );
#524 = SURFACE_OF_LINEAR_EXTRUSION( '', #830, #831 );
#525 = SURFACE_STYLE_USAGE( .BOTH., #832 );
#526 = FACE_OUTER_BOUND( '', #833, .T. );
#527 = FACE_OUTER_BOUND( '', #834, .T. );
#528 = CYLINDRICAL_SURFACE( '', #835, 0.250000000000000 );
#529 = SURFACE_STYLE_USAGE( .BOTH., #836 );
#530 = FACE_OUTER_BOUND( '', #837, .T. );
#531 = PLANE( '', #838 );
#532 = SURFACE_STYLE_USAGE( .BOTH., #839 );
#533 = FACE_OUTER_BOUND( '', #840, .T. );
#534 = PLANE( '', #841 );
#535 = SURFACE_STYLE_USAGE( .BOTH., #842 );
#536 = FACE_OUTER_BOUND( '', #843, .T. );
#537 = PLANE( '', #844 );
#538 = SURFACE_STYLE_USAGE( .BOTH., #845 );
#539 = FACE_OUTER_BOUND( '', #846, .T. );
#540 = PLANE( '', #847 );
#541 = SURFACE_STYLE_USAGE( .BOTH., #848 );
#542 = FACE_OUTER_BOUND( '', #849, .T. );
#543 = PLANE( '', #850 );
#544 = SURFACE_STYLE_USAGE( .BOTH., #851 );
#545 = FACE_OUTER_BOUND( '', #852, .T. );
#546 = PLANE( '', #853 );
#547 = SURFACE_STYLE_USAGE( .BOTH., #854 );
#548 = FACE_OUTER_BOUND( '', #855, .T. );
#549 = PLANE( '', #856 );
#550 = SURFACE_STYLE_USAGE( .BOTH., #857 );
#551 = FACE_OUTER_BOUND( '', #858, .T. );
#552 = PLANE( '', #859 );
#553 = SURFACE_STYLE_USAGE( .BOTH., #860 );
#554 = FACE_OUTER_BOUND( '', #861, .T. );
#555 = PLANE( '', #862 );
#556 = SURFACE_STYLE_USAGE( .BOTH., #863 );
#557 = FACE_OUTER_BOUND( '', #864, .T. );
#558 = FACE_OUTER_BOUND( '', #865, .T. );
#559 = SURFACE_OF_LINEAR_EXTRUSION( '', #866, #867 );
#560 = SURFACE_STYLE_USAGE( .BOTH., #868 );
#561 = FACE_OUTER_BOUND( '', #869, .T. );
#562 = PLANE( '', #870 );
#563 = SURFACE_STYLE_USAGE( .BOTH., #871 );
#564 = FACE_OUTER_BOUND( '', #872, .T. );
#565 = PLANE( '', #873 );
#566 = SURFACE_STYLE_USAGE( .BOTH., #874 );
#567 = FACE_OUTER_BOUND( '', #875, .T. );
#568 = PLANE( '', #876 );
#569 = SURFACE_STYLE_USAGE( .BOTH., #877 );
#570 = FACE_OUTER_BOUND( '', #878, .T. );
#571 = PLANE( '', #879 );
#572 = SURFACE_STYLE_USAGE( .BOTH., #880 );
#573 = FACE_OUTER_BOUND( '', #881, .T. );
#574 = PLANE( '', #882 );
#575 = SURFACE_STYLE_USAGE( .BOTH., #883 );
#576 = FACE_OUTER_BOUND( '', #884, .T. );
#577 = PLANE( '', #885 );
#578 = SURFACE_STYLE_USAGE( .BOTH., #886 );
#579 = FACE_OUTER_BOUND( '', #887, .T. );
#580 = PLANE( '', #888 );
#581 = SURFACE_STYLE_USAGE( .BOTH., #889 );
#582 = FACE_OUTER_BOUND( '', #890, .T. );
#583 = PLANE( '', #891 );
#584 = SURFACE_STYLE_USAGE( .BOTH., #892 );
#585 = FACE_OUTER_BOUND( '', #893, .T. );
#586 = PLANE( '', #894 );
#587 = SURFACE_STYLE_USAGE( .BOTH., #895 );
#588 = FACE_OUTER_BOUND( '', #896, .T. );
#589 = PLANE( '', #897 );
#590 = SURFACE_STYLE_USAGE( .BOTH., #898 );
#591 = FACE_OUTER_BOUND( '', #899, .T. );
#592 = SURFACE_OF_LINEAR_EXTRUSION( '', #900, #901 );
#593 = SURFACE_STYLE_USAGE( .BOTH., #902 );
#594 = FACE_OUTER_BOUND( '', #903, .T. );
#595 = PLANE( '', #904 );
#596 = SURFACE_STYLE_USAGE( .BOTH., #905 );
#597 = FACE_OUTER_BOUND( '', #906, .T. );
#598 = PLANE( '', #907 );
#599 = SURFACE_STYLE_USAGE( .BOTH., #908 );
#600 = FACE_OUTER_BOUND( '', #909, .T. );
#601 = PLANE( '', #910 );
#602 = SURFACE_STYLE_USAGE( .BOTH., #911 );
#603 = FACE_OUTER_BOUND( '', #912, .T. );
#604 = PLANE( '', #913 );
#605 = SURFACE_STYLE_USAGE( .BOTH., #914 );
#606 = FACE_OUTER_BOUND( '', #915, .T. );
#607 = PLANE( '', #916 );
#608 = SURFACE_STYLE_USAGE( .BOTH., #917 );
#609 = FACE_OUTER_BOUND( '', #918, .T. );
#610 = PLANE( '', #919 );
#611 = SURFACE_STYLE_USAGE( .BOTH., #920 );
#612 = FACE_OUTER_BOUND( '', #921, .T. );
#613 = SURFACE_OF_LINEAR_EXTRUSION( '', #922, #923 );
#614 = SURFACE_STYLE_USAGE( .BOTH., #924 );
#615 = FACE_OUTER_BOUND( '', #925, .T. );
#616 = PLANE( '', #926 );
#617 = SURFACE_STYLE_USAGE( .BOTH., #927 );
#618 = FACE_BOUND( '', #928, .T. );
#619 = FACE_OUTER_BOUND( '', #929, .T. );
#620 = PLANE( '', #930 );
#621 = SURFACE_STYLE_USAGE( .BOTH., #931 );
#622 = FACE_OUTER_BOUND( '', #932, .T. );
#623 = PLANE( '', #933 );
#624 = SURFACE_STYLE_USAGE( .BOTH., #934 );
#625 = FACE_OUTER_BOUND( '', #935, .T. );
#626 = PLANE( '', #936 );
#627 = SURFACE_STYLE_USAGE( .BOTH., #937 );
#628 = FACE_OUTER_BOUND( '', #938, .T. );
#629 = SURFACE_OF_LINEAR_EXTRUSION( '', #939, #940 );
#630 = SURFACE_STYLE_USAGE( .BOTH., #941 );
#631 = FACE_OUTER_BOUND( '', #942, .T. );
#632 = PLANE( '', #943 );
#633 = SURFACE_STYLE_USAGE( .BOTH., #944 );
#634 = FACE_OUTER_BOUND( '', #945, .T. );
#635 = PLANE( '', #946 );
#636 = SURFACE_STYLE_USAGE( .BOTH., #947 );
#637 = FACE_OUTER_BOUND( '', #948, .T. );
#638 = SURFACE_OF_LINEAR_EXTRUSION( '', #949, #950 );
#639 = SURFACE_STYLE_USAGE( .BOTH., #951 );
#640 = FACE_OUTER_BOUND( '', #952, .T. );
#641 = PLANE( '', #953 );
#642 = SURFACE_STYLE_USAGE( .BOTH., #954 );
#643 = FACE_OUTER_BOUND( '', #955, .T. );
#644 = PLANE( '', #956 );
#645 = SURFACE_STYLE_USAGE( .BOTH., #957 );
#646 = FACE_OUTER_BOUND( '', #958, .T. );
#647 = PLANE( '', #959 );
#648 = SURFACE_STYLE_USAGE( .BOTH., #960 );
#649 = FACE_OUTER_BOUND( '', #961, .T. );
#650 = PLANE( '', #962 );
#651 = SURFACE_STYLE_USAGE( .BOTH., #963 );
#652 = FACE_OUTER_BOUND( '', #964, .T. );
#653 = SURFACE_OF_LINEAR_EXTRUSION( '', #965, #966 );
#654 = SURFACE_STYLE_USAGE( .BOTH., #967 );
#655 = FACE_OUTER_BOUND( '', #968, .T. );
#656 = PLANE( '', #969 );
#657 = SURFACE_STYLE_USAGE( .BOTH., #970 );
#658 = FACE_OUTER_BOUND( '', #971, .T. );
#659 = PLANE( '', #972 );
#660 = SURFACE_STYLE_USAGE( .BOTH., #973 );
#661 = FACE_OUTER_BOUND( '', #974, .T. );
#662 = PLANE( '', #975 );
#663 = SURFACE_STYLE_USAGE( .BOTH., #976 );
#664 = FACE_OUTER_BOUND( '', #977, .T. );
#665 = PLANE( '', #978 );
#666 =  ( LENGTH_UNIT(  )NAMED_UNIT( #349 )SI_UNIT( .MILLI., .METRE. ) );
#669 = LENGTH_MEASURE_WITH_UNIT( LENGTH_MEASURE( 1.00000000000000 ), #980 );
#672 = DIMENSIONAL_EXPONENTS( 1.00000000000000, 0.000000000000000, 0.000000000000000, 0.000000000000000, 0.000000000000000, 0.000000000000000, 0.000000000000000 );
#674 = DIMENSIONAL_EXPONENTS( 0.000000000000000, 0.000000000000000, 0.000000000000000, 0.000000000000000, 0.000000000000000, 0.000000000000000, 0.000000000000000 );
#680 = SURFACE_SIDE_STYLE( '', ( #981 ) );
#681 = EDGE_LOOP( '', ( #982, #983, #984, #985 ) );
#682 = AXIS2_PLACEMENT_3D( '', #986, #987, #988 );
#683 = SURFACE_SIDE_STYLE( '', ( #989 ) );
#684 = EDGE_LOOP( '', ( #990, #991, #992, #993 ) );
#685 = AXIS2_PLACEMENT_3D( '', #994, #995, #996 );
#686 = SURFACE_SIDE_STYLE( '', ( #997 ) );
#687 = EDGE_LOOP( '', ( #998, #999, #1000, #1001 ) );
#688 = AXIS2_PLACEMENT_3D( '', #1002, #1003, #1004 );
#689 = SURFACE_SIDE_STYLE( '', ( #1005 ) );
#690 = EDGE_LOOP( '', ( #1006, #1007, #1008, #1009 ) );
#691 = B_SPLINE_CURVE_WITH_KNOTS( '', 3, ( #1010, #1011, #1012, #1013, #1014, #1015, #1016, #1017, #1018, #1019, #1020, #1021, #1022, #1023, #1024, #1025, #1026 ), .UNSPECIFIED., .F., .F., ( 4, 3, 3, 2, 2, 3, 4 ), ( 0.606665047240643, 0.756803569044848, 0.815199863785841, 0.858155349706571, 0.901110835627301, 0.951876409897253, 1.00000000000000 ), .UNSPECIFIED. );
#692 = VECTOR( '', #1027, 1000.00000000000 );
#693 = SURFACE_SIDE_STYLE( '', ( #1028 ) );
#694 = EDGE_LOOP( '', ( #1029, #1030, #1031, #1032 ) );
#695 = AXIS2_PLACEMENT_3D( '', #1033, #1034, #1035 );
#696 = SURFACE_SIDE_STYLE( '', ( #1036 ) );
#697 = EDGE_LOOP( '', ( #1037, #1038, #1039, #1040 ) );
#698 = AXIS2_PLACEMENT_3D( '', #1041, #1042, #1043 );
#699 = SURFACE_SIDE_STYLE( '', ( #1044 ) );
#700 = EDGE_LOOP( '', ( #1045, #1046, #1047, #1048 ) );
#701 = B_SPLINE_CURVE_WITH_KNOTS( '', 3, ( #1049, #1050, #1051, #1052, #1053, #1054, #1055, #1056, #1057, #1058, #1059, #1060, #1061, #1062, #1063 ), .UNSPECIFIED., .F., .F., ( 4, 3, 3, 3, 2, 4 ), ( 0.000000000000000, 0.192720247722042, 0.295769340488981, 0.355183468830476, 0.411410445403418, 0.499265096298640 ), .UNSPECIFIED. );
#702 = VECTOR( '', #1064, 1000.00000000000 );
#703 = SURFACE_SIDE_STYLE( '', ( #1065 ) );
#704 = EDGE_LOOP( '', ( #1066, #1067, #1068, #1069 ) );
#705 = AXIS2_PLACEMENT_3D( '', #1070, #1071, #1072 );
#706 = SURFACE_SIDE_STYLE( '', ( #1073 ) );
#707 = EDGE_LOOP( '', ( #1074, #1075, #1076, #1077 ) );
#708 = AXIS2_PLACEMENT_3D( '', #1078, #1079, #1080 );
#709 = SURFACE_SIDE_STYLE( '', ( #1081 ) );
#710 = EDGE_LOOP( '', ( #1082, #1083, #1084, #1085 ) );
#711 = AXIS2_PLACEMENT_3D( '', #1086, #1087, #1088 );
#712 = SURFACE_SIDE_STYLE( '', ( #1089 ) );
#713 = EDGE_LOOP( '', ( #1090, #1091, #1092, #1093 ) );
#714 = AXIS2_PLACEMENT_3D( '', #1094, #1095, #1096 );
#715 = SURFACE_SIDE_STYLE( '', ( #1097 ) );
#716 = EDGE_LOOP( '', ( #1098, #1099, #1100, #1101 ) );
#717 = B_SPLINE_CURVE_WITH_KNOTS( '', 3, ( #1102, #1103, #1104, #1105, #1106, #1107, #1108, #1109, #1110, #1111, #1112, #1113, #1114, #1115, #1116 ), .UNSPECIFIED., .F., .F., ( 4, 2, 3, 3, 3, 4 ), ( 0.610615742799227, 0.649515610191699, 0.683995038107753, 0.719625121518288, 0.782799083170768, 0.947219656909034 ), .UNSPECIFIED. );
#718 = VECTOR( '', #1117, 1000.00000000000 );
#719 = SURFACE_SIDE_STYLE( '', ( #1118 ) );
#720 = EDGE_LOOP( '', ( #1119, #1120, #1121, #1122 ) );
#721 = AXIS2_PLACEMENT_3D( '', #1123, #1124, #1125 );
#722 = SURFACE_SIDE_STYLE( '', ( #1126 ) );
#723 = EDGE_LOOP( '', ( #1127, #1128, #1129, #1130 ) );
#724 = AXIS2_PLACEMENT_3D( '', #1131, #1132, #1133 );
#725 = SURFACE_SIDE_STYLE( '', ( #1134 ) );
#726 = EDGE_LOOP( '', ( #1135, #1136, #1137, #1138 ) );
#727 = AXIS2_PLACEMENT_3D( '', #1139, #1140, #1141 );
#728 = SURFACE_SIDE_STYLE( '', ( #1142 ) );
#729 = EDGE_LOOP( '', ( #1143, #1144, #1145, #1146 ) );
#730 = AXIS2_PLACEMENT_3D( '', #1147, #1148, #1149 );
#731 = SURFACE_SIDE_STYLE( '', ( #1150 ) );
#732 = EDGE_LOOP( '', ( #1151, #1152, #1153, #1154 ) );
#733 = B_SPLINE_CURVE_WITH_KNOTS( '', 3, ( #1155, #1156, #1157, #1158 ), .UNSPECIFIED., .F., .F., ( 4, 4 ), ( 0.973259864798146, 1.00000000000000 ), .UNSPECIFIED. );
#734 = VECTOR( '', #1159, 1000.00000000000 );
#735 = SURFACE_SIDE_STYLE( '', ( #1160 ) );
#736 = EDGE_LOOP( '', ( #1161, #1162, #1163, #1164 ) );
#737 = B_SPLINE_CURVE_WITH_KNOTS( '', 3, ( #1165, #1166, #1167, #1168, #1169, #1170, #1171, #1172, #1173, #1174, #1175, #1176, #1177, #1178, #1179 ), .UNSPECIFIED., .F., .F., ( 4, 2, 3, 3, 3, 4 ), ( 0.361874099558837, 0.365413816403879, 0.403339354029330, 0.445351932389542, 0.482793293465244, 0.518253236707345 ), .UNSPECIFIED. );
#738 = VECTOR( '', #1180, 1000.00000000000 );
#739 = SURFACE_SIDE_STYLE( '', ( #1181 ) );
#740 = EDGE_LOOP( '', ( #1182, #1183, #1184, #1185 ) );
#741 = AXIS2_PLACEMENT_3D( '', #1186, #1187, #1188 );
#742 = SURFACE_SIDE_STYLE( '', ( #1189 ) );
#743 = EDGE_LOOP( '', ( #1190, #1191, #1192, #1193 ) );
#744 = AXIS2_PLACEMENT_3D( '', #1194, #1195, #1196 );
#745 = SURFACE_SIDE_STYLE( '', ( #1197 ) );
#746 = EDGE_LOOP( '', ( #1198, #1199, #1200, #1201 ) );
#747 = AXIS2_PLACEMENT_3D( '', #1202, #1203, #1204 );
#748 = SURFACE_SIDE_STYLE( '', ( #1205 ) );
#749 = EDGE_LOOP( '', ( #1206, #1207, #1208, #1209 ) );
#750 = B_SPLINE_CURVE_WITH_KNOTS( '', 3, ( #1210, #1211, #1212, #1213, #1214, #1215, #1216, #1217, #1218, #1219, #1220, #1221, #1222, #1223 ), .UNSPECIFIED., .F., .F., ( 4, 3, 2, 2, 3, 4 ), ( 0.0289427784437561, 0.0517557706347693, 0.0811537898240825, 0.113124135692460, 0.145094481560837, 0.182838976793792 ), .UNSPECIFIED. );
#751 = VECTOR( '', #1224, 1000.00000000000 );
#752 = SURFACE_SIDE_STYLE( '', ( #1225 ) );
#753 = EDGE_LOOP( '', ( #1226, #1227, #1228, #1229 ) );
#754 = AXIS2_PLACEMENT_3D( '', #1230, #1231, #1232 );
#755 = SURFACE_SIDE_STYLE( '', ( #1233 ) );
#756 = EDGE_LOOP( '', ( #1234, #1235, #1236, #1237 ) );
#757 = AXIS2_PLACEMENT_3D( '', #1238, #1239, #1240 );
#758 = SURFACE_SIDE_STYLE( '', ( #1241 ) );
#759 = EDGE_LOOP( '', ( #1242, #1243, #1244, #1245 ) );
#760 = AXIS2_PLACEMENT_3D( '', #1246, #1247, #1248 );
#761 = SURFACE_SIDE_STYLE( '', ( #1249 ) );
#762 = EDGE_LOOP( '', ( #1250, #1251, #1252, #1253 ) );
#763 = AXIS2_PLACEMENT_3D( '', #1254, #1255, #1256 );
#764 = SURFACE_SIDE_STYLE( '', ( #1257 ) );
#765 = EDGE_LOOP( '', ( #1258, #1259, #1260, #1261 ) );
#766 = AXIS2_PLACEMENT_3D( '', #1262, #1263, #1264 );
#767 = SURFACE_SIDE_STYLE( '', ( #1265 ) );
#768 = EDGE_LOOP( '', ( #1266, #1267, #1268, #1269 ) );
#769 = AXIS2_PLACEMENT_3D( '', #1270, #1271, #1272 );
#770 = SURFACE_SIDE_STYLE( '', ( #1273 ) );
#771 = EDGE_LOOP( '', ( #1274, #1275, #1276, #1277, #1278, #1279 ) );
#772 = EDGE_LOOP( '', ( #1280, #1281, #1282, #1283 ) );
#773 = EDGE_LOOP( '', ( #1284, #1285, #1286, #1287, #1288, #1289, #1290, #1291, #1292, #1293, #1294, #1295 ) );
#774 = EDGE_LOOP( '', ( #1296, #1297, #1298, #1299, #1300, #1301 ) );
#775 = EDGE_LOOP( '', ( #1302, #1303, #1304, #1305 ) );
#776 = EDGE_LOOP( '', ( #1306, #1307, #1308, #1309, #1310, #1311, #1312 ) );
#777 = EDGE_LOOP( '', ( #1313, #1314, #1315, #1316 ) );
#778 = EDGE_LOOP( '', ( #1317, #1318, #1319, #1320, #1321, #1322, #1323 ) );
#779 = EDGE_LOOP( '', ( #1324 ) );
#780 = EDGE_LOOP( '', ( #1325, #1326, #1327, #1328, #1329, #1330, #1331, #1332, #1333, #1334, #1335, #1336, #1337 ) );
#781 = AXIS2_PLACEMENT_3D( '', #1338, #1339, #1340 );
#782 = SURFACE_SIDE_STYLE( '', ( #1341 ) );
#783 = EDGE_LOOP( '', ( #1342 ) );
#784 = EDGE_LOOP( '', ( #1343, #1344, #1345, #1346, #1347, #1348 ) );
#785 = AXIS2_PLACEMENT_3D( '', #1349, #1350, #1351 );
#786 = SURFACE_SIDE_STYLE( '', ( #1352 ) );
#787 = EDGE_LOOP( '', ( #1353, #1354, #1355, #1356 ) );
#788 = AXIS2_PLACEMENT_3D( '', #1357, #1358, #1359 );
#789 = SURFACE_SIDE_STYLE( '', ( #1360 ) );
#790 = EDGE_LOOP( '', ( #1361, #1362, #1363, #1364 ) );
#791 = AXIS2_PLACEMENT_3D( '', #1365, #1366, #1367 );
#792 = SURFACE_SIDE_STYLE( '', ( #1368 ) );
#793 = EDGE_LOOP( '', ( #1369, #1370, #1371, #1372 ) );
#794 = AXIS2_PLACEMENT_3D( '', #1373, #1374, #1375 );
#795 = SURFACE_SIDE_STYLE( '', ( #1376 ) );
#796 = EDGE_LOOP( '', ( #1377, #1378, #1379, #1380 ) );
#797 = AXIS2_PLACEMENT_3D( '', #1381, #1382, #1383 );
#798 = SURFACE_SIDE_STYLE( '', ( #1384 ) );
#799 = EDGE_LOOP( '', ( #1385, #1386 ) );
#800 = AXIS2_PLACEMENT_3D( '', #1387, #1388, #1389 );
#801 = SURFACE_SIDE_STYLE( '', ( #1390 ) );
#802 = EDGE_LOOP( '', ( #1391, #1392, #1393, #1394 ) );
#803 = AXIS2_PLACEMENT_3D( '', #1395, #1396, #1397 );
#804 = SURFACE_SIDE_STYLE( '', ( #1398 ) );
#805 = EDGE_LOOP( '', ( #1399, #1400, #1401, #1402 ) );
#806 = AXIS2_PLACEMENT_3D( '', #1403, #1404, #1405 );
#807 = SURFACE_SIDE_STYLE( '', ( #1406 ) );
#808 = EDGE_LOOP( '', ( #1407, #1408, #1409, #1410 ) );
#809 = AXIS2_PLACEMENT_3D( '', #1411, #1412, #1413 );
#810 = SURFACE_SIDE_STYLE( '', ( #1414 ) );
#811 = EDGE_LOOP( '', ( #1415, #1416, #1417, #1418 ) );
#812 = B_SPLINE_CURVE_WITH_KNOTS( '', 3, ( #1419, #1420, #1421, #1422, #1423, #1424, #1425 ), .UNSPECIFIED., .F., .F., ( 4, 3, 4 ), ( 0.261468230552944, 0.282521875201089, 0.374240109198532 ), .UNSPECIFIED. );
#813 = VECTOR( '', #1426, 1000.00000000000 );
#814 = SURFACE_SIDE_STYLE( '', ( #1427 ) );
#815 = EDGE_LOOP( '', ( #1428, #1429, #1430, #1431 ) );
#816 = AXIS2_PLACEMENT_3D( '', #1432, #1433, #1434 );
#817 = SURFACE_SIDE_STYLE( '', ( #1435 ) );
#818 = EDGE_LOOP( '', ( #1436, #1437, #1438, #1439 ) );
#819 = B_SPLINE_CURVE_WITH_KNOTS( '', 3, ( #1440, #1441, #1442, #1443, #1444, #1445, #1446, #1447, #1448, #1449, #1450, #1451, #1452, #1453, #1454, #1455, #1456, #1457 ), .UNSPECIFIED., .F., .F., ( 4, 2, 3, 3, 3, 3, 4 ), ( 0.245640314251374, 0.317563337196489, 0.348999890271838, 0.376335385920032, 0.402372375392432, 0.433633459013527, 0.550269344855437 ), .UNSPECIFIED. );
#820 = VECTOR( '', #1458, 1000.00000000000 );
#821 = SURFACE_SIDE_STYLE( '', ( #1459 ) );
#822 = EDGE_LOOP( '', ( #1460, #1461, #1462, #1463 ) );
#823 = B_SPLINE_CURVE_WITH_KNOTS( '', 3, ( #1464, #1465, #1466, #1467, #1468, #1469, #1470, #1471, #1472, #1473, #1474, #1475, #1476, #1477, #1478, #1479, #1480, #1481, #1482, #1483, #1484, #1485, #1486, #1487, #1488, #1489, #1490, #1491, #1492 ), .UNSPECIFIED., .F., .F., ( 4, 3, 3, 2, 3, 2, 3, 3, 3, 3, 4 ), ( 0.552703734267950, 0.591087798597976, 0.628264512461586, 0.673559569258793, 0.718372763749648, 0.745662116123217, 0.772951468496788, 0.804970043029894, 0.851074147843539, 0.911992415995525, 0.937795278096468 ), .UNSPECIFIED. );
#824 = VECTOR( '', #1493, 1000.00000000000 );
#825 = SURFACE_SIDE_STYLE( '', ( #1494 ) );
#826 = EDGE_LOOP( '', ( #1495, #1496, #1497, #1498, #1499, #1500, #1501, #1502 ) );
#827 = AXIS2_PLACEMENT_3D( '', #1503, #1504, #1505 );
#828 = SURFACE_SIDE_STYLE( '', ( #1506 ) );
#829 = EDGE_LOOP( '', ( #1507, #1508, #1509, #1510 ) );
#830 = B_SPLINE_CURVE_WITH_KNOTS( '', 3, ( #1511, #1512, #1513, #1514, #1515, #1516, #1517, #1518, #1519, #1520, #1521, #1522, #1523, #1524, #1525, #1526, #1527, #1528, #1529, #1530 ), .UNSPECIFIED., .F., .F., ( 4, 3, 3, 2, 3, 2, 3, 4 ), ( 0.582301816735134, 0.697897258735781, 0.727682193021292, 0.749965873996903, 0.772249554972515, 0.818209178399426, 0.864168801826335, 0.967967528120303 ), .UNSPECIFIED. );
#831 = VECTOR( '', #1531, 1000.00000000000 );
#832 = SURFACE_SIDE_STYLE( '', ( #1532 ) );
#833 = EDGE_LOOP( '', ( #1533 ) );
#834 = EDGE_LOOP( '', ( #1534 ) );
#835 = AXIS2_PLACEMENT_3D( '', #1535, #1536, #1537 );
#836 = SURFACE_SIDE_STYLE( '', ( #1538 ) );
#837 = EDGE_LOOP( '', ( #1539, #1540, #1541, #1542 ) );
#838 = AXIS2_PLACEMENT_3D( '', #1543, #1544, #1545 );
#839 = SURFACE_SIDE_STYLE( '', ( #1546 ) );
#840 = EDGE_LOOP( '', ( #1547, #1548, #1549, #1550, #1551, #1552, #1553 ) );
#841 = AXIS2_PLACEMENT_3D( '', #1554, #1555, #1556 );
#842 = SURFACE_SIDE_STYLE( '', ( #1557 ) );
#843 = EDGE_LOOP( '', ( #1558 ) );
#844 = AXIS2_PLACEMENT_3D( '', #1559, #1560, #1561 );
#845 = SURFACE_SIDE_STYLE( '', ( #1562 ) );
#846 = EDGE_LOOP( '', ( #1563, #1564, #1565, #1566 ) );
#847 = AXIS2_PLACEMENT_3D( '', #1567, #1568, #1569 );
#848 = SURFACE_SIDE_STYLE( '', ( #1570 ) );
#849 = EDGE_LOOP( '', ( #1571, #1572, #1573, #1574, #1575, #1576, #1577 ) );
#850 = AXIS2_PLACEMENT_3D( '', #1578, #1579, #1580 );
#851 = SURFACE_SIDE_STYLE( '', ( #1581 ) );
#852 = EDGE_LOOP( '', ( #1582, #1583, #1584, #1585 ) );
#853 = AXIS2_PLACEMENT_3D( '', #1586, #1587, #1588 );
#854 = SURFACE_SIDE_STYLE( '', ( #1589 ) );
#855 = EDGE_LOOP( '', ( #1590, #1591, #1592, #1593 ) );
#856 = AXIS2_PLACEMENT_3D( '', #1594, #1595, #1596 );
#857 = SURFACE_SIDE_STYLE( '', ( #1597 ) );
#858 = EDGE_LOOP( '', ( #1598, #1599, #1600, #1601 ) );
#859 = AXIS2_PLACEMENT_3D( '', #1602, #1603, #1604 );
#860 = SURFACE_SIDE_STYLE( '', ( #1605 ) );
#861 = EDGE_LOOP( '', ( #1606, #1607, #1608, #1609 ) );
#862 = AXIS2_PLACEMENT_3D( '', #1610, #1611, #1612 );
#863 = SURFACE_SIDE_STYLE( '', ( #1613 ) );
#864 = EDGE_LOOP( '', ( #1614 ) );
#865 = EDGE_LOOP( '', ( #1615 ) );
#866 = B_SPLINE_CURVE_WITH_KNOTS( '', 3, ( #1616, #1617, #1618, #1619, #1620, #1621, #1622, #1623, #1624, #1625, #1626, #1627, #1628, #1629, #1630, #1631, #1632, #1633, #1634, #1635, #1636, #1637 ), .UNSPECIFIED., .T., .F., ( 4, 2, 2, 3, 2, 3, 3, 3, 4 ), ( 0.000000000000000, 0.119629600204723, 0.239259200409443, 0.360296207675391, 0.506488056325202, 0.646414540032877, 0.754586018311960, 0.860643409138521, 1.00000000000000 ), .UNSPECIFIED. );
#867 = VECTOR( '', #1638, 1000.00000000000 );
#868 = SURFACE_SIDE_STYLE( '', ( #1639 ) );
#869 = EDGE_LOOP( '', ( #1640, #1641, #1642, #1643 ) );
#870 = AXIS2_PLACEMENT_3D( '', #1644, #1645, #1646 );
#871 = SURFACE_SIDE_STYLE( '', ( #1647 ) );
#872 = EDGE_LOOP( '', ( #1648, #1649, #1650, #1651 ) );
#873 = AXIS2_PLACEMENT_3D( '', #1652, #1653, #1654 );
#874 = SURFACE_SIDE_STYLE( '', ( #1655 ) );
#875 = EDGE_LOOP( '', ( #1656, #1657, #1658, #1659 ) );
#876 = AXIS2_PLACEMENT_3D( '', #1660, #1661, #1662 );
#877 = SURFACE_SIDE_STYLE( '', ( #1663 ) );
#878 = EDGE_LOOP( '', ( #1664, #1665, #1666, #1667, #1668, #1669, #1670, #1671, #1672, #1673, #1674, #1675 ) );
#879 = AXIS2_PLACEMENT_3D( '', #1676, #1677, #1678 );
#880 = SURFACE_SIDE_STYLE( '', ( #1679 ) );
#881 = EDGE_LOOP( '', ( #1680, #1681, #1682, #1683 ) );
#882 = AXIS2_PLACEMENT_3D( '', #1684, #1685, #1686 );
#883 = SURFACE_SIDE_STYLE( '', ( #1687 ) );
#884 = EDGE_LOOP( '', ( #1688, #1689, #1690, #1691 ) );
#885 = AXIS2_PLACEMENT_3D( '', #1692, #1693, #1694 );
#886 = SURFACE_SIDE_STYLE( '', ( #1695 ) );
#887 = EDGE_LOOP( '', ( #1696, #1697, #1698, #1699 ) );
#888 = AXIS2_PLACEMENT_3D( '', #1700, #1701, #1702 );
#889 = SURFACE_SIDE_STYLE( '', ( #1703 ) );
#890 = EDGE_LOOP( '', ( #1704, #1705, #1706, #1707 ) );
#891 = AXIS2_PLACEMENT_3D( '', #1708, #1709, #1710 );
#892 = SURFACE_SIDE_STYLE( '', ( #1711 ) );
#893 = EDGE_LOOP( '', ( #1712, #1713, #1714, #1715 ) );
#894 = AXIS2_PLACEMENT_3D( '', #1716, #1717, #1718 );
#895 = SURFACE_SIDE_STYLE( '', ( #1719 ) );
#896 = EDGE_LOOP( '', ( #1720, #1721, #1722, #1723 ) );
#897 = AXIS2_PLACEMENT_3D( '', #1724, #1725, #1726 );
#898 = SURFACE_SIDE_STYLE( '', ( #1727 ) );
#899 = EDGE_LOOP( '', ( #1728, #1729, #1730, #1731 ) );
#900 = B_SPLINE_CURVE_WITH_KNOTS( '', 3, ( #1732, #1733, #1734, #1735, #1736, #1737, #1738 ), .UNSPECIFIED., .F., .F., ( 4, 3, 4 ), ( 0.149069852529666, 0.242039240282828, 0.261468230552944 ), .UNSPECIFIED. );
#901 = VECTOR( '', #1739, 1000.00000000000 );
#902 = SURFACE_SIDE_STYLE( '', ( #1740 ) );
#903 = EDGE_LOOP( '', ( #1741, #1742, #1743, #1744 ) );
#904 = AXIS2_PLACEMENT_3D( '', #1745, #1746, #1747 );
#905 = SURFACE_SIDE_STYLE( '', ( #1748 ) );
#906 = EDGE_LOOP( '', ( #1749, #1750, #1751, #1752 ) );
#907 = AXIS2_PLACEMENT_3D( '', #1753, #1754, #1755 );
#908 = SURFACE_SIDE_STYLE( '', ( #1756 ) );
#909 = EDGE_LOOP( '', ( #1757, #1758, #1759, #1760 ) );
#910 = AXIS2_PLACEMENT_3D( '', #1761, #1762, #1763 );
#911 = SURFACE_SIDE_STYLE( '', ( #1764 ) );
#912 = EDGE_LOOP( '', ( #1765, #1766, #1767, #1768, #1769, #1770, #1771, #1772, #1773, #1774, #1775, #1776, #1777 ) );
#913 = AXIS2_PLACEMENT_3D( '', #1778, #1779, #1780 );
#914 = SURFACE_SIDE_STYLE( '', ( #1781 ) );
#915 = EDGE_LOOP( '', ( #1782, #1783, #1784, #1785 ) );
#916 = AXIS2_PLACEMENT_3D( '', #1786, #1787, #1788 );
#917 = SURFACE_SIDE_STYLE( '', ( #1789 ) );
#918 = EDGE_LOOP( '', ( #1790, #1791, #1792, #1793 ) );
#919 = AXIS2_PLACEMENT_3D( '', #1794, #1795, #1796 );
#920 = SURFACE_SIDE_STYLE( '', ( #1797 ) );
#921 = EDGE_LOOP( '', ( #1798, #1799, #1800, #1801 ) );
#922 = B_SPLINE_CURVE_WITH_KNOTS( '', 3, ( #1802, #1803, #1804, #1805, #1806, #1807, #1808, #1809, #1810 ), .UNSPECIFIED., .F., .F., ( 4, 3, 2, 4 ), ( 0.409840806187227, 0.465242072542819, 0.502901973289725, 0.558495160106587 ), .UNSPECIFIED. );
#923 = VECTOR( '', #1811, 1000.00000000000 );
#924 = SURFACE_SIDE_STYLE( '', ( #1812 ) );
#925 = EDGE_LOOP( '', ( #1813 ) );
#926 = AXIS2_PLACEMENT_3D( '', #1814, #1815, #1816 );
#927 = SURFACE_SIDE_STYLE( '', ( #1817 ) );
#928 = EDGE_LOOP( '', ( #1818, #1819 ) );
#929 = EDGE_LOOP( '', ( #1820, #1821, #1822, #1823, #1824, #1825 ) );
#930 = AXIS2_PLACEMENT_3D( '', #1826, #1827, #1828 );
#931 = SURFACE_SIDE_STYLE( '', ( #1829 ) );
#932 = EDGE_LOOP( '', ( #1830, #1831, #1832, #1833 ) );
#933 = AXIS2_PLACEMENT_3D( '', #1834, #1835, #1836 );
#934 = SURFACE_SIDE_STYLE( '', ( #1837 ) );
#935 = EDGE_LOOP( '', ( #1838, #1839, #1840, #1841 ) );
#936 = AXIS2_PLACEMENT_3D( '', #1842, #1843, #1844 );
#937 = SURFACE_SIDE_STYLE( '', ( #1845 ) );
#938 = EDGE_LOOP( '', ( #1846, #1847, #1848, #1849 ) );
#939 = B_SPLINE_CURVE_WITH_KNOTS( '', 3, ( #1850, #1851, #1852, #1853, #1854, #1855, #1856, #1857, #1858, #1859, #1860, #1861, #1862, #1863, #1864, #1865, #1866, #1867 ), .UNSPECIFIED., .F., .F., ( 4, 2, 3, 2, 3, 2, 2, 4 ), ( 0.182838976793792, 0.235524243111120, 0.301819869893759, 0.369369061871496, 0.415142527487989, 0.458299330204613, 0.501456132921239, 0.558850231379431 ), .UNSPECIFIED. );
#940 = VECTOR( '', #1868, 1000.00000000000 );
#941 = SURFACE_SIDE_STYLE( '', ( #1869 ) );
#942 = EDGE_LOOP( '', ( #1870, #1871, #1872, #1873 ) );
#943 = AXIS2_PLACEMENT_3D( '', #1874, #1875, #1876 );
#944 = SURFACE_SIDE_STYLE( '', ( #1877 ) );
#945 = EDGE_LOOP( '', ( #1878, #1879, #1880, #1881 ) );
#946 = AXIS2_PLACEMENT_3D( '', #1882, #1883, #1884 );
#947 = SURFACE_SIDE_STYLE( '', ( #1885 ) );
#948 = EDGE_LOOP( '', ( #1886, #1887, #1888, #1889 ) );
#949 = B_SPLINE_CURVE_WITH_KNOTS( '', 3, ( #1890, #1891, #1892, #1893, #1894, #1895, #1896, #1897, #1898, #1899, #1900, #1901, #1902, #1903, #1904, #1905 ), .UNSPECIFIED., .F., .F., ( 4, 3, 3, 3, 3, 4 ), ( 0.499265096298640, 0.607595818716467, 0.730441237094497, 0.841672752430367, 0.958533283835743, 1.00000000000000 ), .UNSPECIFIED. );
#950 = VECTOR( '', #1906, 1000.00000000000 );
#951 = SURFACE_SIDE_STYLE( '', ( #1907 ) );
#952 = EDGE_LOOP( '', ( #1908, #1909, #1910, #1911, #1912, #1913, #1914, #1915 ) );
#953 = AXIS2_PLACEMENT_3D( '', #1916, #1917, #1918 );
#954 = SURFACE_SIDE_STYLE( '', ( #1919 ) );
#955 = EDGE_LOOP( '', ( #1920, #1921, #1922, #1923 ) );
#956 = AXIS2_PLACEMENT_3D( '', #1924, #1925, #1926 );
#957 = SURFACE_SIDE_STYLE( '', ( #1927 ) );
#958 = EDGE_LOOP( '', ( #1928, #1929, #1930, #1931 ) );
#959 = AXIS2_PLACEMENT_3D( '', #1932, #1933, #1934 );
#960 = SURFACE_SIDE_STYLE( '', ( #1935 ) );
#961 = EDGE_LOOP( '', ( #1936, #1937, #1938, #1939 ) );
#962 = AXIS2_PLACEMENT_3D( '', #1940, #1941, #1942 );
#963 = SURFACE_SIDE_STYLE( '', ( #1943 ) );
#964 = EDGE_LOOP( '', ( #1944, #1945, #1946, #1947 ) );
#965 = B_SPLINE_CURVE_WITH_KNOTS( '', 3, ( #1948, #1949, #1950, #1951, #1952, #1953, #1954, #1955, #1956, #1957, #1958, #1959, #1960, #1961, #1962, #1963, #1964, #1965, #1966, #1967, #1968, #1969, #1970, #1971, #1972 ), .UNSPECIFIED., .F., .F., ( 4, 3, 2, 3, 2, 2, 3, 3, 3, 4 ), ( 0.000000000000000, 0.0435638216839925, 0.0792759739261162, 0.137980881721388, 0.185553075564697, 0.212958795930951, 0.240364516297205, 0.267788989284262, 0.299022718295815, 0.361874099558837 ), .UNSPECIFIED. );
#966 = VECTOR( '', #1973, 1000.00000000000 );
#967 = SURFACE_SIDE_STYLE( '', ( #1974 ) );
#968 = EDGE_LOOP( '', ( #1975, #1976, #1977, #1978 ) );
#969 = AXIS2_PLACEMENT_3D( '', #1979, #1980, #1981 );
#970 = SURFACE_SIDE_STYLE( '', ( #1982 ) );
#971 = EDGE_LOOP( '', ( #1983, #1984, #1985, #1986 ) );
#972 = AXIS2_PLACEMENT_3D( '', #1987, #1988, #1989 );
#973 = SURFACE_SIDE_STYLE( '', ( #1990 ) );
#974 = EDGE_LOOP( '', ( #1991, #1992, #1993, #1994 ) );
#975 = AXIS2_PLACEMENT_3D( '', #1995, #1996, #1997 );
#976 = SURFACE_SIDE_STYLE( '', ( #1998 ) );
#977 = EDGE_LOOP( '', ( #1999, #2000, #2001, #2002 ) );
#978 = AXIS2_PLACEMENT_3D( '', #2003, #2004, #2005 );
#980 =  ( LENGTH_UNIT(  )NAMED_UNIT( #672 )SI_UNIT( .MILLI., .METRE. ) );
#981 = SURFACE_STYLE_FILL_AREA( #2007 );
#982 = ORIENTED_EDGE( '', *, *, #2008, .F. );
#983 = ORIENTED_EDGE( '', *, *, #2009, .F. );
#984 = ORIENTED_EDGE( '', *, *, #2010, .T. );
#985 = ORIENTED_EDGE( '', *, *, #2011, .T. );
#986 = CARTESIAN_POINT( '', ( 1.75897106109325, 0.218906752411576, 2.09800000000000 ) );
#987 = DIRECTION( '', ( 1.00000000000000, 0.000000000000000, 0.000000000000000 ) );
#988 = DIRECTION( '', ( 0.000000000000000, 0.000000000000000, -1.00000000000000 ) );
#989 = SURFACE_STYLE_FILL_AREA( #2012 );
#990 = ORIENTED_EDGE( '', *, *, #2013, .F. );
#991 = ORIENTED_EDGE( '', *, *, #2014, .F. );
#992 = ORIENTED_EDGE( '', *, *, #2015, .T. );
#993 = ORIENTED_EDGE( '', *, *, #2016, .T. );
#994 = CARTESIAN_POINT( '', ( -1.52334405144694, -0.272926045016077, 2.09800000000000 ) );
#995 = DIRECTION( '', ( 0.947043000102940, 0.321106767222403, 0.000000000000000 ) );
#996 = DIRECTION( '', ( -0.321106767222403, 0.947043000102940, 0.000000000000000 ) );
#997 = SURFACE_STYLE_FILL_AREA( #2017 );
#998 = ORIENTED_EDGE( '', *, *, #2018, .F. );
#999 = ORIENTED_EDGE( '', *, *, #2019, .F. );
#1000 = ORIENTED_EDGE( '', *, *, #2020, .T. );
#1001 = ORIENTED_EDGE( '', *, *, #2021, .T. );
#1002 = CARTESIAN_POINT( '', ( 0.471254019292604, -0.272926045016077, 2.09800000000000 ) );
#1003 = DIRECTION( '', ( 0.000000000000000, 1.00000000000000, 0.000000000000000 ) );
#1004 = DIRECTION( '', ( 0.000000000000000, 0.000000000000000, 1.00000000000000 ) );
#1005 = SURFACE_STYLE_FILL_AREA( #2022 );
#1006 = ORIENTED_EDGE( '', *, *, #2023, .F. );
#1007 = ORIENTED_EDGE( '', *, *, #2024, .F. );
#1008 = ORIENTED_EDGE( '', *, *, #2025, .T. );
#1009 = ORIENTED_EDGE( '', *, *, #2026, .T. );
#1010 = CARTESIAN_POINT( '', ( 1.84437299035370, 0.287845659163987, 2.09800000000000 ) );
#1011 = CARTESIAN_POINT( '', ( 1.84437299035370, 0.126302250803859, 2.09800000000000 ) );
#1012 = CARTESIAN_POINT( '', ( 1.84437299035370, -0.0352411575562701, 2.09800000000000 ) );
#1013 = CARTESIAN_POINT( '', ( 1.84437299035370, -0.196784565916398, 2.09800000000000 ) );
#1014 = CARTESIAN_POINT( '', ( 1.84437299035370, -0.283729903536978, 2.09800000000000 ) );
#1015 = CARTESIAN_POINT( '', ( 1.83562700964630, -0.345466237942122, 2.09800000000000 ) );
#1016 = CARTESIAN_POINT( '', ( 1.81762057877813, -0.381993569131833, 2.09800000000000 ) );
#1017 = CARTESIAN_POINT( '', ( 1.79971472644179, -0.418316869585566, 2.09800000000000 ) );
#1018 = CARTESIAN_POINT( '', ( 1.77183279742765, -0.447331189710611, 2.09800000000000 ) );
#1019 = CARTESIAN_POINT( '', ( 1.69466237942122, -0.489517684887460, 2.09800000000000 ) );
#1020 = CARTESIAN_POINT( '', ( 1.64733118971061, -0.499807073954984, 2.09800000000000 ) );
#1021 = CARTESIAN_POINT( '', ( 1.52385852090032, -0.499807073954984, 2.09800000000000 ) );
#1022 = CARTESIAN_POINT( '', ( 1.46983922829582, -0.484887459807074, 2.09800000000000 ) );
#1023 = CARTESIAN_POINT( '', ( 1.42868167202572, -0.455048231511254, 2.09800000000000 ) );
#1024 = CARTESIAN_POINT( '', ( 1.38727963211535, -0.425031752576232, 2.09800000000000 ) );
#1025 = CARTESIAN_POINT( '', ( 1.36745980707396, -0.379421221864952, 2.09800000000000 ) );
#1026 = CARTESIAN_POINT( '', ( 1.36900321543408, -0.318713826366559, 2.09800000000000 ) );
#1027 = DIRECTION( '', ( 0.000000000000000, 0.000000000000000, 1.00000000000000 ) );
#1028 = SURFACE_STYLE_FILL_AREA( #2027 );
#1029 = ORIENTED_EDGE( '', *, *, #2028, .F. );
#1030 = ORIENTED_EDGE( '', *, *, #2029, .F. );
#1031 = ORIENTED_EDGE( '', *, *, #2030, .T. );
#1032 = ORIENTED_EDGE( '', *, *, #2031, .T. );
#1033 = CARTESIAN_POINT( '', ( 0.785080385852090, 0.287845659163987, 2.09800000000000 ) );
#1034 = DIRECTION( '', ( 0.000000000000000, -1.00000000000000, 0.000000000000000 ) );
#1035 = DIRECTION( '', ( 0.000000000000000, 0.000000000000000, -1.00000000000000 ) );
#1036 = SURFACE_STYLE_FILL_AREA( #2032 );
#1037 = ORIENTED_EDGE( '', *, *, #2033, .F. );
#1038 = ORIENTED_EDGE( '', *, *, #2034, .F. );
#1039 = ORIENTED_EDGE( '', *, *, #2035, .T. );
#1040 = ORIENTED_EDGE( '', *, *, #2019, .T. );
#1041 = CARTESIAN_POINT( '', ( 0.234598070739550, 0.0789710610932477, 2.09800000000000 ) );
#1042 = DIRECTION( '', ( -0.829803825565358, -0.558055204327579, 0.000000000000000 ) );
#1043 = DIRECTION( '', ( 0.558055204327579, -0.829803825565358, 0.000000000000000 ) );
#1044 = SURFACE_STYLE_FILL_AREA( #2036 );
#1045 = ORIENTED_EDGE( '', *, *, #2037, .F. );
#1046 = ORIENTED_EDGE( '', *, *, #2038, .F. );
#1047 = ORIENTED_EDGE( '', *, *, #2039, .T. );
#1048 = ORIENTED_EDGE( '', *, *, #2040, .T. );
#1049 = CARTESIAN_POINT( '', ( -0.594212218649518, 0.00797427652733131, 2.09800000000000 ) );
#1050 = CARTESIAN_POINT( '', ( -0.628681672025724, -0.00591639871382629, 2.09800000000000 ) );
#1051 = CARTESIAN_POINT( '', ( -0.680643086816720, -0.0177491961414790, 2.09800000000000 ) );
#1052 = CARTESIAN_POINT( '', ( -0.750096463022508, -0.0275241157556269, 2.09800000000000 ) );
#1053 = CARTESIAN_POINT( '', ( -0.789217704575203, -0.0330300682704506, 2.09800000000000 ) );
#1054 = CARTESIAN_POINT( '', ( -0.816977491961415, -0.0398713826366559, 2.09800000000000 ) );
#1055 = CARTESIAN_POINT( '', ( -0.833440514469454, -0.0465594855305466, 2.09800000000000 ) );
#1056 = CARTESIAN_POINT( '', ( -0.850082932864001, -0.0533204680033313, 2.09800000000000 ) );
#1057 = CARTESIAN_POINT( '', ( -0.862250803858521, -0.0640514469453376, 2.09800000000000 ) );
#1058 = CARTESIAN_POINT( '', ( -0.870996784565917, -0.0774276527331189, 2.09800000000000 ) );
#1059 = CARTESIAN_POINT( '', ( -0.880132482548357, -0.0913998967062622, 2.09800000000000 ) );
#1060 = CARTESIAN_POINT( '', ( -0.884372990353698, -0.106237942122186, 2.09800000000000 ) );
#1061 = CARTESIAN_POINT( '', ( -0.884372990353698, -0.148424437299035, 2.09800000000000 ) );
#1062 = CARTESIAN_POINT( '', ( -0.874598070739550, -0.169517684887460, 2.09800000000000 ) );
#1063 = CARTESIAN_POINT( '', ( -0.855562700964630, -0.185980707395498, 2.09800000000000 ) );
#1064 = DIRECTION( '', ( 0.000000000000000, 0.000000000000000, 1.00000000000000 ) );
#1065 = SURFACE_STYLE_FILL_AREA( #2041 );
#1066 = ORIENTED_EDGE( '', *, *, #2042, .F. );
#1067 = ORIENTED_EDGE( '', *, *, #2043, .F. );
#1068 = ORIENTED_EDGE( '', *, *, #2044, .T. );
#1069 = ORIENTED_EDGE( '', *, *, #2014, .T. );
#1070 = CARTESIAN_POINT( '', ( -1.43279742765273, -0.272926045016077, 2.09800000000000 ) );
#1071 = DIRECTION( '', ( 0.000000000000000, 1.00000000000000, 0.000000000000000 ) );
#1072 = DIRECTION( '', ( 0.000000000000000, 0.000000000000000, 1.00000000000000 ) );
#1073 = SURFACE_STYLE_FILL_AREA( #2045 );
#1074 = ORIENTED_EDGE( '', *, *, #2046, .F. );
#1075 = ORIENTED_EDGE( '', *, *, #2047, .F. );
#1076 = ORIENTED_EDGE( '', *, *, #2048, .F. );
#1077 = ORIENTED_EDGE( '', *, *, #2049, .F. );
#1078 = CARTESIAN_POINT( '', ( 0.000000000000000, 0.000000000000000, 0.000200000000000000 ) );
#1079 = DIRECTION( '', ( 0.000000000000000, 0.000000000000000, -1.00000000000000 ) );
#1080 = DIRECTION( '', ( -1.00000000000000, 0.000000000000000, 0.000000000000000 ) );
#1081 = SURFACE_STYLE_FILL_AREA( #2050 );
#1082 = ORIENTED_EDGE( '', *, *, #2051, .F. );
#1083 = ORIENTED_EDGE( '', *, *, #2052, .F. );
#1084 = ORIENTED_EDGE( '', *, *, #2053, .F. );
#1085 = ORIENTED_EDGE( '', *, *, #2054, .F. );
#1086 = CARTESIAN_POINT( '', ( 0.000000000000000, 0.000000000000000, 0.000200000000000000 ) );
#1087 = DIRECTION( '', ( 0.000000000000000, 0.000000000000000, 1.00000000000000 ) );
#1088 = DIRECTION( '', ( 1.00000000000000, 0.000000000000000, 0.000000000000000 ) );
#1089 = SURFACE_STYLE_FILL_AREA( #2055 );
#1090 = ORIENTED_EDGE( '', *, *, #2056, .F. );
#1091 = ORIENTED_EDGE( '', *, *, #2057, .F. );
#1092 = ORIENTED_EDGE( '', *, *, #2058, .F. );
#1093 = ORIENTED_EDGE( '', *, *, #2059, .F. );
#1094 = CARTESIAN_POINT( '', ( 0.594726688102894, -0.272926045016077, 2.09800000000000 ) );
#1095 = DIRECTION( '', ( 0.000000000000000, 0.000000000000000, 1.00000000000000 ) );
#1096 = DIRECTION( '', ( 1.00000000000000, 0.000000000000000, 0.000000000000000 ) );
#1097 = SURFACE_STYLE_FILL_AREA( #2060 );
#1098 = ORIENTED_EDGE( '', *, *, #2061, .F. );
#1099 = ORIENTED_EDGE( '', *, *, #2062, .F. );
#1100 = ORIENTED_EDGE( '', *, *, #2063, .T. );
#1101 = ORIENTED_EDGE( '', *, *, #2064, .T. );
#1102 = CARTESIAN_POINT( '', ( -0.0864308681672028, 0.182893890675241, 2.09800000000000 ) );
#1103 = CARTESIAN_POINT( '', ( -0.109067524115756, 0.195755627009646, 2.09800000000000 ) );
#1104 = CARTESIAN_POINT( '', ( -0.132218649517685, 0.202443729903537, 2.09800000000000 ) );
#1105 = CARTESIAN_POINT( '', ( -0.174919614147910, 0.202443729903537, 2.09800000000000 ) );
#1106 = CARTESIAN_POINT( '', ( -0.193440514469453, 0.196270096463023, 2.09800000000000 ) );
#1107 = CARTESIAN_POINT( '', ( -0.209389067524116, 0.183408360128617, 2.09800000000000 ) );
#1108 = CARTESIAN_POINT( '', ( -0.225397955584029, 0.170497966531913, 2.09800000000000 ) );
#1109 = CARTESIAN_POINT( '', ( -0.237170418006431, 0.153569131832797, 2.09800000000000 ) );
#1110 = CARTESIAN_POINT( '', ( -0.244372990353698, 0.131446945337621, 2.09800000000000 ) );
#1111 = CARTESIAN_POINT( '', ( -0.255354711908111, 0.0977173719919179, 2.09800000000000 ) );
#1112 = CARTESIAN_POINT( '', ( -0.260321543408361, 0.0604501607717043, 2.09800000000000 ) );
#1113 = CARTESIAN_POINT( '', ( -0.260321543408361, 0.0203215434083602, 2.09800000000000 ) );
#1114 = CARTESIAN_POINT( '', ( -0.260321543408361, -0.0774276527331189, 2.09800000000000 ) );
#1115 = CARTESIAN_POINT( '', ( -0.260321543408361, -0.175176848874598, 2.09800000000000 ) );
#1116 = CARTESIAN_POINT( '', ( -0.260321543408361, -0.272926045016077, 2.09800000000000 ) );
#1117 = DIRECTION( '', ( 0.000000000000000, 0.000000000000000, 1.00000000000000 ) );
#1118 = SURFACE_STYLE_FILL_AREA( #2065 );
#1119 = ORIENTED_EDGE( '', *, *, #2066, .F. );
#1120 = ORIENTED_EDGE( '', *, *, #2067, .F. );
#1121 = ORIENTED_EDGE( '', *, *, #2046, .T. );
#1122 = ORIENTED_EDGE( '', *, *, #2068, .T. );
#1123 = CARTESIAN_POINT( '', ( 2.70000000000000, 0.800000000000000, 0.000200000000000000 ) );
#1124 = DIRECTION( '', ( 1.00000000000000, 0.000000000000000, 0.000000000000000 ) );
#1125 = DIRECTION( '', ( 0.000000000000000, 0.000000000000000, -1.00000000000000 ) );
#1126 = SURFACE_STYLE_FILL_AREA( #2069 );
#1127 = ORIENTED_EDGE( '', *, *, #2070, .F. );
#1128 = ORIENTED_EDGE( '', *, *, #2026, .F. );
#1129 = ORIENTED_EDGE( '', *, *, #2071, .T. );
#1130 = ORIENTED_EDGE( '', *, *, #2072, .T. );
#1131 = CARTESIAN_POINT( '', ( 1.36900321543408, -0.318713826366559, 2.09800000000000 ) );
#1132 = DIRECTION( '', ( -0.132163720091019, -0.991227900682635, 0.000000000000000 ) );
#1133 = DIRECTION( '', ( 0.991227900682635, -0.132163720091019, 0.000000000000000 ) );
#1134 = SURFACE_STYLE_FILL_AREA( #2073 );
#1135 = ORIENTED_EDGE( '', *, *, #2074, .F. );
#1136 = ORIENTED_EDGE( '', *, *, #2075, .F. );
#1137 = ORIENTED_EDGE( '', *, *, #2076, .T. );
#1138 = ORIENTED_EDGE( '', *, *, #2077, .T. );
#1139 = CARTESIAN_POINT( '', ( -0.354469453376206, -0.272926045016077, 2.09800000000000 ) );
#1140 = DIRECTION( '', ( 1.00000000000000, 0.000000000000000, 0.000000000000000 ) );
#1141 = DIRECTION( '', ( 0.000000000000000, 0.000000000000000, -1.00000000000000 ) );
#1142 = SURFACE_STYLE_FILL_AREA( #2078 );
#1143 = ORIENTED_EDGE( '', *, *, #2079, .F. );
#1144 = ORIENTED_EDGE( '', *, *, #2011, .F. );
#1145 = ORIENTED_EDGE( '', *, *, #2080, .T. );
#1146 = ORIENTED_EDGE( '', *, *, #2024, .T. );
#1147 = CARTESIAN_POINT( '', ( 1.75897106109325, 0.287845659163987, 2.09800000000000 ) );
#1148 = DIRECTION( '', ( 0.000000000000000, -1.00000000000000, 0.000000000000000 ) );
#1149 = DIRECTION( '', ( 0.000000000000000, 0.000000000000000, -1.00000000000000 ) );
#1150 = SURFACE_STYLE_FILL_AREA( #2081 );
#1151 = ORIENTED_EDGE( '', *, *, #2082, .F. );
#1152 = ORIENTED_EDGE( '', *, *, #2083, .F. );
#1153 = ORIENTED_EDGE( '', *, *, #2084, .T. );
#1154 = ORIENTED_EDGE( '', *, *, #2085, .T. );
#1155 = CARTESIAN_POINT( '', ( -0.568488745980708, -0.272926045016077, 2.09800000000000 ) );
#1156 = CARTESIAN_POINT( '', ( -0.578778135048232, -0.253376205787781, 2.09800000000000 ) );
#1157 = CARTESIAN_POINT( '', ( -0.585466237942122, -0.229710610932476, 2.09800000000000 ) );
#1158 = CARTESIAN_POINT( '', ( -0.588553054662380, -0.202443729903537, 2.09800000000000 ) );
#1159 = DIRECTION( '', ( 0.000000000000000, 0.000000000000000, 1.00000000000000 ) );
#1160 = SURFACE_STYLE_FILL_AREA( #2086 );
#1161 = ORIENTED_EDGE( '', *, *, #2087, .F. );
#1162 = ORIENTED_EDGE( '', *, *, #2088, .F. );
#1163 = ORIENTED_EDGE( '', *, *, #2089, .T. );
#1164 = ORIENTED_EDGE( '', *, *, #2090, .T. );
#1165 = CARTESIAN_POINT( '', ( -0.594726688102894, 0.0825723472668811, 2.09800000000000 ) );
#1166 = CARTESIAN_POINT( '', ( -0.594212218649518, 0.0954340836012863, 2.09800000000000 ) );
#1167 = CARTESIAN_POINT( '', ( -0.594212218649518, 0.104180064308682, 2.09800000000000 ) );
#1168 = CARTESIAN_POINT( '', ( -0.594212218649518, 0.146366559485531, 2.09800000000000 ) );
#1169 = CARTESIAN_POINT( '', ( -0.602958199356913, 0.173633440514469, 2.09800000000000 ) );
#1170 = CARTESIAN_POINT( '', ( -0.620964630225081, 0.190096463022508, 2.09800000000000 ) );
#1171 = CARTESIAN_POINT( '', ( -0.644895809355784, 0.211976398227722, 2.09800000000000 ) );
#1172 = CARTESIAN_POINT( '', ( -0.681672025723473, 0.221993569131833, 2.09800000000000 ) );
#1173 = CARTESIAN_POINT( '', ( -0.729517684887460, 0.222508038585209, 2.09800000000000 ) );
#1174 = CARTESIAN_POINT( '', ( -0.773751411631322, 0.222983670055573, 2.09800000000000 ) );
#1175 = CARTESIAN_POINT( '', ( -0.806688102893891, 0.214276527331190, 2.09800000000000 ) );
#1176 = CARTESIAN_POINT( '', ( -0.828295819935692, 0.198842443729903, 2.09800000000000 ) );
#1177 = CARTESIAN_POINT( '', ( -0.849806204918745, 0.183477883027722, 2.09800000000000 ) );
#1178 = CARTESIAN_POINT( '', ( -0.865337620578778, 0.155112540192926, 2.09800000000000 ) );
#1179 = CARTESIAN_POINT( '', ( -0.875627009646302, 0.115498392282958, 2.09800000000000 ) );
#1180 = DIRECTION( '', ( 0.000000000000000, 0.000000000000000, 1.00000000000000 ) );
#1181 = SURFACE_STYLE_FILL_AREA( #2091 );
#1182 = ORIENTED_EDGE( '', *, *, #2092, .F. );
#1183 = ORIENTED_EDGE( '', *, *, #2093, .F. );
#1184 = ORIENTED_EDGE( '', *, *, #2094, .T. );
#1185 = ORIENTED_EDGE( '', *, *, #2095, .T. );
#1186 = CARTESIAN_POINT( '', ( 0.547395498392283, 0.499807073954984, 2.09800000000000 ) );
#1187 = DIRECTION( '', ( 0.000000000000000, -1.00000000000000, 0.000000000000000 ) );
#1188 = DIRECTION( '', ( 0.000000000000000, 0.000000000000000, -1.00000000000000 ) );
#1189 = SURFACE_STYLE_FILL_AREA( #2096 );
#1190 = ORIENTED_EDGE( '', *, *, #2097, .F. );
#1191 = ORIENTED_EDGE( '', *, *, #2098, .F. );
#1192 = ORIENTED_EDGE( '', *, *, #2099, .T. );
#1193 = ORIENTED_EDGE( '', *, *, #2100, .T. );
#1194 = CARTESIAN_POINT( '', ( -1.24347266881029, 0.499807073954984, 2.09800000000000 ) );
#1195 = DIRECTION( '', ( 0.000000000000000, -1.00000000000000, 0.000000000000000 ) );
#1196 = DIRECTION( '', ( 0.000000000000000, 0.000000000000000, -1.00000000000000 ) );
#1197 = SURFACE_STYLE_FILL_AREA( #2101 );
#1198 = ORIENTED_EDGE( '', *, *, #2102, .F. );
#1199 = ORIENTED_EDGE( '', *, *, #2103, .F. );
#1200 = ORIENTED_EDGE( '', *, *, #2047, .T. );
#1201 = ORIENTED_EDGE( '', *, *, #2067, .T. );
#1202 = CARTESIAN_POINT( '', ( -2.70000000000000, 0.800000000000000, 0.000200000000000000 ) );
#1203 = DIRECTION( '', ( 0.000000000000000, 1.00000000000000, 0.000000000000000 ) );
#1204 = DIRECTION( '', ( 0.000000000000000, 0.000000000000000, 1.00000000000000 ) );
#1205 = SURFACE_STYLE_FILL_AREA( #2104 );
#1206 = ORIENTED_EDGE( '', *, *, #2105, .F. );
#1207 = ORIENTED_EDGE( '', *, *, #2072, .F. );
#1208 = ORIENTED_EDGE( '', *, *, #2106, .T. );
#1209 = ORIENTED_EDGE( '', *, *, #2107, .T. );
#1210 = CARTESIAN_POINT( '', ( 1.46160771704180, -0.331061093247589, 2.09800000000000 ) );
#1211 = CARTESIAN_POINT( '', ( 1.46520900321543, -0.360385852090032, 2.09800000000000 ) );
#1212 = CARTESIAN_POINT( '', ( 1.47601286173633, -0.381479099678456, 2.09800000000000 ) );
#1213 = CARTESIAN_POINT( '', ( 1.49401929260450, -0.394855305466238, 2.09800000000000 ) );
#1214 = CARTESIAN_POINT( '', ( 1.51788894320302, -0.412587045910850, 2.09800000000000 ) );
#1215 = CARTESIAN_POINT( '', ( 1.55009646302251, -0.422122186495177, 2.09800000000000 ) );
#1216 = CARTESIAN_POINT( '', ( 1.63601286173634, -0.422122186495177, 2.09800000000000 ) );
#1217 = CARTESIAN_POINT( '', ( 1.66996784565916, -0.413376205787782, 2.09800000000000 ) );
#1218 = CARTESIAN_POINT( '', ( 1.71832797427653, -0.378392282958199, 2.09800000000000 ) );
#1219 = CARTESIAN_POINT( '', ( 1.73479099678456, -0.353697749196141, 2.09800000000000 ) );
#1220 = CARTESIAN_POINT( '', ( 1.74302250803859, -0.321800643086816, 2.09800000000000 ) );
#1221 = CARTESIAN_POINT( '', ( 1.74794936867696, -0.302709058113089, 2.09800000000000 ) );
#1222 = CARTESIAN_POINT( '', ( 1.75022508038585, -0.262122186495177, 2.09800000000000 ) );
#1223 = CARTESIAN_POINT( '', ( 1.75022508038585, -0.200385852090032, 2.09800000000000 ) );
#1224 = DIRECTION( '', ( 0.000000000000000, 0.000000000000000, 1.00000000000000 ) );
#1225 = SURFACE_STYLE_FILL_AREA( #2108 );
#1226 = ORIENTED_EDGE( '', *, *, #2109, .F. );
#1227 = ORIENTED_EDGE( '', *, *, #2110, .F. );
#1228 = ORIENTED_EDGE( '', *, *, #2111, .T. );
#1229 = ORIENTED_EDGE( '', *, *, #2112, .T. );
#1230 = CARTESIAN_POINT( '', ( 0.166173633440515, 0.0126045016077171, 2.09800000000000 ) );
#1231 = DIRECTION( '', ( -0.695795215827012, 0.718240222789174, 0.000000000000000 ) );
#1232 = DIRECTION( '', ( -0.718240222789174, -0.695795215827012, 0.000000000000000 ) );
#1233 = SURFACE_STYLE_FILL_AREA( #2113 );
#1234 = ORIENTED_EDGE( '', *, *, #2114, .F. );
#1235 = ORIENTED_EDGE( '', *, *, #2115, .F. );
#1236 = ORIENTED_EDGE( '', *, *, #2116, .T. );
#1237 = ORIENTED_EDGE( '', *, *, #2117, .T. );
#1238 = CARTESIAN_POINT( '', ( -0.269067524115756, 0.287845659163987, 2.09800000000000 ) );
#1239 = DIRECTION( '', ( -1.00000000000000, 0.000000000000000, 0.000000000000000 ) );
#1240 = DIRECTION( '', ( 0.000000000000000, 0.000000000000000, 1.00000000000000 ) );
#1241 = SURFACE_STYLE_FILL_AREA( #2118 );
#1242 = ORIENTED_EDGE( '', *, *, #2119, .F. );
#1243 = ORIENTED_EDGE( '', *, *, #2120, .F. );
#1244 = ORIENTED_EDGE( '', *, *, #2094, .F. );
#1245 = ORIENTED_EDGE( '', *, *, #2121, .F. );
#1246 = CARTESIAN_POINT( '', ( 0.594726688102894, 0.391254019292604, 2.09800000000000 ) );
#1247 = DIRECTION( '', ( 0.000000000000000, 0.000000000000000, 1.00000000000000 ) );
#1248 = DIRECTION( '', ( 1.00000000000000, 0.000000000000000, 0.000000000000000 ) );
#1249 = SURFACE_STYLE_FILL_AREA( #2122 );
#1250 = ORIENTED_EDGE( '', *, *, #2123, .F. );
#1251 = ORIENTED_EDGE( '', *, *, #2124, .F. );
#1252 = ORIENTED_EDGE( '', *, *, #2125, .T. );
#1253 = ORIENTED_EDGE( '', *, *, #2126, .T. );
#1254 = CARTESIAN_POINT( '', ( 0.100321543408360, 0.499807073954984, 2.09800000000000 ) );
#1255 = DIRECTION( '', ( -1.00000000000000, 0.000000000000000, 0.000000000000000 ) );
#1256 = DIRECTION( '', ( 0.000000000000000, 0.000000000000000, 1.00000000000000 ) );
#1257 = SURFACE_STYLE_FILL_AREA( #2127 );
#1258 = ORIENTED_EDGE( '', *, *, #2128, .F. );
#1259 = ORIENTED_EDGE( '', *, *, #2068, .F. );
#1260 = ORIENTED_EDGE( '', *, *, #2049, .T. );
#1261 = ORIENTED_EDGE( '', *, *, #2129, .T. );
#1262 = CARTESIAN_POINT( '', ( 2.70000000000000, -0.800000000000000, 0.000200000000000000 ) );
#1263 = DIRECTION( '', ( 0.000000000000000, -1.00000000000000, 0.000000000000000 ) );
#1264 = DIRECTION( '', ( 0.000000000000000, 0.000000000000000, -1.00000000000000 ) );
#1265 = SURFACE_STYLE_FILL_AREA( #2130 );
#1266 = ORIENTED_EDGE( '', *, *, #2131, .F. );
#1267 = ORIENTED_EDGE( '', *, *, #2132, .F. );
#1268 = ORIENTED_EDGE( '', *, *, #2119, .T. );
#1269 = ORIENTED_EDGE( '', *, *, #2133, .T. );
#1270 = CARTESIAN_POINT( '', ( 0.642057877813505, 0.391254019292604, 2.09800000000000 ) );
#1271 = DIRECTION( '', ( 0.000000000000000, 1.00000000000000, 0.000000000000000 ) );
#1272 = DIRECTION( '', ( 0.000000000000000, 0.000000000000000, 1.00000000000000 ) );
#1273 = SURFACE_STYLE_FILL_AREA( #2134 );
#1274 = ORIENTED_EDGE( '', *, *, #2079, .T. );
#1275 = ORIENTED_EDGE( '', *, *, #2023, .T. );
#1276 = ORIENTED_EDGE( '', *, *, #2070, .T. );
#1277 = ORIENTED_EDGE( '', *, *, #2105, .T. );
#1278 = ORIENTED_EDGE( '', *, *, #2135, .T. );
#1279 = ORIENTED_EDGE( '', *, *, #2008, .T. );
#1280 = ORIENTED_EDGE( '', *, *, #2136, .T. );
#1281 = ORIENTED_EDGE( '', *, *, #2137, .T. );
#1282 = ORIENTED_EDGE( '', *, *, #2138, .T. );
#1283 = ORIENTED_EDGE( '', *, *, #2139, .T. );
#1284 = ORIENTED_EDGE( '', *, *, #2140, .T. );
#1285 = ORIENTED_EDGE( '', *, *, #2141, .T. );
#1286 = ORIENTED_EDGE( '', *, *, #2142, .T. );
#1287 = ORIENTED_EDGE( '', *, *, #2143, .T. );
#1288 = ORIENTED_EDGE( '', *, *, #2123, .T. );
#1289 = ORIENTED_EDGE( '', *, *, #2144, .T. );
#1290 = ORIENTED_EDGE( '', *, *, #2145, .T. );
#1291 = ORIENTED_EDGE( '', *, *, #2146, .T. );
#1292 = ORIENTED_EDGE( '', *, *, #2033, .T. );
#1293 = ORIENTED_EDGE( '', *, *, #2018, .T. );
#1294 = ORIENTED_EDGE( '', *, *, #2147, .T. );
#1295 = ORIENTED_EDGE( '', *, *, #2109, .T. );
#1296 = ORIENTED_EDGE( '', *, *, #2148, .T. );
#1297 = ORIENTED_EDGE( '', *, *, #2082, .T. );
#1298 = ORIENTED_EDGE( '', *, *, #2149, .T. );
#1299 = ORIENTED_EDGE( '', *, *, #2087, .T. );
#1300 = ORIENTED_EDGE( '', *, *, #2150, .T. );
#1301 = ORIENTED_EDGE( '', *, *, #2151, .T. );
#1302 = ORIENTED_EDGE( '', *, *, #2152, .T. );
#1303 = ORIENTED_EDGE( '', *, *, #2153, .T. );
#1304 = ORIENTED_EDGE( '', *, *, #2154, .T. );
#1305 = ORIENTED_EDGE( '', *, *, #2155, .T. );
#1306 = ORIENTED_EDGE( '', *, *, #2061, .T. );
#1307 = ORIENTED_EDGE( '', *, *, #2156, .T. );
#1308 = ORIENTED_EDGE( '', *, *, #2074, .T. );
#1309 = ORIENTED_EDGE( '', *, *, #2157, .T. );
#1310 = ORIENTED_EDGE( '', *, *, #2114, .T. );
#1311 = ORIENTED_EDGE( '', *, *, #2158, .T. );
#1312 = ORIENTED_EDGE( '', *, *, #2159, .T. );
#1313 = ORIENTED_EDGE( '', *, *, #2160, .T. );
#1314 = ORIENTED_EDGE( '', *, *, #2131, .T. );
#1315 = ORIENTED_EDGE( '', *, *, #2161, .T. );
#1316 = ORIENTED_EDGE( '', *, *, #2092, .T. );
#1317 = ORIENTED_EDGE( '', *, *, #2162, .T. );
#1318 = ORIENTED_EDGE( '', *, *, #2163, .T. );
#1319 = ORIENTED_EDGE( '', *, *, #2164, .T. );
#1320 = ORIENTED_EDGE( '', *, *, #2028, .T. );
#1321 = ORIENTED_EDGE( '', *, *, #2165, .T. );
#1322 = ORIENTED_EDGE( '', *, *, #2166, .T. );
#1323 = ORIENTED_EDGE( '', *, *, #2167, .T. );
#1324 = ORIENTED_EDGE( '', *, *, #2168, .F. );
#1325 = ORIENTED_EDGE( '', *, *, #2169, .T. );
#1326 = ORIENTED_EDGE( '', *, *, #2170, .T. );
#1327 = ORIENTED_EDGE( '', *, *, #2171, .T. );
#1328 = ORIENTED_EDGE( '', *, *, #2172, .T. );
#1329 = ORIENTED_EDGE( '', *, *, #2173, .T. );
#1330 = ORIENTED_EDGE( '', *, *, #2174, .T. );
#1331 = ORIENTED_EDGE( '', *, *, #2097, .T. );
#1332 = ORIENTED_EDGE( '', *, *, #2175, .T. );
#1333 = ORIENTED_EDGE( '', *, *, #2176, .T. );
#1334 = ORIENTED_EDGE( '', *, *, #2177, .T. );
#1335 = ORIENTED_EDGE( '', *, *, #2178, .T. );
#1336 = ORIENTED_EDGE( '', *, *, #2042, .T. );
#1337 = ORIENTED_EDGE( '', *, *, #2013, .T. );
#1338 = CARTESIAN_POINT( '', ( 0.000000000000000, 0.000000000000000, 2.10000000000000 ) );
#1339 = DIRECTION( '', ( 0.000000000000000, 0.000000000000000, 1.00000000000000 ) );
#1340 = DIRECTION( '', ( 1.00000000000000, 0.000000000000000, 0.000000000000000 ) );
#1341 = SURFACE_STYLE_FILL_AREA( #2179 );
#1342 = ORIENTED_EDGE( '', *, *, #2180, .F. );
#1343 = ORIENTED_EDGE( '', *, *, #2025, .F. );
#1344 = ORIENTED_EDGE( '', *, *, #2080, .F. );
#1345 = ORIENTED_EDGE( '', *, *, #2010, .F. );
#1346 = ORIENTED_EDGE( '', *, *, #2181, .F. );
#1347 = ORIENTED_EDGE( '', *, *, #2106, .F. );
#1348 = ORIENTED_EDGE( '', *, *, #2071, .F. );
#1349 = CARTESIAN_POINT( '', ( 1.82745540582237, -0.356600935807043, 2.09800000000000 ) );
#1350 = DIRECTION( '', ( 0.000000000000000, 0.000000000000000, 1.00000000000000 ) );
#1351 = DIRECTION( '', ( 1.00000000000000, 0.000000000000000, 0.000000000000000 ) );
#1352 = SURFACE_STYLE_FILL_AREA( #2182 );
#1353 = ORIENTED_EDGE( '', *, *, #2143, .F. );
#1354 = ORIENTED_EDGE( '', *, *, #2183, .F. );
#1355 = ORIENTED_EDGE( '', *, *, #2184, .T. );
#1356 = ORIENTED_EDGE( '', *, *, #2124, .T. );
#1357 = CARTESIAN_POINT( '', ( 0.00565916398713841, 0.499807073954984, 2.09800000000000 ) );
#1358 = DIRECTION( '', ( 0.000000000000000, -1.00000000000000, 0.000000000000000 ) );
#1359 = DIRECTION( '', ( 0.000000000000000, 0.000000000000000, -1.00000000000000 ) );
#1360 = SURFACE_STYLE_FILL_AREA( #2185 );
#1361 = ORIENTED_EDGE( '', *, *, #2160, .F. );
#1362 = ORIENTED_EDGE( '', *, *, #2095, .F. );
#1363 = ORIENTED_EDGE( '', *, *, #2120, .T. );
#1364 = ORIENTED_EDGE( '', *, *, #2132, .T. );
#1365 = CARTESIAN_POINT( '', ( 0.642057877813505, 0.499807073954984, 2.09800000000000 ) );
#1366 = DIRECTION( '', ( -1.00000000000000, 0.000000000000000, 0.000000000000000 ) );
#1367 = DIRECTION( '', ( 0.000000000000000, 0.000000000000000, 1.00000000000000 ) );
#1368 = SURFACE_STYLE_FILL_AREA( #2186 );
#1369 = ORIENTED_EDGE( '', *, *, #2187, .F. );
#1370 = ORIENTED_EDGE( '', *, *, #2188, .F. );
#1371 = ORIENTED_EDGE( '', *, *, #2052, .T. );
#1372 = ORIENTED_EDGE( '', *, *, #2189, .T. );
#1373 = CARTESIAN_POINT( '', ( 1.10000000000000, 2.70000000000000, 0.000200000000000000 ) );
#1374 = DIRECTION( '', ( 1.00000000000000, 1.20466908053945E-16, 0.000000000000000 ) );
#1375 = DIRECTION( '', ( -1.20466908053945E-16, 1.00000000000000, 0.000000000000000 ) );
#1376 = SURFACE_STYLE_FILL_AREA( #2190 );
#1377 = ORIENTED_EDGE( '', *, *, #2191, .F. );
#1378 = ORIENTED_EDGE( '', *, *, #2129, .F. );
#1379 = ORIENTED_EDGE( '', *, *, #2048, .T. );
#1380 = ORIENTED_EDGE( '', *, *, #2103, .T. );
#1381 = CARTESIAN_POINT( '', ( -2.70000000000000, -0.800000000000000, 0.000200000000000000 ) );
#1382 = DIRECTION( '', ( -1.00000000000000, 0.000000000000000, 0.000000000000000 ) );
#1383 = DIRECTION( '', ( 0.000000000000000, 0.000000000000000, 1.00000000000000 ) );
#1384 = SURFACE_STYLE_FILL_AREA( #2192 );
#1385 = ORIENTED_EDGE( '', *, *, #2037, .T. );
#1386 = ORIENTED_EDGE( '', *, *, #2193, .T. );
#1387 = CARTESIAN_POINT( '', ( 0.000000000000000, 0.000000000000000, 2.10000000000000 ) );
#1388 = DIRECTION( '', ( 0.000000000000000, 0.000000000000000, 1.00000000000000 ) );
#1389 = DIRECTION( '', ( 1.00000000000000, 0.000000000000000, 0.000000000000000 ) );
#1390 = SURFACE_STYLE_FILL_AREA( #2194 );
#1391 = ORIENTED_EDGE( '', *, *, #2144, .F. );
#1392 = ORIENTED_EDGE( '', *, *, #2126, .F. );
#1393 = ORIENTED_EDGE( '', *, *, #2195, .T. );
#1394 = ORIENTED_EDGE( '', *, *, #2196, .T. );
#1395 = CARTESIAN_POINT( '', ( 0.100321543408360, 0.0604501607717043, 2.09800000000000 ) );
#1396 = DIRECTION( '', ( 0.709510522722878, -0.704694840441952, 0.000000000000000 ) );
#1397 = DIRECTION( '', ( 0.704694840441952, 0.709510522722878, 0.000000000000000 ) );
#1398 = SURFACE_STYLE_FILL_AREA( #2197 );
#1399 = ORIENTED_EDGE( '', *, *, #2165, .F. );
#1400 = ORIENTED_EDGE( '', *, *, #2031, .F. );
#1401 = ORIENTED_EDGE( '', *, *, #2198, .T. );
#1402 = ORIENTED_EDGE( '', *, *, #2199, .T. );
#1403 = CARTESIAN_POINT( '', ( 0.870482315112540, 0.287845659163987, 2.09800000000000 ) );
#1404 = DIRECTION( '', ( -1.00000000000000, 0.000000000000000, 0.000000000000000 ) );
#1405 = DIRECTION( '', ( 0.000000000000000, 0.000000000000000, 1.00000000000000 ) );
#1406 = SURFACE_STYLE_FILL_AREA( #2200 );
#1407 = ORIENTED_EDGE( '', *, *, #2167, .F. );
#1408 = ORIENTED_EDGE( '', *, *, #2201, .F. );
#1409 = ORIENTED_EDGE( '', *, *, #2202, .T. );
#1410 = ORIENTED_EDGE( '', *, *, #2203, .T. );
#1411 = CARTESIAN_POINT( '', ( 1.24090032154341, -0.272926045016077, 2.09800000000000 ) );
#1412 = DIRECTION( '', ( 0.000000000000000, 1.00000000000000, 0.000000000000000 ) );
#1413 = DIRECTION( '', ( 0.000000000000000, 0.000000000000000, 1.00000000000000 ) );
#1414 = SURFACE_STYLE_FILL_AREA( #2204 );
#1415 = ORIENTED_EDGE( '', *, *, #2174, .F. );
#1416 = ORIENTED_EDGE( '', *, *, #2205, .F. );
#1417 = ORIENTED_EDGE( '', *, *, #2206, .T. );
#1418 = ORIENTED_EDGE( '', *, *, #2098, .T. );
#1419 = CARTESIAN_POINT( '', ( -1.47138263665595, -0.161800643086817, 2.09800000000000 ) );
#1420 = CARTESIAN_POINT( '', ( -1.46263665594855, -0.133504823151125, 2.09800000000000 ) );
#1421 = CARTESIAN_POINT( '', ( -1.44874598070740, -0.0923472668810289, 2.09800000000000 ) );
#1422 = CARTESIAN_POINT( '', ( -1.43022508038585, -0.0378135048231511, 2.09800000000000 ) );
#1423 = CARTESIAN_POINT( '', ( -1.36921882296434, 0.141816030917978, 2.09800000000000 ) );
#1424 = CARTESIAN_POINT( '', ( -1.30572347266881, 0.320600214362272, 2.09800000000000 ) );
#1425 = CARTESIAN_POINT( '', ( -1.24347266881029, 0.499807073954984, 2.09800000000000 ) );
#1426 = DIRECTION( '', ( 0.000000000000000, 0.000000000000000, 1.00000000000000 ) );
#1427 = SURFACE_STYLE_FILL_AREA( #2207 );
#1428 = ORIENTED_EDGE( '', *, *, #2066, .T. );
#1429 = ORIENTED_EDGE( '', *, *, #2128, .T. );
#1430 = ORIENTED_EDGE( '', *, *, #2191, .T. );
#1431 = ORIENTED_EDGE( '', *, *, #2102, .T. );
#1432 = CARTESIAN_POINT( '', ( 0.000000000000000, 0.000000000000000, 0.000000000000000 ) );
#1433 = DIRECTION( '', ( 0.000000000000000, 0.000000000000000, -1.00000000000000 ) );
#1434 = DIRECTION( '', ( -1.00000000000000, 0.000000000000000, 0.000000000000000 ) );
#1435 = SURFACE_STYLE_FILL_AREA( #2208 );
#1436 = ORIENTED_EDGE( '', *, *, #2166, .F. );
#1437 = ORIENTED_EDGE( '', *, *, #2199, .F. );
#1438 = ORIENTED_EDGE( '', *, *, #2209, .T. );
#1439 = ORIENTED_EDGE( '', *, *, #2201, .T. );
#1440 = CARTESIAN_POINT( '', ( 0.870482315112540, 0.208102893890675, 2.09800000000000 ) );
#1441 = CARTESIAN_POINT( '', ( 0.911639871382636, 0.269324758842444, 2.09800000000000 ) );
#1442 = CARTESIAN_POINT( '', ( 0.971318327974276, 0.300192926045016, 2.09800000000000 ) );
#1443 = CARTESIAN_POINT( '', ( 1.08295819935691, 0.300192926045016, 2.09800000000000 ) );
#1444 = CARTESIAN_POINT( '', ( 1.11382636655949, 0.294019292604501, 2.09800000000000 ) );
#1445 = CARTESIAN_POINT( '', ( 1.14212218649518, 0.282186495176849, 2.09800000000000 ) );
#1446 = CARTESIAN_POINT( '', ( 1.17060112513051, 0.270277120838437, 2.09800000000000 ) );
#1447 = CARTESIAN_POINT( '', ( 1.19202572347267, 0.253890675241158, 2.09800000000000 ) );
#1448 = CARTESIAN_POINT( '', ( 1.20591639871383, 0.234340836012862, 2.09800000000000 ) );
#1449 = CARTESIAN_POINT( '', ( 1.22004998498083, 0.214449122007450, 2.09800000000000 ) );
#1450 = CARTESIAN_POINT( '', ( 1.23009646302251, 0.191125401929261, 2.09800000000000 ) );
#1451 = CARTESIAN_POINT( '', ( 1.23524115755627, 0.163858520900321, 2.09800000000000 ) );
#1452 = CARTESIAN_POINT( '', ( 1.23855187194857, 0.146311734621128, 2.09800000000000 ) );
#1453 = CARTESIAN_POINT( '', ( 1.24090032154341, 0.115498392282958, 2.09800000000000 ) );
#1454 = CARTESIAN_POINT( '', ( 1.24090032154341, 0.0717684887459808, 2.09800000000000 ) );
#1455 = CARTESIAN_POINT( '', ( 1.24090032154341, -0.0431296891747052, 2.09800000000000 ) );
#1456 = CARTESIAN_POINT( '', ( 1.24090032154341, -0.158027867095391, 2.09800000000000 ) );
#1457 = CARTESIAN_POINT( '', ( 1.24090032154341, -0.272926045016077, 2.09800000000000 ) );
#1458 = DIRECTION( '', ( 0.000000000000000, 0.000000000000000, 1.00000000000000 ) );
#1459 = SURFACE_STYLE_FILL_AREA( #2210 );
#1460 = ORIENTED_EDGE( '', *, *, #2151, .F. );
#1461 = ORIENTED_EDGE( '', *, *, #2211, .F. );
#1462 = ORIENTED_EDGE( '', *, *, #2212, .T. );
#1463 = ORIENTED_EDGE( '', *, *, #2213, .T. );
#1464 = CARTESIAN_POINT( '', ( -0.969774919614148, 0.127845659163987, 2.09800000000000 ) );
#1465 = CARTESIAN_POINT( '', ( -0.961543408360129, 0.167459807073955, 2.09800000000000 ) );
#1466 = CARTESIAN_POINT( '', ( -0.947652733118971, 0.199356913183280, 2.09800000000000 ) );
#1467 = CARTESIAN_POINT( '', ( -0.928102893890676, 0.224051446945337, 2.09800000000000 ) );
#1468 = CARTESIAN_POINT( '', ( -0.908803426135955, 0.248429722003933, 2.09800000000000 ) );
#1469 = CARTESIAN_POINT( '', ( -0.880771704180064, 0.267266881028939, 2.09800000000000 ) );
#1470 = CARTESIAN_POINT( '', ( -0.844244372990354, 0.280643086816721, 2.09800000000000 ) );
#1471 = CARTESIAN_POINT( '', ( -0.807429525637702, 0.294124580213466, 2.09800000000000 ) );
#1472 = CARTESIAN_POINT( '', ( -0.765016077170418, 0.300192926045016, 2.09800000000000 ) );
#1473 = CARTESIAN_POINT( '', ( -0.668810289389068, 0.300192926045016, 2.09800000000000 ) );
#1474 = CARTESIAN_POINT( '', ( -0.630225080385852, 0.294533762057878, 2.09800000000000 ) );
#1475 = CARTESIAN_POINT( '', ( -0.599871382636656, 0.283215434083602, 2.09800000000000 ) );
#1476 = CARTESIAN_POINT( '', ( -0.569969354034296, 0.272065525113230, 2.09800000000000 ) );
#1477 = CARTESIAN_POINT( '', ( -0.547909967845659, 0.258006430868167, 2.09800000000000 ) );
#1478 = CARTESIAN_POINT( '', ( -0.520128617363344, 0.224051446945337, 2.09800000000000 ) );
#1479 = CARTESIAN_POINT( '', ( -0.510353697749196, 0.202443729903537, 2.09800000000000 ) );
#1480 = CARTESIAN_POINT( '', ( -0.504694533762058, 0.176720257234727, 2.09800000000000 ) );
#1481 = CARTESIAN_POINT( '', ( -0.501073618841634, 0.160261553050982, 2.09800000000000 ) );
#1482 = CARTESIAN_POINT( '', ( -0.499549839228296, 0.130932475884244, 2.09800000000000 ) );
#1483 = CARTESIAN_POINT( '', ( -0.499549839228296, 0.0887459807073956, 2.09800000000000 ) );
#1484 = CARTESIAN_POINT( '', ( -0.499549839228296, 0.0463879957127546, 2.09800000000000 ) );
#1485 = CARTESIAN_POINT( '', ( -0.499549839228296, 0.00403001071811370, 2.09800000000000 ) );
#1486 = CARTESIAN_POINT( '', ( -0.499549839228296, -0.0383279742765273, 2.09800000000000 ) );
#1487 = CARTESIAN_POINT( '', ( -0.499549839228296, -0.126816720257235, 2.09800000000000 ) );
#1488 = CARTESIAN_POINT( '', ( -0.497491961414791, -0.182379421221865, 2.09800000000000 ) );
#1489 = CARTESIAN_POINT( '', ( -0.493890675241158, -0.206045016077170, 2.09800000000000 ) );
#1490 = CARTESIAN_POINT( '', ( -0.490354262120998, -0.229284302295359, 2.09800000000000 ) );
#1491 = CARTESIAN_POINT( '', ( -0.482057877813505, -0.251832797427653, 2.09800000000000 ) );
#1492 = CARTESIAN_POINT( '', ( -0.470739549839228, -0.272926045016077, 2.09800000000000 ) );
#1493 = DIRECTION( '', ( 0.000000000000000, 0.000000000000000, 1.00000000000000 ) );
#1494 = SURFACE_STYLE_FILL_AREA( #2214 );
#1495 = ORIENTED_EDGE( '', *, *, #2189, .F. );
#1496 = ORIENTED_EDGE( '', *, *, #2051, .T. );
#1497 = ORIENTED_EDGE( '', *, *, #2215, .F. );
#1498 = ORIENTED_EDGE( '', *, *, #2153, .F. );
#1499 = ORIENTED_EDGE( '', *, *, #2216, .T. );
#1500 = ORIENTED_EDGE( '', *, *, #2217, .F. );
#1501 = ORIENTED_EDGE( '', *, *, #2218, .T. );
#1502 = ORIENTED_EDGE( '', *, *, #2219, .T. );
#1503 = CARTESIAN_POINT( '', ( -2.70000000000000, -2.70000000000000, 2.10000000000000 ) );
#1504 = DIRECTION( '', ( 0.000000000000000, 1.00000000000000, 0.000000000000000 ) );
#1505 = DIRECTION( '', ( 0.000000000000000, 0.000000000000000, 1.00000000000000 ) );
#1506 = SURFACE_STYLE_FILL_AREA( #2220 );
#1507 = ORIENTED_EDGE( '', *, *, #2162, .F. );
#1508 = ORIENTED_EDGE( '', *, *, #2203, .F. );
#1509 = ORIENTED_EDGE( '', *, *, #2221, .T. );
#1510 = ORIENTED_EDGE( '', *, *, #2222, .T. );
#1511 = CARTESIAN_POINT( '', ( 1.14623794212219, -0.272926045016077, 2.09800000000000 ) );
#1512 = CARTESIAN_POINT( '', ( 1.14623794212219, -0.159056806002144, 2.09800000000000 ) );
#1513 = CARTESIAN_POINT( '', ( 1.14623794212219, -0.0451875669882100, 2.09800000000000 ) );
#1514 = CARTESIAN_POINT( '', ( 1.14623794212219, 0.0686816720257236, 2.09800000000000 ) );
#1515 = CARTESIAN_POINT( '', ( 1.14623794212219, 0.107266881028939, 2.09800000000000 ) );
#1516 = CARTESIAN_POINT( '', ( 1.14263665594855, 0.136077170418006, 2.09800000000000 ) );
#1517 = CARTESIAN_POINT( '', ( 1.13543408360129, 0.155627009646302, 2.09800000000000 ) );
#1518 = CARTESIAN_POINT( '', ( 1.12833691475178, 0.174890753666379, 2.09800000000000 ) );
#1519 = CARTESIAN_POINT( '', ( 1.11485530546624, 0.190096463022508, 2.09800000000000 ) );
#1520 = CARTESIAN_POINT( '', ( 1.07678456591640, 0.212733118971061, 2.09800000000000 ) );
#1521 = CARTESIAN_POINT( '', ( 1.05466237942122, 0.218392282958199, 2.09800000000000 ) );
#1522 = CARTESIAN_POINT( '', ( 1.02893890675241, 0.218906752411576, 2.09800000000000 ) );
#1523 = CARTESIAN_POINT( '', ( 0.988322355945081, 0.219719083427722, 2.09800000000000 ) );
#1524 = CARTESIAN_POINT( '', ( 0.953311897106110, 0.205530546623794, 2.09800000000000 ) );
#1525 = CARTESIAN_POINT( '', ( 0.894662379421222, 0.154083601286174, 2.09800000000000 ) );
#1526 = CARTESIAN_POINT( '', ( 0.879742765273312, 0.105209003215434, 2.09800000000000 ) );
#1527 = CARTESIAN_POINT( '', ( 0.879742765273312, 0.0336977491961416, 2.09800000000000 ) );
#1528 = CARTESIAN_POINT( '', ( 0.879742765273312, -0.0685101822079313, 2.09800000000000 ) );
#1529 = CARTESIAN_POINT( '', ( 0.879742765273312, -0.170718113612004, 2.09800000000000 ) );
#1530 = CARTESIAN_POINT( '', ( 0.879742765273312, -0.272926045016077, 2.09800000000000 ) );
#1531 = DIRECTION( '', ( 0.000000000000000, 0.000000000000000, 1.00000000000000 ) );
#1532 = SURFACE_STYLE_FILL_AREA( #2223 );
#1533 = ORIENTED_EDGE( '', *, *, #2224, .F. );
#1534 = ORIENTED_EDGE( '', *, *, #2168, .T. );
#1535 = CARTESIAN_POINT( '', ( -1.50000000000000, 1.13480707395498, 2.09800000000000 ) );
#1536 = DIRECTION( '', ( -0.000000000000000, -0.000000000000000, -1.00000000000000 ) );
#1537 = DIRECTION( '', ( 1.00000000000000, 0.000000000000000, 0.000000000000000 ) );
#1538 = SURFACE_STYLE_FILL_AREA( #2225 );
#1539 = ORIENTED_EDGE( '', *, *, #2226, .F. );
#1540 = ORIENTED_EDGE( '', *, *, #2216, .F. );
#1541 = ORIENTED_EDGE( '', *, *, #2152, .F. );
#1542 = ORIENTED_EDGE( '', *, *, #2227, .T. );
#1543 = CARTESIAN_POINT( '', ( -2.70000000000000, 2.70000000000000, 2.10000000000000 ) );
#1544 = DIRECTION( '', ( 1.00000000000000, 0.000000000000000, 0.000000000000000 ) );
#1545 = DIRECTION( '', ( 0.000000000000000, 0.000000000000000, -1.00000000000000 ) );
#1546 = SURFACE_STYLE_FILL_AREA( #2228 );
#1547 = ORIENTED_EDGE( '', *, *, #2229, .F. );
#1548 = ORIENTED_EDGE( '', *, *, #2063, .F. );
#1549 = ORIENTED_EDGE( '', *, *, #2230, .F. );
#1550 = ORIENTED_EDGE( '', *, *, #2231, .F. );
#1551 = ORIENTED_EDGE( '', *, *, #2116, .F. );
#1552 = ORIENTED_EDGE( '', *, *, #2232, .F. );
#1553 = ORIENTED_EDGE( '', *, *, #2076, .F. );
#1554 = CARTESIAN_POINT( '', ( -0.180783088847558, 0.295505412258148, 2.09800000000000 ) );
#1555 = DIRECTION( '', ( 0.000000000000000, 0.000000000000000, 1.00000000000000 ) );
#1556 = DIRECTION( '', ( 1.00000000000000, 0.000000000000000, 0.000000000000000 ) );
#1557 = SURFACE_STYLE_FILL_AREA( #2233 );
#1558 = ORIENTED_EDGE( '', *, *, #2224, .T. );
#1559 = CARTESIAN_POINT( '', ( -1.50000000000000, 1.13480707395498, 2.09800000000000 ) );
#1560 = DIRECTION( '', ( 0.000000000000000, 0.000000000000000, 1.00000000000000 ) );
#1561 = DIRECTION( '', ( 1.00000000000000, 0.000000000000000, 0.000000000000000 ) );
#1562 = SURFACE_STYLE_FILL_AREA( #2234 );
#1563 = ORIENTED_EDGE( '', *, *, #2157, .F. );
#1564 = ORIENTED_EDGE( '', *, *, #2077, .F. );
#1565 = ORIENTED_EDGE( '', *, *, #2232, .T. );
#1566 = ORIENTED_EDGE( '', *, *, #2115, .T. );
#1567 = CARTESIAN_POINT( '', ( -0.354469453376206, 0.287845659163987, 2.09800000000000 ) );
#1568 = DIRECTION( '', ( 0.000000000000000, -1.00000000000000, 0.000000000000000 ) );
#1569 = DIRECTION( '', ( 0.000000000000000, 0.000000000000000, -1.00000000000000 ) );
#1570 = SURFACE_STYLE_FILL_AREA( #2235 );
#1571 = ORIENTED_EDGE( '', *, *, #2236, .F. );
#1572 = ORIENTED_EDGE( '', *, *, #2221, .F. );
#1573 = ORIENTED_EDGE( '', *, *, #2202, .F. );
#1574 = ORIENTED_EDGE( '', *, *, #2209, .F. );
#1575 = ORIENTED_EDGE( '', *, *, #2198, .F. );
#1576 = ORIENTED_EDGE( '', *, *, #2030, .F. );
#1577 = ORIENTED_EDGE( '', *, *, #2237, .F. );
#1578 = CARTESIAN_POINT( '', ( 1.23220321692412, 0.177399137768308, 2.09800000000000 ) );
#1579 = DIRECTION( '', ( 0.000000000000000, 0.000000000000000, 1.00000000000000 ) );
#1580 = DIRECTION( '', ( 1.00000000000000, 0.000000000000000, 0.000000000000000 ) );
#1581 = SURFACE_STYLE_FILL_AREA( #2238 );
#1582 = ORIENTED_EDGE( '', *, *, #2156, .F. );
#1583 = ORIENTED_EDGE( '', *, *, #2064, .F. );
#1584 = ORIENTED_EDGE( '', *, *, #2229, .T. );
#1585 = ORIENTED_EDGE( '', *, *, #2075, .T. );
#1586 = CARTESIAN_POINT( '', ( -0.260321543408361, -0.272926045016077, 2.09800000000000 ) );
#1587 = DIRECTION( '', ( 0.000000000000000, 1.00000000000000, 0.000000000000000 ) );
#1588 = DIRECTION( '', ( 0.000000000000000, 0.000000000000000, 1.00000000000000 ) );
#1589 = SURFACE_STYLE_FILL_AREA( #2239 );
#1590 = ORIENTED_EDGE( '', *, *, #2148, .F. );
#1591 = ORIENTED_EDGE( '', *, *, #2213, .F. );
#1592 = ORIENTED_EDGE( '', *, *, #2240, .T. );
#1593 = ORIENTED_EDGE( '', *, *, #2083, .T. );
#1594 = CARTESIAN_POINT( '', ( -0.470739549839228, -0.272926045016077, 2.09800000000000 ) );
#1595 = DIRECTION( '', ( 0.000000000000000, 1.00000000000000, 0.000000000000000 ) );
#1596 = DIRECTION( '', ( 0.000000000000000, 0.000000000000000, 1.00000000000000 ) );
#1597 = SURFACE_STYLE_FILL_AREA( #2241 );
#1598 = ORIENTED_EDGE( '', *, *, #2161, .F. );
#1599 = ORIENTED_EDGE( '', *, *, #2133, .F. );
#1600 = ORIENTED_EDGE( '', *, *, #2121, .T. );
#1601 = ORIENTED_EDGE( '', *, *, #2093, .T. );
#1602 = CARTESIAN_POINT( '', ( 0.547395498392283, 0.391254019292604, 2.09800000000000 ) );
#1603 = DIRECTION( '', ( 1.00000000000000, 0.000000000000000, 0.000000000000000 ) );
#1604 = DIRECTION( '', ( 0.000000000000000, 0.000000000000000, -1.00000000000000 ) );
#1605 = SURFACE_STYLE_FILL_AREA( #2242 );
#1606 = ORIENTED_EDGE( '', *, *, #2146, .F. );
#1607 = ORIENTED_EDGE( '', *, *, #2243, .F. );
#1608 = ORIENTED_EDGE( '', *, *, #2244, .T. );
#1609 = ORIENTED_EDGE( '', *, *, #2034, .T. );
#1610 = CARTESIAN_POINT( '', ( 0.449646302250803, 0.287845659163987, 2.09800000000000 ) );
#1611 = DIRECTION( '', ( -0.696735230307812, 0.717328389824298, 0.000000000000000 ) );
#1612 = DIRECTION( '', ( -0.717328389824298, -0.696735230307812, 0.000000000000000 ) );
#1613 = SURFACE_STYLE_FILL_AREA( #2245 );
#1614 = ORIENTED_EDGE( '', *, *, #2180, .T. );
#1615 = ORIENTED_EDGE( '', *, *, #2246, .F. );
#1616 = CARTESIAN_POINT( '', ( 1.44874598070740, 0.0172347266881030, 2.09800000000000 ) );
#1617 = CARTESIAN_POINT( '', ( 1.44874598070740, -0.0568488745980707, 2.09800000000000 ) );
#1618 = CARTESIAN_POINT( '', ( 1.46315112540193, -0.110353697749196, 2.09800000000000 ) );
#1619 = CARTESIAN_POINT( '', ( 1.52180064308682, -0.178263665594856, 2.09800000000000 ) );
#1620 = CARTESIAN_POINT( '', ( 1.55884244372990, -0.195241157556270, 2.09800000000000 ) );
#1621 = CARTESIAN_POINT( '', ( 1.64681672025724, -0.195241157556270, 2.09800000000000 ) );
#1622 = CARTESIAN_POINT( '', ( 1.68334405144695, -0.178263665594856, 2.09800000000000 ) );
#1623 = CARTESIAN_POINT( '', ( 1.71266881028939, -0.144823151125402, 2.09800000000000 ) );
#1624 = CARTESIAN_POINT( '', ( 1.74247224461735, -0.110836778646145, 2.09800000000000 ) );
#1625 = CARTESIAN_POINT( '', ( 1.75742765273312, -0.0578778135048231, 2.09800000000000 ) );
#1626 = CARTESIAN_POINT( '', ( 1.75742765273312, 0.0830868167202573, 2.09800000000000 ) );
#1627 = CARTESIAN_POINT( '', ( 1.74199356913183, 0.134533762057878, 2.09800000000000 ) );
#1628 = CARTESIAN_POINT( '', ( 1.71163987138263, 0.170032154340836, 2.09800000000000 ) );
#1629 = CARTESIAN_POINT( '', ( 1.68154028733699, 0.205233362800994, 2.09800000000000 ) );
#1630 = CARTESIAN_POINT( '', ( 1.64424437299035, 0.221993569131833, 2.09800000000000 ) );
#1631 = CARTESIAN_POINT( '', ( 1.60102893890675, 0.222508038585209, 2.09800000000000 ) );
#1632 = CARTESIAN_POINT( '', ( 1.55885454546283, 0.223010114697637, 2.09800000000000 ) );
#1633 = CARTESIAN_POINT( '', ( 1.52282958199357, 0.205016077170418, 2.09800000000000 ) );
#1634 = CARTESIAN_POINT( '', ( 1.49299035369775, 0.170546623794213, 2.09800000000000 ) );
#1635 = CARTESIAN_POINT( '', ( 1.46337150936235, 0.136331751889523, 2.09800000000000 ) );
#1636 = CARTESIAN_POINT( '', ( 1.44874598070740, 0.0851446945337621, 2.09800000000000 ) );
#1637 = CARTESIAN_POINT( '', ( 1.44874598070740, 0.0172347266881030, 2.09800000000000 ) );
#1638 = DIRECTION( '', ( 0.000000000000000, 0.000000000000000, 1.00000000000000 ) );
#1639 = SURFACE_STYLE_FILL_AREA( #2247 );
#1640 = ORIENTED_EDGE( '', *, *, #2142, .F. );
#1641 = ORIENTED_EDGE( '', *, *, #2248, .F. );
#1642 = ORIENTED_EDGE( '', *, *, #2249, .T. );
#1643 = ORIENTED_EDGE( '', *, *, #2183, .T. );
#1644 = CARTESIAN_POINT( '', ( 0.00565916398713841, -0.272926045016077, 2.09800000000000 ) );
#1645 = DIRECTION( '', ( 1.00000000000000, 0.000000000000000, 0.000000000000000 ) );
#1646 = DIRECTION( '', ( 0.000000000000000, 0.000000000000000, -1.00000000000000 ) );
#1647 = SURFACE_STYLE_FILL_AREA( #2250 );
#1648 = ORIENTED_EDGE( '', *, *, #2164, .F. );
#1649 = ORIENTED_EDGE( '', *, *, #2251, .F. );
#1650 = ORIENTED_EDGE( '', *, *, #2237, .T. );
#1651 = ORIENTED_EDGE( '', *, *, #2029, .T. );
#1652 = CARTESIAN_POINT( '', ( 0.785080385852090, -0.272926045016077, 2.09800000000000 ) );
#1653 = DIRECTION( '', ( 1.00000000000000, 0.000000000000000, 0.000000000000000 ) );
#1654 = DIRECTION( '', ( 0.000000000000000, 0.000000000000000, -1.00000000000000 ) );
#1655 = SURFACE_STYLE_FILL_AREA( #2252 );
#1656 = ORIENTED_EDGE( '', *, *, #2176, .F. );
#1657 = ORIENTED_EDGE( '', *, *, #2253, .F. );
#1658 = ORIENTED_EDGE( '', *, *, #2254, .T. );
#1659 = ORIENTED_EDGE( '', *, *, #2255, .T. );
#1660 = CARTESIAN_POINT( '', ( -1.10765273311897, -0.272926045016077, 2.09800000000000 ) );
#1661 = DIRECTION( '', ( 0.000000000000000, 1.00000000000000, 0.000000000000000 ) );
#1662 = DIRECTION( '', ( 0.000000000000000, 0.000000000000000, 1.00000000000000 ) );
#1663 = SURFACE_STYLE_FILL_AREA( #2256 );
#1664 = ORIENTED_EDGE( '', *, *, #2257, .F. );
#1665 = ORIENTED_EDGE( '', *, *, #2258, .F. );
#1666 = ORIENTED_EDGE( '', *, *, #2111, .F. );
#1667 = ORIENTED_EDGE( '', *, *, #2259, .F. );
#1668 = ORIENTED_EDGE( '', *, *, #2020, .F. );
#1669 = ORIENTED_EDGE( '', *, *, #2035, .F. );
#1670 = ORIENTED_EDGE( '', *, *, #2244, .F. );
#1671 = ORIENTED_EDGE( '', *, *, #2260, .F. );
#1672 = ORIENTED_EDGE( '', *, *, #2195, .F. );
#1673 = ORIENTED_EDGE( '', *, *, #2125, .F. );
#1674 = ORIENTED_EDGE( '', *, *, #2184, .F. );
#1675 = ORIENTED_EDGE( '', *, *, #2249, .F. );
#1676 = CARTESIAN_POINT( '', ( 0.0529903536977492, -0.272926045016077, 2.09800000000000 ) );
#1677 = DIRECTION( '', ( 0.000000000000000, 0.000000000000000, 1.00000000000000 ) );
#1678 = DIRECTION( '', ( 1.00000000000000, 0.000000000000000, 0.000000000000000 ) );
#1679 = SURFACE_STYLE_FILL_AREA( #2261 );
#1680 = ORIENTED_EDGE( '', *, *, #2145, .F. );
#1681 = ORIENTED_EDGE( '', *, *, #2196, .F. );
#1682 = ORIENTED_EDGE( '', *, *, #2260, .T. );
#1683 = ORIENTED_EDGE( '', *, *, #2243, .T. );
#1684 = CARTESIAN_POINT( '', ( 0.326173633440514, 0.287845659163987, 2.09800000000000 ) );
#1685 = DIRECTION( '', ( 0.000000000000000, -1.00000000000000, 0.000000000000000 ) );
#1686 = DIRECTION( '', ( 0.000000000000000, 0.000000000000000, -1.00000000000000 ) );
#1687 = SURFACE_STYLE_FILL_AREA( #2262 );
#1688 = ORIENTED_EDGE( '', *, *, #2138, .F. );
#1689 = ORIENTED_EDGE( '', *, *, #2263, .F. );
#1690 = ORIENTED_EDGE( '', *, *, #2059, .T. );
#1691 = ORIENTED_EDGE( '', *, *, #2264, .T. );
#1692 = CARTESIAN_POINT( '', ( 0.547395498392283, -0.272926045016077, 2.09800000000000 ) );
#1693 = DIRECTION( '', ( 1.00000000000000, 0.000000000000000, 0.000000000000000 ) );
#1694 = DIRECTION( '', ( 0.000000000000000, 0.000000000000000, -1.00000000000000 ) );
#1695 = SURFACE_STYLE_FILL_AREA( #2265 );
#1696 = ORIENTED_EDGE( '', *, *, #2217, .T. );
#1697 = ORIENTED_EDGE( '', *, *, #2226, .T. );
#1698 = ORIENTED_EDGE( '', *, *, #2266, .T. );
#1699 = ORIENTED_EDGE( '', *, *, #2267, .T. );
#1700 = CARTESIAN_POINT( '', ( 0.000000000000000, 0.000000000000000, 0.000200000000000000 ) );
#1701 = DIRECTION( '', ( 0.000000000000000, 0.000000000000000, -1.00000000000000 ) );
#1702 = DIRECTION( '', ( -1.00000000000000, 0.000000000000000, 0.000000000000000 ) );
#1703 = SURFACE_STYLE_FILL_AREA( #2268 );
#1704 = ORIENTED_EDGE( '', *, *, #2147, .F. );
#1705 = ORIENTED_EDGE( '', *, *, #2021, .F. );
#1706 = ORIENTED_EDGE( '', *, *, #2259, .T. );
#1707 = ORIENTED_EDGE( '', *, *, #2110, .T. );
#1708 = CARTESIAN_POINT( '', ( 0.353954983922830, -0.272926045016077, 2.09800000000000 ) );
#1709 = DIRECTION( '', ( 0.835508021739429, 0.549478248531337, 0.000000000000000 ) );
#1710 = DIRECTION( '', ( -0.549478248531337, 0.835508021739429, 0.000000000000000 ) );
#1711 = SURFACE_STYLE_FILL_AREA( #2269 );
#1712 = ORIENTED_EDGE( '', *, *, #2170, .F. );
#1713 = ORIENTED_EDGE( '', *, *, #2270, .F. );
#1714 = ORIENTED_EDGE( '', *, *, #2271, .T. );
#1715 = ORIENTED_EDGE( '', *, *, #2272, .T. );
#1716 = CARTESIAN_POINT( '', ( -1.74662379421222, -0.272926045016077, 2.09800000000000 ) );
#1717 = DIRECTION( '', ( 0.000000000000000, 1.00000000000000, 0.000000000000000 ) );
#1718 = DIRECTION( '', ( 0.000000000000000, 0.000000000000000, 1.00000000000000 ) );
#1719 = SURFACE_STYLE_FILL_AREA( #2273 );
#1720 = ORIENTED_EDGE( '', *, *, #2274, .T. );
#1721 = ORIENTED_EDGE( '', *, *, #2218, .F. );
#1722 = ORIENTED_EDGE( '', *, *, #2267, .F. );
#1723 = ORIENTED_EDGE( '', *, *, #2275, .T. );
#1724 = CARTESIAN_POINT( '', ( -1.10000000000000, 2.70000000000000, 0.000200000000000000 ) );
#1725 = DIRECTION( '', ( 1.00000000000000, 1.20466908053945E-16, 0.000000000000000 ) );
#1726 = DIRECTION( '', ( -1.20466908053945E-16, 1.00000000000000, 0.000000000000000 ) );
#1727 = SURFACE_STYLE_FILL_AREA( #2276 );
#1728 = ORIENTED_EDGE( '', *, *, #2173, .F. );
#1729 = ORIENTED_EDGE( '', *, *, #2277, .F. );
#1730 = ORIENTED_EDGE( '', *, *, #2278, .T. );
#1731 = ORIENTED_EDGE( '', *, *, #2205, .T. );
#1732 = CARTESIAN_POINT( '', ( -1.69209003215434, 0.499807073954984, 2.09800000000000 ) );
#1733 = CARTESIAN_POINT( '', ( -1.63086816720257, 0.317513397642015, 2.09800000000000 ) );
#1734 = CARTESIAN_POINT( '', ( -1.56964630225080, 0.135219721329046, 2.09800000000000 ) );
#1735 = CARTESIAN_POINT( '', ( -1.50842443729903, -0.0470739549839228, 2.09800000000000 ) );
#1736 = CARTESIAN_POINT( '', ( -1.49117685765081, -0.0984301935443180, 2.09800000000000 ) );
#1737 = CARTESIAN_POINT( '', ( -1.47909967845659, -0.136591639871383, 2.09800000000000 ) );
#1738 = CARTESIAN_POINT( '', ( -1.47138263665595, -0.161800643086817, 2.09800000000000 ) );
#1739 = DIRECTION( '', ( 0.000000000000000, 0.000000000000000, 1.00000000000000 ) );
#1740 = SURFACE_STYLE_FILL_AREA( #2279 );
#1741 = ORIENTED_EDGE( '', *, *, #2171, .F. );
#1742 = ORIENTED_EDGE( '', *, *, #2272, .F. );
#1743 = ORIENTED_EDGE( '', *, *, #2280, .T. );
#1744 = ORIENTED_EDGE( '', *, *, #2281, .T. );
#1745 = CARTESIAN_POINT( '', ( -1.84437299035370, -0.272926045016077, 2.09800000000000 ) );
#1746 = DIRECTION( '', ( 1.00000000000000, 0.000000000000000, 0.000000000000000 ) );
#1747 = DIRECTION( '', ( 0.000000000000000, 0.000000000000000, -1.00000000000000 ) );
#1748 = SURFACE_STYLE_FILL_AREA( #2282 );
#1749 = ORIENTED_EDGE( '', *, *, #2169, .F. );
#1750 = ORIENTED_EDGE( '', *, *, #2016, .F. );
#1751 = ORIENTED_EDGE( '', *, *, #2283, .T. );
#1752 = ORIENTED_EDGE( '', *, *, #2270, .T. );
#1753 = CARTESIAN_POINT( '', ( -1.74662379421222, 0.385594855305466, 2.09800000000000 ) );
#1754 = DIRECTION( '', ( -1.00000000000000, 0.000000000000000, 0.000000000000000 ) );
#1755 = DIRECTION( '', ( 0.000000000000000, 0.000000000000000, 1.00000000000000 ) );
#1756 = SURFACE_STYLE_FILL_AREA( #2284 );
#1757 = ORIENTED_EDGE( '', *, *, #2150, .F. );
#1758 = ORIENTED_EDGE( '', *, *, #2090, .F. );
#1759 = ORIENTED_EDGE( '', *, *, #2285, .T. );
#1760 = ORIENTED_EDGE( '', *, *, #2211, .T. );
#1761 = CARTESIAN_POINT( '', ( -0.875627009646302, 0.115498392282958, 2.09800000000000 ) );
#1762 = DIRECTION( '', ( 0.130034036800186, 0.991509530601420, 0.000000000000000 ) );
#1763 = DIRECTION( '', ( -0.991509530601420, 0.130034036800186, 0.000000000000000 ) );
#1764 = SURFACE_STYLE_FILL_AREA( #2286 );
#1765 = ORIENTED_EDGE( '', *, *, #2271, .F. );
#1766 = ORIENTED_EDGE( '', *, *, #2283, .F. );
#1767 = ORIENTED_EDGE( '', *, *, #2015, .F. );
#1768 = ORIENTED_EDGE( '', *, *, #2044, .F. );
#1769 = ORIENTED_EDGE( '', *, *, #2287, .F. );
#1770 = ORIENTED_EDGE( '', *, *, #2288, .F. );
#1771 = ORIENTED_EDGE( '', *, *, #2254, .F. );
#1772 = ORIENTED_EDGE( '', *, *, #2289, .F. );
#1773 = ORIENTED_EDGE( '', *, *, #2099, .F. );
#1774 = ORIENTED_EDGE( '', *, *, #2206, .F. );
#1775 = ORIENTED_EDGE( '', *, *, #2278, .F. );
#1776 = ORIENTED_EDGE( '', *, *, #2290, .F. );
#1777 = ORIENTED_EDGE( '', *, *, #2280, .F. );
#1778 = CARTESIAN_POINT( '', ( -1.58106577213002, 0.169222232482027, 2.09800000000000 ) );
#1779 = DIRECTION( '', ( 0.000000000000000, 0.000000000000000, 1.00000000000000 ) );
#1780 = DIRECTION( '', ( 1.00000000000000, 0.000000000000000, 0.000000000000000 ) );
#1781 = SURFACE_STYLE_FILL_AREA( #2291 );
#1782 = ORIENTED_EDGE( '', *, *, #2159, .F. );
#1783 = ORIENTED_EDGE( '', *, *, #2292, .F. );
#1784 = ORIENTED_EDGE( '', *, *, #2230, .T. );
#1785 = ORIENTED_EDGE( '', *, *, #2062, .T. );
#1786 = CARTESIAN_POINT( '', ( -0.0535048231511252, 0.269839228295820, 2.09800000000000 ) );
#1787 = DIRECTION( '', ( -0.935187216216633, 0.354153738685595, 0.000000000000000 ) );
#1788 = DIRECTION( '', ( -0.354153738685595, -0.935187216216633, 0.000000000000000 ) );
#1789 = SURFACE_STYLE_FILL_AREA( #2293 );
#1790 = ORIENTED_EDGE( '', *, *, #2172, .F. );
#1791 = ORIENTED_EDGE( '', *, *, #2281, .F. );
#1792 = ORIENTED_EDGE( '', *, *, #2290, .T. );
#1793 = ORIENTED_EDGE( '', *, *, #2277, .T. );
#1794 = CARTESIAN_POINT( '', ( -1.84437299035370, 0.499807073954984, 2.09800000000000 ) );
#1795 = DIRECTION( '', ( 0.000000000000000, -1.00000000000000, 0.000000000000000 ) );
#1796 = DIRECTION( '', ( 0.000000000000000, 0.000000000000000, -1.00000000000000 ) );
#1797 = SURFACE_STYLE_FILL_AREA( #2294 );
#1798 = ORIENTED_EDGE( '', *, *, #2158, .F. );
#1799 = ORIENTED_EDGE( '', *, *, #2117, .F. );
#1800 = ORIENTED_EDGE( '', *, *, #2231, .T. );
#1801 = ORIENTED_EDGE( '', *, *, #2292, .T. );
#1802 = CARTESIAN_POINT( '', ( -0.269067524115756, 0.202958199356914, 2.09800000000000 ) );
#1803 = CARTESIAN_POINT( '', ( -0.247459807073955, 0.242572347266881, 2.09800000000000 ) );
#1804 = CARTESIAN_POINT( '', ( -0.227909967845659, 0.268810289389068, 2.09800000000000 ) );
#1805 = CARTESIAN_POINT( '', ( -0.209903536977492, 0.281157556270096, 2.09800000000000 ) );
#1806 = CARTESIAN_POINT( '', ( -0.191307223032577, 0.293909314403753, 2.09800000000000 ) );
#1807 = CARTESIAN_POINT( '', ( -0.171318327974277, 0.300192926045016, 2.09800000000000 ) );
#1808 = CARTESIAN_POINT( '', ( -0.117813504823151, 0.300192926045016, 2.09800000000000 ) );
#1809 = CARTESIAN_POINT( '', ( -0.0859163987138264, 0.289903536977492, 2.09800000000000 ) );
#1810 = CARTESIAN_POINT( '', ( -0.0535048231511252, 0.269839228295820, 2.09800000000000 ) );
#1811 = DIRECTION( '', ( 0.000000000000000, 0.000000000000000, 1.00000000000000 ) );
#1812 = SURFACE_STYLE_FILL_AREA( #2295 );
#1813 = ORIENTED_EDGE( '', *, *, #2246, .T. );
#1814 = CARTESIAN_POINT( '', ( 0.000000000000000, 0.000000000000000, 2.10000000000000 ) );
#1815 = DIRECTION( '', ( 0.000000000000000, 0.000000000000000, 1.00000000000000 ) );
#1816 = DIRECTION( '', ( 1.00000000000000, 0.000000000000000, 0.000000000000000 ) );
#1817 = SURFACE_STYLE_FILL_AREA( #2296 );
#1818 = ORIENTED_EDGE( '', *, *, #2297, .F. );
#1819 = ORIENTED_EDGE( '', *, *, #2039, .F. );
#1820 = ORIENTED_EDGE( '', *, *, #2084, .F. );
#1821 = ORIENTED_EDGE( '', *, *, #2240, .F. );
#1822 = ORIENTED_EDGE( '', *, *, #2212, .F. );
#1823 = ORIENTED_EDGE( '', *, *, #2285, .F. );
#1824 = ORIENTED_EDGE( '', *, *, #2089, .F. );
#1825 = ORIENTED_EDGE( '', *, *, #2298, .F. );
#1826 = CARTESIAN_POINT( '', ( -0.581221864951769, -0.240578778135048, 2.09800000000000 ) );
#1827 = DIRECTION( '', ( 0.000000000000000, 0.000000000000000, 1.00000000000000 ) );
#1828 = DIRECTION( '', ( 1.00000000000000, 0.000000000000000, 0.000000000000000 ) );
#1829 = SURFACE_STYLE_FILL_AREA( #2299 );
#1830 = ORIENTED_EDGE( '', *, *, #2187, .T. );
#1831 = ORIENTED_EDGE( '', *, *, #2219, .F. );
#1832 = ORIENTED_EDGE( '', *, *, #2274, .F. );
#1833 = ORIENTED_EDGE( '', *, *, #2300, .F. );
#1834 = CARTESIAN_POINT( '', ( 0.000000000000000, 0.000000000000000, 0.000000000000000 ) );
#1835 = DIRECTION( '', ( 0.000000000000000, 0.000000000000000, 1.00000000000000 ) );
#1836 = DIRECTION( '', ( 1.00000000000000, 0.000000000000000, 0.000000000000000 ) );
#1837 = SURFACE_STYLE_FILL_AREA( #2301 );
#1838 = ORIENTED_EDGE( '', *, *, #2136, .F. );
#1839 = ORIENTED_EDGE( '', *, *, #2302, .F. );
#1840 = ORIENTED_EDGE( '', *, *, #2057, .T. );
#1841 = ORIENTED_EDGE( '', *, *, #2303, .T. );
#1842 = CARTESIAN_POINT( '', ( 0.642057877813505, 0.287845659163987, 2.09800000000000 ) );
#1843 = DIRECTION( '', ( -1.00000000000000, 0.000000000000000, 0.000000000000000 ) );
#1844 = DIRECTION( '', ( 0.000000000000000, 0.000000000000000, 1.00000000000000 ) );
#1845 = SURFACE_STYLE_FILL_AREA( #2304 );
#1846 = ORIENTED_EDGE( '', *, *, #2135, .F. );
#1847 = ORIENTED_EDGE( '', *, *, #2107, .F. );
#1848 = ORIENTED_EDGE( '', *, *, #2181, .T. );
#1849 = ORIENTED_EDGE( '', *, *, #2009, .T. );
#1850 = CARTESIAN_POINT( '', ( 1.75022508038585, -0.200385852090032, 2.09800000000000 ) );
#1851 = CARTESIAN_POINT( '', ( 1.70803858520900, -0.249260450160772, 2.09800000000000 ) );
#1852 = CARTESIAN_POINT( '', ( 1.65607717041800, -0.272926045016077, 2.09800000000000 ) );
#1853 = CARTESIAN_POINT( '', ( 1.51665594855305, -0.272926045016077, 2.09800000000000 ) );
#1854 = CARTESIAN_POINT( '', ( 1.45697749196141, -0.245659163987138, 2.09800000000000 ) );
#1855 = CARTESIAN_POINT( '', ( 1.41427652733119, -0.189581993569132, 2.09800000000000 ) );
#1856 = CARTESIAN_POINT( '', ( 1.37201235466735, -0.134078441516616, 2.09800000000000 ) );
#1857 = CARTESIAN_POINT( '', ( 1.35099678456592, -0.0676527331189710, 2.09800000000000 ) );
#1858 = CARTESIAN_POINT( '', ( 1.35099678456592, 0.0635369774919615, 2.09800000000000 ) );
#1859 = CARTESIAN_POINT( '', ( 1.36025723472669, 0.112926045016077, 2.09800000000000 ) );
#1860 = CARTESIAN_POINT( '', ( 1.37980707395498, 0.158713826366559, 2.09800000000000 ) );
#1861 = CARTESIAN_POINT( '', ( 1.39898533054765, 0.203631322070444, 2.09800000000000 ) );
#1862 = CARTESIAN_POINT( '', ( 1.42765273311897, 0.238456591639872, 2.09800000000000 ) );
#1863 = CARTESIAN_POINT( '', ( 1.50173633440515, 0.287845659163987, 2.09800000000000 ) );
#1864 = CARTESIAN_POINT( '', ( 1.54495176848875, 0.300192926045016, 2.09800000000000 ) );
#1865 = CARTESIAN_POINT( '', ( 1.66122186495177, 0.300192926045016, 2.09800000000000 ) );
#1866 = CARTESIAN_POINT( '', ( 1.71575562700965, 0.272926045016077, 2.09800000000000 ) );
#1867 = CARTESIAN_POINT( '', ( 1.75897106109325, 0.218906752411576, 2.09800000000000 ) );
#1868 = DIRECTION( '', ( 0.000000000000000, 0.000000000000000, 1.00000000000000 ) );
#1869 = SURFACE_STYLE_FILL_AREA( #2305 );
#1870 = ORIENTED_EDGE( '', *, *, #2175, .F. );
#1871 = ORIENTED_EDGE( '', *, *, #2100, .F. );
#1872 = ORIENTED_EDGE( '', *, *, #2289, .T. );
#1873 = ORIENTED_EDGE( '', *, *, #2253, .T. );
#1874 = CARTESIAN_POINT( '', ( -1.10765273311897, 0.499807073954984, 2.09800000000000 ) );
#1875 = DIRECTION( '', ( -1.00000000000000, 0.000000000000000, 0.000000000000000 ) );
#1876 = DIRECTION( '', ( 0.000000000000000, 0.000000000000000, 1.00000000000000 ) );
#1877 = SURFACE_STYLE_FILL_AREA( #2306 );
#1878 = ORIENTED_EDGE( '', *, *, #2177, .F. );
#1879 = ORIENTED_EDGE( '', *, *, #2255, .F. );
#1880 = ORIENTED_EDGE( '', *, *, #2288, .T. );
#1881 = ORIENTED_EDGE( '', *, *, #2307, .T. );
#1882 = CARTESIAN_POINT( '', ( -1.20591639871383, -0.272926045016077, 2.09800000000000 ) );
#1883 = DIRECTION( '', ( 1.00000000000000, 0.000000000000000, 0.000000000000000 ) );
#1884 = DIRECTION( '', ( 0.000000000000000, 0.000000000000000, -1.00000000000000 ) );
#1885 = SURFACE_STYLE_FILL_AREA( #2308 );
#1886 = ORIENTED_EDGE( '', *, *, #2193, .F. );
#1887 = ORIENTED_EDGE( '', *, *, #2040, .F. );
#1888 = ORIENTED_EDGE( '', *, *, #2297, .T. );
#1889 = ORIENTED_EDGE( '', *, *, #2038, .T. );
#1890 = CARTESIAN_POINT( '', ( -0.855562700964630, -0.185980707395498, 2.09800000000000 ) );
#1891 = CARTESIAN_POINT( '', ( -0.835978463444425, -0.202918426331893, 2.09800000000000 ) );
#1892 = CARTESIAN_POINT( '', ( -0.808231511254019, -0.211704180064308, 2.09800000000000 ) );
#1893 = CARTESIAN_POINT( '', ( -0.771189710610933, -0.211189710610933, 2.09800000000000 ) );
#1894 = CARTESIAN_POINT( '', ( -0.734162198029810, -0.210675439602861, 2.09800000000000 ) );
#1895 = CARTESIAN_POINT( '', ( -0.701736334405145, -0.203472668810290, 2.09800000000000 ) );
#1896 = CARTESIAN_POINT( '', ( -0.672926045016077, -0.187524115755627, 2.09800000000000 ) );
#1897 = CARTESIAN_POINT( '', ( -0.644509550161007, -0.171793556103713, 2.09800000000000 ) );
#1898 = CARTESIAN_POINT( '', ( -0.623536977491962, -0.149453376205788, 2.09800000000000 ) );
#1899 = CARTESIAN_POINT( '', ( -0.610160771704180, -0.121672025723473, 2.09800000000000 ) );
#1900 = CARTESIAN_POINT( '', ( -0.599979661842322, -0.100526643702690, 2.09800000000000 ) );
#1901 = CARTESIAN_POINT( '', ( -0.594726688102894, -0.0686816720257234, 2.09800000000000 ) );
#1902 = CARTESIAN_POINT( '', ( -0.594726688102894, -0.0264951768488745, 2.09800000000000 ) );
#1903 = CARTESIAN_POINT( '', ( -0.594726688102894, -0.0150053590568059, 2.09800000000000 ) );
#1904 = CARTESIAN_POINT( '', ( -0.594383708467310, -0.00351554126473729, 2.09800000000000 ) );
#1905 = CARTESIAN_POINT( '', ( -0.594212218649518, 0.00797427652733131, 2.09800000000000 ) );
#1906 = DIRECTION( '', ( 0.000000000000000, 0.000000000000000, 1.00000000000000 ) );
#1907 = SURFACE_STYLE_FILL_AREA( #2309 );
#1908 = ORIENTED_EDGE( '', *, *, #2188, .T. );
#1909 = ORIENTED_EDGE( '', *, *, #2300, .T. );
#1910 = ORIENTED_EDGE( '', *, *, #2275, .F. );
#1911 = ORIENTED_EDGE( '', *, *, #2266, .F. );
#1912 = ORIENTED_EDGE( '', *, *, #2227, .F. );
#1913 = ORIENTED_EDGE( '', *, *, #2155, .F. );
#1914 = ORIENTED_EDGE( '', *, *, #2310, .T. );
#1915 = ORIENTED_EDGE( '', *, *, #2053, .T. );
#1916 = CARTESIAN_POINT( '', ( 2.70000000000000, 2.70000000000000, 2.10000000000000 ) );
#1917 = DIRECTION( '', ( 0.000000000000000, -1.00000000000000, 0.000000000000000 ) );
#1918 = DIRECTION( '', ( 0.000000000000000, 0.000000000000000, -1.00000000000000 ) );
#1919 = SURFACE_STYLE_FILL_AREA( #2311 );
#1920 = ORIENTED_EDGE( '', *, *, #2163, .F. );
#1921 = ORIENTED_EDGE( '', *, *, #2222, .F. );
#1922 = ORIENTED_EDGE( '', *, *, #2236, .T. );
#1923 = ORIENTED_EDGE( '', *, *, #2251, .T. );
#1924 = CARTESIAN_POINT( '', ( 0.879742765273312, -0.272926045016077, 2.09800000000000 ) );
#1925 = DIRECTION( '', ( 0.000000000000000, 1.00000000000000, 0.000000000000000 ) );
#1926 = DIRECTION( '', ( 0.000000000000000, 0.000000000000000, 1.00000000000000 ) );
#1927 = SURFACE_STYLE_FILL_AREA( #2312 );
#1928 = ORIENTED_EDGE( '', *, *, #2141, .F. );
#1929 = ORIENTED_EDGE( '', *, *, #2313, .F. );
#1930 = ORIENTED_EDGE( '', *, *, #2257, .T. );
#1931 = ORIENTED_EDGE( '', *, *, #2248, .T. );
#1932 = CARTESIAN_POINT( '', ( 0.100321543408360, -0.272926045016077, 2.09800000000000 ) );
#1933 = DIRECTION( '', ( 0.000000000000000, 1.00000000000000, 0.000000000000000 ) );
#1934 = DIRECTION( '', ( 0.000000000000000, 0.000000000000000, 1.00000000000000 ) );
#1935 = SURFACE_STYLE_FILL_AREA( #2314 );
#1936 = ORIENTED_EDGE( '', *, *, #2178, .F. );
#1937 = ORIENTED_EDGE( '', *, *, #2307, .F. );
#1938 = ORIENTED_EDGE( '', *, *, #2287, .T. );
#1939 = ORIENTED_EDGE( '', *, *, #2043, .T. );
#1940 = CARTESIAN_POINT( '', ( -1.20591639871383, 0.374790996784566, 2.09800000000000 ) );
#1941 = DIRECTION( '', ( -0.943776519914421, 0.330584150343335, 0.000000000000000 ) );
#1942 = DIRECTION( '', ( -0.330584150343335, -0.943776519914421, 0.000000000000000 ) );
#1943 = SURFACE_STYLE_FILL_AREA( #2315 );
#1944 = ORIENTED_EDGE( '', *, *, #2149, .F. );
#1945 = ORIENTED_EDGE( '', *, *, #2085, .F. );
#1946 = ORIENTED_EDGE( '', *, *, #2298, .T. );
#1947 = ORIENTED_EDGE( '', *, *, #2088, .T. );
#1948 = CARTESIAN_POINT( '', ( -0.588553054662380, -0.202443729903537, 2.09800000000000 ) );
#1949 = CARTESIAN_POINT( '', ( -0.622508038585209, -0.232797427652733, 2.09800000000000 ) );
#1950 = CARTESIAN_POINT( '', ( -0.655948553054662, -0.254405144694534, 2.09800000000000 ) );
#1951 = CARTESIAN_POINT( '', ( -0.688874598070740, -0.267266881028939, 2.09800000000000 ) );
#1952 = CARTESIAN_POINT( '', ( -0.721179923322692, -0.279886148705482, 2.09800000000000 ) );
#1953 = CARTESIAN_POINT( '', ( -0.756270096463023, -0.285787781350482, 2.09800000000000 ) );
#1954 = CARTESIAN_POINT( '', ( -0.855562700964630, -0.285787781350482, 2.09800000000000 ) );
#1955 = CARTESIAN_POINT( '', ( -0.902893890675242, -0.270868167202573, 2.09800000000000 ) );
#1956 = CARTESIAN_POINT( '', ( -0.936334405144695, -0.240514469453376, 2.09800000000000 ) );
#1957 = CARTESIAN_POINT( '', ( -0.969236816344720, -0.210649203902584, 2.09800000000000 ) );
#1958 = CARTESIAN_POINT( '', ( -0.986237942122187, -0.172604501607717, 2.09800000000000 ) );
#1959 = CARTESIAN_POINT( '', ( -0.986237942122187, -0.0980064308681671, 2.09800000000000 ) );
#1960 = CARTESIAN_POINT( '', ( -0.979549839228296, -0.0727974276527331, 2.09800000000000 ) );
#1961 = CARTESIAN_POINT( '', ( -0.954855305466238, -0.0275241157556269, 2.09800000000000 ) );
#1962 = CARTESIAN_POINT( '', ( -0.938392282958200, -0.00951768488745969, 2.09800000000000 ) );
#1963 = CARTESIAN_POINT( '', ( -0.917813504823152, 0.00437299035369781, 2.09800000000000 ) );
#1964 = CARTESIAN_POINT( '', ( -0.897826731039777, 0.0178640626574758, 2.09800000000000 ) );
#1965 = CARTESIAN_POINT( '', ( -0.874598070739550, 0.0285530546623795, 2.09800000000000 ) );
#1966 = CARTESIAN_POINT( '', ( -0.849389067524116, 0.0357556270096464, 2.09800000000000 ) );
#1967 = CARTESIAN_POINT( '', ( -0.831042892677304, 0.0409973912515926, 2.09800000000000 ) );
#1968 = CARTESIAN_POINT( '', ( -0.802572347266881, 0.0450160771704181, 2.09800000000000 ) );
#1969 = CARTESIAN_POINT( '', ( -0.764501607717042, 0.0496463022508039, 2.09800000000000 ) );
#1970 = CARTESIAN_POINT( '', ( -0.687853158178873, 0.0589684109784189, 2.09800000000000 ) );
#1971 = CARTESIAN_POINT( '', ( -0.630739549839228, 0.0697106109324760, 2.09800000000000 ) );
#1972 = CARTESIAN_POINT( '', ( -0.594726688102894, 0.0825723472668811, 2.09800000000000 ) );
#1973 = DIRECTION( '', ( 0.000000000000000, 0.000000000000000, 1.00000000000000 ) );
#1974 = SURFACE_STYLE_FILL_AREA( #2316 );
#1975 = ORIENTED_EDGE( '', *, *, #2215, .T. );
#1976 = ORIENTED_EDGE( '', *, *, #2054, .T. );
#1977 = ORIENTED_EDGE( '', *, *, #2310, .F. );
#1978 = ORIENTED_EDGE( '', *, *, #2154, .F. );
#1979 = CARTESIAN_POINT( '', ( 2.70000000000000, -2.70000000000000, 2.10000000000000 ) );
#1980 = DIRECTION( '', ( -1.00000000000000, 0.000000000000000, 0.000000000000000 ) );
#1981 = DIRECTION( '', ( 0.000000000000000, 0.000000000000000, 1.00000000000000 ) );
#1982 = SURFACE_STYLE_FILL_AREA( #2317 );
#1983 = ORIENTED_EDGE( '', *, *, #2140, .F. );
#1984 = ORIENTED_EDGE( '', *, *, #2112, .F. );
#1985 = ORIENTED_EDGE( '', *, *, #2258, .T. );
#1986 = ORIENTED_EDGE( '', *, *, #2313, .T. );
#1987 = CARTESIAN_POINT( '', ( 0.100321543408360, -0.0511897106109324, 2.09800000000000 ) );
#1988 = DIRECTION( '', ( -1.00000000000000, 0.000000000000000, 0.000000000000000 ) );
#1989 = DIRECTION( '', ( 0.000000000000000, 0.000000000000000, 1.00000000000000 ) );
#1990 = SURFACE_STYLE_FILL_AREA( #2318 );
#1991 = ORIENTED_EDGE( '', *, *, #2139, .F. );
#1992 = ORIENTED_EDGE( '', *, *, #2264, .F. );
#1993 = ORIENTED_EDGE( '', *, *, #2058, .T. );
#1994 = ORIENTED_EDGE( '', *, *, #2302, .T. );
#1995 = CARTESIAN_POINT( '', ( 0.547395498392283, 0.287845659163987, 2.09800000000000 ) );
#1996 = DIRECTION( '', ( 0.000000000000000, -1.00000000000000, 0.000000000000000 ) );
#1997 = DIRECTION( '', ( 0.000000000000000, 0.000000000000000, -1.00000000000000 ) );
#1998 = SURFACE_STYLE_FILL_AREA( #2319 );
#1999 = ORIENTED_EDGE( '', *, *, #2137, .F. );
#2000 = ORIENTED_EDGE( '', *, *, #2303, .F. );
#2001 = ORIENTED_EDGE( '', *, *, #2056, .T. );
#2002 = ORIENTED_EDGE( '', *, *, #2263, .T. );
#2003 = CARTESIAN_POINT( '', ( 0.642057877813505, -0.272926045016077, 2.09800000000000 ) );
#2004 = DIRECTION( '', ( 0.000000000000000, 1.00000000000000, 0.000000000000000 ) );
#2005 = DIRECTION( '', ( 0.000000000000000, 0.000000000000000, 1.00000000000000 ) );
#2007 = FILL_AREA_STYLE( '', ( #2320 ) );
#2008 = EDGE_CURVE( '', #2321, #2322, #2323, .T. );
#2009 = EDGE_CURVE( '', #2324, #2321, #2325, .T. );
#2010 = EDGE_CURVE( '', #2324, #2326, #2327, .T. );
#2011 = EDGE_CURVE( '', #2326, #2322, #2328, .T. );
#2012 = FILL_AREA_STYLE( '', ( #2329 ) );
#2013 = EDGE_CURVE( '', #2330, #2331, #2332, .T. );
#2014 = EDGE_CURVE( '', #2333, #2330, #2334, .T. );
#2015 = EDGE_CURVE( '', #2333, #2335, #2336, .T. );
#2016 = EDGE_CURVE( '', #2335, #2331, #2337, .T. );
#2017 = FILL_AREA_STYLE( '', ( #2338 ) );
#2018 = EDGE_CURVE( '', #2339, #2340, #2341, .T. );
#2019 = EDGE_CURVE( '', #2342, #2339, #2343, .T. );
#2020 = EDGE_CURVE( '', #2342, #2344, #2345, .T. );
#2021 = EDGE_CURVE( '', #2344, #2340, #2346, .T. );
#2022 = FILL_AREA_STYLE( '', ( #2347 ) );
#2023 = EDGE_CURVE( '', #2348, #2349, #2350, .T. );
#2024 = EDGE_CURVE( '', #2351, #2348, #2352, .T. );
#2025 = EDGE_CURVE( '', #2351, #2353, #2354, .T. );
#2026 = EDGE_CURVE( '', #2353, #2349, #2355, .T. );
#2027 = FILL_AREA_STYLE( '', ( #2356 ) );
#2028 = EDGE_CURVE( '', #2357, #2358, #2359, .T. );
#2029 = EDGE_CURVE( '', #2360, #2357, #2361, .T. );
#2030 = EDGE_CURVE( '', #2360, #2362, #2363, .T. );
#2031 = EDGE_CURVE( '', #2362, #2358, #2364, .T. );
#2032 = FILL_AREA_STYLE( '', ( #2365 ) );
#2033 = EDGE_CURVE( '', #2366, #2339, #2367, .T. );
#2034 = EDGE_CURVE( '', #2368, #2366, #2369, .T. );
#2035 = EDGE_CURVE( '', #2368, #2342, #2370, .T. );
#2036 = FILL_AREA_STYLE( '', ( #2371 ) );
#2037 = EDGE_CURVE( '', #2372, #2373, #2374, .T. );
#2038 = EDGE_CURVE( '', #2375, #2372, #2376, .T. );
#2039 = EDGE_CURVE( '', #2375, #2377, #2378, .T. );
#2040 = EDGE_CURVE( '', #2377, #2373, #2379, .T. );
#2041 = FILL_AREA_STYLE( '', ( #2380 ) );
#2042 = EDGE_CURVE( '', #2381, #2330, #2382, .T. );
#2043 = EDGE_CURVE( '', #2383, #2381, #2384, .T. );
#2044 = EDGE_CURVE( '', #2383, #2333, #2385, .T. );
#2045 = FILL_AREA_STYLE( '', ( #2386 ) );
#2046 = EDGE_CURVE( '', #2387, #2388, #2389, .T. );
#2047 = EDGE_CURVE( '', #2390, #2387, #2391, .T. );
#2048 = EDGE_CURVE( '', #2392, #2390, #2393, .T. );
#2049 = EDGE_CURVE( '', #2388, #2392, #2394, .T. );
#2050 = FILL_AREA_STYLE( '', ( #2395 ) );
#2051 = EDGE_CURVE( '', #2396, #2397, #2398, .T. );
#2052 = EDGE_CURVE( '', #2399, #2396, #2400, .T. );
#2053 = EDGE_CURVE( '', #2401, #2399, #2402, .T. );
#2054 = EDGE_CURVE( '', #2397, #2401, #2403, .T. );
#2055 = FILL_AREA_STYLE( '', ( #2404 ) );
#2056 = EDGE_CURVE( '', #2405, #2406, #2407, .T. );
#2057 = EDGE_CURVE( '', #2408, #2405, #2409, .T. );
#2058 = EDGE_CURVE( '', #2410, #2408, #2411, .T. );
#2059 = EDGE_CURVE( '', #2406, #2410, #2412, .T. );
#2060 = FILL_AREA_STYLE( '', ( #2413 ) );
#2061 = EDGE_CURVE( '', #2414, #2415, #2416, .T. );
#2062 = EDGE_CURVE( '', #2417, #2414, #2418, .T. );
#2063 = EDGE_CURVE( '', #2417, #2419, #2420, .T. );
#2064 = EDGE_CURVE( '', #2419, #2415, #2421, .T. );
#2065 = FILL_AREA_STYLE( '', ( #2422 ) );
#2066 = EDGE_CURVE( '', #2423, #2424, #2425, .T. );
#2067 = EDGE_CURVE( '', #2387, #2423, #2426, .T. );
#2068 = EDGE_CURVE( '', #2388, #2424, #2427, .T. );
#2069 = FILL_AREA_STYLE( '', ( #2428 ) );
#2070 = EDGE_CURVE( '', #2349, #2429, #2430, .T. );
#2071 = EDGE_CURVE( '', #2353, #2431, #2432, .T. );
#2072 = EDGE_CURVE( '', #2431, #2429, #2433, .T. );
#2073 = FILL_AREA_STYLE( '', ( #2434 ) );
#2074 = EDGE_CURVE( '', #2435, #2436, #2437, .T. );
#2075 = EDGE_CURVE( '', #2438, #2435, #2439, .T. );
#2076 = EDGE_CURVE( '', #2438, #2440, #2441, .T. );
#2077 = EDGE_CURVE( '', #2440, #2436, #2442, .T. );
#2078 = FILL_AREA_STYLE( '', ( #2443 ) );
#2079 = EDGE_CURVE( '', #2322, #2348, #2444, .T. );
#2080 = EDGE_CURVE( '', #2326, #2351, #2445, .T. );
#2081 = FILL_AREA_STYLE( '', ( #2446 ) );
#2082 = EDGE_CURVE( '', #2447, #2448, #2449, .T. );
#2083 = EDGE_CURVE( '', #2450, #2447, #2451, .T. );
#2084 = EDGE_CURVE( '', #2450, #2452, #2453, .T. );
#2085 = EDGE_CURVE( '', #2452, #2448, #2454, .T. );
#2086 = FILL_AREA_STYLE( '', ( #2455 ) );
#2087 = EDGE_CURVE( '', #2456, #2457, #2458, .T. );
#2088 = EDGE_CURVE( '', #2459, #2456, #2460, .T. );
#2089 = EDGE_CURVE( '', #2459, #2461, #2462, .T. );
#2090 = EDGE_CURVE( '', #2461, #2457, #2463, .T. );
#2091 = FILL_AREA_STYLE( '', ( #2464 ) );
#2092 = EDGE_CURVE( '', #2465, #2466, #2467, .T. );
#2093 = EDGE_CURVE( '', #2468, #2465, #2469, .T. );
#2094 = EDGE_CURVE( '', #2468, #2470, #2471, .T. );
#2095 = EDGE_CURVE( '', #2470, #2466, #2472, .T. );
#2096 = FILL_AREA_STYLE( '', ( #2473 ) );
#2097 = EDGE_CURVE( '', #2474, #2475, #2476, .T. );
#2098 = EDGE_CURVE( '', #2477, #2474, #2478, .T. );
#2099 = EDGE_CURVE( '', #2477, #2479, #2480, .T. );
#2100 = EDGE_CURVE( '', #2479, #2475, #2481, .T. );
#2101 = FILL_AREA_STYLE( '', ( #2482 ) );
#2102 = EDGE_CURVE( '', #2483, #2423, #2484, .T. );
#2103 = EDGE_CURVE( '', #2390, #2483, #2485, .T. );
#2104 = FILL_AREA_STYLE( '', ( #2486 ) );
#2105 = EDGE_CURVE( '', #2429, #2487, #2488, .T. );
#2106 = EDGE_CURVE( '', #2431, #2489, #2490, .T. );
#2107 = EDGE_CURVE( '', #2489, #2487, #2491, .T. );
#2108 = FILL_AREA_STYLE( '', ( #2492 ) );
#2109 = EDGE_CURVE( '', #2493, #2494, #2495, .T. );
#2110 = EDGE_CURVE( '', #2496, #2493, #2497, .T. );
#2111 = EDGE_CURVE( '', #2496, #2498, #2499, .T. );
#2112 = EDGE_CURVE( '', #2498, #2494, #2500, .T. );
#2113 = FILL_AREA_STYLE( '', ( #2501 ) );
#2114 = EDGE_CURVE( '', #2502, #2503, #2504, .T. );
#2115 = EDGE_CURVE( '', #2505, #2502, #2506, .T. );
#2116 = EDGE_CURVE( '', #2505, #2507, #2508, .T. );
#2117 = EDGE_CURVE( '', #2507, #2503, #2509, .T. );
#2118 = FILL_AREA_STYLE( '', ( #2510 ) );
#2119 = EDGE_CURVE( '', #2511, #2512, #2513, .T. );
#2120 = EDGE_CURVE( '', #2470, #2511, #2514, .T. );
#2121 = EDGE_CURVE( '', #2512, #2468, #2515, .T. );
#2122 = FILL_AREA_STYLE( '', ( #2516 ) );
#2123 = EDGE_CURVE( '', #2517, #2518, #2519, .T. );
#2124 = EDGE_CURVE( '', #2520, #2517, #2521, .T. );
#2125 = EDGE_CURVE( '', #2520, #2522, #2523, .T. );
#2126 = EDGE_CURVE( '', #2522, #2518, #2524, .T. );
#2127 = FILL_AREA_STYLE( '', ( #2525 ) );
#2128 = EDGE_CURVE( '', #2424, #2526, #2527, .T. );
#2129 = EDGE_CURVE( '', #2392, #2526, #2528, .T. );
#2130 = FILL_AREA_STYLE( '', ( #2529 ) );
#2131 = EDGE_CURVE( '', #2530, #2531, #2532, .T. );
#2132 = EDGE_CURVE( '', #2511, #2530, #2533, .T. );
#2133 = EDGE_CURVE( '', #2512, #2531, #2534, .T. );
#2134 = FILL_AREA_STYLE( '', ( #2535 ) );
#2135 = EDGE_CURVE( '', #2487, #2321, #2536, .T. );
#2136 = EDGE_CURVE( '', #2537, #2538, #2539, .T. );
#2137 = EDGE_CURVE( '', #2538, #2540, #2541, .T. );
#2138 = EDGE_CURVE( '', #2540, #2542, #2543, .T. );
#2139 = EDGE_CURVE( '', #2542, #2537, #2544, .T. );
#2140 = EDGE_CURVE( '', #2494, #2545, #2546, .T. );
#2141 = EDGE_CURVE( '', #2545, #2547, #2548, .T. );
#2142 = EDGE_CURVE( '', #2547, #2549, #2550, .T. );
#2143 = EDGE_CURVE( '', #2549, #2517, #2551, .T. );
#2144 = EDGE_CURVE( '', #2518, #2552, #2553, .T. );
#2145 = EDGE_CURVE( '', #2552, #2554, #2555, .T. );
#2146 = EDGE_CURVE( '', #2554, #2366, #2556, .T. );
#2147 = EDGE_CURVE( '', #2340, #2493, #2557, .T. );
#2148 = EDGE_CURVE( '', #2558, #2447, #2559, .T. );
#2149 = EDGE_CURVE( '', #2448, #2456, #2560, .T. );
#2150 = EDGE_CURVE( '', #2457, #2561, #2562, .T. );
#2151 = EDGE_CURVE( '', #2561, #2558, #2563, .T. );
#2152 = EDGE_CURVE( '', #2564, #2565, #2566, .T. );
#2153 = EDGE_CURVE( '', #2565, #2567, #2568, .T. );
#2154 = EDGE_CURVE( '', #2567, #2569, #2570, .T. );
#2155 = EDGE_CURVE( '', #2569, #2564, #2571, .T. );
#2156 = EDGE_CURVE( '', #2415, #2435, #2572, .T. );
#2157 = EDGE_CURVE( '', #2436, #2502, #2573, .T. );
#2158 = EDGE_CURVE( '', #2503, #2574, #2575, .T. );
#2159 = EDGE_CURVE( '', #2574, #2414, #2576, .T. );
#2160 = EDGE_CURVE( '', #2466, #2530, #2577, .T. );
#2161 = EDGE_CURVE( '', #2531, #2465, #2578, .T. );
#2162 = EDGE_CURVE( '', #2579, #2580, #2581, .T. );
#2163 = EDGE_CURVE( '', #2580, #2582, #2583, .T. );
#2164 = EDGE_CURVE( '', #2582, #2357, #2584, .T. );
#2165 = EDGE_CURVE( '', #2358, #2585, #2586, .T. );
#2166 = EDGE_CURVE( '', #2585, #2587, #2588, .T. );
#2167 = EDGE_CURVE( '', #2587, #2579, #2589, .T. );
#2168 = EDGE_CURVE( '', #2590, #2590, #2591, .T. );
#2169 = EDGE_CURVE( '', #2331, #2592, #2593, .T. );
#2170 = EDGE_CURVE( '', #2592, #2594, #2595, .T. );
#2171 = EDGE_CURVE( '', #2594, #2596, #2597, .T. );
#2172 = EDGE_CURVE( '', #2596, #2598, #2599, .T. );
#2173 = EDGE_CURVE( '', #2598, #2600, #2601, .T. );
#2174 = EDGE_CURVE( '', #2600, #2474, #2602, .T. );
#2175 = EDGE_CURVE( '', #2475, #2603, #2604, .T. );
#2176 = EDGE_CURVE( '', #2603, #2605, #2606, .T. );
#2177 = EDGE_CURVE( '', #2605, #2607, #2608, .T. );
#2178 = EDGE_CURVE( '', #2607, #2381, #2609, .T. );
#2179 = FILL_AREA_STYLE( '', ( #2610 ) );
#2180 = EDGE_CURVE( '', #2611, #2611, #2612, .T. );
#2181 = EDGE_CURVE( '', #2489, #2324, #2613, .T. );
#2182 = FILL_AREA_STYLE( '', ( #2614 ) );
#2183 = EDGE_CURVE( '', #2615, #2549, #2616, .T. );
#2184 = EDGE_CURVE( '', #2615, #2520, #2617, .T. );
#2185 = FILL_AREA_STYLE( '', ( #2618 ) );
#2186 = FILL_AREA_STYLE( '', ( #2619 ) );
#2187 = EDGE_CURVE( '', #2620, #2621, #2622, .T. );
#2188 = EDGE_CURVE( '', #2399, #2620, #2623, .T. );
#2189 = EDGE_CURVE( '', #2396, #2621, #2624, .T. );
#2190 = FILL_AREA_STYLE( '', ( #2625 ) );
#2191 = EDGE_CURVE( '', #2526, #2483, #2626, .T. );
#2192 = FILL_AREA_STYLE( '', ( #2627 ) );
#2193 = EDGE_CURVE( '', #2373, #2372, #2628, .T. );
#2194 = FILL_AREA_STYLE( '', ( #2629 ) );
#2195 = EDGE_CURVE( '', #2522, #2630, #2631, .T. );
#2196 = EDGE_CURVE( '', #2630, #2552, #2632, .T. );
#2197 = FILL_AREA_STYLE( '', ( #2633 ) );
#2198 = EDGE_CURVE( '', #2362, #2634, #2635, .T. );
#2199 = EDGE_CURVE( '', #2634, #2585, #2636, .T. );
#2200 = FILL_AREA_STYLE( '', ( #2637 ) );
#2201 = EDGE_CURVE( '', #2638, #2587, #2639, .T. );
#2202 = EDGE_CURVE( '', #2638, #2640, #2641, .T. );
#2203 = EDGE_CURVE( '', #2640, #2579, #2642, .T. );
#2204 = FILL_AREA_STYLE( '', ( #2643 ) );
#2205 = EDGE_CURVE( '', #2644, #2600, #2645, .T. );
#2206 = EDGE_CURVE( '', #2644, #2477, #2646, .T. );
#2207 = FILL_AREA_STYLE( '', ( #2647 ) );
#2208 = FILL_AREA_STYLE( '', ( #2648 ) );
#2209 = EDGE_CURVE( '', #2634, #2638, #2649, .T. );
#2210 = FILL_AREA_STYLE( '', ( #2650 ) );
#2211 = EDGE_CURVE( '', #2651, #2561, #2652, .T. );
#2212 = EDGE_CURVE( '', #2651, #2653, #2654, .T. );
#2213 = EDGE_CURVE( '', #2653, #2558, #2655, .T. );
#2214 = FILL_AREA_STYLE( '', ( #2656 ) );
#2215 = EDGE_CURVE( '', #2567, #2397, #2657, .T. );
#2216 = EDGE_CURVE( '', #2565, #2658, #2659, .T. );
#2217 = EDGE_CURVE( '', #2660, #2658, #2661, .T. );
#2218 = EDGE_CURVE( '', #2660, #2662, #2663, .T. );
#2219 = EDGE_CURVE( '', #2662, #2621, #2664, .T. );
#2220 = FILL_AREA_STYLE( '', ( #2665 ) );
#2221 = EDGE_CURVE( '', #2640, #2666, #2667, .T. );
#2222 = EDGE_CURVE( '', #2666, #2580, #2668, .T. );
#2223 = FILL_AREA_STYLE( '', ( #2669 ) );
#2224 = EDGE_CURVE( '', #2670, #2670, #2671, .T. );
#2225 = FILL_AREA_STYLE( '', ( #2672 ) );
#2226 = EDGE_CURVE( '', #2658, #2673, #2674, .T. );
#2227 = EDGE_CURVE( '', #2564, #2673, #2675, .T. );
#2228 = FILL_AREA_STYLE( '', ( #2676 ) );
#2229 = EDGE_CURVE( '', #2419, #2438, #2677, .T. );
#2230 = EDGE_CURVE( '', #2678, #2417, #2679, .T. );
#2231 = EDGE_CURVE( '', #2507, #2678, #2680, .T. );
#2232 = EDGE_CURVE( '', #2440, #2505, #2681, .T. );
#2233 = FILL_AREA_STYLE( '', ( #2682 ) );
#2234 = FILL_AREA_STYLE( '', ( #2683 ) );
#2235 = FILL_AREA_STYLE( '', ( #2684 ) );
#2236 = EDGE_CURVE( '', #2666, #2685, #2686, .T. );
#2237 = EDGE_CURVE( '', #2685, #2360, #2687, .T. );
#2238 = FILL_AREA_STYLE( '', ( #2688 ) );
#2239 = FILL_AREA_STYLE( '', ( #2689 ) );
#2240 = EDGE_CURVE( '', #2653, #2450, #2690, .T. );
#2241 = FILL_AREA_STYLE( '', ( #2691 ) );
#2242 = FILL_AREA_STYLE( '', ( #2692 ) );
#2243 = EDGE_CURVE( '', #2693, #2554, #2694, .T. );
#2244 = EDGE_CURVE( '', #2693, #2368, #2695, .T. );
#2245 = FILL_AREA_STYLE( '', ( #2696 ) );
#2246 = EDGE_CURVE( '', #2697, #2697, #2698, .T. );
#2247 = FILL_AREA_STYLE( '', ( #2699 ) );
#2248 = EDGE_CURVE( '', #2700, #2547, #2701, .T. );
#2249 = EDGE_CURVE( '', #2700, #2615, #2702, .T. );
#2250 = FILL_AREA_STYLE( '', ( #2703 ) );
#2251 = EDGE_CURVE( '', #2685, #2582, #2704, .T. );
#2252 = FILL_AREA_STYLE( '', ( #2705 ) );
#2253 = EDGE_CURVE( '', #2706, #2603, #2707, .T. );
#2254 = EDGE_CURVE( '', #2706, #2708, #2709, .T. );
#2255 = EDGE_CURVE( '', #2708, #2605, #2710, .T. );
#2256 = FILL_AREA_STYLE( '', ( #2711 ) );
#2257 = EDGE_CURVE( '', #2712, #2700, #2713, .T. );
#2258 = EDGE_CURVE( '', #2498, #2712, #2714, .T. );
#2259 = EDGE_CURVE( '', #2344, #2496, #2715, .T. );
#2260 = EDGE_CURVE( '', #2630, #2693, #2716, .T. );
#2261 = FILL_AREA_STYLE( '', ( #2717 ) );
#2262 = FILL_AREA_STYLE( '', ( #2718 ) );
#2263 = EDGE_CURVE( '', #2406, #2540, #2719, .T. );
#2264 = EDGE_CURVE( '', #2410, #2542, #2720, .T. );
#2265 = FILL_AREA_STYLE( '', ( #2721 ) );
#2266 = EDGE_CURVE( '', #2673, #2722, #2723, .T. );
#2267 = EDGE_CURVE( '', #2722, #2660, #2724, .T. );
#2268 = FILL_AREA_STYLE( '', ( #2725 ) );
#2269 = FILL_AREA_STYLE( '', ( #2726 ) );
#2270 = EDGE_CURVE( '', #2727, #2592, #2728, .T. );
#2271 = EDGE_CURVE( '', #2727, #2729, #2730, .T. );
#2272 = EDGE_CURVE( '', #2729, #2594, #2731, .T. );
#2273 = FILL_AREA_STYLE( '', ( #2732 ) );
#2274 = EDGE_CURVE( '', #2733, #2662, #2734, .T. );
#2275 = EDGE_CURVE( '', #2722, #2733, #2735, .T. );
#2276 = FILL_AREA_STYLE( '', ( #2736 ) );
#2277 = EDGE_CURVE( '', #2737, #2598, #2738, .T. );
#2278 = EDGE_CURVE( '', #2737, #2644, #2739, .T. );
#2279 = FILL_AREA_STYLE( '', ( #2740 ) );
#2280 = EDGE_CURVE( '', #2729, #2741, #2742, .T. );
#2281 = EDGE_CURVE( '', #2741, #2596, #2743, .T. );
#2282 = FILL_AREA_STYLE( '', ( #2744 ) );
#2283 = EDGE_CURVE( '', #2335, #2727, #2745, .T. );
#2284 = FILL_AREA_STYLE( '', ( #2746 ) );
#2285 = EDGE_CURVE( '', #2461, #2651, #2747, .T. );
#2286 = FILL_AREA_STYLE( '', ( #2748 ) );
#2287 = EDGE_CURVE( '', #2749, #2383, #2750, .T. );
#2288 = EDGE_CURVE( '', #2708, #2749, #2751, .T. );
#2289 = EDGE_CURVE( '', #2479, #2706, #2752, .T. );
#2290 = EDGE_CURVE( '', #2741, #2737, #2753, .T. );
#2291 = FILL_AREA_STYLE( '', ( #2754 ) );
#2292 = EDGE_CURVE( '', #2678, #2574, #2755, .T. );
#2293 = FILL_AREA_STYLE( '', ( #2756 ) );
#2294 = FILL_AREA_STYLE( '', ( #2757 ) );
#2295 = FILL_AREA_STYLE( '', ( #2758 ) );
#2296 = FILL_AREA_STYLE( '', ( #2759 ) );
#2297 = EDGE_CURVE( '', #2377, #2375, #2760, .T. );
#2298 = EDGE_CURVE( '', #2452, #2459, #2761, .T. );
#2299 = FILL_AREA_STYLE( '', ( #2762 ) );
#2300 = EDGE_CURVE( '', #2620, #2733, #2763, .T. );
#2301 = FILL_AREA_STYLE( '', ( #2764 ) );
#2302 = EDGE_CURVE( '', #2408, #2537, #2765, .T. );
#2303 = EDGE_CURVE( '', #2405, #2538, #2766, .T. );
#2304 = FILL_AREA_STYLE( '', ( #2767 ) );
#2305 = FILL_AREA_STYLE( '', ( #2768 ) );
#2306 = FILL_AREA_STYLE( '', ( #2769 ) );
#2307 = EDGE_CURVE( '', #2749, #2607, #2770, .T. );
#2308 = FILL_AREA_STYLE( '', ( #2771 ) );
#2309 = FILL_AREA_STYLE( '', ( #2772 ) );
#2310 = EDGE_CURVE( '', #2569, #2401, #2773, .T. );
#2311 = FILL_AREA_STYLE( '', ( #2774 ) );
#2312 = FILL_AREA_STYLE( '', ( #2775 ) );
#2313 = EDGE_CURVE( '', #2712, #2545, #2776, .T. );
#2314 = FILL_AREA_STYLE( '', ( #2777 ) );
#2315 = FILL_AREA_STYLE( '', ( #2778 ) );
#2316 = FILL_AREA_STYLE( '', ( #2779 ) );
#2317 = FILL_AREA_STYLE( '', ( #2780 ) );
#2318 = FILL_AREA_STYLE( '', ( #2781 ) );
#2319 = FILL_AREA_STYLE( '', ( #2782 ) );
#2320 = FILL_AREA_STYLE_COLOUR( '', #2783 );
#2321 = VERTEX_POINT( '', #2784 );
#2322 = VERTEX_POINT( '', #2785 );
#2323 = B_SPLINE_CURVE_WITH_KNOTS( '', 3, ( #2786, #2787, #2788, #2789 ), .UNSPECIFIED., .F., .F., ( 4, 4 ), ( 0.558850231379431, 0.580207515797439 ), .UNSPECIFIED. );
#2324 = VERTEX_POINT( '', #2790 );
#2325 = LINE( '', #2791, #2792 );
#2326 = VERTEX_POINT( '', #2793 );
#2327 = B_SPLINE_CURVE_WITH_KNOTS( '', 3, ( #2794, #2795, #2796, #2797 ), .UNSPECIFIED., .F., .F., ( 4, 4 ), ( 0.558850231379431, 0.580207515797439 ), .UNSPECIFIED. );
#2328 = LINE( '', #2798, #2799 );
#2329 = FILL_AREA_STYLE_COLOUR( '', #2800 );
#2330 = VERTEX_POINT( '', #2801 );
#2331 = VERTEX_POINT( '', #2802 );
#2332 = B_SPLINE_CURVE_WITH_KNOTS( '', 3, ( #2803, #2804, #2805, #2806 ), .UNSPECIFIED., .F., .F., ( 4, 4 ), ( 0.766066837949626, 0.878124202881752 ), .UNSPECIFIED. );
#2333 = VERTEX_POINT( '', #2807 );
#2334 = LINE( '', #2808, #2809 );
#2335 = VERTEX_POINT( '', #2810 );
#2336 = B_SPLINE_CURVE_WITH_KNOTS( '', 3, ( #2811, #2812, #2813, #2814 ), .UNSPECIFIED., .F., .F., ( 4, 4 ), ( 0.766066837949626, 0.878124202881752 ), .UNSPECIFIED. );
#2337 = LINE( '', #2815, #2816 );
#2338 = FILL_AREA_STYLE_COLOUR( '', #2817 );
#2339 = VERTEX_POINT( '', #2818 );
#2340 = VERTEX_POINT( '', #2819 );
#2341 = B_SPLINE_CURVE_WITH_KNOTS( '', 1, ( #2820, #2821 ), .UNSPECIFIED., .F., .F., ( 2, 2 ), ( 0.740513905775974, 0.775615380794607 ), .UNSPECIFIED. );
#2342 = VERTEX_POINT( '', #2822 );
#2343 = LINE( '', #2823, #2824 );
#2344 = VERTEX_POINT( '', #2825 );
#2345 = B_SPLINE_CURVE_WITH_KNOTS( '', 1, ( #2826, #2827 ), .UNSPECIFIED., .F., .F., ( 2, 2 ), ( 0.740513905775974, 0.775615380794607 ), .UNSPECIFIED. );
#2346 = LINE( '', #2828, #2829 );
#2347 = FILL_AREA_STYLE_COLOUR( '', #2830 );
#2348 = VERTEX_POINT( '', #2831 );
#2349 = VERTEX_POINT( '', #2832 );
#2350 = B_SPLINE_CURVE_WITH_KNOTS( '', 3, ( #2833, #2834, #2835, #2836, #2837, #2838, #2839, #2840, #2841, #2842, #2843, #2844, #2845, #2846, #2847, #2848, #2849 ), .UNSPECIFIED., .F., .F., ( 4, 3, 3, 2, 2, 3, 4 ), ( 0.606665047240643, 0.756803569044848, 0.815199863785841, 0.858155349706571, 0.901110835627301, 0.951876409897253, 1.00000000000000 ), .UNSPECIFIED. );
#2351 = VERTEX_POINT( '', #2850 );
#2352 = LINE( '', #2851, #2852 );
#2353 = VERTEX_POINT( '', #2853 );
#2354 = B_SPLINE_CURVE_WITH_KNOTS( '', 3, ( #2854, #2855, #2856, #2857, #2858, #2859, #2860, #2861, #2862, #2863, #2864, #2865, #2866, #2867, #2868, #2869, #2870 ), .UNSPECIFIED., .F., .F., ( 4, 3, 3, 2, 2, 3, 4 ), ( 0.606665047240643, 0.756803569044848, 0.815199863785841, 0.858155349706571, 0.901110835627301, 0.951876409897253, 1.00000000000000 ), .UNSPECIFIED. );
#2355 = LINE( '', #2871, #2872 );
#2356 = FILL_AREA_STYLE_COLOUR( '', #2873 );
#2357 = VERTEX_POINT( '', #2874 );
#2358 = VERTEX_POINT( '', #2875 );
#2359 = B_SPLINE_CURVE_WITH_KNOTS( '', 3, ( #2876, #2877, #2878, #2879 ), .UNSPECIFIED., .F., .F., ( 4, 4 ), ( 0.189757577982989, 0.218656438483151 ), .UNSPECIFIED. );
#2360 = VERTEX_POINT( '', #2880 );
#2361 = LINE( '', #2881, #2882 );
#2362 = VERTEX_POINT( '', #2883 );
#2363 = B_SPLINE_CURVE_WITH_KNOTS( '', 3, ( #2884, #2885, #2886, #2887 ), .UNSPECIFIED., .F., .F., ( 4, 4 ), ( 0.189757577982989, 0.218656438483151 ), .UNSPECIFIED. );
#2364 = LINE( '', #2888, #2889 );
#2365 = FILL_AREA_STYLE_COLOUR( '', #2890 );
#2366 = VERTEX_POINT( '', #2891 );
#2367 = B_SPLINE_CURVE_WITH_KNOTS( '', 1, ( #2892, #2893 ), .UNSPECIFIED., .F., .F., ( 2, 2 ), ( 0.613611110426538, 0.740513905775974 ), .UNSPECIFIED. );
#2368 = VERTEX_POINT( '', #2894 );
#2369 = LINE( '', #2895, #2896 );
#2370 = B_SPLINE_CURVE_WITH_KNOTS( '', 1, ( #2897, #2898 ), .UNSPECIFIED., .F., .F., ( 2, 2 ), ( 0.613611110426538, 0.740513905775974 ), .UNSPECIFIED. );
#2371 = FILL_AREA_STYLE_COLOUR( '', #2899 );
#2372 = VERTEX_POINT( '', #2900 );
#2373 = VERTEX_POINT( '', #2901 );
#2374 = B_SPLINE_CURVE_WITH_KNOTS( '', 3, ( #2902, #2903, #2904, #2905, #2906, #2907, #2908, #2909, #2910, #2911, #2912, #2913, #2914, #2915, #2916 ), .UNSPECIFIED., .F., .F., ( 4, 3, 3, 3, 2, 4 ), ( 0.000000000000000, 0.192720247722042, 0.295769340488981, 0.355183468830476, 0.411410445403418, 0.499265096298640 ), .UNSPECIFIED. );
#2375 = VERTEX_POINT( '', #2917 );
#2376 = LINE( '', #2918, #2919 );
#2377 = VERTEX_POINT( '', #2920 );
#2378 = B_SPLINE_CURVE_WITH_KNOTS( '', 3, ( #2921, #2922, #2923, #2924, #2925, #2926, #2927, #2928, #2929, #2930, #2931, #2932, #2933, #2934, #2935 ), .UNSPECIFIED., .F., .F., ( 4, 3, 3, 3, 2, 4 ), ( 0.000000000000000, 0.192720247722042, 0.295769340488981, 0.355183468830476, 0.411410445403418, 0.499265096298640 ), .UNSPECIFIED. );
#2379 = LINE( '', #2936, #2937 );
#2380 = FILL_AREA_STYLE_COLOUR( '', #2938 );
#2381 = VERTEX_POINT( '', #2939 );
#2382 = B_SPLINE_CURVE_WITH_KNOTS( '', 3, ( #2940, #2941, #2942, #2943 ), .UNSPECIFIED., .F., .F., ( 4, 4 ), ( 0.751474905777646, 0.766066837949626 ), .UNSPECIFIED. );
#2383 = VERTEX_POINT( '', #2944 );
#2384 = LINE( '', #2945, #2946 );
#2385 = B_SPLINE_CURVE_WITH_KNOTS( '', 3, ( #2947, #2948, #2949, #2950 ), .UNSPECIFIED., .F., .F., ( 4, 4 ), ( 0.751474905777646, 0.766066837949626 ), .UNSPECIFIED. );
#2386 = FILL_AREA_STYLE_COLOUR( '', #2951 );
#2387 = VERTEX_POINT( '', #2952 );
#2388 = VERTEX_POINT( '', #2953 );
#2389 = LINE( '', #2954, #2955 );
#2390 = VERTEX_POINT( '', #2956 );
#2391 = LINE( '', #2957, #2958 );
#2392 = VERTEX_POINT( '', #2959 );
#2393 = LINE( '', #2960, #2961 );
#2394 = LINE( '', #2962, #2963 );
#2395 = FILL_AREA_STYLE_COLOUR( '', #2964 );
#2396 = VERTEX_POINT( '', #2965 );
#2397 = VERTEX_POINT( '', #2966 );
#2398 = LINE( '', #2967, #2968 );
#2399 = VERTEX_POINT( '', #2969 );
#2400 = LINE( '', #2970, #2971 );
#2401 = VERTEX_POINT( '', #2972 );
#2402 = LINE( '', #2973, #2974 );
#2403 = LINE( '', #2975, #2976 );
#2404 = FILL_AREA_STYLE_COLOUR( '', #2977 );
#2405 = VERTEX_POINT( '', #2978 );
#2406 = VERTEX_POINT( '', #2979 );
#2407 = B_SPLINE_CURVE_WITH_KNOTS( '', 1, ( #2980, #2981 ), .UNSPECIFIED., .F., .F., ( 2, 2 ), ( 0.927786499215070, 1.00000000000000 ), .UNSPECIFIED. );
#2408 = VERTEX_POINT( '', #2982 );
#2409 = B_SPLINE_CURVE_WITH_KNOTS( '', 1, ( #2983, #2984 ), .UNSPECIFIED., .F., .F., ( 2, 2 ), ( 0.500000000000000, 0.927786499215070 ), .UNSPECIFIED. );
#2410 = VERTEX_POINT( '', #2985 );
#2411 = B_SPLINE_CURVE_WITH_KNOTS( '', 1, ( #2986, #2987 ), .UNSPECIFIED., .F., .F., ( 2, 2 ), ( 0.427786499215070, 0.500000000000000 ), .UNSPECIFIED. );
#2412 = B_SPLINE_CURVE_WITH_KNOTS( '', 1, ( #2988, #2989 ), .UNSPECIFIED., .F., .F., ( 2, 2 ), ( 0.000000000000000, 0.427786499215070 ), .UNSPECIFIED. );
#2413 = FILL_AREA_STYLE_COLOUR( '', #2990 );
#2414 = VERTEX_POINT( '', #2991 );
#2415 = VERTEX_POINT( '', #2992 );
#2416 = B_SPLINE_CURVE_WITH_KNOTS( '', 3, ( #2993, #2994, #2995, #2996, #2997, #2998, #2999, #3000, #3001, #3002, #3003, #3004, #3005, #3006, #3007 ), .UNSPECIFIED., .F., .F., ( 4, 2, 3, 3, 3, 4 ), ( 0.610615742799227, 0.649515610191699, 0.683995038107753, 0.719625121518288, 0.782799083170768, 0.947219656909034 ), .UNSPECIFIED. );
#2417 = VERTEX_POINT( '', #3008 );
#2418 = LINE( '', #3009, #3010 );
#2419 = VERTEX_POINT( '', #3011 );
#2420 = B_SPLINE_CURVE_WITH_KNOTS( '', 3, ( #3012, #3013, #3014, #3015, #3016, #3017, #3018, #3019, #3020, #3021, #3022, #3023, #3024, #3025, #3026 ), .UNSPECIFIED., .F., .F., ( 4, 2, 3, 3, 3, 4 ), ( 0.610615742799227, 0.649515610191699, 0.683995038107753, 0.719625121518288, 0.782799083170768, 0.947219656909034 ), .UNSPECIFIED. );
#2421 = LINE( '', #3027, #3028 );
#2422 = FILL_AREA_STYLE_COLOUR( '', #3029 );
#2423 = VERTEX_POINT( '', #3030 );
#2424 = VERTEX_POINT( '', #3031 );
#2425 = LINE( '', #3032, #3033 );
#2426 = LINE( '', #3034, #3035 );
#2427 = LINE( '', #3036, #3037 );
#2428 = FILL_AREA_STYLE_COLOUR( '', #3038 );
#2429 = VERTEX_POINT( '', #3039 );
#2430 = B_SPLINE_CURVE_WITH_KNOTS( '', 3, ( #3040, #3041, #3042, #3043 ), .UNSPECIFIED., .F., .F., ( 4, 4 ), ( 0.000000000000000, 0.0289427784437561 ), .UNSPECIFIED. );
#2431 = VERTEX_POINT( '', #3044 );
#2432 = B_SPLINE_CURVE_WITH_KNOTS( '', 3, ( #3045, #3046, #3047, #3048 ), .UNSPECIFIED., .F., .F., ( 4, 4 ), ( 0.000000000000000, 0.0289427784437561 ), .UNSPECIFIED. );
#2433 = LINE( '', #3049, #3050 );
#2434 = FILL_AREA_STYLE_COLOUR( '', #3051 );
#2435 = VERTEX_POINT( '', #3052 );
#2436 = VERTEX_POINT( '', #3053 );
#2437 = B_SPLINE_CURVE_WITH_KNOTS( '', 3, ( #3054, #3055, #3056, #3057 ), .UNSPECIFIED., .F., .F., ( 4, 4 ), ( 0.000000000000000, 0.314374721142912 ), .UNSPECIFIED. );
#2438 = VERTEX_POINT( '', #3058 );
#2439 = LINE( '', #3059, #3060 );
#2440 = VERTEX_POINT( '', #3061 );
#2441 = B_SPLINE_CURVE_WITH_KNOTS( '', 3, ( #3062, #3063, #3064, #3065 ), .UNSPECIFIED., .F., .F., ( 4, 4 ), ( 0.000000000000000, 0.314374721142912 ), .UNSPECIFIED. );
#2442 = LINE( '', #3066, #3067 );
#2443 = FILL_AREA_STYLE_COLOUR( '', #3068 );
#2444 = B_SPLINE_CURVE_WITH_KNOTS( '', 3, ( #3069, #3070, #3071, #3072 ), .UNSPECIFIED., .F., .F., ( 4, 4 ), ( 0.580207515797439, 0.606665047240643 ), .UNSPECIFIED. );
#2445 = B_SPLINE_CURVE_WITH_KNOTS( '', 3, ( #3073, #3074, #3075, #3076 ), .UNSPECIFIED., .F., .F., ( 4, 4 ), ( 0.580207515797439, 0.606665047240643 ), .UNSPECIFIED. );
#2446 = FILL_AREA_STYLE_COLOUR( '', #3077 );
#2447 = VERTEX_POINT( '', #3078 );
#2448 = VERTEX_POINT( '', #3079 );
#2449 = B_SPLINE_CURVE_WITH_KNOTS( '', 3, ( #3080, #3081, #3082, #3083 ), .UNSPECIFIED., .F., .F., ( 4, 4 ), ( 0.973259864798146, 1.00000000000000 ), .UNSPECIFIED. );
#2450 = VERTEX_POINT( '', #3084 );
#2451 = LINE( '', #3085, #3086 );
#2452 = VERTEX_POINT( '', #3087 );
#2453 = B_SPLINE_CURVE_WITH_KNOTS( '', 3, ( #3088, #3089, #3090, #3091 ), .UNSPECIFIED., .F., .F., ( 4, 4 ), ( 0.973259864798146, 1.00000000000000 ), .UNSPECIFIED. );
#2454 = LINE( '', #3092, #3093 );
#2455 = FILL_AREA_STYLE_COLOUR( '', #3094 );
#2456 = VERTEX_POINT( '', #3095 );
#2457 = VERTEX_POINT( '', #3096 );
#2458 = B_SPLINE_CURVE_WITH_KNOTS( '', 3, ( #3097, #3098, #3099, #3100, #3101, #3102, #3103, #3104, #3105, #3106, #3107, #3108, #3109, #3110, #3111 ), .UNSPECIFIED., .F., .F., ( 4, 2, 3, 3, 3, 4 ), ( 0.361874099558837, 0.365413816403879, 0.403339354029330, 0.445351932389542, 0.482793293465244, 0.518253236707345 ), .UNSPECIFIED. );
#2459 = VERTEX_POINT( '', #3112 );
#2460 = LINE( '', #3113, #3114 );
#2461 = VERTEX_POINT( '', #3115 );
#2462 = B_SPLINE_CURVE_WITH_KNOTS( '', 3, ( #3116, #3117, #3118, #3119, #3120, #3121, #3122, #3123, #3124, #3125, #3126, #3127, #3128, #3129, #3130 ), .UNSPECIFIED., .F., .F., ( 4, 2, 3, 3, 3, 4 ), ( 0.361874099558837, 0.365413816403879, 0.403339354029330, 0.445351932389542, 0.482793293465244, 0.518253236707345 ), .UNSPECIFIED. );
#2463 = LINE( '', #3131, #3132 );
#2464 = FILL_AREA_STYLE_COLOUR( '', #3133 );
#2465 = VERTEX_POINT( '', #3134 );
#2466 = VERTEX_POINT( '', #3135 );
#2467 = B_SPLINE_CURVE_WITH_KNOTS( '', 1, ( #3136, #3137 ), .UNSPECIFIED., .F., .F., ( 2, 2 ), ( 0.267088607594936, 0.500000000000000 ), .UNSPECIFIED. );
#2468 = VERTEX_POINT( '', #3138 );
#2469 = LINE( '', #3139, #3140 );
#2470 = VERTEX_POINT( '', #3141 );
#2471 = B_SPLINE_CURVE_WITH_KNOTS( '', 1, ( #3142, #3143 ), .UNSPECIFIED., .F., .F., ( 2, 2 ), ( 0.267088607594936, 0.500000000000000 ), .UNSPECIFIED. );
#2472 = LINE( '', #3144, #3145 );
#2473 = FILL_AREA_STYLE_COLOUR( '', #3146 );
#2474 = VERTEX_POINT( '', #3147 );
#2475 = VERTEX_POINT( '', #3148 );
#2476 = B_SPLINE_CURVE_WITH_KNOTS( '', 3, ( #3149, #3150, #3151, #3152 ), .UNSPECIFIED., .F., .F., ( 4, 4 ), ( 0.374240109198532, 0.396128007456503 ), .UNSPECIFIED. );
#2477 = VERTEX_POINT( '', #3153 );
#2478 = LINE( '', #3154, #3155 );
#2479 = VERTEX_POINT( '', #3156 );
#2480 = B_SPLINE_CURVE_WITH_KNOTS( '', 3, ( #3157, #3158, #3159, #3160 ), .UNSPECIFIED., .F., .F., ( 4, 4 ), ( 0.374240109198532, 0.396128007456503 ), .UNSPECIFIED. );
#2481 = LINE( '', #3161, #3162 );
#2482 = FILL_AREA_STYLE_COLOUR( '', #3163 );
#2483 = VERTEX_POINT( '', #3164 );
#2484 = LINE( '', #3165, #3166 );
#2485 = LINE( '', #3167, #3168 );
#2486 = FILL_AREA_STYLE_COLOUR( '', #3169 );
#2487 = VERTEX_POINT( '', #3170 );
#2488 = B_SPLINE_CURVE_WITH_KNOTS( '', 3, ( #3171, #3172, #3173, #3174, #3175, #3176, #3177, #3178, #3179, #3180, #3181, #3182, #3183, #3184 ), .UNSPECIFIED., .F., .F., ( 4, 3, 2, 2, 3, 4 ), ( 0.0289427784437561, 0.0517557706347693, 0.0811537898240825, 0.113124135692460, 0.145094481560837, 0.182838976793792 ), .UNSPECIFIED. );
#2489 = VERTEX_POINT( '', #3185 );
#2490 = B_SPLINE_CURVE_WITH_KNOTS( '', 3, ( #3186, #3187, #3188, #3189, #3190, #3191, #3192, #3193, #3194, #3195, #3196, #3197, #3198, #3199 ), .UNSPECIFIED., .F., .F., ( 4, 3, 2, 2, 3, 4 ), ( 0.0289427784437561, 0.0517557706347693, 0.0811537898240825, 0.113124135692460, 0.145094481560837, 0.182838976793792 ), .UNSPECIFIED. );
#2491 = LINE( '', #3200, #3201 );
#2492 = FILL_AREA_STYLE_COLOUR( '', #3202 );
#2493 = VERTEX_POINT( '', #3203 );
#2494 = VERTEX_POINT( '', #3204 );
#2495 = B_SPLINE_CURVE_WITH_KNOTS( '', 1, ( #3205, #3206 ), .UNSPECIFIED., .F., .F., ( 2, 2 ), ( 0.877881759759685, 0.905318389752371 ), .UNSPECIFIED. );
#2496 = VERTEX_POINT( '', #3207 );
#2497 = LINE( '', #3208, #3209 );
#2498 = VERTEX_POINT( '', #3210 );
#2499 = B_SPLINE_CURVE_WITH_KNOTS( '', 1, ( #3211, #3212 ), .UNSPECIFIED., .F., .F., ( 2, 2 ), ( 0.877881759759685, 0.905318389752371 ), .UNSPECIFIED. );
#2500 = LINE( '', #3213, #3214 );
#2501 = FILL_AREA_STYLE_COLOUR( '', #3215 );
#2502 = VERTEX_POINT( '', #3216 );
#2503 = VERTEX_POINT( '', #3217 );
#2504 = B_SPLINE_CURVE_WITH_KNOTS( '', 3, ( #3218, #3219, #3220, #3221 ), .UNSPECIFIED., .F., .F., ( 4, 4 ), ( 0.362251972252749, 0.409840806187227 ), .UNSPECIFIED. );
#2505 = VERTEX_POINT( '', #3222 );
#2506 = LINE( '', #3223, #3224 );
#2507 = VERTEX_POINT( '', #3225 );
#2508 = B_SPLINE_CURVE_WITH_KNOTS( '', 3, ( #3226, #3227, #3228, #3229 ), .UNSPECIFIED., .F., .F., ( 4, 4 ), ( 0.362251972252749, 0.409840806187227 ), .UNSPECIFIED. );
#2509 = LINE( '', #3230, #3231 );
#2510 = FILL_AREA_STYLE_COLOUR( '', #3232 );
#2511 = VERTEX_POINT( '', #3233 );
#2512 = VERTEX_POINT( '', #3234 );
#2513 = B_SPLINE_CURVE_WITH_KNOTS( '', 1, ( #3235, #3236 ), .UNSPECIFIED., .F., .F., ( 2, 2 ), ( 0.767088607594936, 1.00000000000000 ), .UNSPECIFIED. );
#2514 = B_SPLINE_CURVE_WITH_KNOTS( '', 1, ( #3237, #3238 ), .UNSPECIFIED., .F., .F., ( 2, 2 ), ( 0.500000000000000, 0.767088607594936 ), .UNSPECIFIED. );
#2515 = B_SPLINE_CURVE_WITH_KNOTS( '', 1, ( #3239, #3240 ), .UNSPECIFIED., .F., .F., ( 2, 2 ), ( 0.000000000000000, 0.267088607594936 ), .UNSPECIFIED. );
#2516 = FILL_AREA_STYLE_COLOUR( '', #3241 );
#2517 = VERTEX_POINT( '', #3242 );
#2518 = VERTEX_POINT( '', #3243 );
#2519 = B_SPLINE_CURVE_WITH_KNOTS( '', 1, ( #3244, #3245 ), .UNSPECIFIED., .F., .F., ( 2, 2 ), ( 0.259566170532524, 0.391042748014596 ), .UNSPECIFIED. );
#2520 = VERTEX_POINT( '', #3246 );
#2521 = LINE( '', #3247, #3248 );
#2522 = VERTEX_POINT( '', #3249 );
#2523 = B_SPLINE_CURVE_WITH_KNOTS( '', 1, ( #3250, #3251 ), .UNSPECIFIED., .F., .F., ( 2, 2 ), ( 0.259566170532524, 0.391042748014596 ), .UNSPECIFIED. );
#2524 = LINE( '', #3252, #3253 );
#2525 = FILL_AREA_STYLE_COLOUR( '', #3254 );
#2526 = VERTEX_POINT( '', #3255 );
#2527 = LINE( '', #3256, #3257 );
#2528 = LINE( '', #3258, #3259 );
#2529 = FILL_AREA_STYLE_COLOUR( '', #3260 );
#2530 = VERTEX_POINT( '', #3261 );
#2531 = VERTEX_POINT( '', #3262 );
#2532 = B_SPLINE_CURVE_WITH_KNOTS( '', 1, ( #3263, #3264 ), .UNSPECIFIED., .F., .F., ( 2, 2 ), ( 0.767088607594936, 1.00000000000000 ), .UNSPECIFIED. );
#2533 = LINE( '', #3265, #3266 );
#2534 = LINE( '', #3267, #3268 );
#2535 = FILL_AREA_STYLE_COLOUR( '', #3269 );
#2536 = B_SPLINE_CURVE_WITH_KNOTS( '', 3, ( #3270, #3271, #3272, #3273, #3274, #3275, #3276, #3277, #3278, #3279, #3280, #3281, #3282, #3283, #3284, #3285, #3286, #3287 ), .UNSPECIFIED., .F., .F., ( 4, 2, 3, 2, 3, 2, 2, 4 ), ( 0.182838976793792, 0.235524243111120, 0.301819869893759, 0.369369061871496, 0.415142527487989, 0.458299330204613, 0.501456132921239, 0.558850231379431 ), .UNSPECIFIED. );
#2537 = VERTEX_POINT( '', #3288 );
#2538 = VERTEX_POINT( '', #3289 );
#2539 = B_SPLINE_CURVE_WITH_KNOTS( '', 1, ( #3290, #3291 ), .UNSPECIFIED., .F., .F., ( 2, 2 ), ( 0.500000000000000, 0.927786499215070 ), .UNSPECIFIED. );
#2540 = VERTEX_POINT( '', #3292 );
#2541 = B_SPLINE_CURVE_WITH_KNOTS( '', 1, ( #3293, #3294 ), .UNSPECIFIED., .F., .F., ( 2, 2 ), ( 0.927786499215070, 1.00000000000000 ), .UNSPECIFIED. );
#2542 = VERTEX_POINT( '', #3295 );
#2543 = B_SPLINE_CURVE_WITH_KNOTS( '', 1, ( #3296, #3297 ), .UNSPECIFIED., .F., .F., ( 2, 2 ), ( 0.000000000000000, 0.427786499215070 ), .UNSPECIFIED. );
#2544 = B_SPLINE_CURVE_WITH_KNOTS( '', 1, ( #3298, #3299 ), .UNSPECIFIED., .F., .F., ( 2, 2 ), ( 0.427786499215070, 0.500000000000000 ), .UNSPECIFIED. );
#2545 = VERTEX_POINT( '', #3300 );
#2546 = B_SPLINE_CURVE_WITH_KNOTS( '', 1, ( #3301, #3302 ), .UNSPECIFIED., .F., .F., ( 2, 2 ), ( 0.905318389752371, 0.971672493844612 ), .UNSPECIFIED. );
#2547 = VERTEX_POINT( '', #3303 );
#2548 = B_SPLINE_CURVE_WITH_KNOTS( '', 1, ( #3304, #3305 ), .UNSPECIFIED., .F., .F., ( 2, 2 ), ( 0.971672493844612, 1.00000000000000 ), .UNSPECIFIED. );
#2549 = VERTEX_POINT( '', #3306 );
#2550 = B_SPLINE_CURVE_WITH_KNOTS( '', 1, ( #3307, #3308 ), .UNSPECIFIED., .F., .F., ( 2, 2 ), ( 0.000000000000000, 0.231238664377135 ), .UNSPECIFIED. );
#2551 = B_SPLINE_CURVE_WITH_KNOTS( '', 1, ( #3309, #3310 ), .UNSPECIFIED., .F., .F., ( 2, 2 ), ( 0.231238664377135, 0.259566170532524 ), .UNSPECIFIED. );
#2552 = VERTEX_POINT( '', #3311 );
#2553 = B_SPLINE_CURVE_WITH_KNOTS( '', 1, ( #3312, #3313 ), .UNSPECIFIED., .F., .F., ( 2, 2 ), ( 0.391042748014596, 0.486950552238425 ), .UNSPECIFIED. );
#2554 = VERTEX_POINT( '', #3314 );
#2555 = B_SPLINE_CURVE_WITH_KNOTS( '', 1, ( #3315, #3316 ), .UNSPECIFIED., .F., .F., ( 2, 2 ), ( 0.486950552238425, 0.523899473310670 ), .UNSPECIFIED. );
#2556 = B_SPLINE_CURVE_WITH_KNOTS( '', 1, ( #3317, #3318 ), .UNSPECIFIED., .F., .F., ( 2, 2 ), ( 0.523899473310670, 0.613611110426538 ), .UNSPECIFIED. );
#2557 = B_SPLINE_CURVE_WITH_KNOTS( '', 1, ( #3319, #3320 ), .UNSPECIFIED., .F., .F., ( 2, 2 ), ( 0.775615380794607, 0.877881759759685 ), .UNSPECIFIED. );
#2558 = VERTEX_POINT( '', #3321 );
#2559 = B_SPLINE_CURVE_WITH_KNOTS( '', 3, ( #3322, #3323, #3324, #3325 ), .UNSPECIFIED., .F., .F., ( 4, 4 ), ( 0.937795278096468, 0.973259864798146 ), .UNSPECIFIED. );
#2560 = B_SPLINE_CURVE_WITH_KNOTS( '', 3, ( #3326, #3327, #3328, #3329, #3330, #3331, #3332, #3333, #3334, #3335, #3336, #3337, #3338, #3339, #3340, #3341, #3342, #3343, #3344, #3345, #3346, #3347, #3348, #3349, #3350 ), .UNSPECIFIED., .F., .F., ( 4, 3, 2, 3, 2, 2, 3, 3, 3, 4 ), ( 0.000000000000000, 0.0435638216839925, 0.0792759739261162, 0.137980881721388, 0.185553075564697, 0.212958795930951, 0.240364516297205, 0.267788989284262, 0.299022718295815, 0.361874099558837 ), .UNSPECIFIED. );
#2561 = VERTEX_POINT( '', #3351 );
#2562 = B_SPLINE_CURVE_WITH_KNOTS( '', 3, ( #3352, #3353, #3354, #3355 ), .UNSPECIFIED., .F., .F., ( 4, 4 ), ( 0.518253236707345, 0.552703734267950 ), .UNSPECIFIED. );
#2563 = B_SPLINE_CURVE_WITH_KNOTS( '', 3, ( #3356, #3357, #3358, #3359, #3360, #3361, #3362, #3363, #3364, #3365, #3366, #3367, #3368, #3369, #3370, #3371, #3372, #3373, #3374, #3375, #3376, #3377, #3378, #3379, #3380, #3381, #3382, #3383, #3384 ), .UNSPECIFIED., .F., .F., ( 4, 3, 3, 2, 3, 2, 3, 3, 3, 3, 4 ), ( 0.552703734267950, 0.591087798597976, 0.628264512461586, 0.673559569258793, 0.718372763749648, 0.745662116123217, 0.772951468496788, 0.804970043029894, 0.851074147843539, 0.911992415995525, 0.937795278096468 ), .UNSPECIFIED. );
#2564 = VERTEX_POINT( '', #3385 );
#2565 = VERTEX_POINT( '', #3386 );
#2566 = LINE( '', #3387, #3388 );
#2567 = VERTEX_POINT( '', #3389 );
#2568 = LINE( '', #3390, #3391 );
#2569 = VERTEX_POINT( '', #3392 );
#2570 = LINE( '', #3393, #3394 );
#2571 = LINE( '', #3395, #3396 );
#2572 = B_SPLINE_CURVE_WITH_KNOTS( '', 3, ( #3397, #3398, #3399, #3400 ), .UNSPECIFIED., .F., .F., ( 4, 4 ), ( 0.947219656909034, 1.00000000000000 ), .UNSPECIFIED. );
#2573 = B_SPLINE_CURVE_WITH_KNOTS( '', 3, ( #3401, #3402, #3403, #3404 ), .UNSPECIFIED., .F., .F., ( 4, 4 ), ( 0.314374721142912, 0.362251972252749 ), .UNSPECIFIED. );
#2574 = VERTEX_POINT( '', #3405 );
#2575 = B_SPLINE_CURVE_WITH_KNOTS( '', 3, ( #3406, #3407, #3408, #3409, #3410, #3411, #3412, #3413, #3414 ), .UNSPECIFIED., .F., .F., ( 4, 3, 2, 4 ), ( 0.409840806187227, 0.465242072542819, 0.502901973289725, 0.558495160106587 ), .UNSPECIFIED. );
#2576 = B_SPLINE_CURVE_WITH_KNOTS( '', 3, ( #3415, #3416, #3417, #3418 ), .UNSPECIFIED., .F., .F., ( 4, 4 ), ( 0.558495160106587, 0.610615742799227 ), .UNSPECIFIED. );
#2577 = B_SPLINE_CURVE_WITH_KNOTS( '', 1, ( #3419, #3420 ), .UNSPECIFIED., .F., .F., ( 2, 2 ), ( 0.500000000000000, 0.767088607594936 ), .UNSPECIFIED. );
#2578 = B_SPLINE_CURVE_WITH_KNOTS( '', 1, ( #3421, #3422 ), .UNSPECIFIED., .F., .F., ( 2, 2 ), ( 0.000000000000000, 0.267088607594936 ), .UNSPECIFIED. );
#2579 = VERTEX_POINT( '', #3423 );
#2580 = VERTEX_POINT( '', #3424 );
#2581 = B_SPLINE_CURVE_WITH_KNOTS( '', 3, ( #3425, #3426, #3427, #3428, #3429, #3430, #3431, #3432, #3433, #3434, #3435, #3436, #3437, #3438, #3439, #3440, #3441, #3442, #3443, #3444 ), .UNSPECIFIED., .F., .F., ( 4, 3, 3, 2, 3, 2, 3, 4 ), ( 0.582301816735134, 0.697897258735781, 0.727682193021292, 0.749965873996903, 0.772249554972515, 0.818209178399426, 0.864168801826335, 0.967967528120303 ), .UNSPECIFIED. );
#2582 = VERTEX_POINT( '', #3445 );
#2583 = B_SPLINE_CURVE_WITH_KNOTS( '', 3, ( #3446, #3447, #3448, #3449 ), .UNSPECIFIED., .F., .F., ( 4, 4 ), ( 0.967967528120303, 1.00000000000000 ), .UNSPECIFIED. );
#2584 = B_SPLINE_CURVE_WITH_KNOTS( '', 3, ( #3450, #3451, #3452, #3453 ), .UNSPECIFIED., .F., .F., ( 4, 4 ), ( 0.000000000000000, 0.189757577982989 ), .UNSPECIFIED. );
#2585 = VERTEX_POINT( '', #3454 );
#2586 = B_SPLINE_CURVE_WITH_KNOTS( '', 3, ( #3455, #3456, #3457, #3458 ), .UNSPECIFIED., .F., .F., ( 4, 4 ), ( 0.218656438483151, 0.245640314251374 ), .UNSPECIFIED. );
#2587 = VERTEX_POINT( '', #3459 );
#2588 = B_SPLINE_CURVE_WITH_KNOTS( '', 3, ( #3460, #3461, #3462, #3463, #3464, #3465, #3466, #3467, #3468, #3469, #3470, #3471, #3472, #3473, #3474, #3475, #3476, #3477 ), .UNSPECIFIED., .F., .F., ( 4, 2, 3, 3, 3, 3, 4 ), ( 0.245640314251374, 0.317563337196489, 0.348999890271838, 0.376335385920032, 0.402372375392432, 0.433633459013527, 0.550269344855437 ), .UNSPECIFIED. );
#2589 = B_SPLINE_CURVE_WITH_KNOTS( '', 3, ( #3478, #3479, #3480, #3481 ), .UNSPECIFIED., .F., .F., ( 4, 4 ), ( 0.550269344855437, 0.582301816735134 ), .UNSPECIFIED. );
#2590 = VERTEX_POINT( '', #3482 );
#2591 = CIRCLE( '', #3483, 0.250000000000000 );
#2592 = VERTEX_POINT( '', #3484 );
#2593 = B_SPLINE_CURVE_WITH_KNOTS( '', 3, ( #3485, #3486, #3487, #3488 ), .UNSPECIFIED., .F., .F., ( 4, 4 ), ( 0.878124202881752, 0.984247345950703 ), .UNSPECIFIED. );
#2594 = VERTEX_POINT( '', #3489 );
#2595 = B_SPLINE_CURVE_WITH_KNOTS( '', 3, ( #3490, #3491, #3492, #3493 ), .UNSPECIFIED., .F., .F., ( 4, 4 ), ( 0.984247345950703, 1.00000000000000 ), .UNSPECIFIED. );
#2596 = VERTEX_POINT( '', #3494 );
#2597 = B_SPLINE_CURVE_WITH_KNOTS( '', 3, ( #3495, #3496, #3497, #3498 ), .UNSPECIFIED., .F., .F., ( 4, 4 ), ( 0.000000000000000, 0.124528875694971 ), .UNSPECIFIED. );
#2598 = VERTEX_POINT( '', #3499 );
#2599 = B_SPLINE_CURVE_WITH_KNOTS( '', 3, ( #3500, #3501, #3502, #3503 ), .UNSPECIFIED., .F., .F., ( 4, 4 ), ( 0.124528875694971, 0.149069852529666 ), .UNSPECIFIED. );
#2600 = VERTEX_POINT( '', #3504 );
#2601 = B_SPLINE_CURVE_WITH_KNOTS( '', 3, ( #3505, #3506, #3507, #3508, #3509, #3510, #3511 ), .UNSPECIFIED., .F., .F., ( 4, 3, 4 ), ( 0.149069852529666, 0.242039240282828, 0.261468230552944 ), .UNSPECIFIED. );
#2602 = B_SPLINE_CURVE_WITH_KNOTS( '', 3, ( #3512, #3513, #3514, #3515, #3516, #3517, #3518 ), .UNSPECIFIED., .F., .F., ( 4, 3, 4 ), ( 0.261468230552944, 0.282521875201089, 0.374240109198532 ), .UNSPECIFIED. );
#2603 = VERTEX_POINT( '', #3519 );
#2604 = B_SPLINE_CURVE_WITH_KNOTS( '', 3, ( #3520, #3521, #3522, #3523 ), .UNSPECIFIED., .F., .F., ( 4, 4 ), ( 0.396128007456503, 0.520656883151474 ), .UNSPECIFIED. );
#2605 = VERTEX_POINT( '', #3524 );
#2606 = B_SPLINE_CURVE_WITH_KNOTS( '', 3, ( #3525, #3526, #3527, #3528 ), .UNSPECIFIED., .F., .F., ( 4, 4 ), ( 0.520656883151474, 0.536492445906294 ), .UNSPECIFIED. );
#2607 = VERTEX_POINT( '', #3529 );
#2608 = B_SPLINE_CURVE_WITH_KNOTS( '', 3, ( #3530, #3531, #3532, #3533 ), .UNSPECIFIED., .F., .F., ( 4, 4 ), ( 0.536492445906294, 0.640874506159269 ), .UNSPECIFIED. );
#2609 = B_SPLINE_CURVE_WITH_KNOTS( '', 3, ( #3534, #3535, #3536, #3537 ), .UNSPECIFIED., .F., .F., ( 4, 4 ), ( 0.640874506159269, 0.751474905777646 ), .UNSPECIFIED. );
#2610 = FILL_AREA_STYLE_COLOUR( '', #3538 );
#2611 = VERTEX_POINT( '', #3539 );
#2612 = B_SPLINE_CURVE_WITH_KNOTS( '', 3, ( #3540, #3541, #3542, #3543, #3544, #3545, #3546, #3547, #3548, #3549, #3550, #3551, #3552, #3553, #3554, #3555, #3556, #3557, #3558, #3559, #3560, #3561 ), .UNSPECIFIED., .T., .F., ( 4, 2, 2, 3, 2, 3, 3, 3, 4 ), ( 0.000000000000000, 0.119629600204723, 0.239259200409443, 0.360296207675391, 0.506488056325202, 0.646414540032877, 0.754586018311960, 0.860643409138521, 1.00000000000000 ), .UNSPECIFIED. );
#2613 = B_SPLINE_CURVE_WITH_KNOTS( '', 3, ( #3562, #3563, #3564, #3565, #3566, #3567, #3568, #3569, #3570, #3571, #3572, #3573, #3574, #3575, #3576, #3577, #3578, #3579 ), .UNSPECIFIED., .F., .F., ( 4, 2, 3, 2, 3, 2, 2, 4 ), ( 0.182838976793792, 0.235524243111120, 0.301819869893759, 0.369369061871496, 0.415142527487989, 0.458299330204613, 0.501456132921239, 0.558850231379431 ), .UNSPECIFIED. );
#2614 = FILL_AREA_STYLE_COLOUR( '', #3580 );
#2615 = VERTEX_POINT( '', #3581 );
#2616 = LINE( '', #3582, #3583 );
#2617 = B_SPLINE_CURVE_WITH_KNOTS( '', 1, ( #3584, #3585 ), .UNSPECIFIED., .F., .F., ( 2, 2 ), ( 0.231238664377135, 0.259566170532524 ), .UNSPECIFIED. );
#2618 = FILL_AREA_STYLE_COLOUR( '', #3586 );
#2619 = FILL_AREA_STYLE_COLOUR( '', #3587 );
#2620 = VERTEX_POINT( '', #3588 );
#2621 = VERTEX_POINT( '', #3589 );
#2622 = LINE( '', #3590, #3591 );
#2623 = LINE( '', #3592, #3593 );
#2624 = LINE( '', #3594, #3595 );
#2625 = FILL_AREA_STYLE_COLOUR( '', #3596 );
#2626 = LINE( '', #3597, #3598 );
#2627 = FILL_AREA_STYLE_COLOUR( '', #3599 );
#2628 = B_SPLINE_CURVE_WITH_KNOTS( '', 3, ( #3600, #3601, #3602, #3603, #3604, #3605, #3606, #3607, #3608, #3609, #3610, #3611, #3612, #3613, #3614, #3615 ), .UNSPECIFIED., .F., .F., ( 4, 3, 3, 3, 3, 4 ), ( 0.499265096298640, 0.607595818716467, 0.730441237094497, 0.841672752430367, 0.958533283835743, 1.00000000000000 ), .UNSPECIFIED. );
#2629 = FILL_AREA_STYLE_COLOUR( '', #3616 );
#2630 = VERTEX_POINT( '', #3617 );
#2631 = B_SPLINE_CURVE_WITH_KNOTS( '', 1, ( #3618, #3619 ), .UNSPECIFIED., .F., .F., ( 2, 2 ), ( 0.391042748014596, 0.486950552238425 ), .UNSPECIFIED. );
#2632 = LINE( '', #3620, #3621 );
#2633 = FILL_AREA_STYLE_COLOUR( '', #3622 );
#2634 = VERTEX_POINT( '', #3623 );
#2635 = B_SPLINE_CURVE_WITH_KNOTS( '', 3, ( #3624, #3625, #3626, #3627 ), .UNSPECIFIED., .F., .F., ( 4, 4 ), ( 0.218656438483151, 0.245640314251374 ), .UNSPECIFIED. );
#2636 = LINE( '', #3628, #3629 );
#2637 = FILL_AREA_STYLE_COLOUR( '', #3630 );
#2638 = VERTEX_POINT( '', #3631 );
#2639 = LINE( '', #3632, #3633 );
#2640 = VERTEX_POINT( '', #3634 );
#2641 = B_SPLINE_CURVE_WITH_KNOTS( '', 3, ( #3635, #3636, #3637, #3638 ), .UNSPECIFIED., .F., .F., ( 4, 4 ), ( 0.550269344855437, 0.582301816735134 ), .UNSPECIFIED. );
#2642 = LINE( '', #3639, #3640 );
#2643 = FILL_AREA_STYLE_COLOUR( '', #3641 );
#2644 = VERTEX_POINT( '', #3642 );
#2645 = LINE( '', #3643, #3644 );
#2646 = B_SPLINE_CURVE_WITH_KNOTS( '', 3, ( #3645, #3646, #3647, #3648, #3649, #3650, #3651 ), .UNSPECIFIED., .F., .F., ( 4, 3, 4 ), ( 0.261468230552944, 0.282521875201089, 0.374240109198532 ), .UNSPECIFIED. );
#2647 = FILL_AREA_STYLE_COLOUR( '', #3652 );
#2648 = FILL_AREA_STYLE_COLOUR( '', #3653 );
#2649 = B_SPLINE_CURVE_WITH_KNOTS( '', 3, ( #3654, #3655, #3656, #3657, #3658, #3659, #3660, #3661, #3662, #3663, #3664, #3665, #3666, #3667, #3668, #3669, #3670, #3671 ), .UNSPECIFIED., .F., .F., ( 4, 2, 3, 3, 3, 3, 4 ), ( 0.245640314251374, 0.317563337196489, 0.348999890271838, 0.376335385920032, 0.402372375392432, 0.433633459013527, 0.550269344855437 ), .UNSPECIFIED. );
#2650 = FILL_AREA_STYLE_COLOUR( '', #3672 );
#2651 = VERTEX_POINT( '', #3673 );
#2652 = LINE( '', #3674, #3675 );
#2653 = VERTEX_POINT( '', #3676 );
#2654 = B_SPLINE_CURVE_WITH_KNOTS( '', 3, ( #3677, #3678, #3679, #3680, #3681, #3682, #3683, #3684, #3685, #3686, #3687, #3688, #3689, #3690, #3691, #3692, #3693, #3694, #3695, #3696, #3697, #3698, #3699, #3700, #3701, #3702, #3703, #3704, #3705 ), .UNSPECIFIED., .F., .F., ( 4, 3, 3, 2, 3, 2, 3, 3, 3, 3, 4 ), ( 0.552703734267950, 0.591087798597976, 0.628264512461586, 0.673559569258793, 0.718372763749648, 0.745662116123217, 0.772951468496788, 0.804970043029894, 0.851074147843539, 0.911992415995525, 0.937795278096468 ), .UNSPECIFIED. );
#2655 = LINE( '', #3706, #3707 );
#2656 = FILL_AREA_STYLE_COLOUR( '', #3708 );
#2657 = LINE( '', #3709, #3710 );
#2658 = VERTEX_POINT( '', #3711 );
#2659 = LINE( '', #3712, #3713 );
#2660 = VERTEX_POINT( '', #3714 );
#2661 = LINE( '', #3715, #3716 );
#2662 = VERTEX_POINT( '', #3717 );
#2663 = LINE( '', #3718, #3719 );
#2664 = LINE( '', #3720, #3721 );
#2665 = FILL_AREA_STYLE_COLOUR( '', #3722 );
#2666 = VERTEX_POINT( '', #3723 );
#2667 = B_SPLINE_CURVE_WITH_KNOTS( '', 3, ( #3724, #3725, #3726, #3727, #3728, #3729, #3730, #3731, #3732, #3733, #3734, #3735, #3736, #3737, #3738, #3739, #3740, #3741, #3742, #3743 ), .UNSPECIFIED., .F., .F., ( 4, 3, 3, 2, 3, 2, 3, 4 ), ( 0.582301816735134, 0.697897258735781, 0.727682193021292, 0.749965873996903, 0.772249554972515, 0.818209178399426, 0.864168801826335, 0.967967528120303 ), .UNSPECIFIED. );
#2668 = LINE( '', #3744, #3745 );
#2669 = FILL_AREA_STYLE_COLOUR( '', #3746 );
#2670 = VERTEX_POINT( '', #3747 );
#2671 = CIRCLE( '', #3748, 0.250000000000000 );
#2672 = FILL_AREA_STYLE_COLOUR( '', #3749 );
#2673 = VERTEX_POINT( '', #3750 );
#2674 = LINE( '', #3751, #3752 );
#2675 = LINE( '', #3753, #3754 );
#2676 = FILL_AREA_STYLE_COLOUR( '', #3755 );
#2677 = B_SPLINE_CURVE_WITH_KNOTS( '', 3, ( #3756, #3757, #3758, #3759 ), .UNSPECIFIED., .F., .F., ( 4, 4 ), ( 0.947219656909034, 1.00000000000000 ), .UNSPECIFIED. );
#2678 = VERTEX_POINT( '', #3760 );
#2679 = B_SPLINE_CURVE_WITH_KNOTS( '', 3, ( #3761, #3762, #3763, #3764 ), .UNSPECIFIED., .F., .F., ( 4, 4 ), ( 0.558495160106587, 0.610615742799227 ), .UNSPECIFIED. );
#2680 = B_SPLINE_CURVE_WITH_KNOTS( '', 3, ( #3765, #3766, #3767, #3768, #3769, #3770, #3771, #3772, #3773 ), .UNSPECIFIED., .F., .F., ( 4, 3, 2, 4 ), ( 0.409840806187227, 0.465242072542819, 0.502901973289725, 0.558495160106587 ), .UNSPECIFIED. );
#2681 = B_SPLINE_CURVE_WITH_KNOTS( '', 3, ( #3774, #3775, #3776, #3777 ), .UNSPECIFIED., .F., .F., ( 4, 4 ), ( 0.314374721142912, 0.362251972252749 ), .UNSPECIFIED. );
#2682 = FILL_AREA_STYLE_COLOUR( '', #3778 );
#2683 = FILL_AREA_STYLE_COLOUR( '', #3779 );
#2684 = FILL_AREA_STYLE_COLOUR( '', #3780 );
#2685 = VERTEX_POINT( '', #3781 );
#2686 = B_SPLINE_CURVE_WITH_KNOTS( '', 3, ( #3782, #3783, #3784, #3785 ), .UNSPECIFIED., .F., .F., ( 4, 4 ), ( 0.967967528120303, 1.00000000000000 ), .UNSPECIFIED. );
#2687 = B_SPLINE_CURVE_WITH_KNOTS( '', 3, ( #3786, #3787, #3788, #3789 ), .UNSPECIFIED., .F., .F., ( 4, 4 ), ( 0.000000000000000, 0.189757577982989 ), .UNSPECIFIED. );
#2688 = FILL_AREA_STYLE_COLOUR( '', #3790 );
#2689 = FILL_AREA_STYLE_COLOUR( '', #3791 );
#2690 = B_SPLINE_CURVE_WITH_KNOTS( '', 3, ( #3792, #3793, #3794, #3795 ), .UNSPECIFIED., .F., .F., ( 4, 4 ), ( 0.937795278096468, 0.973259864798146 ), .UNSPECIFIED. );
#2691 = FILL_AREA_STYLE_COLOUR( '', #3796 );
#2692 = FILL_AREA_STYLE_COLOUR( '', #3797 );
#2693 = VERTEX_POINT( '', #3798 );
#2694 = LINE( '', #3799, #3800 );
#2695 = B_SPLINE_CURVE_WITH_KNOTS( '', 1, ( #3801, #3802 ), .UNSPECIFIED., .F., .F., ( 2, 2 ), ( 0.523899473310670, 0.613611110426538 ), .UNSPECIFIED. );
#2696 = FILL_AREA_STYLE_COLOUR( '', #3803 );
#2697 = VERTEX_POINT( '', #3804 );
#2698 = B_SPLINE_CURVE_WITH_KNOTS( '', 3, ( #3805, #3806, #3807, #3808, #3809, #3810, #3811, #3812, #3813, #3814, #3815, #3816, #3817, #3818, #3819, #3820, #3821, #3822, #3823, #3824, #3825, #3826 ), .UNSPECIFIED., .T., .F., ( 4, 2, 2, 3, 2, 3, 3, 3, 4 ), ( 0.000000000000000, 0.119629600204723, 0.239259200409443, 0.360296207675391, 0.506488056325202, 0.646414540032877, 0.754586018311960, 0.860643409138521, 1.00000000000000 ), .UNSPECIFIED. );
#2699 = FILL_AREA_STYLE_COLOUR( '', #3827 );
#2700 = VERTEX_POINT( '', #3828 );
#2701 = LINE( '', #3829, #3830 );
#2702 = B_SPLINE_CURVE_WITH_KNOTS( '', 1, ( #3831, #3832 ), .UNSPECIFIED., .F., .F., ( 2, 2 ), ( 0.000000000000000, 0.231238664377135 ), .UNSPECIFIED. );
#2703 = FILL_AREA_STYLE_COLOUR( '', #3833 );
#2704 = LINE( '', #3834, #3835 );
#2705 = FILL_AREA_STYLE_COLOUR( '', #3836 );
#2706 = VERTEX_POINT( '', #3837 );
#2707 = LINE( '', #3838, #3839 );
#2708 = VERTEX_POINT( '', #3840 );
#2709 = B_SPLINE_CURVE_WITH_KNOTS( '', 3, ( #3841, #3842, #3843, #3844 ), .UNSPECIFIED., .F., .F., ( 4, 4 ), ( 0.520656883151474, 0.536492445906294 ), .UNSPECIFIED. );
#2710 = LINE( '', #3845, #3846 );
#2711 = FILL_AREA_STYLE_COLOUR( '', #3847 );
#2712 = VERTEX_POINT( '', #3848 );
#2713 = B_SPLINE_CURVE_WITH_KNOTS( '', 1, ( #3849, #3850 ), .UNSPECIFIED., .F., .F., ( 2, 2 ), ( 0.971672493844612, 1.00000000000000 ), .UNSPECIFIED. );
#2714 = B_SPLINE_CURVE_WITH_KNOTS( '', 1, ( #3851, #3852 ), .UNSPECIFIED., .F., .F., ( 2, 2 ), ( 0.905318389752371, 0.971672493844612 ), .UNSPECIFIED. );
#2715 = B_SPLINE_CURVE_WITH_KNOTS( '', 1, ( #3853, #3854 ), .UNSPECIFIED., .F., .F., ( 2, 2 ), ( 0.775615380794607, 0.877881759759685 ), .UNSPECIFIED. );
#2716 = B_SPLINE_CURVE_WITH_KNOTS( '', 1, ( #3855, #3856 ), .UNSPECIFIED., .F., .F., ( 2, 2 ), ( 0.486950552238425, 0.523899473310670 ), .UNSPECIFIED. );
#2717 = FILL_AREA_STYLE_COLOUR( '', #3857 );
#2718 = FILL_AREA_STYLE_COLOUR( '', #3858 );
#2719 = LINE( '', #3859, #3860 );
#2720 = LINE( '', #3861, #3862 );
#2721 = FILL_AREA_STYLE_COLOUR( '', #3863 );
#2722 = VERTEX_POINT( '', #3864 );
#2723 = LINE( '', #3865, #3866 );
#2724 = LINE( '', #3867, #3868 );
#2725 = FILL_AREA_STYLE_COLOUR( '', #3869 );
#2726 = FILL_AREA_STYLE_COLOUR( '', #3870 );
#2727 = VERTEX_POINT( '', #3871 );
#2728 = LINE( '', #3872, #3873 );
#2729 = VERTEX_POINT( '', #3874 );
#2730 = B_SPLINE_CURVE_WITH_KNOTS( '', 3, ( #3875, #3876, #3877, #3878 ), .UNSPECIFIED., .F., .F., ( 4, 4 ), ( 0.984247345950703, 1.00000000000000 ), .UNSPECIFIED. );
#2731 = LINE( '', #3879, #3880 );
#2732 = FILL_AREA_STYLE_COLOUR( '', #3881 );
#2733 = VERTEX_POINT( '', #3882 );
#2734 = LINE( '', #3883, #3884 );
#2735 = LINE( '', #3885, #3886 );
#2736 = FILL_AREA_STYLE_COLOUR( '', #3887 );
#2737 = VERTEX_POINT( '', #3888 );
#2738 = LINE( '', #3889, #3890 );
#2739 = B_SPLINE_CURVE_WITH_KNOTS( '', 3, ( #3891, #3892, #3893, #3894, #3895, #3896, #3897 ), .UNSPECIFIED., .F., .F., ( 4, 3, 4 ), ( 0.149069852529666, 0.242039240282828, 0.261468230552944 ), .UNSPECIFIED. );
#2740 = FILL_AREA_STYLE_COLOUR( '', #3898 );
#2741 = VERTEX_POINT( '', #3899 );
#2742 = B_SPLINE_CURVE_WITH_KNOTS( '', 3, ( #3900, #3901, #3902, #3903 ), .UNSPECIFIED., .F., .F., ( 4, 4 ), ( 0.000000000000000, 0.124528875694971 ), .UNSPECIFIED. );
#2743 = LINE( '', #3904, #3905 );
#2744 = FILL_AREA_STYLE_COLOUR( '', #3906 );
#2745 = B_SPLINE_CURVE_WITH_KNOTS( '', 3, ( #3907, #3908, #3909, #3910 ), .UNSPECIFIED., .F., .F., ( 4, 4 ), ( 0.878124202881752, 0.984247345950703 ), .UNSPECIFIED. );
#2746 = FILL_AREA_STYLE_COLOUR( '', #3911 );
#2747 = B_SPLINE_CURVE_WITH_KNOTS( '', 3, ( #3912, #3913, #3914, #3915 ), .UNSPECIFIED., .F., .F., ( 4, 4 ), ( 0.518253236707345, 0.552703734267950 ), .UNSPECIFIED. );
#2748 = FILL_AREA_STYLE_COLOUR( '', #3916 );
#2749 = VERTEX_POINT( '', #3917 );
#2750 = B_SPLINE_CURVE_WITH_KNOTS( '', 3, ( #3918, #3919, #3920, #3921 ), .UNSPECIFIED., .F., .F., ( 4, 4 ), ( 0.640874506159269, 0.751474905777646 ), .UNSPECIFIED. );
#2751 = B_SPLINE_CURVE_WITH_KNOTS( '', 3, ( #3922, #3923, #3924, #3925 ), .UNSPECIFIED., .F., .F., ( 4, 4 ), ( 0.536492445906294, 0.640874506159269 ), .UNSPECIFIED. );
#2752 = B_SPLINE_CURVE_WITH_KNOTS( '', 3, ( #3926, #3927, #3928, #3929 ), .UNSPECIFIED., .F., .F., ( 4, 4 ), ( 0.396128007456503, 0.520656883151474 ), .UNSPECIFIED. );
#2753 = B_SPLINE_CURVE_WITH_KNOTS( '', 3, ( #3930, #3931, #3932, #3933 ), .UNSPECIFIED., .F., .F., ( 4, 4 ), ( 0.124528875694971, 0.149069852529666 ), .UNSPECIFIED. );
#2754 = FILL_AREA_STYLE_COLOUR( '', #3934 );
#2755 = LINE( '', #3935, #3936 );
#2756 = FILL_AREA_STYLE_COLOUR( '', #3937 );
#2757 = FILL_AREA_STYLE_COLOUR( '', #3938 );
#2758 = FILL_AREA_STYLE_COLOUR( '', #3939 );
#2759 = FILL_AREA_STYLE_COLOUR( '', #3940 );
#2760 = B_SPLINE_CURVE_WITH_KNOTS( '', 3, ( #3941, #3942, #3943, #3944, #3945, #3946, #3947, #3948, #3949, #3950, #3951, #3952, #3953, #3954, #3955, #3956 ), .UNSPECIFIED., .F., .F., ( 4, 3, 3, 3, 3, 4 ), ( 0.499265096298640, 0.607595818716467, 0.730441237094497, 0.841672752430367, 0.958533283835743, 1.00000000000000 ), .UNSPECIFIED. );
#2761 = B_SPLINE_CURVE_WITH_KNOTS( '', 3, ( #3957, #3958, #3959, #3960, #3961, #3962, #3963, #3964, #3965, #3966, #3967, #3968, #3969, #3970, #3971, #3972, #3973, #3974, #3975, #3976, #3977, #3978, #3979, #3980, #3981 ), .UNSPECIFIED., .F., .F., ( 4, 3, 2, 3, 2, 2, 3, 3, 3, 4 ), ( 0.000000000000000, 0.0435638216839925, 0.0792759739261162, 0.137980881721388, 0.185553075564697, 0.212958795930951, 0.240364516297205, 0.267788989284262, 0.299022718295815, 0.361874099558837 ), .UNSPECIFIED. );
#2762 = FILL_AREA_STYLE_COLOUR( '', #3982 );
#2763 = LINE( '', #3983, #3984 );
#2764 = FILL_AREA_STYLE_COLOUR( '', #3985 );
#2765 = LINE( '', #3986, #3987 );
#2766 = LINE( '', #3988, #3989 );
#2767 = FILL_AREA_STYLE_COLOUR( '', #3990 );
#2768 = FILL_AREA_STYLE_COLOUR( '', #3991 );
#2769 = FILL_AREA_STYLE_COLOUR( '', #3992 );
#2770 = LINE( '', #3993, #3994 );
#2771 = FILL_AREA_STYLE_COLOUR( '', #3995 );
#2772 = FILL_AREA_STYLE_COLOUR( '', #3996 );
#2773 = LINE( '', #3997, #3998 );
#2774 = FILL_AREA_STYLE_COLOUR( '', #3999 );
#2775 = FILL_AREA_STYLE_COLOUR( '', #4000 );
#2776 = LINE( '', #4001, #4002 );
#2777 = FILL_AREA_STYLE_COLOUR( '', #4003 );
#2778 = FILL_AREA_STYLE_COLOUR( '', #4004 );
#2779 = FILL_AREA_STYLE_COLOUR( '', #4005 );
#2780 = FILL_AREA_STYLE_COLOUR( '', #4006 );
#2781 = FILL_AREA_STYLE_COLOUR( '', #4007 );
#2782 = FILL_AREA_STYLE_COLOUR( '', #4008 );
#2783 = COLOUR_RGB( '', 0.119999997300000, 0.119999997300000, 0.119999997300000 );
#2784 = CARTESIAN_POINT( '', ( 1.75897106109325, 0.218906752411576, 2.10000000000000 ) );
#2785 = CARTESIAN_POINT( '', ( 1.75897106109325, 0.287845659163987, 2.10000000000000 ) );
#2786 = CARTESIAN_POINT( '', ( 1.75897106109325, 0.218906752411576, 2.10000000000000 ) );
#2787 = CARTESIAN_POINT( '', ( 1.75897106109325, 0.241886387995713, 2.10000000000000 ) );
#2788 = CARTESIAN_POINT( '', ( 1.75897106109325, 0.264866023579850, 2.10000000000000 ) );
#2789 = CARTESIAN_POINT( '', ( 1.75897106109325, 0.287845659163987, 2.10000000000000 ) );
#2790 = CARTESIAN_POINT( '', ( 1.75897106109325, 0.218906752411576, 2.09800000000000 ) );
#2791 = CARTESIAN_POINT( '', ( 1.75897106109325, 0.218906752411576, 2.09800000000000 ) );
#2792 = VECTOR( '', #4009, 1000.00000000000 );
#2793 = CARTESIAN_POINT( '', ( 1.75897106109325, 0.287845659163987, 2.09800000000000 ) );
#2794 = CARTESIAN_POINT( '', ( 1.75897106109325, 0.218906752411576, 2.09800000000000 ) );
#2795 = CARTESIAN_POINT( '', ( 1.75897106109325, 0.241886387995713, 2.09800000000000 ) );
#2796 = CARTESIAN_POINT( '', ( 1.75897106109325, 0.264866023579850, 2.09800000000000 ) );
#2797 = CARTESIAN_POINT( '', ( 1.75897106109325, 0.287845659163987, 2.09800000000000 ) );
#2798 = CARTESIAN_POINT( '', ( 1.75897106109325, 0.287845659163987, 2.09800000000000 ) );
#2799 = VECTOR( '', #4010, 1000.00000000000 );
#2800 = COLOUR_RGB( '', 0.119999997300000, 0.119999997300000, 0.119999997300000 );
#2801 = CARTESIAN_POINT( '', ( -1.52334405144694, -0.272926045016077, 2.10000000000000 ) );
#2802 = CARTESIAN_POINT( '', ( -1.74662379421222, 0.385594855305466, 2.10000000000000 ) );
#2803 = CARTESIAN_POINT( '', ( -1.52334405144694, -0.272926045016077, 2.10000000000000 ) );
#2804 = CARTESIAN_POINT( '', ( -1.59777063236871, -0.0534190782422292, 2.10000000000000 ) );
#2805 = CARTESIAN_POINT( '', ( -1.67219721329046, 0.166087888531619, 2.10000000000000 ) );
#2806 = CARTESIAN_POINT( '', ( -1.74662379421222, 0.385594855305466, 2.10000000000000 ) );
#2807 = CARTESIAN_POINT( '', ( -1.52334405144694, -0.272926045016077, 2.09800000000000 ) );
#2808 = CARTESIAN_POINT( '', ( -1.52334405144694, -0.272926045016077, 2.09800000000000 ) );
#2809 = VECTOR( '', #4011, 1000.00000000000 );
#2810 = CARTESIAN_POINT( '', ( -1.74662379421222, 0.385594855305466, 2.09800000000000 ) );
#2811 = CARTESIAN_POINT( '', ( -1.52334405144694, -0.272926045016077, 2.09800000000000 ) );
#2812 = CARTESIAN_POINT( '', ( -1.59777063236871, -0.0534190782422292, 2.09800000000000 ) );
#2813 = CARTESIAN_POINT( '', ( -1.67219721329046, 0.166087888531619, 2.09800000000000 ) );
#2814 = CARTESIAN_POINT( '', ( -1.74662379421222, 0.385594855305466, 2.09800000000000 ) );
#2815 = CARTESIAN_POINT( '', ( -1.74662379421222, 0.385594855305466, 2.09800000000000 ) );
#2816 = VECTOR( '', #4012, 1000.00000000000 );
#2817 = COLOUR_RGB( '', 0.119999997300000, 0.119999997300000, 0.119999997300000 );
#2818 = CARTESIAN_POINT( '', ( 0.471254019292604, -0.272926045016077, 2.10000000000000 ) );
#2819 = CARTESIAN_POINT( '', ( 0.353954983922830, -0.272926045016077, 2.10000000000000 ) );
#2820 = CARTESIAN_POINT( '', ( 0.471254019292604, -0.272926045016077, 2.10000000000000 ) );
#2821 = CARTESIAN_POINT( '', ( 0.353954983922830, -0.272926045016077, 2.10000000000000 ) );
#2822 = CARTESIAN_POINT( '', ( 0.471254019292604, -0.272926045016077, 2.09800000000000 ) );
#2823 = CARTESIAN_POINT( '', ( 0.471254019292604, -0.272926045016077, 2.09800000000000 ) );
#2824 = VECTOR( '', #4013, 1000.00000000000 );
#2825 = CARTESIAN_POINT( '', ( 0.353954983922830, -0.272926045016077, 2.09800000000000 ) );
#2826 = CARTESIAN_POINT( '', ( 0.471254019292604, -0.272926045016077, 2.09800000000000 ) );
#2827 = CARTESIAN_POINT( '', ( 0.353954983922830, -0.272926045016077, 2.09800000000000 ) );
#2828 = CARTESIAN_POINT( '', ( 0.353954983922830, -0.272926045016077, 2.09800000000000 ) );
#2829 = VECTOR( '', #4014, 1000.00000000000 );
#2830 = COLOUR_RGB( '', 0.119999997300000, 0.119999997300000, 0.119999997300000 );
#2831 = CARTESIAN_POINT( '', ( 1.84437299035370, 0.287845659163987, 2.10000000000000 ) );
#2832 = CARTESIAN_POINT( '', ( 1.36900321543408, -0.318713826366559, 2.10000000000000 ) );
#2833 = CARTESIAN_POINT( '', ( 1.84437299035370, 0.287845659163987, 2.10000000000000 ) );
#2834 = CARTESIAN_POINT( '', ( 1.84437299035370, 0.126302250803859, 2.10000000000000 ) );
#2835 = CARTESIAN_POINT( '', ( 1.84437299035370, -0.0352411575562701, 2.10000000000000 ) );
#2836 = CARTESIAN_POINT( '', ( 1.84437299035370, -0.196784565916398, 2.10000000000000 ) );
#2837 = CARTESIAN_POINT( '', ( 1.84437299035370, -0.283729903536978, 2.10000000000000 ) );
#2838 = CARTESIAN_POINT( '', ( 1.83562700964630, -0.345466237942122, 2.10000000000000 ) );
#2839 = CARTESIAN_POINT( '', ( 1.81762057877813, -0.381993569131833, 2.10000000000000 ) );
#2840 = CARTESIAN_POINT( '', ( 1.79971472644179, -0.418316869585566, 2.10000000000000 ) );
#2841 = CARTESIAN_POINT( '', ( 1.77183279742765, -0.447331189710611, 2.10000000000000 ) );
#2842 = CARTESIAN_POINT( '', ( 1.69466237942122, -0.489517684887460, 2.10000000000000 ) );
#2843 = CARTESIAN_POINT( '', ( 1.64733118971061, -0.499807073954984, 2.10000000000000 ) );
#2844 = CARTESIAN_POINT( '', ( 1.52385852090032, -0.499807073954984, 2.10000000000000 ) );
#2845 = CARTESIAN_POINT( '', ( 1.46983922829582, -0.484887459807074, 2.10000000000000 ) );
#2846 = CARTESIAN_POINT( '', ( 1.42868167202572, -0.455048231511254, 2.10000000000000 ) );
#2847 = CARTESIAN_POINT( '', ( 1.38727963211535, -0.425031752576232, 2.10000000000000 ) );
#2848 = CARTESIAN_POINT( '', ( 1.36745980707396, -0.379421221864952, 2.10000000000000 ) );
#2849 = CARTESIAN_POINT( '', ( 1.36900321543408, -0.318713826366559, 2.10000000000000 ) );
#2850 = CARTESIAN_POINT( '', ( 1.84437299035370, 0.287845659163987, 2.09800000000000 ) );
#2851 = CARTESIAN_POINT( '', ( 1.84437299035370, 0.287845659163987, 2.09800000000000 ) );
#2852 = VECTOR( '', #4015, 1000.00000000000 );
#2853 = CARTESIAN_POINT( '', ( 1.36900321543408, -0.318713826366559, 2.09800000000000 ) );
#2854 = CARTESIAN_POINT( '', ( 1.84437299035370, 0.287845659163987, 2.09800000000000 ) );
#2855 = CARTESIAN_POINT( '', ( 1.84437299035370, 0.126302250803859, 2.09800000000000 ) );
#2856 = CARTESIAN_POINT( '', ( 1.84437299035370, -0.0352411575562701, 2.09800000000000 ) );
#2857 = CARTESIAN_POINT( '', ( 1.84437299035370, -0.196784565916398, 2.09800000000000 ) );
#2858 = CARTESIAN_POINT( '', ( 1.84437299035370, -0.283729903536978, 2.09800000000000 ) );
#2859 = CARTESIAN_POINT( '', ( 1.83562700964630, -0.345466237942122, 2.09800000000000 ) );
#2860 = CARTESIAN_POINT( '', ( 1.81762057877813, -0.381993569131833, 2.09800000000000 ) );
#2861 = CARTESIAN_POINT( '', ( 1.79971472644179, -0.418316869585566, 2.09800000000000 ) );
#2862 = CARTESIAN_POINT( '', ( 1.77183279742765, -0.447331189710611, 2.09800000000000 ) );
#2863 = CARTESIAN_POINT( '', ( 1.69466237942122, -0.489517684887460, 2.09800000000000 ) );
#2864 = CARTESIAN_POINT( '', ( 1.64733118971061, -0.499807073954984, 2.09800000000000 ) );
#2865 = CARTESIAN_POINT( '', ( 1.52385852090032, -0.499807073954984, 2.09800000000000 ) );
#2866 = CARTESIAN_POINT( '', ( 1.46983922829582, -0.484887459807074, 2.09800000000000 ) );
#2867 = CARTESIAN_POINT( '', ( 1.42868167202572, -0.455048231511254, 2.09800000000000 ) );
#2868 = CARTESIAN_POINT( '', ( 1.38727963211535, -0.425031752576232, 2.09800000000000 ) );
#2869 = CARTESIAN_POINT( '', ( 1.36745980707396, -0.379421221864952, 2.09800000000000 ) );
#2870 = CARTESIAN_POINT( '', ( 1.36900321543408, -0.318713826366559, 2.09800000000000 ) );
#2871 = CARTESIAN_POINT( '', ( 1.36900321543408, -0.318713826366559, 2.09800000000000 ) );
#2872 = VECTOR( '', #4016, 1000.00000000000 );
#2873 = COLOUR_RGB( '', 0.119999997300000, 0.119999997300000, 0.119999997300000 );
#2874 = CARTESIAN_POINT( '', ( 0.785080385852090, 0.287845659163987, 2.10000000000000 ) );
#2875 = CARTESIAN_POINT( '', ( 0.870482315112540, 0.287845659163987, 2.10000000000000 ) );
#2876 = CARTESIAN_POINT( '', ( 0.785080385852090, 0.287845659163987, 2.10000000000000 ) );
#2877 = CARTESIAN_POINT( '', ( 0.813547695605574, 0.287845659163987, 2.10000000000000 ) );
#2878 = CARTESIAN_POINT( '', ( 0.842015005359057, 0.287845659163987, 2.10000000000000 ) );
#2879 = CARTESIAN_POINT( '', ( 0.870482315112540, 0.287845659163987, 2.10000000000000 ) );
#2880 = CARTESIAN_POINT( '', ( 0.785080385852090, 0.287845659163987, 2.09800000000000 ) );
#2881 = CARTESIAN_POINT( '', ( 0.785080385852090, 0.287845659163987, 2.09800000000000 ) );
#2882 = VECTOR( '', #4017, 1000.00000000000 );
#2883 = CARTESIAN_POINT( '', ( 0.870482315112540, 0.287845659163987, 2.09800000000000 ) );
#2884 = CARTESIAN_POINT( '', ( 0.785080385852090, 0.287845659163987, 2.09800000000000 ) );
#2885 = CARTESIAN_POINT( '', ( 0.813547695605574, 0.287845659163987, 2.09800000000000 ) );
#2886 = CARTESIAN_POINT( '', ( 0.842015005359057, 0.287845659163987, 2.09800000000000 ) );
#2887 = CARTESIAN_POINT( '', ( 0.870482315112540, 0.287845659163987, 2.09800000000000 ) );
#2888 = CARTESIAN_POINT( '', ( 0.870482315112540, 0.287845659163987, 2.09800000000000 ) );
#2889 = VECTOR( '', #4018, 1000.00000000000 );
#2890 = COLOUR_RGB( '', 0.119999997300000, 0.119999997300000, 0.119999997300000 );
#2891 = CARTESIAN_POINT( '', ( 0.234598070739550, 0.0789710610932477, 2.10000000000000 ) );
#2892 = CARTESIAN_POINT( '', ( 0.234598070739550, 0.0789710610932477, 2.10000000000000 ) );
#2893 = CARTESIAN_POINT( '', ( 0.471254019292604, -0.272926045016077, 2.10000000000000 ) );
#2894 = CARTESIAN_POINT( '', ( 0.234598070739550, 0.0789710610932477, 2.09800000000000 ) );
#2895 = CARTESIAN_POINT( '', ( 0.234598070739550, 0.0789710610932477, 2.09800000000000 ) );
#2896 = VECTOR( '', #4019, 1000.00000000000 );
#2897 = CARTESIAN_POINT( '', ( 0.234598070739550, 0.0789710610932477, 2.09800000000000 ) );
#2898 = CARTESIAN_POINT( '', ( 0.471254019292604, -0.272926045016077, 2.09800000000000 ) );
#2899 = COLOUR_RGB( '', 0.119999997300000, 0.119999997300000, 0.119999997300000 );
#2900 = CARTESIAN_POINT( '', ( -0.594212218649518, 0.00797427652733131, 2.10000000000000 ) );
#2901 = CARTESIAN_POINT( '', ( -0.855562700964630, -0.185980707395498, 2.10000000000000 ) );
#2902 = CARTESIAN_POINT( '', ( -0.594212218649518, 0.00797427652733131, 2.10000000000000 ) );
#2903 = CARTESIAN_POINT( '', ( -0.628681672025724, -0.00591639871382629, 2.10000000000000 ) );
#2904 = CARTESIAN_POINT( '', ( -0.680643086816720, -0.0177491961414790, 2.10000000000000 ) );
#2905 = CARTESIAN_POINT( '', ( -0.750096463022508, -0.0275241157556269, 2.10000000000000 ) );
#2906 = CARTESIAN_POINT( '', ( -0.789217704575203, -0.0330300682704506, 2.10000000000000 ) );
#2907 = CARTESIAN_POINT( '', ( -0.816977491961415, -0.0398713826366559, 2.10000000000000 ) );
#2908 = CARTESIAN_POINT( '', ( -0.833440514469454, -0.0465594855305466, 2.10000000000000 ) );
#2909 = CARTESIAN_POINT( '', ( -0.850082932864001, -0.0533204680033313, 2.10000000000000 ) );
#2910 = CARTESIAN_POINT( '', ( -0.862250803858521, -0.0640514469453376, 2.10000000000000 ) );
#2911 = CARTESIAN_POINT( '', ( -0.870996784565917, -0.0774276527331189, 2.10000000000000 ) );
#2912 = CARTESIAN_POINT( '', ( -0.880132482548357, -0.0913998967062622, 2.10000000000000 ) );
#2913 = CARTESIAN_POINT( '', ( -0.884372990353698, -0.106237942122186, 2.10000000000000 ) );
#2914 = CARTESIAN_POINT( '', ( -0.884372990353698, -0.148424437299035, 2.10000000000000 ) );
#2915 = CARTESIAN_POINT( '', ( -0.874598070739550, -0.169517684887460, 2.10000000000000 ) );
#2916 = CARTESIAN_POINT( '', ( -0.855562700964630, -0.185980707395498, 2.10000000000000 ) );
#2917 = CARTESIAN_POINT( '', ( -0.594212218649518, 0.00797427652733131, 2.09800000000000 ) );
#2918 = CARTESIAN_POINT( '', ( -0.594212218649518, 0.00797427652733131, 2.09800000000000 ) );
#2919 = VECTOR( '', #4020, 1000.00000000000 );
#2920 = CARTESIAN_POINT( '', ( -0.855562700964630, -0.185980707395498, 2.09800000000000 ) );
#2921 = CARTESIAN_POINT( '', ( -0.594212218649518, 0.00797427652733131, 2.09800000000000 ) );
#2922 = CARTESIAN_POINT( '', ( -0.628681672025724, -0.00591639871382629, 2.09800000000000 ) );
#2923 = CARTESIAN_POINT( '', ( -0.680643086816720, -0.0177491961414790, 2.09800000000000 ) );
#2924 = CARTESIAN_POINT( '', ( -0.750096463022508, -0.0275241157556269, 2.09800000000000 ) );
#2925 = CARTESIAN_POINT( '', ( -0.789217704575203, -0.0330300682704506, 2.09800000000000 ) );
#2926 = CARTESIAN_POINT( '', ( -0.816977491961415, -0.0398713826366559, 2.09800000000000 ) );
#2927 = CARTESIAN_POINT( '', ( -0.833440514469454, -0.0465594855305466, 2.09800000000000 ) );
#2928 = CARTESIAN_POINT( '', ( -0.850082932864001, -0.0533204680033313, 2.09800000000000 ) );
#2929 = CARTESIAN_POINT( '', ( -0.862250803858521, -0.0640514469453376, 2.09800000000000 ) );
#2930 = CARTESIAN_POINT( '', ( -0.870996784565917, -0.0774276527331189, 2.09800000000000 ) );
#2931 = CARTESIAN_POINT( '', ( -0.880132482548357, -0.0913998967062622, 2.09800000000000 ) );
#2932 = CARTESIAN_POINT( '', ( -0.884372990353698, -0.106237942122186, 2.09800000000000 ) );
#2933 = CARTESIAN_POINT( '', ( -0.884372990353698, -0.148424437299035, 2.09800000000000 ) );
#2934 = CARTESIAN_POINT( '', ( -0.874598070739550, -0.169517684887460, 2.09800000000000 ) );
#2935 = CARTESIAN_POINT( '', ( -0.855562700964630, -0.185980707395498, 2.09800000000000 ) );
#2936 = CARTESIAN_POINT( '', ( -0.855562700964630, -0.185980707395498, 2.09800000000000 ) );
#2937 = VECTOR( '', #4021, 1000.00000000000 );
#2938 = COLOUR_RGB( '', 0.119999997300000, 0.119999997300000, 0.119999997300000 );
#2939 = CARTESIAN_POINT( '', ( -1.43279742765273, -0.272926045016077, 2.10000000000000 ) );
#2940 = CARTESIAN_POINT( '', ( -1.43279742765273, -0.272926045016077, 2.10000000000000 ) );
#2941 = CARTESIAN_POINT( '', ( -1.46297963558414, -0.272926045016077, 2.10000000000000 ) );
#2942 = CARTESIAN_POINT( '', ( -1.49316184351554, -0.272926045016077, 2.10000000000000 ) );
#2943 = CARTESIAN_POINT( '', ( -1.52334405144694, -0.272926045016077, 2.10000000000000 ) );
#2944 = CARTESIAN_POINT( '', ( -1.43279742765273, -0.272926045016077, 2.09800000000000 ) );
#2945 = CARTESIAN_POINT( '', ( -1.43279742765273, -0.272926045016077, 2.09800000000000 ) );
#2946 = VECTOR( '', #4022, 1000.00000000000 );
#2947 = CARTESIAN_POINT( '', ( -1.43279742765273, -0.272926045016077, 2.09800000000000 ) );
#2948 = CARTESIAN_POINT( '', ( -1.46297963558414, -0.272926045016077, 2.09800000000000 ) );
#2949 = CARTESIAN_POINT( '', ( -1.49316184351554, -0.272926045016077, 2.09800000000000 ) );
#2950 = CARTESIAN_POINT( '', ( -1.52334405144694, -0.272926045016077, 2.09800000000000 ) );
#2951 = COLOUR_RGB( '', 0.860000014300000, 0.860000014300000, 0.860000014300000 );
#2952 = CARTESIAN_POINT( '', ( 2.70000000000000, 0.800000000000000, 0.000200000000000000 ) );
#2953 = CARTESIAN_POINT( '', ( 2.70000000000000, -0.800000000000000, 0.000200000000000000 ) );
#2954 = CARTESIAN_POINT( '', ( 2.70000000000000, 0.800000000000000, 0.000200000000000000 ) );
#2955 = VECTOR( '', #4023, 1000.00000000000 );
#2956 = CARTESIAN_POINT( '', ( -2.70000000000000, 0.800000000000000, 0.000200000000000000 ) );
#2957 = CARTESIAN_POINT( '', ( -2.70000000000000, 0.800000000000000, 0.000200000000000000 ) );
#2958 = VECTOR( '', #4024, 1000.00000000000 );
#2959 = CARTESIAN_POINT( '', ( -2.70000000000000, -0.800000000000000, 0.000200000000000000 ) );
#2960 = CARTESIAN_POINT( '', ( -2.70000000000000, -0.800000000000000, 0.000200000000000000 ) );
#2961 = VECTOR( '', #4025, 1000.00000000000 );
#2962 = CARTESIAN_POINT( '', ( 2.70000000000000, -0.800000000000000, 0.000200000000000000 ) );
#2963 = VECTOR( '', #4026, 1000.00000000000 );
#2964 = COLOUR_RGB( '', 0.119999997300000, 0.119999997300000, 0.119999997300000 );
#2965 = CARTESIAN_POINT( '', ( 1.10000000000000, -2.70000000000000, 0.000200000000000000 ) );
#2966 = CARTESIAN_POINT( '', ( 2.70000000000000, -2.70000000000000, 0.000200000000000000 ) );
#2967 = CARTESIAN_POINT( '', ( 1.10000000000000, -2.70000000000000, 0.000200000000000000 ) );
#2968 = VECTOR( '', #4027, 1000.00000000000 );
#2969 = CARTESIAN_POINT( '', ( 1.10000000000000, 2.70000000000000, 0.000200000000000000 ) );
#2970 = CARTESIAN_POINT( '', ( 1.10000000000000, 2.70000000000000, 0.000200000000000000 ) );
#2971 = VECTOR( '', #4028, 1000.00000000000 );
#2972 = CARTESIAN_POINT( '', ( 2.70000000000000, 2.70000000000000, 0.000200000000000000 ) );
#2973 = CARTESIAN_POINT( '', ( 2.70000000000000, 2.70000000000000, 0.000200000000000000 ) );
#2974 = VECTOR( '', #4029, 1000.00000000000 );
#2975 = CARTESIAN_POINT( '', ( 2.70000000000000, -2.70000000000000, 0.000200000000000000 ) );
#2976 = VECTOR( '', #4030, 1000.00000000000 );
#2977 = COLOUR_RGB( '', 0.119999997300000, 0.119999997300000, 0.119999997300000 );
#2978 = CARTESIAN_POINT( '', ( 0.642057877813505, -0.272926045016077, 2.09800000000000 ) );
#2979 = CARTESIAN_POINT( '', ( 0.547395498392283, -0.272926045016077, 2.09800000000000 ) );
#2980 = CARTESIAN_POINT( '', ( 0.642057877813505, -0.272926045016077, 2.09800000000000 ) );
#2981 = CARTESIAN_POINT( '', ( 0.547395498392283, -0.272926045016077, 2.09800000000000 ) );
#2982 = CARTESIAN_POINT( '', ( 0.642057877813505, 0.287845659163987, 2.09800000000000 ) );
#2983 = CARTESIAN_POINT( '', ( 0.642057877813505, 0.287845659163987, 2.09800000000000 ) );
#2984 = CARTESIAN_POINT( '', ( 0.642057877813505, -0.272926045016077, 2.09800000000000 ) );
#2985 = CARTESIAN_POINT( '', ( 0.547395498392283, 0.287845659163987, 2.09800000000000 ) );
#2986 = CARTESIAN_POINT( '', ( 0.547395498392283, 0.287845659163987, 2.09800000000000 ) );
#2987 = CARTESIAN_POINT( '', ( 0.642057877813505, 0.287845659163987, 2.09800000000000 ) );
#2988 = CARTESIAN_POINT( '', ( 0.547395498392283, -0.272926045016077, 2.09800000000000 ) );
#2989 = CARTESIAN_POINT( '', ( 0.547395498392283, 0.287845659163987, 2.09800000000000 ) );
#2990 = COLOUR_RGB( '', 0.119999997300000, 0.119999997300000, 0.119999997300000 );
#2991 = CARTESIAN_POINT( '', ( -0.0864308681672028, 0.182893890675241, 2.10000000000000 ) );
#2992 = CARTESIAN_POINT( '', ( -0.260321543408361, -0.272926045016077, 2.10000000000000 ) );
#2993 = CARTESIAN_POINT( '', ( -0.0864308681672028, 0.182893890675241, 2.10000000000000 ) );
#2994 = CARTESIAN_POINT( '', ( -0.109067524115756, 0.195755627009646, 2.10000000000000 ) );
#2995 = CARTESIAN_POINT( '', ( -0.132218649517685, 0.202443729903537, 2.10000000000000 ) );
#2996 = CARTESIAN_POINT( '', ( -0.174919614147910, 0.202443729903537, 2.10000000000000 ) );
#2997 = CARTESIAN_POINT( '', ( -0.193440514469453, 0.196270096463023, 2.10000000000000 ) );
#2998 = CARTESIAN_POINT( '', ( -0.209389067524116, 0.183408360128617, 2.10000000000000 ) );
#2999 = CARTESIAN_POINT( '', ( -0.225397955584029, 0.170497966531913, 2.10000000000000 ) );
#3000 = CARTESIAN_POINT( '', ( -0.237170418006431, 0.153569131832797, 2.10000000000000 ) );
#3001 = CARTESIAN_POINT( '', ( -0.244372990353698, 0.131446945337621, 2.10000000000000 ) );
#3002 = CARTESIAN_POINT( '', ( -0.255354711908111, 0.0977173719919179, 2.10000000000000 ) );
#3003 = CARTESIAN_POINT( '', ( -0.260321543408361, 0.0604501607717043, 2.10000000000000 ) );
#3004 = CARTESIAN_POINT( '', ( -0.260321543408361, 0.0203215434083602, 2.10000000000000 ) );
#3005 = CARTESIAN_POINT( '', ( -0.260321543408361, -0.0774276527331189, 2.10000000000000 ) );
#3006 = CARTESIAN_POINT( '', ( -0.260321543408361, -0.175176848874598, 2.10000000000000 ) );
#3007 = CARTESIAN_POINT( '', ( -0.260321543408361, -0.272926045016077, 2.10000000000000 ) );
#3008 = CARTESIAN_POINT( '', ( -0.0864308681672028, 0.182893890675241, 2.09800000000000 ) );
#3009 = CARTESIAN_POINT( '', ( -0.0864308681672028, 0.182893890675241, 2.09800000000000 ) );
#3010 = VECTOR( '', #4031, 1000.00000000000 );
#3011 = CARTESIAN_POINT( '', ( -0.260321543408361, -0.272926045016077, 2.09800000000000 ) );
#3012 = CARTESIAN_POINT( '', ( -0.0864308681672028, 0.182893890675241, 2.09800000000000 ) );
#3013 = CARTESIAN_POINT( '', ( -0.109067524115756, 0.195755627009646, 2.09800000000000 ) );
#3014 = CARTESIAN_POINT( '', ( -0.132218649517685, 0.202443729903537, 2.09800000000000 ) );
#3015 = CARTESIAN_POINT( '', ( -0.174919614147910, 0.202443729903537, 2.09800000000000 ) );
#3016 = CARTESIAN_POINT( '', ( -0.193440514469453, 0.196270096463023, 2.09800000000000 ) );
#3017 = CARTESIAN_POINT( '', ( -0.209389067524116, 0.183408360128617, 2.09800000000000 ) );
#3018 = CARTESIAN_POINT( '', ( -0.225397955584029, 0.170497966531913, 2.09800000000000 ) );
#3019 = CARTESIAN_POINT( '', ( -0.237170418006431, 0.153569131832797, 2.09800000000000 ) );
#3020 = CARTESIAN_POINT( '', ( -0.244372990353698, 0.131446945337621, 2.09800000000000 ) );
#3021 = CARTESIAN_POINT( '', ( -0.255354711908111, 0.0977173719919179, 2.09800000000000 ) );
#3022 = CARTESIAN_POINT( '', ( -0.260321543408361, 0.0604501607717043, 2.09800000000000 ) );
#3023 = CARTESIAN_POINT( '', ( -0.260321543408361, 0.0203215434083602, 2.09800000000000 ) );
#3024 = CARTESIAN_POINT( '', ( -0.260321543408361, -0.0774276527331189, 2.09800000000000 ) );
#3025 = CARTESIAN_POINT( '', ( -0.260321543408361, -0.175176848874598, 2.09800000000000 ) );
#3026 = CARTESIAN_POINT( '', ( -0.260321543408361, -0.272926045016077, 2.09800000000000 ) );
#3027 = CARTESIAN_POINT( '', ( -0.260321543408361, -0.272926045016077, 2.09800000000000 ) );
#3028 = VECTOR( '', #4032, 1000.00000000000 );
#3029 = COLOUR_RGB( '', 0.860000014300000, 0.860000014300000, 0.860000014300000 );
#3030 = CARTESIAN_POINT( '', ( 2.70000000000000, 0.800000000000000, 0.000000000000000 ) );
#3031 = CARTESIAN_POINT( '', ( 2.70000000000000, -0.800000000000000, 0.000000000000000 ) );
#3032 = CARTESIAN_POINT( '', ( 2.70000000000000, 0.800000000000000, 0.000000000000000 ) );
#3033 = VECTOR( '', #4033, 1000.00000000000 );
#3034 = CARTESIAN_POINT( '', ( 2.70000000000000, 0.800000000000000, 0.000200000000000000 ) );
#3035 = VECTOR( '', #4034, 1000.00000000000 );
#3036 = CARTESIAN_POINT( '', ( 2.70000000000000, -0.800000000000000, 0.000200000000000000 ) );
#3037 = VECTOR( '', #4035, 1000.00000000000 );
#3038 = COLOUR_RGB( '', 0.119999997300000, 0.119999997300000, 0.119999997300000 );
#3039 = CARTESIAN_POINT( '', ( 1.46160771704180, -0.331061093247589, 2.10000000000000 ) );
#3040 = CARTESIAN_POINT( '', ( 1.36900321543408, -0.318713826366559, 2.10000000000000 ) );
#3041 = CARTESIAN_POINT( '', ( 1.39987138263666, -0.322829581993569, 2.10000000000000 ) );
#3042 = CARTESIAN_POINT( '', ( 1.43073954983923, -0.326945337620578, 2.10000000000000 ) );
#3043 = CARTESIAN_POINT( '', ( 1.46160771704180, -0.331061093247589, 2.10000000000000 ) );
#3044 = CARTESIAN_POINT( '', ( 1.46160771704180, -0.331061093247589, 2.09800000000000 ) );
#3045 = CARTESIAN_POINT( '', ( 1.36900321543408, -0.318713826366559, 2.09800000000000 ) );
#3046 = CARTESIAN_POINT( '', ( 1.39987138263666, -0.322829581993569, 2.09800000000000 ) );
#3047 = CARTESIAN_POINT( '', ( 1.43073954983923, -0.326945337620578, 2.09800000000000 ) );
#3048 = CARTESIAN_POINT( '', ( 1.46160771704180, -0.331061093247589, 2.09800000000000 ) );
#3049 = CARTESIAN_POINT( '', ( 1.46160771704180, -0.331061093247589, 2.09800000000000 ) );
#3050 = VECTOR( '', #4036, 1000.00000000000 );
#3051 = COLOUR_RGB( '', 0.119999997300000, 0.119999997300000, 0.119999997300000 );
#3052 = CARTESIAN_POINT( '', ( -0.354469453376206, -0.272926045016077, 2.10000000000000 ) );
#3053 = CARTESIAN_POINT( '', ( -0.354469453376206, 0.287845659163987, 2.10000000000000 ) );
#3054 = CARTESIAN_POINT( '', ( -0.354469453376206, -0.272926045016077, 2.10000000000000 ) );
#3055 = CARTESIAN_POINT( '', ( -0.354469453376206, -0.0860021436227224, 2.10000000000000 ) );
#3056 = CARTESIAN_POINT( '', ( -0.354469453376206, 0.100921757770632, 2.10000000000000 ) );
#3057 = CARTESIAN_POINT( '', ( -0.354469453376206, 0.287845659163987, 2.10000000000000 ) );
#3058 = CARTESIAN_POINT( '', ( -0.354469453376206, -0.272926045016077, 2.09800000000000 ) );
#3059 = CARTESIAN_POINT( '', ( -0.354469453376206, -0.272926045016077, 2.09800000000000 ) );
#3060 = VECTOR( '', #4037, 1000.00000000000 );
#3061 = CARTESIAN_POINT( '', ( -0.354469453376206, 0.287845659163987, 2.09800000000000 ) );
#3062 = CARTESIAN_POINT( '', ( -0.354469453376206, -0.272926045016077, 2.09800000000000 ) );
#3063 = CARTESIAN_POINT( '', ( -0.354469453376206, -0.0860021436227224, 2.09800000000000 ) );
#3064 = CARTESIAN_POINT( '', ( -0.354469453376206, 0.100921757770632, 2.09800000000000 ) );
#3065 = CARTESIAN_POINT( '', ( -0.354469453376206, 0.287845659163987, 2.09800000000000 ) );
#3066 = CARTESIAN_POINT( '', ( -0.354469453376206, 0.287845659163987, 2.09800000000000 ) );
#3067 = VECTOR( '', #4038, 1000.00000000000 );
#3068 = COLOUR_RGB( '', 0.119999997300000, 0.119999997300000, 0.119999997300000 );
#3069 = CARTESIAN_POINT( '', ( 1.75897106109325, 0.287845659163987, 2.10000000000000 ) );
#3070 = CARTESIAN_POINT( '', ( 1.78743837084673, 0.287845659163987, 2.10000000000000 ) );
#3071 = CARTESIAN_POINT( '', ( 1.81590568060021, 0.287845659163987, 2.10000000000000 ) );
#3072 = CARTESIAN_POINT( '', ( 1.84437299035370, 0.287845659163987, 2.10000000000000 ) );
#3073 = CARTESIAN_POINT( '', ( 1.75897106109325, 0.287845659163987, 2.09800000000000 ) );
#3074 = CARTESIAN_POINT( '', ( 1.78743837084673, 0.287845659163987, 2.09800000000000 ) );
#3075 = CARTESIAN_POINT( '', ( 1.81590568060021, 0.287845659163987, 2.09800000000000 ) );
#3076 = CARTESIAN_POINT( '', ( 1.84437299035370, 0.287845659163987, 2.09800000000000 ) );
#3077 = COLOUR_RGB( '', 0.119999997300000, 0.119999997300000, 0.119999997300000 );
#3078 = CARTESIAN_POINT( '', ( -0.568488745980708, -0.272926045016077, 2.10000000000000 ) );
#3079 = CARTESIAN_POINT( '', ( -0.588553054662380, -0.202443729903537, 2.10000000000000 ) );
#3080 = CARTESIAN_POINT( '', ( -0.568488745980708, -0.272926045016077, 2.10000000000000 ) );
#3081 = CARTESIAN_POINT( '', ( -0.578778135048232, -0.253376205787781, 2.10000000000000 ) );
#3082 = CARTESIAN_POINT( '', ( -0.585466237942122, -0.229710610932476, 2.10000000000000 ) );
#3083 = CARTESIAN_POINT( '', ( -0.588553054662380, -0.202443729903537, 2.10000000000000 ) );
#3084 = CARTESIAN_POINT( '', ( -0.568488745980708, -0.272926045016077, 2.09800000000000 ) );
#3085 = CARTESIAN_POINT( '', ( -0.568488745980708, -0.272926045016077, 2.09800000000000 ) );
#3086 = VECTOR( '', #4039, 1000.00000000000 );
#3087 = CARTESIAN_POINT( '', ( -0.588553054662380, -0.202443729903537, 2.09800000000000 ) );
#3088 = CARTESIAN_POINT( '', ( -0.568488745980708, -0.272926045016077, 2.09800000000000 ) );
#3089 = CARTESIAN_POINT( '', ( -0.578778135048232, -0.253376205787781, 2.09800000000000 ) );
#3090 = CARTESIAN_POINT( '', ( -0.585466237942122, -0.229710610932476, 2.09800000000000 ) );
#3091 = CARTESIAN_POINT( '', ( -0.588553054662380, -0.202443729903537, 2.09800000000000 ) );
#3092 = CARTESIAN_POINT( '', ( -0.588553054662380, -0.202443729903537, 2.09800000000000 ) );
#3093 = VECTOR( '', #4040, 1000.00000000000 );
#3094 = COLOUR_RGB( '', 0.119999997300000, 0.119999997300000, 0.119999997300000 );
#3095 = CARTESIAN_POINT( '', ( -0.594726688102894, 0.0825723472668811, 2.10000000000000 ) );
#3096 = CARTESIAN_POINT( '', ( -0.875627009646302, 0.115498392282958, 2.10000000000000 ) );
#3097 = CARTESIAN_POINT( '', ( -0.594726688102894, 0.0825723472668811, 2.10000000000000 ) );
#3098 = CARTESIAN_POINT( '', ( -0.594212218649518, 0.0954340836012863, 2.10000000000000 ) );
#3099 = CARTESIAN_POINT( '', ( -0.594212218649518, 0.104180064308682, 2.10000000000000 ) );
#3100 = CARTESIAN_POINT( '', ( -0.594212218649518, 0.146366559485531, 2.10000000000000 ) );
#3101 = CARTESIAN_POINT( '', ( -0.602958199356913, 0.173633440514469, 2.10000000000000 ) );
#3102 = CARTESIAN_POINT( '', ( -0.620964630225081, 0.190096463022508, 2.10000000000000 ) );
#3103 = CARTESIAN_POINT( '', ( -0.644895809355784, 0.211976398227722, 2.10000000000000 ) );
#3104 = CARTESIAN_POINT( '', ( -0.681672025723473, 0.221993569131833, 2.10000000000000 ) );
#3105 = CARTESIAN_POINT( '', ( -0.729517684887460, 0.222508038585209, 2.10000000000000 ) );
#3106 = CARTESIAN_POINT( '', ( -0.773751411631322, 0.222983670055573, 2.10000000000000 ) );
#3107 = CARTESIAN_POINT( '', ( -0.806688102893891, 0.214276527331190, 2.10000000000000 ) );
#3108 = CARTESIAN_POINT( '', ( -0.828295819935692, 0.198842443729903, 2.10000000000000 ) );
#3109 = CARTESIAN_POINT( '', ( -0.849806204918745, 0.183477883027722, 2.10000000000000 ) );
#3110 = CARTESIAN_POINT( '', ( -0.865337620578778, 0.155112540192926, 2.10000000000000 ) );
#3111 = CARTESIAN_POINT( '', ( -0.875627009646302, 0.115498392282958, 2.10000000000000 ) );
#3112 = CARTESIAN_POINT( '', ( -0.594726688102894, 0.0825723472668811, 2.09800000000000 ) );
#3113 = CARTESIAN_POINT( '', ( -0.594726688102894, 0.0825723472668811, 2.09800000000000 ) );
#3114 = VECTOR( '', #4041, 1000.00000000000 );
#3115 = CARTESIAN_POINT( '', ( -0.875627009646302, 0.115498392282958, 2.09800000000000 ) );
#3116 = CARTESIAN_POINT( '', ( -0.594726688102894, 0.0825723472668811, 2.09800000000000 ) );
#3117 = CARTESIAN_POINT( '', ( -0.594212218649518, 0.0954340836012863, 2.09800000000000 ) );
#3118 = CARTESIAN_POINT( '', ( -0.594212218649518, 0.104180064308682, 2.09800000000000 ) );
#3119 = CARTESIAN_POINT( '', ( -0.594212218649518, 0.146366559485531, 2.09800000000000 ) );
#3120 = CARTESIAN_POINT( '', ( -0.602958199356913, 0.173633440514469, 2.09800000000000 ) );
#3121 = CARTESIAN_POINT( '', ( -0.620964630225081, 0.190096463022508, 2.09800000000000 ) );
#3122 = CARTESIAN_POINT( '', ( -0.644895809355784, 0.211976398227722, 2.09800000000000 ) );
#3123 = CARTESIAN_POINT( '', ( -0.681672025723473, 0.221993569131833, 2.09800000000000 ) );
#3124 = CARTESIAN_POINT( '', ( -0.729517684887460, 0.222508038585209, 2.09800000000000 ) );
#3125 = CARTESIAN_POINT( '', ( -0.773751411631322, 0.222983670055573, 2.09800000000000 ) );
#3126 = CARTESIAN_POINT( '', ( -0.806688102893891, 0.214276527331190, 2.09800000000000 ) );
#3127 = CARTESIAN_POINT( '', ( -0.828295819935692, 0.198842443729903, 2.09800000000000 ) );
#3128 = CARTESIAN_POINT( '', ( -0.849806204918745, 0.183477883027722, 2.09800000000000 ) );
#3129 = CARTESIAN_POINT( '', ( -0.865337620578778, 0.155112540192926, 2.09800000000000 ) );
#3130 = CARTESIAN_POINT( '', ( -0.875627009646302, 0.115498392282958, 2.09800000000000 ) );
#3131 = CARTESIAN_POINT( '', ( -0.875627009646302, 0.115498392282958, 2.09800000000000 ) );
#3132 = VECTOR( '', #4042, 1000.00000000000 );
#3133 = COLOUR_RGB( '', 0.119999997300000, 0.119999997300000, 0.119999997300000 );
#3134 = CARTESIAN_POINT( '', ( 0.547395498392283, 0.499807073954984, 2.10000000000000 ) );
#3135 = CARTESIAN_POINT( '', ( 0.642057877813505, 0.499807073954984, 2.10000000000000 ) );
#3136 = CARTESIAN_POINT( '', ( 0.547395498392283, 0.499807073954984, 2.10000000000000 ) );
#3137 = CARTESIAN_POINT( '', ( 0.642057877813505, 0.499807073954984, 2.10000000000000 ) );
#3138 = CARTESIAN_POINT( '', ( 0.547395498392283, 0.499807073954984, 2.09800000000000 ) );
#3139 = CARTESIAN_POINT( '', ( 0.547395498392283, 0.499807073954984, 2.09800000000000 ) );
#3140 = VECTOR( '', #4043, 1000.00000000000 );
#3141 = CARTESIAN_POINT( '', ( 0.642057877813505, 0.499807073954984, 2.09800000000000 ) );
#3142 = CARTESIAN_POINT( '', ( 0.547395498392283, 0.499807073954984, 2.09800000000000 ) );
#3143 = CARTESIAN_POINT( '', ( 0.642057877813505, 0.499807073954984, 2.09800000000000 ) );
#3144 = CARTESIAN_POINT( '', ( 0.642057877813505, 0.499807073954984, 2.09800000000000 ) );
#3145 = VECTOR( '', #4044, 1000.00000000000 );
#3146 = COLOUR_RGB( '', 0.119999997300000, 0.119999997300000, 0.119999997300000 );
#3147 = CARTESIAN_POINT( '', ( -1.24347266881029, 0.499807073954984, 2.10000000000000 ) );
#3148 = CARTESIAN_POINT( '', ( -1.10765273311897, 0.499807073954984, 2.10000000000000 ) );
#3149 = CARTESIAN_POINT( '', ( -1.24347266881029, 0.499807073954984, 2.10000000000000 ) );
#3150 = CARTESIAN_POINT( '', ( -1.19819935691318, 0.499807073954984, 2.10000000000000 ) );
#3151 = CARTESIAN_POINT( '', ( -1.15292604501608, 0.499807073954984, 2.10000000000000 ) );
#3152 = CARTESIAN_POINT( '', ( -1.10765273311897, 0.499807073954984, 2.10000000000000 ) );
#3153 = CARTESIAN_POINT( '', ( -1.24347266881029, 0.499807073954984, 2.09800000000000 ) );
#3154 = CARTESIAN_POINT( '', ( -1.24347266881029, 0.499807073954984, 2.09800000000000 ) );
#3155 = VECTOR( '', #4045, 1000.00000000000 );
#3156 = CARTESIAN_POINT( '', ( -1.10765273311897, 0.499807073954984, 2.09800000000000 ) );
#3157 = CARTESIAN_POINT( '', ( -1.24347266881029, 0.499807073954984, 2.09800000000000 ) );
#3158 = CARTESIAN_POINT( '', ( -1.19819935691318, 0.499807073954984, 2.09800000000000 ) );
#3159 = CARTESIAN_POINT( '', ( -1.15292604501608, 0.499807073954984, 2.09800000000000 ) );
#3160 = CARTESIAN_POINT( '', ( -1.10765273311897, 0.499807073954984, 2.09800000000000 ) );
#3161 = CARTESIAN_POINT( '', ( -1.10765273311897, 0.499807073954984, 2.09800000000000 ) );
#3162 = VECTOR( '', #4046, 1000.00000000000 );
#3163 = COLOUR_RGB( '', 0.860000014300000, 0.860000014300000, 0.860000014300000 );
#3164 = CARTESIAN_POINT( '', ( -2.70000000000000, 0.800000000000000, 0.000000000000000 ) );
#3165 = CARTESIAN_POINT( '', ( -2.70000000000000, 0.800000000000000, 0.000000000000000 ) );
#3166 = VECTOR( '', #4047, 1000.00000000000 );
#3167 = CARTESIAN_POINT( '', ( -2.70000000000000, 0.800000000000000, 0.000200000000000000 ) );
#3168 = VECTOR( '', #4048, 1000.00000000000 );
#3169 = COLOUR_RGB( '', 0.119999997300000, 0.119999997300000, 0.119999997300000 );
#3170 = CARTESIAN_POINT( '', ( 1.75022508038585, -0.200385852090032, 2.10000000000000 ) );
#3171 = CARTESIAN_POINT( '', ( 1.46160771704180, -0.331061093247589, 2.10000000000000 ) );
#3172 = CARTESIAN_POINT( '', ( 1.46520900321543, -0.360385852090032, 2.10000000000000 ) );
#3173 = CARTESIAN_POINT( '', ( 1.47601286173633, -0.381479099678456, 2.10000000000000 ) );
#3174 = CARTESIAN_POINT( '', ( 1.49401929260450, -0.394855305466238, 2.10000000000000 ) );
#3175 = CARTESIAN_POINT( '', ( 1.51788894320302, -0.412587045910850, 2.10000000000000 ) );
#3176 = CARTESIAN_POINT( '', ( 1.55009646302251, -0.422122186495177, 2.10000000000000 ) );
#3177 = CARTESIAN_POINT( '', ( 1.63601286173634, -0.422122186495177, 2.10000000000000 ) );
#3178 = CARTESIAN_POINT( '', ( 1.66996784565916, -0.413376205787782, 2.10000000000000 ) );
#3179 = CARTESIAN_POINT( '', ( 1.71832797427653, -0.378392282958199, 2.10000000000000 ) );
#3180 = CARTESIAN_POINT( '', ( 1.73479099678456, -0.353697749196141, 2.10000000000000 ) );
#3181 = CARTESIAN_POINT( '', ( 1.74302250803859, -0.321800643086816, 2.10000000000000 ) );
#3182 = CARTESIAN_POINT( '', ( 1.74794936867696, -0.302709058113089, 2.10000000000000 ) );
#3183 = CARTESIAN_POINT( '', ( 1.75022508038585, -0.262122186495177, 2.10000000000000 ) );
#3184 = CARTESIAN_POINT( '', ( 1.75022508038585, -0.200385852090032, 2.10000000000000 ) );
#3185 = CARTESIAN_POINT( '', ( 1.75022508038585, -0.200385852090032, 2.09800000000000 ) );
#3186 = CARTESIAN_POINT( '', ( 1.46160771704180, -0.331061093247589, 2.09800000000000 ) );
#3187 = CARTESIAN_POINT( '', ( 1.46520900321543, -0.360385852090032, 2.09800000000000 ) );
#3188 = CARTESIAN_POINT( '', ( 1.47601286173633, -0.381479099678456, 2.09800000000000 ) );
#3189 = CARTESIAN_POINT( '', ( 1.49401929260450, -0.394855305466238, 2.09800000000000 ) );
#3190 = CARTESIAN_POINT( '', ( 1.51788894320302, -0.412587045910850, 2.09800000000000 ) );
#3191 = CARTESIAN_POINT( '', ( 1.55009646302251, -0.422122186495177, 2.09800000000000 ) );
#3192 = CARTESIAN_POINT( '', ( 1.63601286173634, -0.422122186495177, 2.09800000000000 ) );
#3193 = CARTESIAN_POINT( '', ( 1.66996784565916, -0.413376205787782, 2.09800000000000 ) );
#3194 = CARTESIAN_POINT( '', ( 1.71832797427653, -0.378392282958199, 2.09800000000000 ) );
#3195 = CARTESIAN_POINT( '', ( 1.73479099678456, -0.353697749196141, 2.09800000000000 ) );
#3196 = CARTESIAN_POINT( '', ( 1.74302250803859, -0.321800643086816, 2.09800000000000 ) );
#3197 = CARTESIAN_POINT( '', ( 1.74794936867696, -0.302709058113089, 2.09800000000000 ) );
#3198 = CARTESIAN_POINT( '', ( 1.75022508038585, -0.262122186495177, 2.09800000000000 ) );
#3199 = CARTESIAN_POINT( '', ( 1.75022508038585, -0.200385852090032, 2.09800000000000 ) );
#3200 = CARTESIAN_POINT( '', ( 1.75022508038585, -0.200385852090032, 2.09800000000000 ) );
#3201 = VECTOR( '', #4049, 1000.00000000000 );
#3202 = COLOUR_RGB( '', 0.119999997300000, 0.119999997300000, 0.119999997300000 );
#3203 = CARTESIAN_POINT( '', ( 0.166173633440515, 0.0126045016077171, 2.10000000000000 ) );
#3204 = CARTESIAN_POINT( '', ( 0.100321543408360, -0.0511897106109324, 2.10000000000000 ) );
#3205 = CARTESIAN_POINT( '', ( 0.166173633440515, 0.0126045016077171, 2.10000000000000 ) );
#3206 = CARTESIAN_POINT( '', ( 0.100321543408360, -0.0511897106109324, 2.10000000000000 ) );
#3207 = CARTESIAN_POINT( '', ( 0.166173633440515, 0.0126045016077171, 2.09800000000000 ) );
#3208 = CARTESIAN_POINT( '', ( 0.166173633440515, 0.0126045016077171, 2.09800000000000 ) );
#3209 = VECTOR( '', #4050, 1000.00000000000 );
#3210 = CARTESIAN_POINT( '', ( 0.100321543408360, -0.0511897106109324, 2.09800000000000 ) );
#3211 = CARTESIAN_POINT( '', ( 0.166173633440515, 0.0126045016077171, 2.09800000000000 ) );
#3212 = CARTESIAN_POINT( '', ( 0.100321543408360, -0.0511897106109324, 2.09800000000000 ) );
#3213 = CARTESIAN_POINT( '', ( 0.100321543408360, -0.0511897106109324, 2.09800000000000 ) );
#3214 = VECTOR( '', #4051, 1000.00000000000 );
#3215 = COLOUR_RGB( '', 0.119999997300000, 0.119999997300000, 0.119999997300000 );
#3216 = CARTESIAN_POINT( '', ( -0.269067524115756, 0.287845659163987, 2.10000000000000 ) );
#3217 = CARTESIAN_POINT( '', ( -0.269067524115756, 0.202958199356914, 2.10000000000000 ) );
#3218 = CARTESIAN_POINT( '', ( -0.269067524115756, 0.287845659163987, 2.10000000000000 ) );
#3219 = CARTESIAN_POINT( '', ( -0.269067524115756, 0.259549839228296, 2.10000000000000 ) );
#3220 = CARTESIAN_POINT( '', ( -0.269067524115756, 0.231254019292605, 2.10000000000000 ) );
#3221 = CARTESIAN_POINT( '', ( -0.269067524115756, 0.202958199356914, 2.10000000000000 ) );
#3222 = CARTESIAN_POINT( '', ( -0.269067524115756, 0.287845659163987, 2.09800000000000 ) );
#3223 = CARTESIAN_POINT( '', ( -0.269067524115756, 0.287845659163987, 2.09800000000000 ) );
#3224 = VECTOR( '', #4052, 1000.00000000000 );
#3225 = CARTESIAN_POINT( '', ( -0.269067524115756, 0.202958199356914, 2.09800000000000 ) );
#3226 = CARTESIAN_POINT( '', ( -0.269067524115756, 0.287845659163987, 2.09800000000000 ) );
#3227 = CARTESIAN_POINT( '', ( -0.269067524115756, 0.259549839228296, 2.09800000000000 ) );
#3228 = CARTESIAN_POINT( '', ( -0.269067524115756, 0.231254019292605, 2.09800000000000 ) );
#3229 = CARTESIAN_POINT( '', ( -0.269067524115756, 0.202958199356914, 2.09800000000000 ) );
#3230 = CARTESIAN_POINT( '', ( -0.269067524115756, 0.202958199356914, 2.09800000000000 ) );
#3231 = VECTOR( '', #4053, 1000.00000000000 );
#3232 = COLOUR_RGB( '', 0.119999997300000, 0.119999997300000, 0.119999997300000 );
#3233 = CARTESIAN_POINT( '', ( 0.642057877813505, 0.391254019292604, 2.09800000000000 ) );
#3234 = CARTESIAN_POINT( '', ( 0.547395498392283, 0.391254019292604, 2.09800000000000 ) );
#3235 = CARTESIAN_POINT( '', ( 0.642057877813505, 0.391254019292604, 2.09800000000000 ) );
#3236 = CARTESIAN_POINT( '', ( 0.547395498392283, 0.391254019292604, 2.09800000000000 ) );
#3237 = CARTESIAN_POINT( '', ( 0.642057877813505, 0.499807073954984, 2.09800000000000 ) );
#3238 = CARTESIAN_POINT( '', ( 0.642057877813505, 0.391254019292604, 2.09800000000000 ) );
#3239 = CARTESIAN_POINT( '', ( 0.547395498392283, 0.391254019292604, 2.09800000000000 ) );
#3240 = CARTESIAN_POINT( '', ( 0.547395498392283, 0.499807073954984, 2.09800000000000 ) );
#3241 = COLOUR_RGB( '', 0.119999997300000, 0.119999997300000, 0.119999997300000 );
#3242 = CARTESIAN_POINT( '', ( 0.100321543408360, 0.499807073954984, 2.10000000000000 ) );
#3243 = CARTESIAN_POINT( '', ( 0.100321543408360, 0.0604501607717043, 2.10000000000000 ) );
#3244 = CARTESIAN_POINT( '', ( 0.100321543408360, 0.499807073954984, 2.10000000000000 ) );
#3245 = CARTESIAN_POINT( '', ( 0.100321543408360, 0.0604501607717043, 2.10000000000000 ) );
#3246 = CARTESIAN_POINT( '', ( 0.100321543408360, 0.499807073954984, 2.09800000000000 ) );
#3247 = CARTESIAN_POINT( '', ( 0.100321543408360, 0.499807073954984, 2.09800000000000 ) );
#3248 = VECTOR( '', #4054, 1000.00000000000 );
#3249 = CARTESIAN_POINT( '', ( 0.100321543408360, 0.0604501607717043, 2.09800000000000 ) );
#3250 = CARTESIAN_POINT( '', ( 0.100321543408360, 0.499807073954984, 2.09800000000000 ) );
#3251 = CARTESIAN_POINT( '', ( 0.100321543408360, 0.0604501607717043, 2.09800000000000 ) );
#3252 = CARTESIAN_POINT( '', ( 0.100321543408360, 0.0604501607717043, 2.09800000000000 ) );
#3253 = VECTOR( '', #4055, 1000.00000000000 );
#3254 = COLOUR_RGB( '', 0.860000014300000, 0.860000014300000, 0.860000014300000 );
#3255 = CARTESIAN_POINT( '', ( -2.70000000000000, -0.800000000000000, 0.000000000000000 ) );
#3256 = CARTESIAN_POINT( '', ( 2.70000000000000, -0.800000000000000, 0.000000000000000 ) );
#3257 = VECTOR( '', #4056, 1000.00000000000 );
#3258 = CARTESIAN_POINT( '', ( -2.70000000000000, -0.800000000000000, 0.000200000000000000 ) );
#3259 = VECTOR( '', #4057, 1000.00000000000 );
#3260 = COLOUR_RGB( '', 0.119999997300000, 0.119999997300000, 0.119999997300000 );
#3261 = CARTESIAN_POINT( '', ( 0.642057877813505, 0.391254019292604, 2.10000000000000 ) );
#3262 = CARTESIAN_POINT( '', ( 0.547395498392283, 0.391254019292604, 2.10000000000000 ) );
#3263 = CARTESIAN_POINT( '', ( 0.642057877813505, 0.391254019292604, 2.10000000000000 ) );
#3264 = CARTESIAN_POINT( '', ( 0.547395498392283, 0.391254019292604, 2.10000000000000 ) );
#3265 = CARTESIAN_POINT( '', ( 0.642057877813505, 0.391254019292604, 2.09800000000000 ) );
#3266 = VECTOR( '', #4058, 1000.00000000000 );
#3267 = CARTESIAN_POINT( '', ( 0.547395498392283, 0.391254019292604, 2.09800000000000 ) );
#3268 = VECTOR( '', #4059, 1000.00000000000 );
#3269 = COLOUR_RGB( '', 0.119999997300000, 0.119999997300000, 0.119999997300000 );
#3270 = CARTESIAN_POINT( '', ( 1.75022508038585, -0.200385852090032, 2.10000000000000 ) );
#3271 = CARTESIAN_POINT( '', ( 1.70803858520900, -0.249260450160772, 2.10000000000000 ) );
#3272 = CARTESIAN_POINT( '', ( 1.65607717041800, -0.272926045016077, 2.10000000000000 ) );
#3273 = CARTESIAN_POINT( '', ( 1.51665594855305, -0.272926045016077, 2.10000000000000 ) );
#3274 = CARTESIAN_POINT( '', ( 1.45697749196141, -0.245659163987138, 2.10000000000000 ) );
#3275 = CARTESIAN_POINT( '', ( 1.41427652733119, -0.189581993569132, 2.10000000000000 ) );
#3276 = CARTESIAN_POINT( '', ( 1.37201235466735, -0.134078441516616, 2.10000000000000 ) );
#3277 = CARTESIAN_POINT( '', ( 1.35099678456592, -0.0676527331189710, 2.10000000000000 ) );
#3278 = CARTESIAN_POINT( '', ( 1.35099678456592, 0.0635369774919615, 2.10000000000000 ) );
#3279 = CARTESIAN_POINT( '', ( 1.36025723472669, 0.112926045016077, 2.10000000000000 ) );
#3280 = CARTESIAN_POINT( '', ( 1.37980707395498, 0.158713826366559, 2.10000000000000 ) );
#3281 = CARTESIAN_POINT( '', ( 1.39898533054765, 0.203631322070444, 2.10000000000000 ) );
#3282 = CARTESIAN_POINT( '', ( 1.42765273311897, 0.238456591639872, 2.10000000000000 ) );
#3283 = CARTESIAN_POINT( '', ( 1.50173633440515, 0.287845659163987, 2.10000000000000 ) );
#3284 = CARTESIAN_POINT( '', ( 1.54495176848875, 0.300192926045016, 2.10000000000000 ) );
#3285 = CARTESIAN_POINT( '', ( 1.66122186495177, 0.300192926045016, 2.10000000000000 ) );
#3286 = CARTESIAN_POINT( '', ( 1.71575562700965, 0.272926045016077, 2.10000000000000 ) );
#3287 = CARTESIAN_POINT( '', ( 1.75897106109325, 0.218906752411576, 2.10000000000000 ) );
#3288 = CARTESIAN_POINT( '', ( 0.642057877813505, 0.287845659163987, 2.10000000000000 ) );
#3289 = CARTESIAN_POINT( '', ( 0.642057877813505, -0.272926045016077, 2.10000000000000 ) );
#3290 = CARTESIAN_POINT( '', ( 0.642057877813505, 0.287845659163987, 2.10000000000000 ) );
#3291 = CARTESIAN_POINT( '', ( 0.642057877813505, -0.272926045016077, 2.10000000000000 ) );
#3292 = CARTESIAN_POINT( '', ( 0.547395498392283, -0.272926045016077, 2.10000000000000 ) );
#3293 = CARTESIAN_POINT( '', ( 0.642057877813505, -0.272926045016077, 2.10000000000000 ) );
#3294 = CARTESIAN_POINT( '', ( 0.547395498392283, -0.272926045016077, 2.10000000000000 ) );
#3295 = CARTESIAN_POINT( '', ( 0.547395498392283, 0.287845659163987, 2.10000000000000 ) );
#3296 = CARTESIAN_POINT( '', ( 0.547395498392283, -0.272926045016077, 2.10000000000000 ) );
#3297 = CARTESIAN_POINT( '', ( 0.547395498392283, 0.287845659163987, 2.10000000000000 ) );
#3298 = CARTESIAN_POINT( '', ( 0.547395498392283, 0.287845659163987, 2.10000000000000 ) );
#3299 = CARTESIAN_POINT( '', ( 0.642057877813505, 0.287845659163987, 2.10000000000000 ) );
#3300 = CARTESIAN_POINT( '', ( 0.100321543408360, -0.272926045016077, 2.10000000000000 ) );
#3301 = CARTESIAN_POINT( '', ( 0.100321543408360, -0.0511897106109324, 2.10000000000000 ) );
#3302 = CARTESIAN_POINT( '', ( 0.100321543408360, -0.272926045016077, 2.10000000000000 ) );
#3303 = CARTESIAN_POINT( '', ( 0.00565916398713841, -0.272926045016077, 2.10000000000000 ) );
#3304 = CARTESIAN_POINT( '', ( 0.100321543408360, -0.272926045016077, 2.10000000000000 ) );
#3305 = CARTESIAN_POINT( '', ( 0.00565916398713841, -0.272926045016077, 2.10000000000000 ) );
#3306 = CARTESIAN_POINT( '', ( 0.00565916398713841, 0.499807073954984, 2.10000000000000 ) );
#3307 = CARTESIAN_POINT( '', ( 0.00565916398713841, -0.272926045016077, 2.10000000000000 ) );
#3308 = CARTESIAN_POINT( '', ( 0.00565916398713841, 0.499807073954984, 2.10000000000000 ) );
#3309 = CARTESIAN_POINT( '', ( 0.00565916398713841, 0.499807073954984, 2.10000000000000 ) );
#3310 = CARTESIAN_POINT( '', ( 0.100321543408360, 0.499807073954984, 2.10000000000000 ) );
#3311 = CARTESIAN_POINT( '', ( 0.326173633440514, 0.287845659163987, 2.10000000000000 ) );
#3312 = CARTESIAN_POINT( '', ( 0.100321543408360, 0.0604501607717043, 2.10000000000000 ) );
#3313 = CARTESIAN_POINT( '', ( 0.326173633440514, 0.287845659163987, 2.10000000000000 ) );
#3314 = CARTESIAN_POINT( '', ( 0.449646302250803, 0.287845659163987, 2.10000000000000 ) );
#3315 = CARTESIAN_POINT( '', ( 0.326173633440514, 0.287845659163987, 2.10000000000000 ) );
#3316 = CARTESIAN_POINT( '', ( 0.449646302250803, 0.287845659163987, 2.10000000000000 ) );
#3317 = CARTESIAN_POINT( '', ( 0.449646302250803, 0.287845659163987, 2.10000000000000 ) );
#3318 = CARTESIAN_POINT( '', ( 0.234598070739550, 0.0789710610932477, 2.10000000000000 ) );
#3319 = CARTESIAN_POINT( '', ( 0.353954983922830, -0.272926045016077, 2.10000000000000 ) );
#3320 = CARTESIAN_POINT( '', ( 0.166173633440515, 0.0126045016077171, 2.10000000000000 ) );
#3321 = CARTESIAN_POINT( '', ( -0.470739549839228, -0.272926045016077, 2.10000000000000 ) );
#3322 = CARTESIAN_POINT( '', ( -0.470739549839228, -0.272926045016077, 2.10000000000000 ) );
#3323 = CARTESIAN_POINT( '', ( -0.503322615219721, -0.272926045016077, 2.10000000000000 ) );
#3324 = CARTESIAN_POINT( '', ( -0.535905680600214, -0.272926045016077, 2.10000000000000 ) );
#3325 = CARTESIAN_POINT( '', ( -0.568488745980708, -0.272926045016077, 2.10000000000000 ) );
#3326 = CARTESIAN_POINT( '', ( -0.588553054662380, -0.202443729903537, 2.10000000000000 ) );
#3327 = CARTESIAN_POINT( '', ( -0.622508038585209, -0.232797427652733, 2.10000000000000 ) );
#3328 = CARTESIAN_POINT( '', ( -0.655948553054662, -0.254405144694534, 2.10000000000000 ) );
#3329 = CARTESIAN_POINT( '', ( -0.688874598070740, -0.267266881028939, 2.10000000000000 ) );
#3330 = CARTESIAN_POINT( '', ( -0.721179923322692, -0.279886148705482, 2.10000000000000 ) );
#3331 = CARTESIAN_POINT( '', ( -0.756270096463023, -0.285787781350482, 2.10000000000000 ) );
#3332 = CARTESIAN_POINT( '', ( -0.855562700964630, -0.285787781350482, 2.10000000000000 ) );
#3333 = CARTESIAN_POINT( '', ( -0.902893890675242, -0.270868167202573, 2.10000000000000 ) );
#3334 = CARTESIAN_POINT( '', ( -0.936334405144695, -0.240514469453376, 2.10000000000000 ) );
#3335 = CARTESIAN_POINT( '', ( -0.969236816344720, -0.210649203902584, 2.10000000000000 ) );
#3336 = CARTESIAN_POINT( '', ( -0.986237942122187, -0.172604501607717, 2.10000000000000 ) );
#3337 = CARTESIAN_POINT( '', ( -0.986237942122187, -0.0980064308681671, 2.10000000000000 ) );
#3338 = CARTESIAN_POINT( '', ( -0.979549839228296, -0.0727974276527331, 2.10000000000000 ) );
#3339 = CARTESIAN_POINT( '', ( -0.954855305466238, -0.0275241157556269, 2.10000000000000 ) );
#3340 = CARTESIAN_POINT( '', ( -0.938392282958200, -0.00951768488745969, 2.10000000000000 ) );
#3341 = CARTESIAN_POINT( '', ( -0.917813504823152, 0.00437299035369781, 2.10000000000000 ) );
#3342 = CARTESIAN_POINT( '', ( -0.897826731039777, 0.0178640626574758, 2.10000000000000 ) );
#3343 = CARTESIAN_POINT( '', ( -0.874598070739550, 0.0285530546623795, 2.10000000000000 ) );
#3344 = CARTESIAN_POINT( '', ( -0.849389067524116, 0.0357556270096464, 2.10000000000000 ) );
#3345 = CARTESIAN_POINT( '', ( -0.831042892677304, 0.0409973912515926, 2.10000000000000 ) );
#3346 = CARTESIAN_POINT( '', ( -0.802572347266881, 0.0450160771704181, 2.10000000000000 ) );
#3347 = CARTESIAN_POINT( '', ( -0.764501607717042, 0.0496463022508039, 2.10000000000000 ) );
#3348 = CARTESIAN_POINT( '', ( -0.687853158178873, 0.0589684109784189, 2.10000000000000 ) );
#3349 = CARTESIAN_POINT( '', ( -0.630739549839228, 0.0697106109324760, 2.10000000000000 ) );
#3350 = CARTESIAN_POINT( '', ( -0.594726688102894, 0.0825723472668811, 2.10000000000000 ) );
#3351 = CARTESIAN_POINT( '', ( -0.969774919614148, 0.127845659163987, 2.10000000000000 ) );
#3352 = CARTESIAN_POINT( '', ( -0.875627009646302, 0.115498392282958, 2.10000000000000 ) );
#3353 = CARTESIAN_POINT( '', ( -0.907009646302251, 0.119614147909968, 2.10000000000000 ) );
#3354 = CARTESIAN_POINT( '', ( -0.938392282958199, 0.123729903536978, 2.10000000000000 ) );
#3355 = CARTESIAN_POINT( '', ( -0.969774919614148, 0.127845659163987, 2.10000000000000 ) );
#3356 = CARTESIAN_POINT( '', ( -0.969774919614148, 0.127845659163987, 2.10000000000000 ) );
#3357 = CARTESIAN_POINT( '', ( -0.961543408360129, 0.167459807073955, 2.10000000000000 ) );
#3358 = CARTESIAN_POINT( '', ( -0.947652733118971, 0.199356913183280, 2.10000000000000 ) );
#3359 = CARTESIAN_POINT( '', ( -0.928102893890676, 0.224051446945337, 2.10000000000000 ) );
#3360 = CARTESIAN_POINT( '', ( -0.908803426135955, 0.248429722003933, 2.10000000000000 ) );
#3361 = CARTESIAN_POINT( '', ( -0.880771704180064, 0.267266881028939, 2.10000000000000 ) );
#3362 = CARTESIAN_POINT( '', ( -0.844244372990354, 0.280643086816721, 2.10000000000000 ) );
#3363 = CARTESIAN_POINT( '', ( -0.807429525637702, 0.294124580213466, 2.10000000000000 ) );
#3364 = CARTESIAN_POINT( '', ( -0.765016077170418, 0.300192926045016, 2.10000000000000 ) );
#3365 = CARTESIAN_POINT( '', ( -0.668810289389068, 0.300192926045016, 2.10000000000000 ) );
#3366 = CARTESIAN_POINT( '', ( -0.630225080385852, 0.294533762057878, 2.10000000000000 ) );
#3367 = CARTESIAN_POINT( '', ( -0.599871382636656, 0.283215434083602, 2.10000000000000 ) );
#3368 = CARTESIAN_POINT( '', ( -0.569969354034296, 0.272065525113230, 2.10000000000000 ) );
#3369 = CARTESIAN_POINT( '', ( -0.547909967845659, 0.258006430868167, 2.10000000000000 ) );
#3370 = CARTESIAN_POINT( '', ( -0.520128617363344, 0.224051446945337, 2.10000000000000 ) );
#3371 = CARTESIAN_POINT( '', ( -0.510353697749196, 0.202443729903537, 2.10000000000000 ) );
#3372 = CARTESIAN_POINT( '', ( -0.504694533762058, 0.176720257234727, 2.10000000000000 ) );
#3373 = CARTESIAN_POINT( '', ( -0.501073618841634, 0.160261553050982, 2.10000000000000 ) );
#3374 = CARTESIAN_POINT( '', ( -0.499549839228296, 0.130932475884244, 2.10000000000000 ) );
#3375 = CARTESIAN_POINT( '', ( -0.499549839228296, 0.0887459807073956, 2.10000000000000 ) );
#3376 = CARTESIAN_POINT( '', ( -0.499549839228296, 0.0463879957127546, 2.10000000000000 ) );
#3377 = CARTESIAN_POINT( '', ( -0.499549839228296, 0.00403001071811370, 2.10000000000000 ) );
#3378 = CARTESIAN_POINT( '', ( -0.499549839228296, -0.0383279742765273, 2.10000000000000 ) );
#3379 = CARTESIAN_POINT( '', ( -0.499549839228296, -0.126816720257235, 2.10000000000000 ) );
#3380 = CARTESIAN_POINT( '', ( -0.497491961414791, -0.182379421221865, 2.10000000000000 ) );
#3381 = CARTESIAN_POINT( '', ( -0.493890675241158, -0.206045016077170, 2.10000000000000 ) );
#3382 = CARTESIAN_POINT( '', ( -0.490354262120998, -0.229284302295359, 2.10000000000000 ) );
#3383 = CARTESIAN_POINT( '', ( -0.482057877813505, -0.251832797427653, 2.10000000000000 ) );
#3384 = CARTESIAN_POINT( '', ( -0.470739549839228, -0.272926045016077, 2.10000000000000 ) );
#3385 = CARTESIAN_POINT( '', ( -2.70000000000000, 2.70000000000000, 2.10000000000000 ) );
#3386 = CARTESIAN_POINT( '', ( -2.70000000000000, -2.70000000000000, 2.10000000000000 ) );
#3387 = CARTESIAN_POINT( '', ( -2.70000000000000, 2.70000000000000, 2.10000000000000 ) );
#3388 = VECTOR( '', #4060, 1000.00000000000 );
#3389 = CARTESIAN_POINT( '', ( 2.70000000000000, -2.70000000000000, 2.10000000000000 ) );
#3390 = CARTESIAN_POINT( '', ( -2.70000000000000, -2.70000000000000, 2.10000000000000 ) );
#3391 = VECTOR( '', #4061, 1000.00000000000 );
#3392 = CARTESIAN_POINT( '', ( 2.70000000000000, 2.70000000000000, 2.10000000000000 ) );
#3393 = CARTESIAN_POINT( '', ( 2.70000000000000, -2.70000000000000, 2.10000000000000 ) );
#3394 = VECTOR( '', #4062, 1000.00000000000 );
#3395 = CARTESIAN_POINT( '', ( 2.70000000000000, 2.70000000000000, 2.10000000000000 ) );
#3396 = VECTOR( '', #4063, 1000.00000000000 );
#3397 = CARTESIAN_POINT( '', ( -0.260321543408361, -0.272926045016077, 2.10000000000000 ) );
#3398 = CARTESIAN_POINT( '', ( -0.291704180064309, -0.272926045016077, 2.10000000000000 ) );
#3399 = CARTESIAN_POINT( '', ( -0.323086816720257, -0.272926045016077, 2.10000000000000 ) );
#3400 = CARTESIAN_POINT( '', ( -0.354469453376206, -0.272926045016077, 2.10000000000000 ) );
#3401 = CARTESIAN_POINT( '', ( -0.354469453376206, 0.287845659163987, 2.10000000000000 ) );
#3402 = CARTESIAN_POINT( '', ( -0.326002143622723, 0.287845659163987, 2.10000000000000 ) );
#3403 = CARTESIAN_POINT( '', ( -0.297534833869239, 0.287845659163987, 2.10000000000000 ) );
#3404 = CARTESIAN_POINT( '', ( -0.269067524115756, 0.287845659163987, 2.10000000000000 ) );
#3405 = CARTESIAN_POINT( '', ( -0.0535048231511252, 0.269839228295820, 2.10000000000000 ) );
#3406 = CARTESIAN_POINT( '', ( -0.269067524115756, 0.202958199356914, 2.10000000000000 ) );
#3407 = CARTESIAN_POINT( '', ( -0.247459807073955, 0.242572347266881, 2.10000000000000 ) );
#3408 = CARTESIAN_POINT( '', ( -0.227909967845659, 0.268810289389068, 2.10000000000000 ) );
#3409 = CARTESIAN_POINT( '', ( -0.209903536977492, 0.281157556270096, 2.10000000000000 ) );
#3410 = CARTESIAN_POINT( '', ( -0.191307223032577, 0.293909314403753, 2.10000000000000 ) );
#3411 = CARTESIAN_POINT( '', ( -0.171318327974277, 0.300192926045016, 2.10000000000000 ) );
#3412 = CARTESIAN_POINT( '', ( -0.117813504823151, 0.300192926045016, 2.10000000000000 ) );
#3413 = CARTESIAN_POINT( '', ( -0.0859163987138264, 0.289903536977492, 2.10000000000000 ) );
#3414 = CARTESIAN_POINT( '', ( -0.0535048231511252, 0.269839228295820, 2.10000000000000 ) );
#3415 = CARTESIAN_POINT( '', ( -0.0535048231511252, 0.269839228295820, 2.10000000000000 ) );
#3416 = CARTESIAN_POINT( '', ( -0.0644801714898178, 0.240857449088960, 2.10000000000000 ) );
#3417 = CARTESIAN_POINT( '', ( -0.0754555198285102, 0.211875669882101, 2.10000000000000 ) );
#3418 = CARTESIAN_POINT( '', ( -0.0864308681672028, 0.182893890675241, 2.10000000000000 ) );
#3419 = CARTESIAN_POINT( '', ( 0.642057877813505, 0.499807073954984, 2.10000000000000 ) );
#3420 = CARTESIAN_POINT( '', ( 0.642057877813505, 0.391254019292604, 2.10000000000000 ) );
#3421 = CARTESIAN_POINT( '', ( 0.547395498392283, 0.391254019292604, 2.10000000000000 ) );
#3422 = CARTESIAN_POINT( '', ( 0.547395498392283, 0.499807073954984, 2.10000000000000 ) );
#3423 = CARTESIAN_POINT( '', ( 1.14623794212219, -0.272926045016077, 2.10000000000000 ) );
#3424 = CARTESIAN_POINT( '', ( 0.879742765273312, -0.272926045016077, 2.10000000000000 ) );
#3425 = CARTESIAN_POINT( '', ( 1.14623794212219, -0.272926045016077, 2.10000000000000 ) );
#3426 = CARTESIAN_POINT( '', ( 1.14623794212219, -0.159056806002144, 2.10000000000000 ) );
#3427 = CARTESIAN_POINT( '', ( 1.14623794212219, -0.0451875669882100, 2.10000000000000 ) );
#3428 = CARTESIAN_POINT( '', ( 1.14623794212219, 0.0686816720257236, 2.10000000000000 ) );
#3429 = CARTESIAN_POINT( '', ( 1.14623794212219, 0.107266881028939, 2.10000000000000 ) );
#3430 = CARTESIAN_POINT( '', ( 1.14263665594855, 0.136077170418006, 2.10000000000000 ) );
#3431 = CARTESIAN_POINT( '', ( 1.13543408360129, 0.155627009646302, 2.10000000000000 ) );
#3432 = CARTESIAN_POINT( '', ( 1.12833691475178, 0.174890753666379, 2.10000000000000 ) );
#3433 = CARTESIAN_POINT( '', ( 1.11485530546624, 0.190096463022508, 2.10000000000000 ) );
#3434 = CARTESIAN_POINT( '', ( 1.07678456591640, 0.212733118971061, 2.10000000000000 ) );
#3435 = CARTESIAN_POINT( '', ( 1.05466237942122, 0.218392282958199, 2.10000000000000 ) );
#3436 = CARTESIAN_POINT( '', ( 1.02893890675241, 0.218906752411576, 2.10000000000000 ) );
#3437 = CARTESIAN_POINT( '', ( 0.988322355945081, 0.219719083427722, 2.10000000000000 ) );
#3438 = CARTESIAN_POINT( '', ( 0.953311897106110, 0.205530546623794, 2.10000000000000 ) );
#3439 = CARTESIAN_POINT( '', ( 0.894662379421222, 0.154083601286174, 2.10000000000000 ) );
#3440 = CARTESIAN_POINT( '', ( 0.879742765273312, 0.105209003215434, 2.10000000000000 ) );
#3441 = CARTESIAN_POINT( '', ( 0.879742765273312, 0.0336977491961416, 2.10000000000000 ) );
#3442 = CARTESIAN_POINT( '', ( 0.879742765273312, -0.0685101822079313, 2.10000000000000 ) );
#3443 = CARTESIAN_POINT( '', ( 0.879742765273312, -0.170718113612004, 2.10000000000000 ) );
#3444 = CARTESIAN_POINT( '', ( 0.879742765273312, -0.272926045016077, 2.10000000000000 ) );
#3445 = CARTESIAN_POINT( '', ( 0.785080385852090, -0.272926045016077, 2.10000000000000 ) );
#3446 = CARTESIAN_POINT( '', ( 0.879742765273312, -0.272926045016077, 2.10000000000000 ) );
#3447 = CARTESIAN_POINT( '', ( 0.848188638799572, -0.272926045016077, 2.10000000000000 ) );
#3448 = CARTESIAN_POINT( '', ( 0.816634512325831, -0.272926045016077, 2.10000000000000 ) );
#3449 = CARTESIAN_POINT( '', ( 0.785080385852090, -0.272926045016077, 2.10000000000000 ) );
#3450 = CARTESIAN_POINT( '', ( 0.785080385852090, -0.272926045016077, 2.10000000000000 ) );
#3451 = CARTESIAN_POINT( '', ( 0.785080385852090, -0.0860021436227224, 2.10000000000000 ) );
#3452 = CARTESIAN_POINT( '', ( 0.785080385852090, 0.100921757770632, 2.10000000000000 ) );
#3453 = CARTESIAN_POINT( '', ( 0.785080385852090, 0.287845659163987, 2.10000000000000 ) );
#3454 = CARTESIAN_POINT( '', ( 0.870482315112540, 0.208102893890675, 2.10000000000000 ) );
#3455 = CARTESIAN_POINT( '', ( 0.870482315112540, 0.287845659163987, 2.10000000000000 ) );
#3456 = CARTESIAN_POINT( '', ( 0.870482315112540, 0.261264737406217, 2.10000000000000 ) );
#3457 = CARTESIAN_POINT( '', ( 0.870482315112540, 0.234683815648446, 2.10000000000000 ) );
#3458 = CARTESIAN_POINT( '', ( 0.870482315112540, 0.208102893890675, 2.10000000000000 ) );
#3459 = CARTESIAN_POINT( '', ( 1.24090032154341, -0.272926045016077, 2.10000000000000 ) );
#3460 = CARTESIAN_POINT( '', ( 0.870482315112540, 0.208102893890675, 2.10000000000000 ) );
#3461 = CARTESIAN_POINT( '', ( 0.911639871382636, 0.269324758842444, 2.10000000000000 ) );
#3462 = CARTESIAN_POINT( '', ( 0.971318327974276, 0.300192926045016, 2.10000000000000 ) );
#3463 = CARTESIAN_POINT( '', ( 1.08295819935691, 0.300192926045016, 2.10000000000000 ) );
#3464 = CARTESIAN_POINT( '', ( 1.11382636655949, 0.294019292604501, 2.10000000000000 ) );
#3465 = CARTESIAN_POINT( '', ( 1.14212218649518, 0.282186495176849, 2.10000000000000 ) );
#3466 = CARTESIAN_POINT( '', ( 1.17060112513051, 0.270277120838437, 2.10000000000000 ) );
#3467 = CARTESIAN_POINT( '', ( 1.19202572347267, 0.253890675241158, 2.10000000000000 ) );
#3468 = CARTESIAN_POINT( '', ( 1.20591639871383, 0.234340836012862, 2.10000000000000 ) );
#3469 = CARTESIAN_POINT( '', ( 1.22004998498083, 0.214449122007450, 2.10000000000000 ) );
#3470 = CARTESIAN_POINT( '', ( 1.23009646302251, 0.191125401929261, 2.10000000000000 ) );
#3471 = CARTESIAN_POINT( '', ( 1.23524115755627, 0.163858520900321, 2.10000000000000 ) );
#3472 = CARTESIAN_POINT( '', ( 1.23855187194857, 0.146311734621128, 2.10000000000000 ) );
#3473 = CARTESIAN_POINT( '', ( 1.24090032154341, 0.115498392282958, 2.10000000000000 ) );
#3474 = CARTESIAN_POINT( '', ( 1.24090032154341, 0.0717684887459808, 2.10000000000000 ) );
#3475 = CARTESIAN_POINT( '', ( 1.24090032154341, -0.0431296891747052, 2.10000000000000 ) );
#3476 = CARTESIAN_POINT( '', ( 1.24090032154341, -0.158027867095391, 2.10000000000000 ) );
#3477 = CARTESIAN_POINT( '', ( 1.24090032154341, -0.272926045016077, 2.10000000000000 ) );
#3478 = CARTESIAN_POINT( '', ( 1.24090032154341, -0.272926045016077, 2.10000000000000 ) );
#3479 = CARTESIAN_POINT( '', ( 1.20934619506967, -0.272926045016077, 2.10000000000000 ) );
#3480 = CARTESIAN_POINT( '', ( 1.17779206859593, -0.272926045016077, 2.10000000000000 ) );
#3481 = CARTESIAN_POINT( '', ( 1.14623794212219, -0.272926045016077, 2.10000000000000 ) );
#3482 = CARTESIAN_POINT( '', ( -1.25000000000000, 1.13480707395498, 2.10000000000000 ) );
#3483 = AXIS2_PLACEMENT_3D( '', #4064, #4065, #4066 );
#3484 = CARTESIAN_POINT( '', ( -1.74662379421222, -0.272926045016077, 2.10000000000000 ) );
#3485 = CARTESIAN_POINT( '', ( -1.74662379421222, 0.385594855305466, 2.10000000000000 ) );
#3486 = CARTESIAN_POINT( '', ( -1.74662379421222, 0.166087888531619, 2.10000000000000 ) );
#3487 = CARTESIAN_POINT( '', ( -1.74662379421222, -0.0534190782422293, 2.10000000000000 ) );
#3488 = CARTESIAN_POINT( '', ( -1.74662379421222, -0.272926045016077, 2.10000000000000 ) );
#3489 = CARTESIAN_POINT( '', ( -1.84437299035370, -0.272926045016077, 2.10000000000000 ) );
#3490 = CARTESIAN_POINT( '', ( -1.74662379421222, -0.272926045016077, 2.10000000000000 ) );
#3491 = CARTESIAN_POINT( '', ( -1.77920685959271, -0.272926045016077, 2.10000000000000 ) );
#3492 = CARTESIAN_POINT( '', ( -1.81178992497321, -0.272926045016077, 2.10000000000000 ) );
#3493 = CARTESIAN_POINT( '', ( -1.84437299035370, -0.272926045016077, 2.10000000000000 ) );
#3494 = CARTESIAN_POINT( '', ( -1.84437299035370, 0.499807073954984, 2.10000000000000 ) );
#3495 = CARTESIAN_POINT( '', ( -1.84437299035370, -0.272926045016077, 2.10000000000000 ) );
#3496 = CARTESIAN_POINT( '', ( -1.84437299035370, -0.0153483386923902, 2.10000000000000 ) );
#3497 = CARTESIAN_POINT( '', ( -1.84437299035370, 0.242229367631297, 2.10000000000000 ) );
#3498 = CARTESIAN_POINT( '', ( -1.84437299035370, 0.499807073954984, 2.10000000000000 ) );
#3499 = CARTESIAN_POINT( '', ( -1.69209003215434, 0.499807073954984, 2.10000000000000 ) );
#3500 = CARTESIAN_POINT( '', ( -1.84437299035370, 0.499807073954984, 2.10000000000000 ) );
#3501 = CARTESIAN_POINT( '', ( -1.79361200428724, 0.499807073954984, 2.10000000000000 ) );
#3502 = CARTESIAN_POINT( '', ( -1.74285101822080, 0.499807073954984, 2.10000000000000 ) );
#3503 = CARTESIAN_POINT( '', ( -1.69209003215434, 0.499807073954984, 2.10000000000000 ) );
#3504 = CARTESIAN_POINT( '', ( -1.47138263665595, -0.161800643086817, 2.10000000000000 ) );
#3505 = CARTESIAN_POINT( '', ( -1.69209003215434, 0.499807073954984, 2.10000000000000 ) );
#3506 = CARTESIAN_POINT( '', ( -1.63086816720257, 0.317513397642015, 2.10000000000000 ) );
#3507 = CARTESIAN_POINT( '', ( -1.56964630225080, 0.135219721329046, 2.10000000000000 ) );
#3508 = CARTESIAN_POINT( '', ( -1.50842443729903, -0.0470739549839228, 2.10000000000000 ) );
#3509 = CARTESIAN_POINT( '', ( -1.49117685765081, -0.0984301935443180, 2.10000000000000 ) );
#3510 = CARTESIAN_POINT( '', ( -1.47909967845659, -0.136591639871383, 2.10000000000000 ) );
#3511 = CARTESIAN_POINT( '', ( -1.47138263665595, -0.161800643086817, 2.10000000000000 ) );
#3512 = CARTESIAN_POINT( '', ( -1.47138263665595, -0.161800643086817, 2.10000000000000 ) );
#3513 = CARTESIAN_POINT( '', ( -1.46263665594855, -0.133504823151125, 2.10000000000000 ) );
#3514 = CARTESIAN_POINT( '', ( -1.44874598070740, -0.0923472668810289, 2.10000000000000 ) );
#3515 = CARTESIAN_POINT( '', ( -1.43022508038585, -0.0378135048231511, 2.10000000000000 ) );
#3516 = CARTESIAN_POINT( '', ( -1.36921882296434, 0.141816030917978, 2.10000000000000 ) );
#3517 = CARTESIAN_POINT( '', ( -1.30572347266881, 0.320600214362272, 2.10000000000000 ) );
#3518 = CARTESIAN_POINT( '', ( -1.24347266881029, 0.499807073954984, 2.10000000000000 ) );
#3519 = CARTESIAN_POINT( '', ( -1.10765273311897, -0.272926045016077, 2.10000000000000 ) );
#3520 = CARTESIAN_POINT( '', ( -1.10765273311897, 0.499807073954984, 2.10000000000000 ) );
#3521 = CARTESIAN_POINT( '', ( -1.10765273311897, 0.242229367631297, 2.10000000000000 ) );
#3522 = CARTESIAN_POINT( '', ( -1.10765273311897, -0.0153483386923901, 2.10000000000000 ) );
#3523 = CARTESIAN_POINT( '', ( -1.10765273311897, -0.272926045016077, 2.10000000000000 ) );
#3524 = CARTESIAN_POINT( '', ( -1.20591639871383, -0.272926045016077, 2.10000000000000 ) );
#3525 = CARTESIAN_POINT( '', ( -1.10765273311897, -0.272926045016077, 2.10000000000000 ) );
#3526 = CARTESIAN_POINT( '', ( -1.14040728831726, -0.272926045016077, 2.10000000000000 ) );
#3527 = CARTESIAN_POINT( '', ( -1.17316184351554, -0.272926045016077, 2.10000000000000 ) );
#3528 = CARTESIAN_POINT( '', ( -1.20591639871383, -0.272926045016077, 2.10000000000000 ) );
#3529 = CARTESIAN_POINT( '', ( -1.20591639871383, 0.374790996784566, 2.10000000000000 ) );
#3530 = CARTESIAN_POINT( '', ( -1.20591639871383, -0.272926045016077, 2.10000000000000 ) );
#3531 = CARTESIAN_POINT( '', ( -1.20591639871383, -0.0570203644158628, 2.10000000000000 ) );
#3532 = CARTESIAN_POINT( '', ( -1.20591639871383, 0.158885316184352, 2.10000000000000 ) );
#3533 = CARTESIAN_POINT( '', ( -1.20591639871383, 0.374790996784566, 2.10000000000000 ) );
#3534 = CARTESIAN_POINT( '', ( -1.20591639871383, 0.374790996784566, 2.10000000000000 ) );
#3535 = CARTESIAN_POINT( '', ( -1.28154340836013, 0.158885316184352, 2.10000000000000 ) );
#3536 = CARTESIAN_POINT( '', ( -1.35717041800643, -0.0570203644158628, 2.10000000000000 ) );
#3537 = CARTESIAN_POINT( '', ( -1.43279742765273, -0.272926045016077, 2.10000000000000 ) );
#3538 = COLOUR_RGB( '', 0.119999997300000, 0.119999997300000, 0.119999997300000 );
#3539 = CARTESIAN_POINT( '', ( 1.44874598070740, 0.0172347266881030, 2.09800000000000 ) );
#3540 = CARTESIAN_POINT( '', ( 1.44874598070740, 0.0172347266881030, 2.09800000000000 ) );
#3541 = CARTESIAN_POINT( '', ( 1.44874598070740, -0.0568488745980707, 2.09800000000000 ) );
#3542 = CARTESIAN_POINT( '', ( 1.46315112540193, -0.110353697749196, 2.09800000000000 ) );
#3543 = CARTESIAN_POINT( '', ( 1.52180064308682, -0.178263665594856, 2.09800000000000 ) );
#3544 = CARTESIAN_POINT( '', ( 1.55884244372990, -0.195241157556270, 2.09800000000000 ) );
#3545 = CARTESIAN_POINT( '', ( 1.64681672025724, -0.195241157556270, 2.09800000000000 ) );
#3546 = CARTESIAN_POINT( '', ( 1.68334405144695, -0.178263665594856, 2.09800000000000 ) );
#3547 = CARTESIAN_POINT( '', ( 1.71266881028939, -0.144823151125402, 2.09800000000000 ) );
#3548 = CARTESIAN_POINT( '', ( 1.74247224461735, -0.110836778646145, 2.09800000000000 ) );
#3549 = CARTESIAN_POINT( '', ( 1.75742765273312, -0.0578778135048231, 2.09800000000000 ) );
#3550 = CARTESIAN_POINT( '', ( 1.75742765273312, 0.0830868167202573, 2.09800000000000 ) );
#3551 = CARTESIAN_POINT( '', ( 1.74199356913183, 0.134533762057878, 2.09800000000000 ) );
#3552 = CARTESIAN_POINT( '', ( 1.71163987138263, 0.170032154340836, 2.09800000000000 ) );
#3553 = CARTESIAN_POINT( '', ( 1.68154028733699, 0.205233362800994, 2.09800000000000 ) );
#3554 = CARTESIAN_POINT( '', ( 1.64424437299035, 0.221993569131833, 2.09800000000000 ) );
#3555 = CARTESIAN_POINT( '', ( 1.60102893890675, 0.222508038585209, 2.09800000000000 ) );
#3556 = CARTESIAN_POINT( '', ( 1.55885454546283, 0.223010114697637, 2.09800000000000 ) );
#3557 = CARTESIAN_POINT( '', ( 1.52282958199357, 0.205016077170418, 2.09800000000000 ) );
#3558 = CARTESIAN_POINT( '', ( 1.49299035369775, 0.170546623794213, 2.09800000000000 ) );
#3559 = CARTESIAN_POINT( '', ( 1.46337150936235, 0.136331751889523, 2.09800000000000 ) );
#3560 = CARTESIAN_POINT( '', ( 1.44874598070740, 0.0851446945337621, 2.09800000000000 ) );
#3561 = CARTESIAN_POINT( '', ( 1.44874598070740, 0.0172347266881030, 2.09800000000000 ) );
#3562 = CARTESIAN_POINT( '', ( 1.75022508038585, -0.200385852090032, 2.09800000000000 ) );
#3563 = CARTESIAN_POINT( '', ( 1.70803858520900, -0.249260450160772, 2.09800000000000 ) );
#3564 = CARTESIAN_POINT( '', ( 1.65607717041800, -0.272926045016077, 2.09800000000000 ) );
#3565 = CARTESIAN_POINT( '', ( 1.51665594855305, -0.272926045016077, 2.09800000000000 ) );
#3566 = CARTESIAN_POINT( '', ( 1.45697749196141, -0.245659163987138, 2.09800000000000 ) );
#3567 = CARTESIAN_POINT( '', ( 1.41427652733119, -0.189581993569132, 2.09800000000000 ) );
#3568 = CARTESIAN_POINT( '', ( 1.37201235466735, -0.134078441516616, 2.09800000000000 ) );
#3569 = CARTESIAN_POINT( '', ( 1.35099678456592, -0.0676527331189710, 2.09800000000000 ) );
#3570 = CARTESIAN_POINT( '', ( 1.35099678456592, 0.0635369774919615, 2.09800000000000 ) );
#3571 = CARTESIAN_POINT( '', ( 1.36025723472669, 0.112926045016077, 2.09800000000000 ) );
#3572 = CARTESIAN_POINT( '', ( 1.37980707395498, 0.158713826366559, 2.09800000000000 ) );
#3573 = CARTESIAN_POINT( '', ( 1.39898533054765, 0.203631322070444, 2.09800000000000 ) );
#3574 = CARTESIAN_POINT( '', ( 1.42765273311897, 0.238456591639872, 2.09800000000000 ) );
#3575 = CARTESIAN_POINT( '', ( 1.50173633440515, 0.287845659163987, 2.09800000000000 ) );
#3576 = CARTESIAN_POINT( '', ( 1.54495176848875, 0.300192926045016, 2.09800000000000 ) );
#3577 = CARTESIAN_POINT( '', ( 1.66122186495177, 0.300192926045016, 2.09800000000000 ) );
#3578 = CARTESIAN_POINT( '', ( 1.71575562700965, 0.272926045016077, 2.09800000000000 ) );
#3579 = CARTESIAN_POINT( '', ( 1.75897106109325, 0.218906752411576, 2.09800000000000 ) );
#3580 = COLOUR_RGB( '', 0.119999997300000, 0.119999997300000, 0.119999997300000 );
#3581 = CARTESIAN_POINT( '', ( 0.00565916398713841, 0.499807073954984, 2.09800000000000 ) );
#3582 = CARTESIAN_POINT( '', ( 0.00565916398713841, 0.499807073954984, 2.09800000000000 ) );
#3583 = VECTOR( '', #4067, 1000.00000000000 );
#3584 = CARTESIAN_POINT( '', ( 0.00565916398713841, 0.499807073954984, 2.09800000000000 ) );
#3585 = CARTESIAN_POINT( '', ( 0.100321543408360, 0.499807073954984, 2.09800000000000 ) );
#3586 = COLOUR_RGB( '', 0.119999997300000, 0.119999997300000, 0.119999997300000 );
#3587 = COLOUR_RGB( '', 0.119999997300000, 0.119999997300000, 0.119999997300000 );
#3588 = CARTESIAN_POINT( '', ( 1.10000000000000, 2.70000000000000, 0.000000000000000 ) );
#3589 = CARTESIAN_POINT( '', ( 1.10000000000000, -2.70000000000000, 0.000000000000000 ) );
#3590 = CARTESIAN_POINT( '', ( 1.10000000000000, 2.70000000000000, 0.000000000000000 ) );
#3591 = VECTOR( '', #4068, 1000.00000000000 );
#3592 = CARTESIAN_POINT( '', ( 1.10000000000000, 2.70000000000000, 0.000200000000000000 ) );
#3593 = VECTOR( '', #4069, 1000.00000000000 );
#3594 = CARTESIAN_POINT( '', ( 1.10000000000000, -2.70000000000000, 0.000200000000000000 ) );
#3595 = VECTOR( '', #4070, 1000.00000000000 );
#3596 = COLOUR_RGB( '', 0.860000014300000, 0.860000014300000, 0.860000014300000 );
#3597 = CARTESIAN_POINT( '', ( -2.70000000000000, -0.800000000000000, 0.000000000000000 ) );
#3598 = VECTOR( '', #4071, 1000.00000000000 );
#3599 = COLOUR_RGB( '', 0.119999997300000, 0.119999997300000, 0.119999997300000 );
#3600 = CARTESIAN_POINT( '', ( -0.855562700964630, -0.185980707395498, 2.10000000000000 ) );
#3601 = CARTESIAN_POINT( '', ( -0.835978463444425, -0.202918426331893, 2.10000000000000 ) );
#3602 = CARTESIAN_POINT( '', ( -0.808231511254019, -0.211704180064308, 2.10000000000000 ) );
#3603 = CARTESIAN_POINT( '', ( -0.771189710610933, -0.211189710610933, 2.10000000000000 ) );
#3604 = CARTESIAN_POINT( '', ( -0.734162198029810, -0.210675439602861, 2.10000000000000 ) );
#3605 = CARTESIAN_POINT( '', ( -0.701736334405145, -0.203472668810290, 2.10000000000000 ) );
#3606 = CARTESIAN_POINT( '', ( -0.672926045016077, -0.187524115755627, 2.10000000000000 ) );
#3607 = CARTESIAN_POINT( '', ( -0.644509550161007, -0.171793556103713, 2.10000000000000 ) );
#3608 = CARTESIAN_POINT( '', ( -0.623536977491962, -0.149453376205788, 2.10000000000000 ) );
#3609 = CARTESIAN_POINT( '', ( -0.610160771704180, -0.121672025723473, 2.10000000000000 ) );
#3610 = CARTESIAN_POINT( '', ( -0.599979661842322, -0.100526643702690, 2.10000000000000 ) );
#3611 = CARTESIAN_POINT( '', ( -0.594726688102894, -0.0686816720257234, 2.10000000000000 ) );
#3612 = CARTESIAN_POINT( '', ( -0.594726688102894, -0.0264951768488745, 2.10000000000000 ) );
#3613 = CARTESIAN_POINT( '', ( -0.594726688102894, -0.0150053590568059, 2.10000000000000 ) );
#3614 = CARTESIAN_POINT( '', ( -0.594383708467310, -0.00351554126473729, 2.10000000000000 ) );
#3615 = CARTESIAN_POINT( '', ( -0.594212218649518, 0.00797427652733131, 2.10000000000000 ) );
#3616 = COLOUR_RGB( '', 0.119999997300000, 0.119999997300000, 0.119999997300000 );
#3617 = CARTESIAN_POINT( '', ( 0.326173633440514, 0.287845659163987, 2.09800000000000 ) );
#3618 = CARTESIAN_POINT( '', ( 0.100321543408360, 0.0604501607717043, 2.09800000000000 ) );
#3619 = CARTESIAN_POINT( '', ( 0.326173633440514, 0.287845659163987, 2.09800000000000 ) );
#3620 = CARTESIAN_POINT( '', ( 0.326173633440514, 0.287845659163987, 2.09800000000000 ) );
#3621 = VECTOR( '', #4072, 1000.00000000000 );
#3622 = COLOUR_RGB( '', 0.119999997300000, 0.119999997300000, 0.119999997300000 );
#3623 = CARTESIAN_POINT( '', ( 0.870482315112540, 0.208102893890675, 2.09800000000000 ) );
#3624 = CARTESIAN_POINT( '', ( 0.870482315112540, 0.287845659163987, 2.09800000000000 ) );
#3625 = CARTESIAN_POINT( '', ( 0.870482315112540, 0.261264737406217, 2.09800000000000 ) );
#3626 = CARTESIAN_POINT( '', ( 0.870482315112540, 0.234683815648446, 2.09800000000000 ) );
#3627 = CARTESIAN_POINT( '', ( 0.870482315112540, 0.208102893890675, 2.09800000000000 ) );
#3628 = CARTESIAN_POINT( '', ( 0.870482315112540, 0.208102893890675, 2.09800000000000 ) );
#3629 = VECTOR( '', #4073, 1000.00000000000 );
#3630 = COLOUR_RGB( '', 0.119999997300000, 0.119999997300000, 0.119999997300000 );
#3631 = CARTESIAN_POINT( '', ( 1.24090032154341, -0.272926045016077, 2.09800000000000 ) );
#3632 = CARTESIAN_POINT( '', ( 1.24090032154341, -0.272926045016077, 2.09800000000000 ) );
#3633 = VECTOR( '', #4074, 1000.00000000000 );
#3634 = CARTESIAN_POINT( '', ( 1.14623794212219, -0.272926045016077, 2.09800000000000 ) );
#3635 = CARTESIAN_POINT( '', ( 1.24090032154341, -0.272926045016077, 2.09800000000000 ) );
#3636 = CARTESIAN_POINT( '', ( 1.20934619506967, -0.272926045016077, 2.09800000000000 ) );
#3637 = CARTESIAN_POINT( '', ( 1.17779206859593, -0.272926045016077, 2.09800000000000 ) );
#3638 = CARTESIAN_POINT( '', ( 1.14623794212219, -0.272926045016077, 2.09800000000000 ) );
#3639 = CARTESIAN_POINT( '', ( 1.14623794212219, -0.272926045016077, 2.09800000000000 ) );
#3640 = VECTOR( '', #4075, 1000.00000000000 );
#3641 = COLOUR_RGB( '', 0.119999997300000, 0.119999997300000, 0.119999997300000 );
#3642 = CARTESIAN_POINT( '', ( -1.47138263665595, -0.161800643086817, 2.09800000000000 ) );
#3643 = CARTESIAN_POINT( '', ( -1.47138263665595, -0.161800643086817, 2.09800000000000 ) );
#3644 = VECTOR( '', #4076, 1000.00000000000 );
#3645 = CARTESIAN_POINT( '', ( -1.47138263665595, -0.161800643086817, 2.09800000000000 ) );
#3646 = CARTESIAN_POINT( '', ( -1.46263665594855, -0.133504823151125, 2.09800000000000 ) );
#3647 = CARTESIAN_POINT( '', ( -1.44874598070740, -0.0923472668810289, 2.09800000000000 ) );
#3648 = CARTESIAN_POINT( '', ( -1.43022508038585, -0.0378135048231511, 2.09800000000000 ) );
#3649 = CARTESIAN_POINT( '', ( -1.36921882296434, 0.141816030917978, 2.09800000000000 ) );
#3650 = CARTESIAN_POINT( '', ( -1.30572347266881, 0.320600214362272, 2.09800000000000 ) );
#3651 = CARTESIAN_POINT( '', ( -1.24347266881029, 0.499807073954984, 2.09800000000000 ) );
#3652 = COLOUR_RGB( '', 0.860000014300000, 0.860000014300000, 0.860000014300000 );
#3653 = COLOUR_RGB( '', 0.119999997300000, 0.119999997300000, 0.119999997300000 );
#3654 = CARTESIAN_POINT( '', ( 0.870482315112540, 0.208102893890675, 2.09800000000000 ) );
#3655 = CARTESIAN_POINT( '', ( 0.911639871382636, 0.269324758842444, 2.09800000000000 ) );
#3656 = CARTESIAN_POINT( '', ( 0.971318327974276, 0.300192926045016, 2.09800000000000 ) );
#3657 = CARTESIAN_POINT( '', ( 1.08295819935691, 0.300192926045016, 2.09800000000000 ) );
#3658 = CARTESIAN_POINT( '', ( 1.11382636655949, 0.294019292604501, 2.09800000000000 ) );
#3659 = CARTESIAN_POINT( '', ( 1.14212218649518, 0.282186495176849, 2.09800000000000 ) );
#3660 = CARTESIAN_POINT( '', ( 1.17060112513051, 0.270277120838437, 2.09800000000000 ) );
#3661 = CARTESIAN_POINT( '', ( 1.19202572347267, 0.253890675241158, 2.09800000000000 ) );
#3662 = CARTESIAN_POINT( '', ( 1.20591639871383, 0.234340836012862, 2.09800000000000 ) );
#3663 = CARTESIAN_POINT( '', ( 1.22004998498083, 0.214449122007450, 2.09800000000000 ) );
#3664 = CARTESIAN_POINT( '', ( 1.23009646302251, 0.191125401929261, 2.09800000000000 ) );
#3665 = CARTESIAN_POINT( '', ( 1.23524115755627, 0.163858520900321, 2.09800000000000 ) );
#3666 = CARTESIAN_POINT( '', ( 1.23855187194857, 0.146311734621128, 2.09800000000000 ) );
#3667 = CARTESIAN_POINT( '', ( 1.24090032154341, 0.115498392282958, 2.09800000000000 ) );
#3668 = CARTESIAN_POINT( '', ( 1.24090032154341, 0.0717684887459808, 2.09800000000000 ) );
#3669 = CARTESIAN_POINT( '', ( 1.24090032154341, -0.0431296891747052, 2.09800000000000 ) );
#3670 = CARTESIAN_POINT( '', ( 1.24090032154341, -0.158027867095391, 2.09800000000000 ) );
#3671 = CARTESIAN_POINT( '', ( 1.24090032154341, -0.272926045016077, 2.09800000000000 ) );
#3672 = COLOUR_RGB( '', 0.119999997300000, 0.119999997300000, 0.119999997300000 );
#3673 = CARTESIAN_POINT( '', ( -0.969774919614148, 0.127845659163987, 2.09800000000000 ) );
#3674 = CARTESIAN_POINT( '', ( -0.969774919614148, 0.127845659163987, 2.09800000000000 ) );
#3675 = VECTOR( '', #4077, 1000.00000000000 );
#3676 = CARTESIAN_POINT( '', ( -0.470739549839228, -0.272926045016077, 2.09800000000000 ) );
#3677 = CARTESIAN_POINT( '', ( -0.969774919614148, 0.127845659163987, 2.09800000000000 ) );
#3678 = CARTESIAN_POINT( '', ( -0.961543408360129, 0.167459807073955, 2.09800000000000 ) );
#3679 = CARTESIAN_POINT( '', ( -0.947652733118971, 0.199356913183280, 2.09800000000000 ) );
#3680 = CARTESIAN_POINT( '', ( -0.928102893890676, 0.224051446945337, 2.09800000000000 ) );
#3681 = CARTESIAN_POINT( '', ( -0.908803426135955, 0.248429722003933, 2.09800000000000 ) );
#3682 = CARTESIAN_POINT( '', ( -0.880771704180064, 0.267266881028939, 2.09800000000000 ) );
#3683 = CARTESIAN_POINT( '', ( -0.844244372990354, 0.280643086816721, 2.09800000000000 ) );
#3684 = CARTESIAN_POINT( '', ( -0.807429525637702, 0.294124580213466, 2.09800000000000 ) );
#3685 = CARTESIAN_POINT( '', ( -0.765016077170418, 0.300192926045016, 2.09800000000000 ) );
#3686 = CARTESIAN_POINT( '', ( -0.668810289389068, 0.300192926045016, 2.09800000000000 ) );
#3687 = CARTESIAN_POINT( '', ( -0.630225080385852, 0.294533762057878, 2.09800000000000 ) );
#3688 = CARTESIAN_POINT( '', ( -0.599871382636656, 0.283215434083602, 2.09800000000000 ) );
#3689 = CARTESIAN_POINT( '', ( -0.569969354034296, 0.272065525113230, 2.09800000000000 ) );
#3690 = CARTESIAN_POINT( '', ( -0.547909967845659, 0.258006430868167, 2.09800000000000 ) );
#3691 = CARTESIAN_POINT( '', ( -0.520128617363344, 0.224051446945337, 2.09800000000000 ) );
#3692 = CARTESIAN_POINT( '', ( -0.510353697749196, 0.202443729903537, 2.09800000000000 ) );
#3693 = CARTESIAN_POINT( '', ( -0.504694533762058, 0.176720257234727, 2.09800000000000 ) );
#3694 = CARTESIAN_POINT( '', ( -0.501073618841634, 0.160261553050982, 2.09800000000000 ) );
#3695 = CARTESIAN_POINT( '', ( -0.499549839228296, 0.130932475884244, 2.09800000000000 ) );
#3696 = CARTESIAN_POINT( '', ( -0.499549839228296, 0.0887459807073956, 2.09800000000000 ) );
#3697 = CARTESIAN_POINT( '', ( -0.499549839228296, 0.0463879957127546, 2.09800000000000 ) );
#3698 = CARTESIAN_POINT( '', ( -0.499549839228296, 0.00403001071811370, 2.09800000000000 ) );
#3699 = CARTESIAN_POINT( '', ( -0.499549839228296, -0.0383279742765273, 2.09800000000000 ) );
#3700 = CARTESIAN_POINT( '', ( -0.499549839228296, -0.126816720257235, 2.09800000000000 ) );
#3701 = CARTESIAN_POINT( '', ( -0.497491961414791, -0.182379421221865, 2.09800000000000 ) );
#3702 = CARTESIAN_POINT( '', ( -0.493890675241158, -0.206045016077170, 2.09800000000000 ) );
#3703 = CARTESIAN_POINT( '', ( -0.490354262120998, -0.229284302295359, 2.09800000000000 ) );
#3704 = CARTESIAN_POINT( '', ( -0.482057877813505, -0.251832797427653, 2.09800000000000 ) );
#3705 = CARTESIAN_POINT( '', ( -0.470739549839228, -0.272926045016077, 2.09800000000000 ) );
#3706 = CARTESIAN_POINT( '', ( -0.470739549839228, -0.272926045016077, 2.09800000000000 ) );
#3707 = VECTOR( '', #4078, 1000.00000000000 );
#3708 = COLOUR_RGB( '', 0.119999997300000, 0.119999997300000, 0.119999997300000 );
#3709 = CARTESIAN_POINT( '', ( 2.70000000000000, -2.70000000000000, 2.10000000000000 ) );
#3710 = VECTOR( '', #4079, 1000.00000000000 );
#3711 = CARTESIAN_POINT( '', ( -2.70000000000000, -2.70000000000000, 0.000200000000000000 ) );
#3712 = CARTESIAN_POINT( '', ( -2.70000000000000, -2.70000000000000, 2.10000000000000 ) );
#3713 = VECTOR( '', #4080, 1000.00000000000 );
#3714 = CARTESIAN_POINT( '', ( -1.10000000000000, -2.70000000000000, 0.000200000000000000 ) );
#3715 = CARTESIAN_POINT( '', ( -1.10000000000000, -2.70000000000000, 0.000200000000000000 ) );
#3716 = VECTOR( '', #4081, 1000.00000000000 );
#3717 = CARTESIAN_POINT( '', ( -1.10000000000000, -2.70000000000000, 0.000000000000000 ) );
#3718 = CARTESIAN_POINT( '', ( -1.10000000000000, -2.70000000000000, 0.000200000000000000 ) );
#3719 = VECTOR( '', #4082, 1000.00000000000 );
#3720 = CARTESIAN_POINT( '', ( -2.70000000000000, -2.70000000000000, 0.000000000000000 ) );
#3721 = VECTOR( '', #4083, 1000.00000000000 );
#3722 = COLOUR_RGB( '', 0.119999997300000, 0.119999997300000, 0.119999997300000 );
#3723 = CARTESIAN_POINT( '', ( 0.879742765273312, -0.272926045016077, 2.09800000000000 ) );
#3724 = CARTESIAN_POINT( '', ( 1.14623794212219, -0.272926045016077, 2.09800000000000 ) );
#3725 = CARTESIAN_POINT( '', ( 1.14623794212219, -0.159056806002144, 2.09800000000000 ) );
#3726 = CARTESIAN_POINT( '', ( 1.14623794212219, -0.0451875669882100, 2.09800000000000 ) );
#3727 = CARTESIAN_POINT( '', ( 1.14623794212219, 0.0686816720257236, 2.09800000000000 ) );
#3728 = CARTESIAN_POINT( '', ( 1.14623794212219, 0.107266881028939, 2.09800000000000 ) );
#3729 = CARTESIAN_POINT( '', ( 1.14263665594855, 0.136077170418006, 2.09800000000000 ) );
#3730 = CARTESIAN_POINT( '', ( 1.13543408360129, 0.155627009646302, 2.09800000000000 ) );
#3731 = CARTESIAN_POINT( '', ( 1.12833691475178, 0.174890753666379, 2.09800000000000 ) );
#3732 = CARTESIAN_POINT( '', ( 1.11485530546624, 0.190096463022508, 2.09800000000000 ) );
#3733 = CARTESIAN_POINT( '', ( 1.07678456591640, 0.212733118971061, 2.09800000000000 ) );
#3734 = CARTESIAN_POINT( '', ( 1.05466237942122, 0.218392282958199, 2.09800000000000 ) );
#3735 = CARTESIAN_POINT( '', ( 1.02893890675241, 0.218906752411576, 2.09800000000000 ) );
#3736 = CARTESIAN_POINT( '', ( 0.988322355945081, 0.219719083427722, 2.09800000000000 ) );
#3737 = CARTESIAN_POINT( '', ( 0.953311897106110, 0.205530546623794, 2.09800000000000 ) );
#3738 = CARTESIAN_POINT( '', ( 0.894662379421222, 0.154083601286174, 2.09800000000000 ) );
#3739 = CARTESIAN_POINT( '', ( 0.879742765273312, 0.105209003215434, 2.09800000000000 ) );
#3740 = CARTESIAN_POINT( '', ( 0.879742765273312, 0.0336977491961416, 2.09800000000000 ) );
#3741 = CARTESIAN_POINT( '', ( 0.879742765273312, -0.0685101822079313, 2.09800000000000 ) );
#3742 = CARTESIAN_POINT( '', ( 0.879742765273312, -0.170718113612004, 2.09800000000000 ) );
#3743 = CARTESIAN_POINT( '', ( 0.879742765273312, -0.272926045016077, 2.09800000000000 ) );
#3744 = CARTESIAN_POINT( '', ( 0.879742765273312, -0.272926045016077, 2.09800000000000 ) );
#3745 = VECTOR( '', #4084, 1000.00000000000 );
#3746 = COLOUR_RGB( '', 0.119999997300000, 0.119999997300000, 0.119999997300000 );
#3747 = CARTESIAN_POINT( '', ( -1.25000000000000, 1.13480707395498, 2.09800000000000 ) );
#3748 = AXIS2_PLACEMENT_3D( '', #4085, #4086, #4087 );
#3749 = COLOUR_RGB( '', 0.119999997300000, 0.119999997300000, 0.119999997300000 );
#3750 = CARTESIAN_POINT( '', ( -2.70000000000000, 2.70000000000000, 0.000200000000000000 ) );
#3751 = CARTESIAN_POINT( '', ( -2.70000000000000, -2.70000000000000, 0.000200000000000000 ) );
#3752 = VECTOR( '', #4088, 1000.00000000000 );
#3753 = CARTESIAN_POINT( '', ( -2.70000000000000, 2.70000000000000, 2.10000000000000 ) );
#3754 = VECTOR( '', #4089, 1000.00000000000 );
#3755 = COLOUR_RGB( '', 0.119999997300000, 0.119999997300000, 0.119999997300000 );
#3756 = CARTESIAN_POINT( '', ( -0.260321543408361, -0.272926045016077, 2.09800000000000 ) );
#3757 = CARTESIAN_POINT( '', ( -0.291704180064309, -0.272926045016077, 2.09800000000000 ) );
#3758 = CARTESIAN_POINT( '', ( -0.323086816720257, -0.272926045016077, 2.09800000000000 ) );
#3759 = CARTESIAN_POINT( '', ( -0.354469453376206, -0.272926045016077, 2.09800000000000 ) );
#3760 = CARTESIAN_POINT( '', ( -0.0535048231511252, 0.269839228295820, 2.09800000000000 ) );
#3761 = CARTESIAN_POINT( '', ( -0.0535048231511252, 0.269839228295820, 2.09800000000000 ) );
#3762 = CARTESIAN_POINT( '', ( -0.0644801714898178, 0.240857449088960, 2.09800000000000 ) );
#3763 = CARTESIAN_POINT( '', ( -0.0754555198285102, 0.211875669882101, 2.09800000000000 ) );
#3764 = CARTESIAN_POINT( '', ( -0.0864308681672028, 0.182893890675241, 2.09800000000000 ) );
#3765 = CARTESIAN_POINT( '', ( -0.269067524115756, 0.202958199356914, 2.09800000000000 ) );
#3766 = CARTESIAN_POINT( '', ( -0.247459807073955, 0.242572347266881, 2.09800000000000 ) );
#3767 = CARTESIAN_POINT( '', ( -0.227909967845659, 0.268810289389068, 2.09800000000000 ) );
#3768 = CARTESIAN_POINT( '', ( -0.209903536977492, 0.281157556270096, 2.09800000000000 ) );
#3769 = CARTESIAN_POINT( '', ( -0.191307223032577, 0.293909314403753, 2.09800000000000 ) );
#3770 = CARTESIAN_POINT( '', ( -0.171318327974277, 0.300192926045016, 2.09800000000000 ) );
#3771 = CARTESIAN_POINT( '', ( -0.117813504823151, 0.300192926045016, 2.09800000000000 ) );
#3772 = CARTESIAN_POINT( '', ( -0.0859163987138264, 0.289903536977492, 2.09800000000000 ) );
#3773 = CARTESIAN_POINT( '', ( -0.0535048231511252, 0.269839228295820, 2.09800000000000 ) );
#3774 = CARTESIAN_POINT( '', ( -0.354469453376206, 0.287845659163987, 2.09800000000000 ) );
#3775 = CARTESIAN_POINT( '', ( -0.326002143622723, 0.287845659163987, 2.09800000000000 ) );
#3776 = CARTESIAN_POINT( '', ( -0.297534833869239, 0.287845659163987, 2.09800000000000 ) );
#3777 = CARTESIAN_POINT( '', ( -0.269067524115756, 0.287845659163987, 2.09800000000000 ) );
#3778 = COLOUR_RGB( '', 0.119999997300000, 0.119999997300000, 0.119999997300000 );
#3779 = COLOUR_RGB( '', 0.119999997300000, 0.119999997300000, 0.119999997300000 );
#3780 = COLOUR_RGB( '', 0.119999997300000, 0.119999997300000, 0.119999997300000 );
#3781 = CARTESIAN_POINT( '', ( 0.785080385852090, -0.272926045016077, 2.09800000000000 ) );
#3782 = CARTESIAN_POINT( '', ( 0.879742765273312, -0.272926045016077, 2.09800000000000 ) );
#3783 = CARTESIAN_POINT( '', ( 0.848188638799572, -0.272926045016077, 2.09800000000000 ) );
#3784 = CARTESIAN_POINT( '', ( 0.816634512325831, -0.272926045016077, 2.09800000000000 ) );
#3785 = CARTESIAN_POINT( '', ( 0.785080385852090, -0.272926045016077, 2.09800000000000 ) );
#3786 = CARTESIAN_POINT( '', ( 0.785080385852090, -0.272926045016077, 2.09800000000000 ) );
#3787 = CARTESIAN_POINT( '', ( 0.785080385852090, -0.0860021436227224, 2.09800000000000 ) );
#3788 = CARTESIAN_POINT( '', ( 0.785080385852090, 0.100921757770632, 2.09800000000000 ) );
#3789 = CARTESIAN_POINT( '', ( 0.785080385852090, 0.287845659163987, 2.09800000000000 ) );
#3790 = COLOUR_RGB( '', 0.119999997300000, 0.119999997300000, 0.119999997300000 );
#3791 = COLOUR_RGB( '', 0.119999997300000, 0.119999997300000, 0.119999997300000 );
#3792 = CARTESIAN_POINT( '', ( -0.470739549839228, -0.272926045016077, 2.09800000000000 ) );
#3793 = CARTESIAN_POINT( '', ( -0.503322615219721, -0.272926045016077, 2.09800000000000 ) );
#3794 = CARTESIAN_POINT( '', ( -0.535905680600214, -0.272926045016077, 2.09800000000000 ) );
#3795 = CARTESIAN_POINT( '', ( -0.568488745980708, -0.272926045016077, 2.09800000000000 ) );
#3796 = COLOUR_RGB( '', 0.119999997300000, 0.119999997300000, 0.119999997300000 );
#3797 = COLOUR_RGB( '', 0.119999997300000, 0.119999997300000, 0.119999997300000 );
#3798 = CARTESIAN_POINT( '', ( 0.449646302250803, 0.287845659163987, 2.09800000000000 ) );
#3799 = CARTESIAN_POINT( '', ( 0.449646302250803, 0.287845659163987, 2.09800000000000 ) );
#3800 = VECTOR( '', #4090, 1000.00000000000 );
#3801 = CARTESIAN_POINT( '', ( 0.449646302250803, 0.287845659163987, 2.09800000000000 ) );
#3802 = CARTESIAN_POINT( '', ( 0.234598070739550, 0.0789710610932477, 2.09800000000000 ) );
#3803 = COLOUR_RGB( '', 0.119999997300000, 0.119999997300000, 0.119999997300000 );
#3804 = CARTESIAN_POINT( '', ( 1.44874598070740, 0.0172347266881030, 2.10000000000000 ) );
#3805 = CARTESIAN_POINT( '', ( 1.44874598070740, 0.0172347266881030, 2.10000000000000 ) );
#3806 = CARTESIAN_POINT( '', ( 1.44874598070740, -0.0568488745980707, 2.10000000000000 ) );
#3807 = CARTESIAN_POINT( '', ( 1.46315112540193, -0.110353697749196, 2.10000000000000 ) );
#3808 = CARTESIAN_POINT( '', ( 1.52180064308682, -0.178263665594856, 2.10000000000000 ) );
#3809 = CARTESIAN_POINT( '', ( 1.55884244372990, -0.195241157556270, 2.10000000000000 ) );
#3810 = CARTESIAN_POINT( '', ( 1.64681672025724, -0.195241157556270, 2.10000000000000 ) );
#3811 = CARTESIAN_POINT( '', ( 1.68334405144695, -0.178263665594856, 2.10000000000000 ) );
#3812 = CARTESIAN_POINT( '', ( 1.71266881028939, -0.144823151125402, 2.10000000000000 ) );
#3813 = CARTESIAN_POINT( '', ( 1.74247224461735, -0.110836778646145, 2.10000000000000 ) );
#3814 = CARTESIAN_POINT( '', ( 1.75742765273312, -0.0578778135048231, 2.10000000000000 ) );
#3815 = CARTESIAN_POINT( '', ( 1.75742765273312, 0.0830868167202573, 2.10000000000000 ) );
#3816 = CARTESIAN_POINT( '', ( 1.74199356913183, 0.134533762057878, 2.10000000000000 ) );
#3817 = CARTESIAN_POINT( '', ( 1.71163987138263, 0.170032154340836, 2.10000000000000 ) );
#3818 = CARTESIAN_POINT( '', ( 1.68154028733699, 0.205233362800994, 2.10000000000000 ) );
#3819 = CARTESIAN_POINT( '', ( 1.64424437299035, 0.221993569131833, 2.10000000000000 ) );
#3820 = CARTESIAN_POINT( '', ( 1.60102893890675, 0.222508038585209, 2.10000000000000 ) );
#3821 = CARTESIAN_POINT( '', ( 1.55885454546283, 0.223010114697637, 2.10000000000000 ) );
#3822 = CARTESIAN_POINT( '', ( 1.52282958199357, 0.205016077170418, 2.10000000000000 ) );
#3823 = CARTESIAN_POINT( '', ( 1.49299035369775, 0.170546623794213, 2.10000000000000 ) );
#3824 = CARTESIAN_POINT( '', ( 1.46337150936235, 0.136331751889523, 2.10000000000000 ) );
#3825 = CARTESIAN_POINT( '', ( 1.44874598070740, 0.0851446945337621, 2.10000000000000 ) );
#3826 = CARTESIAN_POINT( '', ( 1.44874598070740, 0.0172347266881030, 2.10000000000000 ) );
#3827 = COLOUR_RGB( '', 0.119999997300000, 0.119999997300000, 0.119999997300000 );
#3828 = CARTESIAN_POINT( '', ( 0.00565916398713841, -0.272926045016077, 2.09800000000000 ) );
#3829 = CARTESIAN_POINT( '', ( 0.00565916398713841, -0.272926045016077, 2.09800000000000 ) );
#3830 = VECTOR( '', #4091, 1000.00000000000 );
#3831 = CARTESIAN_POINT( '', ( 0.00565916398713841, -0.272926045016077, 2.09800000000000 ) );
#3832 = CARTESIAN_POINT( '', ( 0.00565916398713841, 0.499807073954984, 2.09800000000000 ) );
#3833 = COLOUR_RGB( '', 0.119999997300000, 0.119999997300000, 0.119999997300000 );
#3834 = CARTESIAN_POINT( '', ( 0.785080385852090, -0.272926045016077, 2.09800000000000 ) );
#3835 = VECTOR( '', #4092, 1000.00000000000 );
#3836 = COLOUR_RGB( '', 0.119999997300000, 0.119999997300000, 0.119999997300000 );
#3837 = CARTESIAN_POINT( '', ( -1.10765273311897, -0.272926045016077, 2.09800000000000 ) );
#3838 = CARTESIAN_POINT( '', ( -1.10765273311897, -0.272926045016077, 2.09800000000000 ) );
#3839 = VECTOR( '', #4093, 1000.00000000000 );
#3840 = CARTESIAN_POINT( '', ( -1.20591639871383, -0.272926045016077, 2.09800000000000 ) );
#3841 = CARTESIAN_POINT( '', ( -1.10765273311897, -0.272926045016077, 2.09800000000000 ) );
#3842 = CARTESIAN_POINT( '', ( -1.14040728831726, -0.272926045016077, 2.09800000000000 ) );
#3843 = CARTESIAN_POINT( '', ( -1.17316184351554, -0.272926045016077, 2.09800000000000 ) );
#3844 = CARTESIAN_POINT( '', ( -1.20591639871383, -0.272926045016077, 2.09800000000000 ) );
#3845 = CARTESIAN_POINT( '', ( -1.20591639871383, -0.272926045016077, 2.09800000000000 ) );
#3846 = VECTOR( '', #4094, 1000.00000000000 );
#3847 = COLOUR_RGB( '', 0.119999997300000, 0.119999997300000, 0.119999997300000 );
#3848 = CARTESIAN_POINT( '', ( 0.100321543408360, -0.272926045016077, 2.09800000000000 ) );
#3849 = CARTESIAN_POINT( '', ( 0.100321543408360, -0.272926045016077, 2.09800000000000 ) );
#3850 = CARTESIAN_POINT( '', ( 0.00565916398713841, -0.272926045016077, 2.09800000000000 ) );
#3851 = CARTESIAN_POINT( '', ( 0.100321543408360, -0.0511897106109324, 2.09800000000000 ) );
#3852 = CARTESIAN_POINT( '', ( 0.100321543408360, -0.272926045016077, 2.09800000000000 ) );
#3853 = CARTESIAN_POINT( '', ( 0.353954983922830, -0.272926045016077, 2.09800000000000 ) );
#3854 = CARTESIAN_POINT( '', ( 0.166173633440515, 0.0126045016077171, 2.09800000000000 ) );
#3855 = CARTESIAN_POINT( '', ( 0.326173633440514, 0.287845659163987, 2.09800000000000 ) );
#3856 = CARTESIAN_POINT( '', ( 0.449646302250803, 0.287845659163987, 2.09800000000000 ) );
#3857 = COLOUR_RGB( '', 0.119999997300000, 0.119999997300000, 0.119999997300000 );
#3858 = COLOUR_RGB( '', 0.119999997300000, 0.119999997300000, 0.119999997300000 );
#3859 = CARTESIAN_POINT( '', ( 0.547395498392283, -0.272926045016077, 2.09800000000000 ) );
#3860 = VECTOR( '', #4095, 1000.00000000000 );
#3861 = CARTESIAN_POINT( '', ( 0.547395498392283, 0.287845659163987, 2.09800000000000 ) );
#3862 = VECTOR( '', #4096, 1000.00000000000 );
#3863 = COLOUR_RGB( '', 0.119999997300000, 0.119999997300000, 0.119999997300000 );
#3864 = CARTESIAN_POINT( '', ( -1.10000000000000, 2.70000000000000, 0.000200000000000000 ) );
#3865 = CARTESIAN_POINT( '', ( -2.70000000000000, 2.70000000000000, 0.000200000000000000 ) );
#3866 = VECTOR( '', #4097, 1000.00000000000 );
#3867 = CARTESIAN_POINT( '', ( -1.10000000000000, 2.70000000000000, 0.000200000000000000 ) );
#3868 = VECTOR( '', #4098, 1000.00000000000 );
#3869 = COLOUR_RGB( '', 0.119999997300000, 0.119999997300000, 0.119999997300000 );
#3870 = COLOUR_RGB( '', 0.119999997300000, 0.119999997300000, 0.119999997300000 );
#3871 = CARTESIAN_POINT( '', ( -1.74662379421222, -0.272926045016077, 2.09800000000000 ) );
#3872 = CARTESIAN_POINT( '', ( -1.74662379421222, -0.272926045016077, 2.09800000000000 ) );
#3873 = VECTOR( '', #4099, 1000.00000000000 );
#3874 = CARTESIAN_POINT( '', ( -1.84437299035370, -0.272926045016077, 2.09800000000000 ) );
#3875 = CARTESIAN_POINT( '', ( -1.74662379421222, -0.272926045016077, 2.09800000000000 ) );
#3876 = CARTESIAN_POINT( '', ( -1.77920685959271, -0.272926045016077, 2.09800000000000 ) );
#3877 = CARTESIAN_POINT( '', ( -1.81178992497321, -0.272926045016077, 2.09800000000000 ) );
#3878 = CARTESIAN_POINT( '', ( -1.84437299035370, -0.272926045016077, 2.09800000000000 ) );
#3879 = CARTESIAN_POINT( '', ( -1.84437299035370, -0.272926045016077, 2.09800000000000 ) );
#3880 = VECTOR( '', #4100, 1000.00000000000 );
#3881 = COLOUR_RGB( '', 0.119999997300000, 0.119999997300000, 0.119999997300000 );
#3882 = CARTESIAN_POINT( '', ( -1.10000000000000, 2.70000000000000, 0.000000000000000 ) );
#3883 = CARTESIAN_POINT( '', ( -1.10000000000000, 2.70000000000000, 0.000000000000000 ) );
#3884 = VECTOR( '', #4101, 1000.00000000000 );
#3885 = CARTESIAN_POINT( '', ( -1.10000000000000, 2.70000000000000, 0.000200000000000000 ) );
#3886 = VECTOR( '', #4102, 1000.00000000000 );
#3887 = COLOUR_RGB( '', 0.119999997300000, 0.119999997300000, 0.119999997300000 );
#3888 = CARTESIAN_POINT( '', ( -1.69209003215434, 0.499807073954984, 2.09800000000000 ) );
#3889 = CARTESIAN_POINT( '', ( -1.69209003215434, 0.499807073954984, 2.09800000000000 ) );
#3890 = VECTOR( '', #4103, 1000.00000000000 );
#3891 = CARTESIAN_POINT( '', ( -1.69209003215434, 0.499807073954984, 2.09800000000000 ) );
#3892 = CARTESIAN_POINT( '', ( -1.63086816720257, 0.317513397642015, 2.09800000000000 ) );
#3893 = CARTESIAN_POINT( '', ( -1.56964630225080, 0.135219721329046, 2.09800000000000 ) );
#3894 = CARTESIAN_POINT( '', ( -1.50842443729903, -0.0470739549839228, 2.09800000000000 ) );
#3895 = CARTESIAN_POINT( '', ( -1.49117685765081, -0.0984301935443180, 2.09800000000000 ) );
#3896 = CARTESIAN_POINT( '', ( -1.47909967845659, -0.136591639871383, 2.09800000000000 ) );
#3897 = CARTESIAN_POINT( '', ( -1.47138263665595, -0.161800643086817, 2.09800000000000 ) );
#3898 = COLOUR_RGB( '', 0.119999997300000, 0.119999997300000, 0.119999997300000 );
#3899 = CARTESIAN_POINT( '', ( -1.84437299035370, 0.499807073954984, 2.09800000000000 ) );
#3900 = CARTESIAN_POINT( '', ( -1.84437299035370, -0.272926045016077, 2.09800000000000 ) );
#3901 = CARTESIAN_POINT( '', ( -1.84437299035370, -0.0153483386923902, 2.09800000000000 ) );
#3902 = CARTESIAN_POINT( '', ( -1.84437299035370, 0.242229367631297, 2.09800000000000 ) );
#3903 = CARTESIAN_POINT( '', ( -1.84437299035370, 0.499807073954984, 2.09800000000000 ) );
#3904 = CARTESIAN_POINT( '', ( -1.84437299035370, 0.499807073954984, 2.09800000000000 ) );
#3905 = VECTOR( '', #4104, 1000.00000000000 );
#3906 = COLOUR_RGB( '', 0.119999997300000, 0.119999997300000, 0.119999997300000 );
#3907 = CARTESIAN_POINT( '', ( -1.74662379421222, 0.385594855305466, 2.09800000000000 ) );
#3908 = CARTESIAN_POINT( '', ( -1.74662379421222, 0.166087888531619, 2.09800000000000 ) );
#3909 = CARTESIAN_POINT( '', ( -1.74662379421222, -0.0534190782422293, 2.09800000000000 ) );
#3910 = CARTESIAN_POINT( '', ( -1.74662379421222, -0.272926045016077, 2.09800000000000 ) );
#3911 = COLOUR_RGB( '', 0.119999997300000, 0.119999997300000, 0.119999997300000 );
#3912 = CARTESIAN_POINT( '', ( -0.875627009646302, 0.115498392282958, 2.09800000000000 ) );
#3913 = CARTESIAN_POINT( '', ( -0.907009646302251, 0.119614147909968, 2.09800000000000 ) );
#3914 = CARTESIAN_POINT( '', ( -0.938392282958199, 0.123729903536978, 2.09800000000000 ) );
#3915 = CARTESIAN_POINT( '', ( -0.969774919614148, 0.127845659163987, 2.09800000000000 ) );
#3916 = COLOUR_RGB( '', 0.119999997300000, 0.119999997300000, 0.119999997300000 );
#3917 = CARTESIAN_POINT( '', ( -1.20591639871383, 0.374790996784566, 2.09800000000000 ) );
#3918 = CARTESIAN_POINT( '', ( -1.20591639871383, 0.374790996784566, 2.09800000000000 ) );
#3919 = CARTESIAN_POINT( '', ( -1.28154340836013, 0.158885316184352, 2.09800000000000 ) );
#3920 = CARTESIAN_POINT( '', ( -1.35717041800643, -0.0570203644158628, 2.09800000000000 ) );
#3921 = CARTESIAN_POINT( '', ( -1.43279742765273, -0.272926045016077, 2.09800000000000 ) );
#3922 = CARTESIAN_POINT( '', ( -1.20591639871383, -0.272926045016077, 2.09800000000000 ) );
#3923 = CARTESIAN_POINT( '', ( -1.20591639871383, -0.0570203644158628, 2.09800000000000 ) );
#3924 = CARTESIAN_POINT( '', ( -1.20591639871383, 0.158885316184352, 2.09800000000000 ) );
#3925 = CARTESIAN_POINT( '', ( -1.20591639871383, 0.374790996784566, 2.09800000000000 ) );
#3926 = CARTESIAN_POINT( '', ( -1.10765273311897, 0.499807073954984, 2.09800000000000 ) );
#3927 = CARTESIAN_POINT( '', ( -1.10765273311897, 0.242229367631297, 2.09800000000000 ) );
#3928 = CARTESIAN_POINT( '', ( -1.10765273311897, -0.0153483386923901, 2.09800000000000 ) );
#3929 = CARTESIAN_POINT( '', ( -1.10765273311897, -0.272926045016077, 2.09800000000000 ) );
#3930 = CARTESIAN_POINT( '', ( -1.84437299035370, 0.499807073954984, 2.09800000000000 ) );
#3931 = CARTESIAN_POINT( '', ( -1.79361200428724, 0.499807073954984, 2.09800000000000 ) );
#3932 = CARTESIAN_POINT( '', ( -1.74285101822080, 0.499807073954984, 2.09800000000000 ) );
#3933 = CARTESIAN_POINT( '', ( -1.69209003215434, 0.499807073954984, 2.09800000000000 ) );
#3934 = COLOUR_RGB( '', 0.119999997300000, 0.119999997300000, 0.119999997300000 );
#3935 = CARTESIAN_POINT( '', ( -0.0535048231511252, 0.269839228295820, 2.09800000000000 ) );
#3936 = VECTOR( '', #4105, 1000.00000000000 );
#3937 = COLOUR_RGB( '', 0.119999997300000, 0.119999997300000, 0.119999997300000 );
#3938 = COLOUR_RGB( '', 0.119999997300000, 0.119999997300000, 0.119999997300000 );
#3939 = COLOUR_RGB( '', 0.119999997300000, 0.119999997300000, 0.119999997300000 );
#3940 = COLOUR_RGB( '', 0.119999997300000, 0.119999997300000, 0.119999997300000 );
#3941 = CARTESIAN_POINT( '', ( -0.855562700964630, -0.185980707395498, 2.09800000000000 ) );
#3942 = CARTESIAN_POINT( '', ( -0.835978463444425, -0.202918426331893, 2.09800000000000 ) );
#3943 = CARTESIAN_POINT( '', ( -0.808231511254019, -0.211704180064308, 2.09800000000000 ) );
#3944 = CARTESIAN_POINT( '', ( -0.771189710610933, -0.211189710610933, 2.09800000000000 ) );
#3945 = CARTESIAN_POINT( '', ( -0.734162198029810, -0.210675439602861, 2.09800000000000 ) );
#3946 = CARTESIAN_POINT( '', ( -0.701736334405145, -0.203472668810290, 2.09800000000000 ) );
#3947 = CARTESIAN_POINT( '', ( -0.672926045016077, -0.187524115755627, 2.09800000000000 ) );
#3948 = CARTESIAN_POINT( '', ( -0.644509550161007, -0.171793556103713, 2.09800000000000 ) );
#3949 = CARTESIAN_POINT( '', ( -0.623536977491962, -0.149453376205788, 2.09800000000000 ) );
#3950 = CARTESIAN_POINT( '', ( -0.610160771704180, -0.121672025723473, 2.09800000000000 ) );
#3951 = CARTESIAN_POINT( '', ( -0.599979661842322, -0.100526643702690, 2.09800000000000 ) );
#3952 = CARTESIAN_POINT( '', ( -0.594726688102894, -0.0686816720257234, 2.09800000000000 ) );
#3953 = CARTESIAN_POINT( '', ( -0.594726688102894, -0.0264951768488745, 2.09800000000000 ) );
#3954 = CARTESIAN_POINT( '', ( -0.594726688102894, -0.0150053590568059, 2.09800000000000 ) );
#3955 = CARTESIAN_POINT( '', ( -0.594383708467310, -0.00351554126473729, 2.09800000000000 ) );
#3956 = CARTESIAN_POINT( '', ( -0.594212218649518, 0.00797427652733131, 2.09800000000000 ) );
#3957 = CARTESIAN_POINT( '', ( -0.588553054662380, -0.202443729903537, 2.09800000000000 ) );
#3958 = CARTESIAN_POINT( '', ( -0.622508038585209, -0.232797427652733, 2.09800000000000 ) );
#3959 = CARTESIAN_POINT( '', ( -0.655948553054662, -0.254405144694534, 2.09800000000000 ) );
#3960 = CARTESIAN_POINT( '', ( -0.688874598070740, -0.267266881028939, 2.09800000000000 ) );
#3961 = CARTESIAN_POINT( '', ( -0.721179923322692, -0.279886148705482, 2.09800000000000 ) );
#3962 = CARTESIAN_POINT( '', ( -0.756270096463023, -0.285787781350482, 2.09800000000000 ) );
#3963 = CARTESIAN_POINT( '', ( -0.855562700964630, -0.285787781350482, 2.09800000000000 ) );
#3964 = CARTESIAN_POINT( '', ( -0.902893890675242, -0.270868167202573, 2.09800000000000 ) );
#3965 = CARTESIAN_POINT( '', ( -0.936334405144695, -0.240514469453376, 2.09800000000000 ) );
#3966 = CARTESIAN_POINT( '', ( -0.969236816344720, -0.210649203902584, 2.09800000000000 ) );
#3967 = CARTESIAN_POINT( '', ( -0.986237942122187, -0.172604501607717, 2.09800000000000 ) );
#3968 = CARTESIAN_POINT( '', ( -0.986237942122187, -0.0980064308681671, 2.09800000000000 ) );
#3969 = CARTESIAN_POINT( '', ( -0.979549839228296, -0.0727974276527331, 2.09800000000000 ) );
#3970 = CARTESIAN_POINT( '', ( -0.954855305466238, -0.0275241157556269, 2.09800000000000 ) );
#3971 = CARTESIAN_POINT( '', ( -0.938392282958200, -0.00951768488745969, 2.09800000000000 ) );
#3972 = CARTESIAN_POINT( '', ( -0.917813504823152, 0.00437299035369781, 2.09800000000000 ) );
#3973 = CARTESIAN_POINT( '', ( -0.897826731039777, 0.0178640626574758, 2.09800000000000 ) );
#3974 = CARTESIAN_POINT( '', ( -0.874598070739550, 0.0285530546623795, 2.09800000000000 ) );
#3975 = CARTESIAN_POINT( '', ( -0.849389067524116, 0.0357556270096464, 2.09800000000000 ) );
#3976 = CARTESIAN_POINT( '', ( -0.831042892677304, 0.0409973912515926, 2.09800000000000 ) );
#3977 = CARTESIAN_POINT( '', ( -0.802572347266881, 0.0450160771704181, 2.09800000000000 ) );
#3978 = CARTESIAN_POINT( '', ( -0.764501607717042, 0.0496463022508039, 2.09800000000000 ) );
#3979 = CARTESIAN_POINT( '', ( -0.687853158178873, 0.0589684109784189, 2.09800000000000 ) );
#3980 = CARTESIAN_POINT( '', ( -0.630739549839228, 0.0697106109324760, 2.09800000000000 ) );
#3981 = CARTESIAN_POINT( '', ( -0.594726688102894, 0.0825723472668811, 2.09800000000000 ) );
#3982 = COLOUR_RGB( '', 0.119999997300000, 0.119999997300000, 0.119999997300000 );
#3983 = CARTESIAN_POINT( '', ( 2.70000000000000, 2.70000000000000, 0.000000000000000 ) );
#3984 = VECTOR( '', #4106, 1000.00000000000 );
#3985 = COLOUR_RGB( '', 0.119999997300000, 0.119999997300000, 0.119999997300000 );
#3986 = CARTESIAN_POINT( '', ( 0.642057877813505, 0.287845659163987, 2.09800000000000 ) );
#3987 = VECTOR( '', #4107, 1000.00000000000 );
#3988 = CARTESIAN_POINT( '', ( 0.642057877813505, -0.272926045016077, 2.09800000000000 ) );
#3989 = VECTOR( '', #4108, 1000.00000000000 );
#3990 = COLOUR_RGB( '', 0.119999997300000, 0.119999997300000, 0.119999997300000 );
#3991 = COLOUR_RGB( '', 0.119999997300000, 0.119999997300000, 0.119999997300000 );
#3992 = COLOUR_RGB( '', 0.119999997300000, 0.119999997300000, 0.119999997300000 );
#3993 = CARTESIAN_POINT( '', ( -1.20591639871383, 0.374790996784566, 2.09800000000000 ) );
#3994 = VECTOR( '', #4109, 1000.00000000000 );
#3995 = COLOUR_RGB( '', 0.119999997300000, 0.119999997300000, 0.119999997300000 );
#3996 = COLOUR_RGB( '', 0.119999997300000, 0.119999997300000, 0.119999997300000 );
#3997 = CARTESIAN_POINT( '', ( 2.70000000000000, 2.70000000000000, 2.10000000000000 ) );
#3998 = VECTOR( '', #4110, 1000.00000000000 );
#3999 = COLOUR_RGB( '', 0.119999997300000, 0.119999997300000, 0.119999997300000 );
#4000 = COLOUR_RGB( '', 0.119999997300000, 0.119999997300000, 0.119999997300000 );
#4001 = CARTESIAN_POINT( '', ( 0.100321543408360, -0.272926045016077, 2.09800000000000 ) );
#4002 = VECTOR( '', #4111, 1000.00000000000 );
#4003 = COLOUR_RGB( '', 0.119999997300000, 0.119999997300000, 0.119999997300000 );
#4004 = COLOUR_RGB( '', 0.119999997300000, 0.119999997300000, 0.119999997300000 );
#4005 = COLOUR_RGB( '', 0.119999997300000, 0.119999997300000, 0.119999997300000 );
#4006 = COLOUR_RGB( '', 0.119999997300000, 0.119999997300000, 0.119999997300000 );
#4007 = COLOUR_RGB( '', 0.119999997300000, 0.119999997300000, 0.119999997300000 );
#4008 = COLOUR_RGB( '', 0.119999997300000, 0.119999997300000, 0.119999997300000 );
#4009 = DIRECTION( '', ( 0.000000000000000, 0.000000000000000, 1.00000000000000 ) );
#4010 = DIRECTION( '', ( 0.000000000000000, 0.000000000000000, 1.00000000000000 ) );
#4011 = DIRECTION( '', ( 0.000000000000000, 0.000000000000000, 1.00000000000000 ) );
#4012 = DIRECTION( '', ( 0.000000000000000, 0.000000000000000, 1.00000000000000 ) );
#4013 = DIRECTION( '', ( 0.000000000000000, 0.000000000000000, 1.00000000000000 ) );
#4014 = DIRECTION( '', ( 0.000000000000000, 0.000000000000000, 1.00000000000000 ) );
#4015 = DIRECTION( '', ( 0.000000000000000, 0.000000000000000, 1.00000000000000 ) );
#4016 = DIRECTION( '', ( 0.000000000000000, 0.000000000000000, 1.00000000000000 ) );
#4017 = DIRECTION( '', ( 0.000000000000000, 0.000000000000000, 1.00000000000000 ) );
#4018 = DIRECTION( '', ( 0.000000000000000, 0.000000000000000, 1.00000000000000 ) );
#4019 = DIRECTION( '', ( 0.000000000000000, 0.000000000000000, 1.00000000000000 ) );
#4020 = DIRECTION( '', ( 0.000000000000000, 0.000000000000000, 1.00000000000000 ) );
#4021 = DIRECTION( '', ( 0.000000000000000, 0.000000000000000, 1.00000000000000 ) );
#4022 = DIRECTION( '', ( 0.000000000000000, 0.000000000000000, 1.00000000000000 ) );
#4023 = DIRECTION( '', ( 0.000000000000000, -1.00000000000000, 0.000000000000000 ) );
#4024 = DIRECTION( '', ( 1.00000000000000, 0.000000000000000, 0.000000000000000 ) );
#4025 = DIRECTION( '', ( 0.000000000000000, 1.00000000000000, 0.000000000000000 ) );
#4026 = DIRECTION( '', ( -1.00000000000000, 0.000000000000000, 0.000000000000000 ) );
#4027 = DIRECTION( '', ( 1.00000000000000, 0.000000000000000, 0.000000000000000 ) );
#4028 = DIRECTION( '', ( 1.20466908053945E-16, -1.00000000000000, 0.000000000000000 ) );
#4029 = DIRECTION( '', ( -1.00000000000000, 0.000000000000000, 0.000000000000000 ) );
#4030 = DIRECTION( '', ( -3.21245088143853E-16, 1.00000000000000, 0.000000000000000 ) );
#4031 = DIRECTION( '', ( 0.000000000000000, 0.000000000000000, 1.00000000000000 ) );
#4032 = DIRECTION( '', ( 0.000000000000000, 0.000000000000000, 1.00000000000000 ) );
#4033 = DIRECTION( '', ( 0.000000000000000, -1.00000000000000, 0.000000000000000 ) );
#4034 = DIRECTION( '', ( 0.000000000000000, 0.000000000000000, -1.00000000000000 ) );
#4035 = DIRECTION( '', ( 0.000000000000000, 0.000000000000000, -1.00000000000000 ) );
#4036 = DIRECTION( '', ( 0.000000000000000, 0.000000000000000, 1.00000000000000 ) );
#4037 = DIRECTION( '', ( 0.000000000000000, 0.000000000000000, 1.00000000000000 ) );
#4038 = DIRECTION( '', ( 0.000000000000000, 0.000000000000000, 1.00000000000000 ) );
#4039 = DIRECTION( '', ( 0.000000000000000, 0.000000000000000, 1.00000000000000 ) );
#4040 = DIRECTION( '', ( 0.000000000000000, 0.000000000000000, 1.00000000000000 ) );
#4041 = DIRECTION( '', ( 0.000000000000000, 0.000000000000000, 1.00000000000000 ) );
#4042 = DIRECTION( '', ( 0.000000000000000, 0.000000000000000, 1.00000000000000 ) );
#4043 = DIRECTION( '', ( 0.000000000000000, 0.000000000000000, 1.00000000000000 ) );
#4044 = DIRECTION( '', ( 0.000000000000000, 0.000000000000000, 1.00000000000000 ) );
#4045 = DIRECTION( '', ( 0.000000000000000, 0.000000000000000, 1.00000000000000 ) );
#4046 = DIRECTION( '', ( 0.000000000000000, 0.000000000000000, 1.00000000000000 ) );
#4047 = DIRECTION( '', ( 1.00000000000000, 0.000000000000000, 0.000000000000000 ) );
#4048 = DIRECTION( '', ( 0.000000000000000, 0.000000000000000, -1.00000000000000 ) );
#4049 = DIRECTION( '', ( 0.000000000000000, 0.000000000000000, 1.00000000000000 ) );
#4050 = DIRECTION( '', ( 0.000000000000000, 0.000000000000000, 1.00000000000000 ) );
#4051 = DIRECTION( '', ( 0.000000000000000, 0.000000000000000, 1.00000000000000 ) );
#4052 = DIRECTION( '', ( 0.000000000000000, 0.000000000000000, 1.00000000000000 ) );
#4053 = DIRECTION( '', ( 0.000000000000000, 0.000000000000000, 1.00000000000000 ) );
#4054 = DIRECTION( '', ( 0.000000000000000, 0.000000000000000, 1.00000000000000 ) );
#4055 = DIRECTION( '', ( 0.000000000000000, 0.000000000000000, 1.00000000000000 ) );
#4056 = DIRECTION( '', ( -1.00000000000000, 0.000000000000000, 0.000000000000000 ) );
#4057 = DIRECTION( '', ( 0.000000000000000, 0.000000000000000, -1.00000000000000 ) );
#4058 = DIRECTION( '', ( 0.000000000000000, 0.000000000000000, 1.00000000000000 ) );
#4059 = DIRECTION( '', ( 0.000000000000000, 0.000000000000000, 1.00000000000000 ) );
#4060 = DIRECTION( '', ( 0.000000000000000, -1.00000000000000, 0.000000000000000 ) );
#4061 = DIRECTION( '', ( 1.00000000000000, 0.000000000000000, 0.000000000000000 ) );
#4062 = DIRECTION( '', ( 0.000000000000000, 1.00000000000000, 0.000000000000000 ) );
#4063 = DIRECTION( '', ( -1.00000000000000, 0.000000000000000, 0.000000000000000 ) );
#4064 = CARTESIAN_POINT( '', ( -1.50000000000000, 1.13480707395498, 2.10000000000000 ) );
#4065 = DIRECTION( '', ( 0.000000000000000, 0.000000000000000, 1.00000000000000 ) );
#4066 = DIRECTION( '', ( 1.00000000000000, 0.000000000000000, 0.000000000000000 ) );
#4067 = DIRECTION( '', ( 0.000000000000000, 0.000000000000000, 1.00000000000000 ) );
#4068 = DIRECTION( '', ( 1.20466908053945E-16, -1.00000000000000, 0.000000000000000 ) );
#4069 = DIRECTION( '', ( 0.000000000000000, 0.000000000000000, -1.00000000000000 ) );
#4070 = DIRECTION( '', ( 0.000000000000000, 0.000000000000000, -1.00000000000000 ) );
#4071 = DIRECTION( '', ( 0.000000000000000, 1.00000000000000, 0.000000000000000 ) );
#4072 = DIRECTION( '', ( 0.000000000000000, 0.000000000000000, 1.00000000000000 ) );
#4073 = DIRECTION( '', ( 0.000000000000000, 0.000000000000000, 1.00000000000000 ) );
#4074 = DIRECTION( '', ( 0.000000000000000, 0.000000000000000, 1.00000000000000 ) );
#4075 = DIRECTION( '', ( 0.000000000000000, 0.000000000000000, 1.00000000000000 ) );
#4076 = DIRECTION( '', ( 0.000000000000000, 0.000000000000000, 1.00000000000000 ) );
#4077 = DIRECTION( '', ( 0.000000000000000, 0.000000000000000, 1.00000000000000 ) );
#4078 = DIRECTION( '', ( 0.000000000000000, 0.000000000000000, 1.00000000000000 ) );
#4079 = DIRECTION( '', ( 0.000000000000000, 0.000000000000000, -1.00000000000000 ) );
#4080 = DIRECTION( '', ( 0.000000000000000, 0.000000000000000, -1.00000000000000 ) );
#4081 = DIRECTION( '', ( -1.00000000000000, 0.000000000000000, 0.000000000000000 ) );
#4082 = DIRECTION( '', ( 0.000000000000000, 0.000000000000000, -1.00000000000000 ) );
#4083 = DIRECTION( '', ( 1.00000000000000, 0.000000000000000, 0.000000000000000 ) );
#4084 = DIRECTION( '', ( 0.000000000000000, 0.000000000000000, 1.00000000000000 ) );
#4085 = CARTESIAN_POINT( '', ( -1.50000000000000, 1.13480707395498, 2.09800000000000 ) );
#4086 = DIRECTION( '', ( 0.000000000000000, 0.000000000000000, 1.00000000000000 ) );
#4087 = DIRECTION( '', ( 1.00000000000000, 0.000000000000000, 0.000000000000000 ) );
#4088 = DIRECTION( '', ( 0.000000000000000, 1.00000000000000, 0.000000000000000 ) );
#4089 = DIRECTION( '', ( 0.000000000000000, 0.000000000000000, -1.00000000000000 ) );
#4090 = DIRECTION( '', ( 0.000000000000000, 0.000000000000000, 1.00000000000000 ) );
#4091 = DIRECTION( '', ( 0.000000000000000, 0.000000000000000, 1.00000000000000 ) );
#4092 = DIRECTION( '', ( 0.000000000000000, 0.000000000000000, 1.00000000000000 ) );
#4093 = DIRECTION( '', ( 0.000000000000000, 0.000000000000000, 1.00000000000000 ) );
#4094 = DIRECTION( '', ( 0.000000000000000, 0.000000000000000, 1.00000000000000 ) );
#4095 = DIRECTION( '', ( 0.000000000000000, 0.000000000000000, 1.00000000000000 ) );
#4096 = DIRECTION( '', ( 0.000000000000000, 0.000000000000000, 1.00000000000000 ) );
#4097 = DIRECTION( '', ( 1.00000000000000, 0.000000000000000, 0.000000000000000 ) );
#4098 = DIRECTION( '', ( 1.20466908053945E-16, -1.00000000000000, 0.000000000000000 ) );
#4099 = DIRECTION( '', ( 0.000000000000000, 0.000000000000000, 1.00000000000000 ) );
#4100 = DIRECTION( '', ( 0.000000000000000, 0.000000000000000, 1.00000000000000 ) );
#4101 = DIRECTION( '', ( 1.20466908053945E-16, -1.00000000000000, 0.000000000000000 ) );
#4102 = DIRECTION( '', ( 0.000000000000000, 0.000000000000000, -1.00000000000000 ) );
#4103 = DIRECTION( '', ( 0.000000000000000, 0.000000000000000, 1.00000000000000 ) );
#4104 = DIRECTION( '', ( 0.000000000000000, 0.000000000000000, 1.00000000000000 ) );
#4105 = DIRECTION( '', ( 0.000000000000000, 0.000000000000000, 1.00000000000000 ) );
#4106 = DIRECTION( '', ( -1.00000000000000, 0.000000000000000, 0.000000000000000 ) );
#4107 = DIRECTION( '', ( 0.000000000000000, 0.000000000000000, 1.00000000000000 ) );
#4108 = DIRECTION( '', ( 0.000000000000000, 0.000000000000000, 1.00000000000000 ) );
#4109 = DIRECTION( '', ( 0.000000000000000, 0.000000000000000, 1.00000000000000 ) );
#4110 = DIRECTION( '', ( 0.000000000000000, 0.000000000000000, -1.00000000000000 ) );
#4111 = DIRECTION( '', ( 0.000000000000000, 0.000000000000000, 1.00000000000000 ) );
ENDSEC;
END-ISO-10303-21;
